[{"heart_rate":49,"heart_rate_max":52,"heart_rate_min":47,"start_time":1700755140000,"end_time":1700755199000},{"heart_rate":48,"heart_rate_max":50,"heart_rate_min":47,"start_time":1700755080000,"end_time":1700755139000},{"heart_rate":49,"heart_rate_max":52,"heart_rate_min":46,"start_time":1700755020000,"end_time":1700755079000},{"heart_rate":51,"heart_rate_max":55,"heart_rate_min":49,"start_time":1700754960000,"end_time":1700755019000},{"heart_rate":49,"heart_rate_max":51,"heart_rate_min":48,"start_time":1700754900000,"end_time":1700754959000},{"heart_rate":49,"heart_rate_max":51,"heart_rate_min":48,"start_time":1700754840000,"end_time":1700754899000},{"heart_rate":49,"heart_rate_max":51,"heart_rate_min":47,"start_time":1700754780000,"end_time":1700754839000},{"heart_rate":50,"heart_rate_max":53,"heart_rate_min":49,"start_time":1700754720000,"end_time":1700754779000},{"heart_rate":50,"heart_rate_max":52,"heart_rate_min":49,"start_time":1700754660000,"end_time":1700754719000},{"heart_rate":50,"heart_rate_max":52,"heart_rate_min":49,"start_time":1700754600000,"end_time":1700754659000},{"heart_rate":51,"heart_rate_max":55,"heart_rate_min":49,"start_time":1700754540000,"end_time":1700754599000},{"heart_rate":50,"heart_rate_max":52,"heart_rate_min":49,"start_time":1700754480000,"end_time":1700754539000},{"heart_rate":50,"heart_rate_max":52,"heart_rate_min":50,"start_time":1700754420000,"end_time":1700754479000},{"heart_rate":51,"heart_rate_max":52,"heart_rate_min":51,"start_time":1700754360000,"end_time":1700754419000},{"heart_rate":51,"heart_rate_max":53,"heart_rate_min":51,"start_time":1700754300000,"end_time":1700754359000},{"heart_rate":57,"heart_rate_max":66,"heart_rate_min":51,"start_time":1700754240000,"end_time":1700754299000},{"heart_rate":54,"heart_rate_max":65,"heart_rate_min":50,"start_time":1700754180000,"end_time":1700754239000},{"heart_rate":51,"heart_rate_max":52,"heart_rate_min":49,"start_time":1700754120000,"end_time":1700754179000},{"heart_rate":51,"heart_rate_max":53,"heart_rate_min":50,"start_time":1700754060000,"end_time":1700754119000},{"heart_rate":51,"heart_rate_max":53,"heart_rate_min":50,"start_time":1700754000000,"end_time":1700754059000},{"heart_rate":50,"heart_rate_max":52,"heart_rate_min":49,"start_time":1700753940000,"end_time":1700753999000},{"heart_rate":50,"heart_rate_max":52,"heart_rate_min":49,"start_time":1700753880000,"end_time":1700753939000},{"heart_rate":51,"heart_rate_max":55,"heart_rate_min":50,"start_time":1700753820000,"end_time":1700753879000},{"heart_rate":51,"heart_rate_max":52,"heart_rate_min":50,"start_time":1700753760000,"end_time":1700753819000},{"heart_rate":53,"heart_rate_max":58,"heart_rate_min":50,"start_time":1700753700000,"end_time":1700753759000},{"heart_rate":50,"heart_rate_max":52,"heart_rate_min":50,"start_time":1700753640000,"end_time":1700753699000},{"heart_rate":51,"heart_rate_max":56,"heart_rate_min":49,"start_time":1700753580000,"end_time":1700753639000},{"heart_rate":50,"heart_rate_max":52,"heart_rate_min":50,"start_time":1700753520000,"end_time":1700753579000},{"heart_rate":51,"heart_rate_max":55,"heart_rate_min":49,"start_time":1700753460000,"end_time":1700753519000},{"heart_rate":52,"heart_rate_max":57,"heart_rate_min":50,"start_time":1700753400000,"end_time":1700753459000},{"heart_rate":51,"heart_rate_max":55,"heart_rate_min":50,"start_time":1700753340000,"end_time":1700753399000},{"heart_rate":50,"heart_rate_max":52,"heart_rate_min":49,"start_time":1700753280000,"end_time":1700753339000},{"heart_rate":51,"heart_rate_max":55,"heart_rate_min":50,"start_time":1700753220000,"end_time":1700753279000},{"heart_rate":51,"heart_rate_max":53,"heart_rate_min":50,"start_time":1700753160000,"end_time":1700753219000},{"heart_rate":51,"heart_rate_max":53,"heart_rate_min":50,"start_time":1700753100000,"end_time":1700753159000},{"heart_rate":52,"heart_rate_max":55,"heart_rate_min":51,"start_time":1700753040000,"end_time":1700753099000},{"heart_rate":52,"heart_rate_max":54,"heart_rate_min":52,"start_time":1700752980000,"end_time":1700753039000},{"heart_rate":52,"heart_rate_max":54,"heart_rate_min":52,"start_time":1700752920000,"end_time":1700752979000},{"heart_rate":52,"heart_rate_max":54,"heart_rate_min":52,"start_time":1700752860000,"end_time":1700752919000},{"heart_rate":54,"heart_rate_max":56,"heart_rate_min":52,"start_time":1700752800000,"end_time":1700752859000},{"heart_rate":55,"heart_rate_max":59,"heart_rate_min":54,"start_time":1700752740000,"end_time":1700752799000},{"heart_rate":57,"heart_rate_max":61,"heart_rate_min":55,"start_time":1700752680000,"end_time":1700752739000},{"heart_rate":64,"heart_rate_max":71,"heart_rate_min":60,"start_time":1700752620000,"end_time":1700752679000},{"heart_rate":57,"heart_rate_max":64,"heart_rate_min":53,"start_time":1700752560000,"end_time":1700752619000},{"heart_rate":51,"heart_rate_max":52,"heart_rate_min":51,"start_time":1700752500000,"end_time":1700752559000},{"heart_rate":51,"heart_rate_max":53,"heart_rate_min":51,"start_time":1700752440000,"end_time":1700752499000},{"heart_rate":52,"heart_rate_max":53,"heart_rate_min":51,"start_time":1700752380000,"end_time":1700752439000},{"heart_rate":52,"heart_rate_max":53,"heart_rate_min":51,"start_time":1700752320000,"end_time":1700752379000},{"heart_rate":52,"heart_rate_max":53,"heart_rate_min":51,"start_time":1700752260000,"end_time":1700752319000},{"heart_rate":52,"heart_rate_max":53,"heart_rate_min":51,"start_time":1700752200000,"end_time":1700752259000},{"heart_rate":52,"heart_rate_max":53,"heart_rate_min":51,"start_time":1700752140000,"end_time":1700752199000},{"heart_rate":51,"heart_rate_max":53,"heart_rate_min":50,"start_time":1700752080000,"end_time":1700752139000},{"heart_rate":52,"heart_rate_max":53,"heart_rate_min":51,"start_time":1700752020000,"end_time":1700752079000},{"heart_rate":51,"heart_rate_max":53,"heart_rate_min":50,"start_time":1700751960000,"end_time":1700752019000},{"heart_rate":51,"heart_rate_max":53,"heart_rate_min":50,"start_time":1700751900000,"end_time":1700751959000},{"heart_rate":51,"heart_rate_max":53,"heart_rate_min":50,"start_time":1700751840000,"end_time":1700751899000},{"heart_rate":54,"heart_rate_max":58,"heart_rate_min":51,"start_time":1700751780000,"end_time":1700751839000},{"heart_rate":52,"heart_rate_max":54,"heart_rate_min":51,"start_time":1700751720000,"end_time":1700751779000},{"heart_rate":52,"heart_rate_max":54,"heart_rate_min":51,"start_time":1700751660000,"end_time":1700751719000},{"heart_rate":52,"heart_rate_max":55,"heart_rate_min":51,"start_time":1700751600000,"end_time":1700751659000}]