[{"heart_rate":55,"heart_rate_max":58,"heart_rate_min":54,"start_time":1700769540000,"end_time":1700769599000},{"heart_rate":59,"heart_rate_max":63,"heart_rate_min":55,"start_time":1700769480000,"end_time":1700769539000},{"heart_rate":60,"heart_rate_max":62,"heart_rate_min":58,"start_time":1700769420000,"end_time":1700769479000},{"heart_rate":58,"heart_rate_max":60,"heart_rate_min":57,"start_time":1700769360000,"end_time":1700769419000},{"heart_rate":55,"heart_rate_max":57,"heart_rate_min":55,"start_time":1700769300000,"end_time":1700769359000},{"heart_rate":55,"heart_rate_max":57,"heart_rate_min":52,"start_time":1700769240000,"end_time":1700769299000},{"heart_rate":53,"heart_rate_max":56,"heart_rate_min":52,"start_time":1700769180000,"end_time":1700769239000},{"heart_rate":53,"heart_rate_max":55,"heart_rate_min":52,"start_time":1700769120000,"end_time":1700769179000},{"heart_rate":53,"heart_rate_max":56,"heart_rate_min":52,"start_time":1700769060000,"end_time":1700769119000},{"heart_rate":54,"heart_rate_max":55,"heart_rate_min":53,"start_time":1700769000000,"end_time":1700769059000},{"heart_rate":55,"heart_rate_max":59,"heart_rate_min":53,"start_time":1700768940000,"end_time":1700768999000},{"heart_rate":61,"heart_rate_max":72,"heart_rate_min":52,"start_time":1700768880000,"end_time":1700768939000},{"heart_rate":51,"heart_rate_max":53,"heart_rate_min":51,"start_time":1700768820000,"end_time":1700768879000},{"heart_rate":52,"heart_rate_max":54,"heart_rate_min":51,"start_time":1700768760000,"end_time":1700768819000},{"heart_rate":51,"heart_rate_max":53,"heart_rate_min":50,"start_time":1700768700000,"end_time":1700768759000},{"heart_rate":52,"heart_rate_max":54,"heart_rate_min":51,"start_time":1700768640000,"end_time":1700768699000},{"heart_rate":52,"heart_rate_max":55,"heart_rate_min":51,"start_time":1700768580000,"end_time":1700768639000},{"heart_rate":52,"heart_rate_max":54,"heart_rate_min":51,"start_time":1700768520000,"end_time":1700768579000},{"heart_rate":52,"heart_rate_max":54,"heart_rate_min":52,"start_time":1700768460000,"end_time":1700768519000},{"heart_rate":51,"heart_rate_max":53,"heart_rate_min":51,"start_time":1700768400000,"end_time":1700768459000},{"heart_rate":51,"heart_rate_max":53,"heart_rate_min":51,"start_time":1700768340000,"end_time":1700768399000},{"heart_rate":52,"heart_rate_max":53,"heart_rate_min":51,"start_time":1700768280000,"end_time":1700768339000},{"heart_rate":51,"heart_rate_max":53,"heart_rate_min":51,"start_time":1700768220000,"end_time":1700768279000},{"heart_rate":51,"heart_rate_max":53,"heart_rate_min":51,"start_time":1700768160000,"end_time":1700768219000},{"heart_rate":51,"heart_rate_max":52,"heart_rate_min":50,"start_time":1700768100000,"end_time":1700768159000},{"heart_rate":50,"heart_rate_max":52,"heart_rate_min":50,"start_time":1700768040000,"end_time":1700768099000},{"heart_rate":51,"heart_rate_max":53,"heart_rate_min":50,"start_time":1700767980000,"end_time":1700768039000},{"heart_rate":50,"heart_rate_max":53,"heart_rate_min":49,"start_time":1700767920000,"end_time":1700767979000},{"heart_rate":51,"heart_rate_max":53,"heart_rate_min":49,"start_time":1700767860000,"end_time":1700767919000},{"heart_rate":51,"heart_rate_max":52,"heart_rate_min":50,"start_time":1700767800000,"end_time":1700767859000},{"heart_rate":50,"heart_rate_max":52,"heart_rate_min":50,"start_time":1700767740000,"end_time":1700767799000},{"heart_rate":51,"heart_rate_max":53,"heart_rate_min":51,"start_time":1700767680000,"end_time":1700767739000},{"heart_rate":50,"heart_rate_max":54,"heart_rate_min":49,"start_time":1700767620000,"end_time":1700767679000},{"heart_rate":50,"heart_rate_max":53,"heart_rate_min":49,"start_time":1700767560000,"end_time":1700767619000},{"heart_rate":51,"heart_rate_max":52,"heart_rate_min":50,"start_time":1700767500000,"end_time":1700767559000},{"heart_rate":51,"heart_rate_max":54,"heart_rate_min":49,"start_time":1700767440000,"end_time":1700767499000},{"heart_rate":50,"heart_rate_max":52,"heart_rate_min":48,"start_time":1700767380000,"end_time":1700767439000},{"heart_rate":51,"heart_rate_max":53,"heart_rate_min":50,"start_time":1700767320000,"end_time":1700767379000},{"heart_rate":51,"heart_rate_max":53,"heart_rate_min":50,"start_time":1700767260000,"end_time":1700767319000},{"heart_rate":50,"heart_rate_max":52,"heart_rate_min":49,"start_time":1700767200000,"end_time":1700767259000},{"heart_rate":50,"heart_rate_max":52,"heart_rate_min":50,"start_time":1700767140000,"end_time":1700767199000},{"heart_rate":50,"heart_rate_max":51,"heart_rate_min":49,"start_time":1700767080000,"end_time":1700767139000},{"heart_rate":50,"heart_rate_max":53,"heart_rate_min":49,"start_time":1700767020000,"end_time":1700767079000},{"heart_rate":49,"heart_rate_max":51,"heart_rate_min":48,"start_time":1700766960000,"end_time":1700767019000},{"heart_rate":50,"heart_rate_max":52,"heart_rate_min":49,"start_time":1700766900000,"end_time":1700766959000},{"heart_rate":53,"heart_rate_max":59,"heart_rate_min":50,"start_time":1700766840000,"end_time":1700766899000},{"heart_rate":50,"heart_rate_max":52,"heart_rate_min":49,"start_time":1700766780000,"end_time":1700766839000},{"heart_rate":52,"heart_rate_max":54,"heart_rate_min":51,"start_time":1700766720000,"end_time":1700766779000},{"heart_rate":52,"heart_rate_max":54,"heart_rate_min":52,"start_time":1700766660000,"end_time":1700766719000},{"heart_rate":54,"heart_rate_max":55,"heart_rate_min":53,"start_time":1700766600000,"end_time":1700766659000},{"heart_rate":55,"heart_rate_max":60,"heart_rate_min":55,"start_time":1700766540000,"end_time":1700766599000},{"heart_rate":57,"heart_rate_max":60,"heart_rate_min":56,"start_time":1700766480000,"end_time":1700766539000},{"heart_rate":58,"heart_rate_max":61,"heart_rate_min":58,"start_time":1700766420000,"end_time":1700766479000},{"heart_rate":61,"heart_rate_max":63,"heart_rate_min":58,"start_time":1700766360000,"end_time":1700766419000},{"heart_rate":63,"heart_rate_max":67,"heart_rate_min":59,"start_time":1700766300000,"end_time":1700766359000},{"heart_rate":60,"heart_rate_max":63,"heart_rate_min":59,"start_time":1700766240000,"end_time":1700766299000},{"heart_rate":59,"heart_rate_max":65,"heart_rate_min":56,"start_time":1700766180000,"end_time":1700766239000},{"heart_rate":53,"heart_rate_max":59,"heart_rate_min":51,"start_time":1700766120000,"end_time":1700766179000},{"heart_rate":56,"heart_rate_max":59,"heart_rate_min":53,"start_time":1700766060000,"end_time":1700766119000},{"heart_rate":67,"heart_rate_max":78,"heart_rate_min":55,"start_time":1700766000000,"end_time":1700766059000}]