[{"heart_rate":52,"heart_rate_max":53,"heart_rate_min":52,"start_time":1701107940000,"end_time":1701107999000},{"heart_rate":52,"heart_rate_max":52,"heart_rate_min":52,"start_time":1701107880000,"end_time":1701107939000},{"heart_rate":52,"heart_rate_max":53,"heart_rate_min":51,"start_time":1701107820000,"end_time":1701107879000},{"heart_rate":52,"heart_rate_max":53,"heart_rate_min":51,"start_time":1701107760000,"end_time":1701107819000},{"heart_rate":52,"heart_rate_max":55,"heart_rate_min":50,"start_time":1701107700000,"end_time":1701107759000},{"heart_rate":52,"heart_rate_max":53,"heart_rate_min":52,"start_time":1701107640000,"end_time":1701107699000},{"heart_rate":53,"heart_rate_max":54,"heart_rate_min":53,"start_time":1701107580000,"end_time":1701107639000},{"heart_rate":53,"heart_rate_max":55,"heart_rate_min":53,"start_time":1701107520000,"end_time":1701107579000},{"heart_rate":52,"heart_rate_max":54,"heart_rate_min":50,"start_time":1701107460000,"end_time":1701107519000},{"heart_rate":52,"heart_rate_max":54,"heart_rate_min":51,"start_time":1701107400000,"end_time":1701107459000},{"heart_rate":51,"heart_rate_max":52,"heart_rate_min":50,"start_time":1701107340000,"end_time":1701107399000},{"heart_rate":51,"heart_rate_max":52,"heart_rate_min":50,"start_time":1701107280000,"end_time":1701107339000},{"heart_rate":51,"heart_rate_max":53,"heart_rate_min":50,"start_time":1701107220000,"end_time":1701107279000},{"heart_rate":50,"heart_rate_max":51,"heart_rate_min":50,"start_time":1701107160000,"end_time":1701107219000},{"heart_rate":50,"heart_rate_max":51,"heart_rate_min":50,"start_time":1701107100000,"end_time":1701107159000},{"heart_rate":50,"heart_rate_max":51,"heart_rate_min":50,"start_time":1701107040000,"end_time":1701107099000},{"heart_rate":50,"heart_rate_max":51,"heart_rate_min":49,"start_time":1701106980000,"end_time":1701107039000},{"heart_rate":50,"heart_rate_max":51,"heart_rate_min":50,"start_time":1701106920000,"end_time":1701106979000},{"heart_rate":49,"heart_rate_max":50,"heart_rate_min":49,"start_time":1701106860000,"end_time":1701106919000},{"heart_rate":50,"heart_rate_max":51,"heart_rate_min":50,"start_time":1701106800000,"end_time":1701106859000},{"heart_rate":49,"heart_rate_max":51,"heart_rate_min":49,"start_time":1701106740000,"end_time":1701106799000},{"heart_rate":49,"heart_rate_max":50,"heart_rate_min":48,"start_time":1701106680000,"end_time":1701106739000},{"heart_rate":49,"heart_rate_max":50,"heart_rate_min":49,"start_time":1701106620000,"end_time":1701106679000},{"heart_rate":49,"heart_rate_max":51,"heart_rate_min":48,"start_time":1701106560000,"end_time":1701106619000},{"heart_rate":49,"heart_rate_max":52,"heart_rate_min":47,"start_time":1701106500000,"end_time":1701106559000},{"heart_rate":48,"heart_rate_max":51,"heart_rate_min":47,"start_time":1701106440000,"end_time":1701106499000},{"heart_rate":48,"heart_rate_max":50,"heart_rate_min":48,"start_time":1701106380000,"end_time":1701106439000},{"heart_rate":50,"heart_rate_max":54,"heart_rate_min":48,"start_time":1701106320000,"end_time":1701106379000},{"heart_rate":49,"heart_rate_max":53,"heart_rate_min":47,"start_time":1701106260000,"end_time":1701106319000},{"heart_rate":49,"heart_rate_max":50,"heart_rate_min":48,"start_time":1701106200000,"end_time":1701106259000},{"heart_rate":49,"heart_rate_max":51,"heart_rate_min":49,"start_time":1701106140000,"end_time":1701106199000},{"heart_rate":49,"heart_rate_max":51,"heart_rate_min":48,"start_time":1701106080000,"end_time":1701106139000},{"heart_rate":49,"heart_rate_max":51,"heart_rate_min":48,"start_time":1701106020000,"end_time":1701106079000},{"heart_rate":51,"heart_rate_max":52,"heart_rate_min":48,"start_time":1701105960000,"end_time":1701106019000},{"heart_rate":51,"heart_rate_max":53,"heart_rate_min":51,"start_time":1701105900000,"end_time":1701105959000},{"heart_rate":53,"heart_rate_max":54,"heart_rate_min":53,"start_time":1701105840000,"end_time":1701105899000},{"heart_rate":55,"heart_rate_max":56,"heart_rate_min":54,"start_time":1701105780000,"end_time":1701105839000},{"heart_rate":59,"heart_rate_max":67,"heart_rate_min":56,"start_time":1701105720000,"end_time":1701105779000},{"heart_rate":72,"heart_rate_max":78,"heart_rate_min":67,"start_time":1701105660000,"end_time":1701105719000},{"heart_rate":64,"heart_rate_max":74,"heart_rate_min":56,"start_time":1701105600000,"end_time":1701105659000},{"heart_rate":55,"heart_rate_max":57,"heart_rate_min":55,"start_time":1701105540000,"end_time":1701105599000},{"heart_rate":61,"heart_rate_max":73,"heart_rate_min":53,"start_time":1701105480000,"end_time":1701105539000},{"heart_rate":52,"heart_rate_max":53,"heart_rate_min":50,"start_time":1701105420000,"end_time":1701105479000},{"heart_rate":50,"heart_rate_max":52,"heart_rate_min":50,"start_time":1701105360000,"end_time":1701105419000},{"heart_rate":51,"heart_rate_max":53,"heart_rate_min":50,"start_time":1701105300000,"end_time":1701105359000},{"heart_rate":49,"heart_rate_max":52,"heart_rate_min":48,"start_time":1701105240000,"end_time":1701105299000},{"heart_rate":51,"heart_rate_max":52,"heart_rate_min":50,"start_time":1701105180000,"end_time":1701105239000},{"heart_rate":50,"heart_rate_max":51,"heart_rate_min":49,"start_time":1701105120000,"end_time":1701105179000},{"heart_rate":49,"heart_rate_max":51,"heart_rate_min":49,"start_time":1701105060000,"end_time":1701105119000},{"heart_rate":50,"heart_rate_max":52,"heart_rate_min":48,"start_time":1701105000000,"end_time":1701105059000},{"heart_rate":50,"heart_rate_max":53,"heart_rate_min":50,"start_time":1701104940000,"end_time":1701104999000},{"heart_rate":50,"heart_rate_max":55,"heart_rate_min":49,"start_time":1701104880000,"end_time":1701104939000},{"heart_rate":50,"heart_rate_max":52,"heart_rate_min":49,"start_time":1701104820000,"end_time":1701104879000},{"heart_rate":50,"heart_rate_max":51,"heart_rate_min":49,"start_time":1701104760000,"end_time":1701104819000},{"heart_rate":49,"heart_rate_max":51,"heart_rate_min":49,"start_time":1701104700000,"end_time":1701104759000},{"heart_rate":50,"heart_rate_max":52,"heart_rate_min":49,"start_time":1701104640000,"end_time":1701104699000},{"heart_rate":50,"heart_rate_max":52,"heart_rate_min":49,"start_time":1701104580000,"end_time":1701104639000},{"heart_rate":51,"heart_rate_max":53,"heart_rate_min":50,"start_time":1701104520000,"end_time":1701104579000},{"heart_rate":51,"heart_rate_max":53,"heart_rate_min":51,"start_time":1701104460000,"end_time":1701104519000},{"heart_rate":51,"heart_rate_max":54,"heart_rate_min":51,"start_time":1701104400000,"end_time":1701104459000}]