[{"heart_rate":87,"heart_rate_max":90,"heart_rate_min":85,"start_time":1700776740000,"end_time":1700776799000},{"heart_rate":99,"heart_rate_max":103,"heart_rate_min":87,"start_time":1700776680000,"end_time":1700776739000},{"heart_rate":88,"heart_rate_max":99,"heart_rate_min":81,"start_time":1700776620000,"end_time":1700776679000},{"heart_rate":84,"heart_rate_max":89,"heart_rate_min":80,"start_time":1700776560000,"end_time":1700776619000},{"heart_rate":82,"heart_rate_max":84,"heart_rate_min":78,"start_time":1700776500000,"end_time":1700776559000},{"heart_rate":82,"heart_rate_max":85,"heart_rate_min":80,"start_time":1700776440000,"end_time":1700776499000},{"heart_rate":79,"heart_rate_max":87,"heart_rate_min":74,"start_time":1700776380000,"end_time":1700776439000},{"heart_rate":82,"heart_rate_max":86,"heart_rate_min":79,"start_time":1700776260000,"end_time":1700776319000},{"heart_rate":81,"heart_rate_max":86,"heart_rate_min":75,"start_time":1700776200000,"end_time":1700776259000},{"heart_rate":78,"heart_rate_max":88,"heart_rate_min":73,"start_time":1700776140000,"end_time":1700776199000},{"heart_rate":79,"heart_rate_max":87,"heart_rate_min":74,"start_time":1700776020000,"end_time":1700776079000},{"heart_rate":75,"heart_rate_max":80,"heart_rate_min":71,"start_time":1700775960000,"end_time":1700776019000},{"heart_rate":89,"heart_rate_max":89,"heart_rate_min":89,"start_time":1700775900000,"end_time":1700775959000},{"heart_rate":75,"heart_rate_max":82,"heart_rate_min":73,"start_time":1700775840000,"end_time":1700775899000},{"heart_rate":74,"heart_rate_max":78,"heart_rate_min":71,"start_time":1700775780000,"end_time":1700775839000},{"heart_rate":81,"heart_rate_max":87,"heart_rate_min":76,"start_time":1700775720000,"end_time":1700775779000},{"heart_rate":78,"heart_rate_max":82,"heart_rate_min":74,"start_time":1700775660000,"end_time":1700775719000},{"heart_rate":79,"heart_rate_max":83,"heart_rate_min":73,"start_time":1700775600000,"end_time":1700775659000},{"heart_rate":81,"heart_rate_max":87,"heart_rate_min":78,"start_time":1700775540000,"end_time":1700775599000},{"heart_rate":81,"heart_rate_max":84,"heart_rate_min":79,"start_time":1700775480000,"end_time":1700775539000},{"heart_rate":81,"heart_rate_max":85,"heart_rate_min":78,"start_time":1700775420000,"end_time":1700775479000},{"heart_rate":82,"heart_rate_max":90,"heart_rate_min":76,"start_time":1700775360000,"end_time":1700775419000},{"heart_rate":88,"heart_rate_max":98,"heart_rate_min":82,"start_time":1700775300000,"end_time":1700775359000},{"heart_rate":89,"heart_rate_max":93,"heart_rate_min":87,"start_time":1700775240000,"end_time":1700775299000},{"heart_rate":101,"heart_rate_max":101,"heart_rate_min":101,"start_time":1700775180000,"end_time":1700775239000},{"heart_rate":84,"heart_rate_max":92,"heart_rate_min":77,"start_time":1700775000000,"end_time":1700775059000},{"heart_rate":84,"heart_rate_max":89,"heart_rate_min":81,"start_time":1700774940000,"end_time":1700774999000},{"heart_rate":88,"heart_rate_max":92,"heart_rate_min":85,"start_time":1700774880000,"end_time":1700774939000},{"heart_rate":90,"heart_rate_max":93,"heart_rate_min":88,"start_time":1700774820000,"end_time":1700774879000},{"heart_rate":83,"heart_rate_max":90,"heart_rate_min":81,"start_time":1700774760000,"end_time":1700774819000},{"heart_rate":80,"heart_rate_max":83,"heart_rate_min":77,"start_time":1700774700000,"end_time":1700774759000},{"heart_rate":78,"heart_rate_max":82,"heart_rate_min":76,"start_time":1700774640000,"end_time":1700774699000},{"heart_rate":78,"heart_rate_max":96,"heart_rate_min":74,"start_time":1700774580000,"end_time":1700774639000},{"heart_rate":76,"heart_rate_max":82,"heart_rate_min":73,"start_time":1700774520000,"end_time":1700774579000},{"heart_rate":73,"heart_rate_max":80,"heart_rate_min":70,"start_time":1700774460000,"end_time":1700774519000},{"heart_rate":75,"heart_rate_max":79,"heart_rate_min":72,"start_time":1700774400000,"end_time":1700774459000},{"heart_rate":90,"heart_rate_max":90,"heart_rate_min":90,"start_time":1700774340000,"end_time":1700774399000},{"heart_rate":95,"heart_rate_max":95,"heart_rate_min":95,"start_time":1700774220000,"end_time":1700774279000},{"heart_rate":94,"heart_rate_max":94,"heart_rate_min":94,"start_time":1700774160000,"end_time":1700774219000},{"heart_rate":94,"heart_rate_max":94,"heart_rate_min":94,"start_time":1700774100000,"end_time":1700774159000},{"heart_rate":76,"heart_rate_max":80,"heart_rate_min":71,"start_time":1700774040000,"end_time":1700774099000},{"heart_rate":79,"heart_rate_max":83,"heart_rate_min":74,"start_time":1700773980000,"end_time":1700774039000},{"heart_rate":75,"heart_rate_max":78,"heart_rate_min":73,"start_time":1700773920000,"end_time":1700773979000},{"heart_rate":77,"heart_rate_max":83,"heart_rate_min":72,"start_time":1700773860000,"end_time":1700773919000},{"heart_rate":79,"heart_rate_max":86,"heart_rate_min":76,"start_time":1700773800000,"end_time":1700773859000},{"heart_rate":78,"heart_rate_max":84,"heart_rate_min":73,"start_time":1700773740000,"end_time":1700773799000},{"heart_rate":74,"heart_rate_max":79,"heart_rate_min":68,"start_time":1700773680000,"end_time":1700773739000},{"heart_rate":78,"heart_rate_max":85,"heart_rate_min":70,"start_time":1700773620000,"end_time":1700773679000},{"heart_rate":79,"heart_rate_max":87,"heart_rate_min":72,"start_time":1700773560000,"end_time":1700773619000},{"heart_rate":86,"heart_rate_max":89,"heart_rate_min":83,"start_time":1700773500000,"end_time":1700773559000},{"heart_rate":82,"heart_rate_max":91,"heart_rate_min":71,"start_time":1700773440000,"end_time":1700773499000},{"heart_rate":87,"heart_rate_max":92,"heart_rate_min":83,"start_time":1700773320000,"end_time":1700773379000},{"heart_rate":88,"heart_rate_max":89,"heart_rate_min":70,"start_time":1700773260000,"end_time":1700773319000},{"heart_rate":69,"heart_rate_max":73,"heart_rate_min":67,"start_time":1700773200000,"end_time":1700773259000}]