[{"heart_rate":75,"heart_rate_max":78,"heart_rate_min":71,"start_time":1700823540000,"end_time":1700823599000},{"heart_rate":76,"heart_rate_max":81,"heart_rate_min":73,"start_time":1700823480000,"end_time":1700823539000},{"heart_rate":75,"heart_rate_max":80,"heart_rate_min":73,"start_time":1700823420000,"end_time":1700823479000},{"heart_rate":76,"heart_rate_max":81,"heart_rate_min":73,"start_time":1700823360000,"end_time":1700823419000},{"heart_rate":75,"heart_rate_max":78,"heart_rate_min":73,"start_time":1700823300000,"end_time":1700823359000},{"heart_rate":76,"heart_rate_max":81,"heart_rate_min":74,"start_time":1700823240000,"end_time":1700823299000},{"heart_rate":77,"heart_rate_max":82,"heart_rate_min":75,"start_time":1700823180000,"end_time":1700823239000},{"heart_rate":76,"heart_rate_max":79,"heart_rate_min":73,"start_time":1700823120000,"end_time":1700823179000},{"heart_rate":77,"heart_rate_max":82,"heart_rate_min":73,"start_time":1700823060000,"end_time":1700823119000},{"heart_rate":81,"heart_rate_max":86,"heart_rate_min":75,"start_time":1700823000000,"end_time":1700823059000},{"heart_rate":75,"heart_rate_max":81,"heart_rate_min":70,"start_time":1700822940000,"end_time":1700822999000},{"heart_rate":74,"heart_rate_max":77,"heart_rate_min":72,"start_time":1700822880000,"end_time":1700822939000},{"heart_rate":75,"heart_rate_max":79,"heart_rate_min":74,"start_time":1700822820000,"end_time":1700822879000},{"heart_rate":77,"heart_rate_max":80,"heart_rate_min":75,"start_time":1700822760000,"end_time":1700822819000},{"heart_rate":72,"heart_rate_max":75,"heart_rate_min":69,"start_time":1700822700000,"end_time":1700822759000},{"heart_rate":74,"heart_rate_max":79,"heart_rate_min":71,"start_time":1700822640000,"end_time":1700822699000},{"heart_rate":74,"heart_rate_max":77,"heart_rate_min":73,"start_time":1700822580000,"end_time":1700822639000},{"heart_rate":73,"heart_rate_max":75,"heart_rate_min":71,"start_time":1700822520000,"end_time":1700822579000},{"heart_rate":74,"heart_rate_max":80,"heart_rate_min":70,"start_time":1700822460000,"end_time":1700822519000},{"heart_rate":76,"heart_rate_max":83,"heart_rate_min":73,"start_time":1700822400000,"end_time":1700822459000},{"heart_rate":83,"heart_rate_max":86,"heart_rate_min":82,"start_time":1700822340000,"end_time":1700822399000},{"heart_rate":78,"heart_rate_max":78,"heart_rate_min":75,"start_time":1700822040000,"end_time":1700822099000},{"heart_rate":74,"heart_rate_max":87,"heart_rate_min":73,"start_time":1700821980000,"end_time":1700822039000},{"heart_rate":86,"heart_rate_max":90,"heart_rate_min":82,"start_time":1700821920000,"end_time":1700821979000},{"heart_rate":80,"heart_rate_max":93,"heart_rate_min":80,"start_time":1700821860000,"end_time":1700821919000},{"heart_rate":89,"heart_rate_max":91,"heart_rate_min":89,"start_time":1700821800000,"end_time":1700821859000},{"heart_rate":95,"heart_rate_max":95,"heart_rate_min":95,"start_time":1700821680000,"end_time":1700821739000},{"heart_rate":83,"heart_rate_max":90,"heart_rate_min":79,"start_time":1700821620000,"end_time":1700821679000},{"heart_rate":86,"heart_rate_max":90,"heart_rate_min":83,"start_time":1700821560000,"end_time":1700821619000},{"heart_rate":83,"heart_rate_max":86,"heart_rate_min":79,"start_time":1700821500000,"end_time":1700821559000},{"heart_rate":81,"heart_rate_max":86,"heart_rate_min":77,"start_time":1700821440000,"end_time":1700821499000},{"heart_rate":78,"heart_rate_max":88,"heart_rate_min":71,"start_time":1700821380000,"end_time":1700821439000},{"heart_rate":78,"heart_rate_max":83,"heart_rate_min":75,"start_time":1700821320000,"end_time":1700821379000},{"heart_rate":75,"heart_rate_max":78,"heart_rate_min":71,"start_time":1700821260000,"end_time":1700821319000},{"heart_rate":77,"heart_rate_max":88,"heart_rate_min":71,"start_time":1700821200000,"end_time":1700821259000},{"heart_rate":79,"heart_rate_max":84,"heart_rate_min":76,"start_time":1700821140000,"end_time":1700821199000},{"heart_rate":79,"heart_rate_max":84,"heart_rate_min":76,"start_time":1700821080000,"end_time":1700821139000},{"heart_rate":82,"heart_rate_max":91,"heart_rate_min":74,"start_time":1700821020000,"end_time":1700821079000}]