[{"heart_rate":82,"heart_rate_max":87,"heart_rate_min":78,"start_time":1700704740000,"end_time":1700704799000},{"heart_rate":76,"heart_rate_max":80,"heart_rate_min":72,"start_time":1700704680000,"end_time":1700704739000},{"heart_rate":78,"heart_rate_max":80,"heart_rate_min":75,"start_time":1700704620000,"end_time":1700704679000},{"heart_rate":85,"heart_rate_max":92,"heart_rate_min":78,"start_time":1700704560000,"end_time":1700704619000},{"heart_rate":78,"heart_rate_max":83,"heart_rate_min":76,"start_time":1700704500000,"end_time":1700704559000},{"heart_rate":80,"heart_rate_max":83,"heart_rate_min":77,"start_time":1700704440000,"end_time":1700704499000},{"heart_rate":80,"heart_rate_max":83,"heart_rate_min":77,"start_time":1700704380000,"end_time":1700704439000},{"heart_rate":77,"heart_rate_max":84,"heart_rate_min":75,"start_time":1700704320000,"end_time":1700704379000},{"heart_rate":77,"heart_rate_max":82,"heart_rate_min":75,"start_time":1700704260000,"end_time":1700704319000},{"heart_rate":76,"heart_rate_max":78,"heart_rate_min":74,"start_time":1700704200000,"end_time":1700704259000},{"heart_rate":76,"heart_rate_max":79,"heart_rate_min":74,"start_time":1700704140000,"end_time":1700704199000},{"heart_rate":76,"heart_rate_max":80,"heart_rate_min":72,"start_time":1700704080000,"end_time":1700704139000},{"heart_rate":76,"heart_rate_max":80,"heart_rate_min":74,"start_time":1700704020000,"end_time":1700704079000},{"heart_rate":76,"heart_rate_max":79,"heart_rate_min":75,"start_time":1700703960000,"end_time":1700704019000},{"heart_rate":77,"heart_rate_max":80,"heart_rate_min":75,"start_time":1700703900000,"end_time":1700703959000},{"heart_rate":76,"heart_rate_max":80,"heart_rate_min":73,"start_time":1700703840000,"end_time":1700703899000},{"heart_rate":78,"heart_rate_max":85,"heart_rate_min":74,"start_time":1700703780000,"end_time":1700703839000},{"heart_rate":78,"heart_rate_max":86,"heart_rate_min":75,"start_time":1700703720000,"end_time":1700703779000},{"heart_rate":81,"heart_rate_max":87,"heart_rate_min":79,"start_time":1700703660000,"end_time":1700703719000},{"heart_rate":81,"heart_rate_max":85,"heart_rate_min":77,"start_time":1700703600000,"end_time":1700703659000},{"heart_rate":84,"heart_rate_max":87,"heart_rate_min":82,"start_time":1700703540000,"end_time":1700703599000},{"heart_rate":89,"heart_rate_max":97,"heart_rate_min":84,"start_time":1700703480000,"end_time":1700703539000},{"heart_rate":96,"heart_rate_max":101,"heart_rate_min":93,"start_time":1700703420000,"end_time":1700703479000},{"heart_rate":94,"heart_rate_max":99,"heart_rate_min":91,"start_time":1700703360000,"end_time":1700703419000},{"heart_rate":95,"heart_rate_max":97,"heart_rate_min":93,"start_time":1700703180000,"end_time":1700703239000},{"heart_rate":91,"heart_rate_max":94,"heart_rate_min":87,"start_time":1700703120000,"end_time":1700703179000},{"heart_rate":88,"heart_rate_max":91,"heart_rate_min":85,"start_time":1700703060000,"end_time":1700703119000},{"heart_rate":84,"heart_rate_max":87,"heart_rate_min":81,"start_time":1700703000000,"end_time":1700703059000},{"heart_rate":84,"heart_rate_max":89,"heart_rate_min":83,"start_time":1700702940000,"end_time":1700702999000},{"heart_rate":90,"heart_rate_max":95,"heart_rate_min":87,"start_time":1700702880000,"end_time":1700702939000},{"heart_rate":87,"heart_rate_max":96,"heart_rate_min":80,"start_time":1700702820000,"end_time":1700702879000},{"heart_rate":85,"heart_rate_max":89,"heart_rate_min":83,"start_time":1700702760000,"end_time":1700702819000},{"heart_rate":83,"heart_rate_max":88,"heart_rate_min":79,"start_time":1700702700000,"end_time":1700702759000},{"heart_rate":88,"heart_rate_max":91,"heart_rate_min":87,"start_time":1700702640000,"end_time":1700702699000},{"heart_rate":89,"heart_rate_max":94,"heart_rate_min":85,"start_time":1700702580000,"end_time":1700702639000},{"heart_rate":84,"heart_rate_max":88,"heart_rate_min":82,"start_time":1700702520000,"end_time":1700702579000},{"heart_rate":80,"heart_rate_max":85,"heart_rate_min":76,"start_time":1700702460000,"end_time":1700702519000},{"heart_rate":77,"heart_rate_max":82,"heart_rate_min":74,"start_time":1700702400000,"end_time":1700702459000},{"heart_rate":77,"heart_rate_max":80,"heart_rate_min":74,"start_time":1700702340000,"end_time":1700702399000},{"heart_rate":79,"heart_rate_max":82,"heart_rate_min":79,"start_time":1700702280000,"end_time":1700702339000},{"heart_rate":78,"heart_rate_max":85,"heart_rate_min":74,"start_time":1700702220000,"end_time":1700702279000},{"heart_rate":78,"heart_rate_max":80,"heart_rate_min":77,"start_time":1700702160000,"end_time":1700702219000},{"heart_rate":81,"heart_rate_max":83,"heart_rate_min":79,"start_time":1700702100000,"end_time":1700702159000},{"heart_rate":80,"heart_rate_max":82,"heart_rate_min":79,"start_time":1700702040000,"end_time":1700702099000},{"heart_rate":79,"heart_rate_max":82,"heart_rate_min":78,"start_time":1700701980000,"end_time":1700702039000},{"heart_rate":78,"heart_rate_max":81,"heart_rate_min":76,"start_time":1700701920000,"end_time":1700701979000},{"heart_rate":77,"heart_rate_max":80,"heart_rate_min":76,"start_time":1700701860000,"end_time":1700701919000},{"heart_rate":82,"heart_rate_max":90,"heart_rate_min":75,"start_time":1700701800000,"end_time":1700701859000},{"heart_rate":83,"heart_rate_max":87,"heart_rate_min":77,"start_time":1700701740000,"end_time":1700701799000},{"heart_rate":77,"heart_rate_max":85,"heart_rate_min":75,"start_time":1700701680000,"end_time":1700701739000},{"heart_rate":99,"heart_rate_max":106,"heart_rate_min":89,"start_time":1700701620000,"end_time":1700701679000},{"heart_rate":94,"heart_rate_max":108,"heart_rate_min":88,"start_time":1700701560000,"end_time":1700701619000},{"heart_rate":91,"heart_rate_max":97,"heart_rate_min":85,"start_time":1700701500000,"end_time":1700701559000},{"heart_rate":99,"heart_rate_max":101,"heart_rate_min":98,"start_time":1700701440000,"end_time":1700701499000},{"heart_rate":106,"heart_rate_max":108,"heart_rate_min":105,"start_time":1700701380000,"end_time":1700701439000},{"heart_rate":93,"heart_rate_max":106,"heart_rate_min":86,"start_time":1700701320000,"end_time":1700701379000},{"heart_rate":100,"heart_rate_max":103,"heart_rate_min":97,"start_time":1700701260000,"end_time":1700701319000},{"heart_rate":81,"heart_rate_max":88,"heart_rate_min":79,"start_time":1700701200000,"end_time":1700701259000}]