[{"heart_rate":72,"heart_rate_max":76,"heart_rate_min":71,"start_time":1700722740000,"end_time":1700722799000},{"heart_rate":73,"heart_rate_max":78,"heart_rate_min":71,"start_time":1700722680000,"end_time":1700722739000},{"heart_rate":69,"heart_rate_max":78,"heart_rate_min":66,"start_time":1700722620000,"end_time":1700722679000},{"heart_rate":70,"heart_rate_max":79,"heart_rate_min":67,"start_time":1700722560000,"end_time":1700722619000},{"heart_rate":77,"heart_rate_max":81,"heart_rate_min":73,"start_time":1700722500000,"end_time":1700722559000},{"heart_rate":76,"heart_rate_max":87,"heart_rate_min":71,"start_time":1700722440000,"end_time":1700722499000},{"heart_rate":74,"heart_rate_max":76,"heart_rate_min":71,"start_time":1700722380000,"end_time":1700722439000},{"heart_rate":74,"heart_rate_max":78,"heart_rate_min":70,"start_time":1700722320000,"end_time":1700722379000},{"heart_rate":79,"heart_rate_max":84,"heart_rate_min":75,"start_time":1700722260000,"end_time":1700722319000},{"heart_rate":73,"heart_rate_max":86,"heart_rate_min":66,"start_time":1700722200000,"end_time":1700722259000},{"heart_rate":70,"heart_rate_max":75,"heart_rate_min":67,"start_time":1700722140000,"end_time":1700722199000},{"heart_rate":69,"heart_rate_max":73,"heart_rate_min":67,"start_time":1700722080000,"end_time":1700722139000},{"heart_rate":69,"heart_rate_max":72,"heart_rate_min":68,"start_time":1700722020000,"end_time":1700722079000},{"heart_rate":72,"heart_rate_max":77,"heart_rate_min":68,"start_time":1700721960000,"end_time":1700722019000},{"heart_rate":71,"heart_rate_max":75,"heart_rate_min":66,"start_time":1700721900000,"end_time":1700721959000},{"heart_rate":72,"heart_rate_max":76,"heart_rate_min":69,"start_time":1700721840000,"end_time":1700721899000},{"heart_rate":69,"heart_rate_max":74,"heart_rate_min":67,"start_time":1700721780000,"end_time":1700721839000},{"heart_rate":70,"heart_rate_max":73,"heart_rate_min":68,"start_time":1700721720000,"end_time":1700721779000},{"heart_rate":72,"heart_rate_max":75,"heart_rate_min":63,"start_time":1700721660000,"end_time":1700721719000},{"heart_rate":64,"heart_rate_max":71,"heart_rate_min":61,"start_time":1700721600000,"end_time":1700721659000},{"heart_rate":65,"heart_rate_max":69,"heart_rate_min":63,"start_time":1700721540000,"end_time":1700721599000},{"heart_rate":64,"heart_rate_max":67,"heart_rate_min":62,"start_time":1700721480000,"end_time":1700721539000},{"heart_rate":66,"heart_rate_max":72,"heart_rate_min":64,"start_time":1700721420000,"end_time":1700721479000},{"heart_rate":66,"heart_rate_max":72,"heart_rate_min":62,"start_time":1700721360000,"end_time":1700721419000},{"heart_rate":66,"heart_rate_max":70,"heart_rate_min":63,"start_time":1700721300000,"end_time":1700721359000},{"heart_rate":66,"heart_rate_max":70,"heart_rate_min":65,"start_time":1700721240000,"end_time":1700721299000},{"heart_rate":68,"heart_rate_max":77,"heart_rate_min":65,"start_time":1700721180000,"end_time":1700721239000},{"heart_rate":68,"heart_rate_max":74,"heart_rate_min":62,"start_time":1700721120000,"end_time":1700721179000},{"heart_rate":68,"heart_rate_max":73,"heart_rate_min":65,"start_time":1700721060000,"end_time":1700721119000},{"heart_rate":67,"heart_rate_max":69,"heart_rate_min":66,"start_time":1700721000000,"end_time":1700721059000},{"heart_rate":65,"heart_rate_max":67,"heart_rate_min":63,"start_time":1700720940000,"end_time":1700720999000},{"heart_rate":66,"heart_rate_max":68,"heart_rate_min":65,"start_time":1700720880000,"end_time":1700720939000},{"heart_rate":67,"heart_rate_max":70,"heart_rate_min":65,"start_time":1700720820000,"end_time":1700720879000},{"heart_rate":65,"heart_rate_max":68,"heart_rate_min":63,"start_time":1700720760000,"end_time":1700720819000},{"heart_rate":66,"heart_rate_max":70,"heart_rate_min":64,"start_time":1700720700000,"end_time":1700720759000},{"heart_rate":65,"heart_rate_max":68,"heart_rate_min":64,"start_time":1700720640000,"end_time":1700720699000},{"heart_rate":66,"heart_rate_max":71,"heart_rate_min":65,"start_time":1700720580000,"end_time":1700720639000},{"heart_rate":65,"heart_rate_max":74,"heart_rate_min":63,"start_time":1700720520000,"end_time":1700720579000},{"heart_rate":67,"heart_rate_max":75,"heart_rate_min":65,"start_time":1700720460000,"end_time":1700720519000},{"heart_rate":66,"heart_rate_max":69,"heart_rate_min":64,"start_time":1700720400000,"end_time":1700720459000},{"heart_rate":69,"heart_rate_max":74,"heart_rate_min":66,"start_time":1700720340000,"end_time":1700720399000},{"heart_rate":67,"heart_rate_max":73,"heart_rate_min":66,"start_time":1700720280000,"end_time":1700720339000},{"heart_rate":74,"heart_rate_max":84,"heart_rate_min":66,"start_time":1700720220000,"end_time":1700720279000},{"heart_rate":75,"heart_rate_max":84,"heart_rate_min":67,"start_time":1700720160000,"end_time":1700720219000},{"heart_rate":68,"heart_rate_max":73,"heart_rate_min":65,"start_time":1700720100000,"end_time":1700720159000},{"heart_rate":69,"heart_rate_max":72,"heart_rate_min":68,"start_time":1700720040000,"end_time":1700720099000},{"heart_rate":66,"heart_rate_max":69,"heart_rate_min":65,"start_time":1700719980000,"end_time":1700720039000},{"heart_rate":64,"heart_rate_max":68,"heart_rate_min":62,"start_time":1700719920000,"end_time":1700719979000},{"heart_rate":64,"heart_rate_max":69,"heart_rate_min":62,"start_time":1700719860000,"end_time":1700719919000},{"heart_rate":69,"heart_rate_max":80,"heart_rate_min":64,"start_time":1700719800000,"end_time":1700719859000},{"heart_rate":73,"heart_rate_max":78,"heart_rate_min":69,"start_time":1700719740000,"end_time":1700719799000},{"heart_rate":67,"heart_rate_max":73,"heart_rate_min":65,"start_time":1700719680000,"end_time":1700719739000},{"heart_rate":67,"heart_rate_max":76,"heart_rate_min":64,"start_time":1700719620000,"end_time":1700719679000},{"heart_rate":67,"heart_rate_max":74,"heart_rate_min":62,"start_time":1700719560000,"end_time":1700719619000},{"heart_rate":67,"heart_rate_max":71,"heart_rate_min":65,"start_time":1700719500000,"end_time":1700719559000},{"heart_rate":69,"heart_rate_max":71,"heart_rate_min":67,"start_time":1700719440000,"end_time":1700719499000},{"heart_rate":68,"heart_rate_max":71,"heart_rate_min":66,"start_time":1700719380000,"end_time":1700719439000},{"heart_rate":65,"heart_rate_max":69,"heart_rate_min":64,"start_time":1700719320000,"end_time":1700719379000},{"heart_rate":70,"heart_rate_max":76,"heart_rate_min":62,"start_time":1700719260000,"end_time":1700719319000},{"heart_rate":67,"heart_rate_max":75,"heart_rate_min":62,"start_time":1700719200000,"end_time":1700719259000}]