[{"heart_rate":58,"heart_rate_max":60,"heart_rate_min":58,"start_time":1701419820000,"end_time":1701419879000},{"heart_rate":61,"heart_rate_max":68,"heart_rate_min":55,"start_time":1701419760000,"end_time":1701419819000},{"heart_rate":65,"heart_rate_max":67,"heart_rate_min":64,"start_time":1701419700000,"end_time":1701419759000},{"heart_rate":61,"heart_rate_max":64,"heart_rate_min":60,"start_time":1701419640000,"end_time":1701419699000},{"heart_rate":54,"heart_rate_max":60,"heart_rate_min":52,"start_time":1701419580000,"end_time":1701419639000}]