[{"heart_rate":52,"heart_rate_max":55,"heart_rate_min":50,"start_time":1701010740000,"end_time":1701010799000},{"heart_rate":51,"heart_rate_max":54,"heart_rate_min":50,"start_time":1701010680000,"end_time":1701010739000},{"heart_rate":51,"heart_rate_max":54,"heart_rate_min":49,"start_time":1701010620000,"end_time":1701010679000},{"heart_rate":52,"heart_rate_max":55,"heart_rate_min":51,"start_time":1701010560000,"end_time":1701010619000},{"heart_rate":51,"heart_rate_max":53,"heart_rate_min":49,"start_time":1701010500000,"end_time":1701010559000},{"heart_rate":53,"heart_rate_max":56,"heart_rate_min":51,"start_time":1701010440000,"end_time":1701010499000},{"heart_rate":52,"heart_rate_max":54,"heart_rate_min":51,"start_time":1701010380000,"end_time":1701010439000},{"heart_rate":51,"heart_rate_max":54,"heart_rate_min":50,"start_time":1701010320000,"end_time":1701010379000},{"heart_rate":52,"heart_rate_max":55,"heart_rate_min":51,"start_time":1701010260000,"end_time":1701010319000},{"heart_rate":51,"heart_rate_max":55,"heart_rate_min":50,"start_time":1701010200000,"end_time":1701010259000},{"heart_rate":53,"heart_rate_max":57,"heart_rate_min":52,"start_time":1701010140000,"end_time":1701010199000},{"heart_rate":54,"heart_rate_max":57,"heart_rate_min":52,"start_time":1701010080000,"end_time":1701010139000},{"heart_rate":55,"heart_rate_max":56,"heart_rate_min":54,"start_time":1701010020000,"end_time":1701010079000},{"heart_rate":54,"heart_rate_max":56,"heart_rate_min":54,"start_time":1701009960000,"end_time":1701010019000},{"heart_rate":51,"heart_rate_max":54,"heart_rate_min":48,"start_time":1701009900000,"end_time":1701009959000},{"heart_rate":52,"heart_rate_max":60,"heart_rate_min":50,"start_time":1701009840000,"end_time":1701009899000},{"heart_rate":51,"heart_rate_max":54,"heart_rate_min":49,"start_time":1701009780000,"end_time":1701009839000},{"heart_rate":54,"heart_rate_max":61,"heart_rate_min":51,"start_time":1701009720000,"end_time":1701009779000},{"heart_rate":55,"heart_rate_max":59,"heart_rate_min":52,"start_time":1701009660000,"end_time":1701009719000},{"heart_rate":57,"heart_rate_max":61,"heart_rate_min":54,"start_time":1701009600000,"end_time":1701009659000},{"heart_rate":57,"heart_rate_max":59,"heart_rate_min":55,"start_time":1701009540000,"end_time":1701009599000},{"heart_rate":55,"heart_rate_max":58,"heart_rate_min":54,"start_time":1701009480000,"end_time":1701009539000},{"heart_rate":56,"heart_rate_max":58,"heart_rate_min":55,"start_time":1701009420000,"end_time":1701009479000},{"heart_rate":57,"heart_rate_max":59,"heart_rate_min":56,"start_time":1701009360000,"end_time":1701009419000},{"heart_rate":55,"heart_rate_max":60,"heart_rate_min":53,"start_time":1701009300000,"end_time":1701009359000},{"heart_rate":58,"heart_rate_max":62,"heart_rate_min":56,"start_time":1701009240000,"end_time":1701009299000},{"heart_rate":56,"heart_rate_max":59,"heart_rate_min":54,"start_time":1701009180000,"end_time":1701009239000},{"heart_rate":54,"heart_rate_max":57,"heart_rate_min":52,"start_time":1701009120000,"end_time":1701009179000},{"heart_rate":56,"heart_rate_max":64,"heart_rate_min":53,"start_time":1701009060000,"end_time":1701009119000},{"heart_rate":60,"heart_rate_max":64,"heart_rate_min":58,"start_time":1701009000000,"end_time":1701009059000},{"heart_rate":60,"heart_rate_max":65,"heart_rate_min":57,"start_time":1701008940000,"end_time":1701008999000},{"heart_rate":53,"heart_rate_max":59,"heart_rate_min":52,"start_time":1701008880000,"end_time":1701008939000},{"heart_rate":55,"heart_rate_max":62,"heart_rate_min":53,"start_time":1701008820000,"end_time":1701008879000},{"heart_rate":54,"heart_rate_max":55,"heart_rate_min":54,"start_time":1701008760000,"end_time":1701008819000},{"heart_rate":53,"heart_rate_max":55,"heart_rate_min":53,"start_time":1701008700000,"end_time":1701008759000},{"heart_rate":54,"heart_rate_max":55,"heart_rate_min":53,"start_time":1701008640000,"end_time":1701008699000},{"heart_rate":55,"heart_rate_max":56,"heart_rate_min":54,"start_time":1701008580000,"end_time":1701008639000},{"heart_rate":54,"heart_rate_max":55,"heart_rate_min":53,"start_time":1701008520000,"end_time":1701008579000},{"heart_rate":54,"heart_rate_max":55,"heart_rate_min":53,"start_time":1701008460000,"end_time":1701008519000},{"heart_rate":53,"heart_rate_max":54,"heart_rate_min":52,"start_time":1701008400000,"end_time":1701008459000},{"heart_rate":52,"heart_rate_max":53,"heart_rate_min":51,"start_time":1701008340000,"end_time":1701008399000},{"heart_rate":54,"heart_rate_max":55,"heart_rate_min":53,"start_time":1701008280000,"end_time":1701008339000},{"heart_rate":53,"heart_rate_max":55,"heart_rate_min":52,"start_time":1701008220000,"end_time":1701008279000},{"heart_rate":52,"heart_rate_max":54,"heart_rate_min":52,"start_time":1701008160000,"end_time":1701008219000},{"heart_rate":53,"heart_rate_max":54,"heart_rate_min":52,"start_time":1701008100000,"end_time":1701008159000},{"heart_rate":54,"heart_rate_max":55,"heart_rate_min":53,"start_time":1701008040000,"end_time":1701008099000},{"heart_rate":54,"heart_rate_max":56,"heart_rate_min":53,"start_time":1701007980000,"end_time":1701008039000},{"heart_rate":54,"heart_rate_max":56,"heart_rate_min":53,"start_time":1701007920000,"end_time":1701007979000},{"heart_rate":54,"heart_rate_max":56,"heart_rate_min":54,"start_time":1701007860000,"end_time":1701007919000},{"heart_rate":55,"heart_rate_max":57,"heart_rate_min":55,"start_time":1701007800000,"end_time":1701007859000},{"heart_rate":55,"heart_rate_max":57,"heart_rate_min":54,"start_time":1701007740000,"end_time":1701007799000},{"heart_rate":55,"heart_rate_max":57,"heart_rate_min":54,"start_time":1701007680000,"end_time":1701007739000},{"heart_rate":55,"heart_rate_max":57,"heart_rate_min":54,"start_time":1701007620000,"end_time":1701007679000},{"heart_rate":55,"heart_rate_max":60,"heart_rate_min":54,"start_time":1701007560000,"end_time":1701007619000},{"heart_rate":56,"heart_rate_max":58,"heart_rate_min":55,"start_time":1701007500000,"end_time":1701007559000},{"heart_rate":56,"heart_rate_max":60,"heart_rate_min":54,"start_time":1701007440000,"end_time":1701007499000},{"heart_rate":58,"heart_rate_max":63,"heart_rate_min":54,"start_time":1701007380000,"end_time":1701007439000},{"heart_rate":53,"heart_rate_max":55,"heart_rate_min":53,"start_time":1701007320000,"end_time":1701007379000},{"heart_rate":53,"heart_rate_max":55,"heart_rate_min":53,"start_time":1701007260000,"end_time":1701007319000},{"heart_rate":53,"heart_rate_max":55,"heart_rate_min":52,"start_time":1701007200000,"end_time":1701007259000}]