[{"heart_rate":65,"heart_rate_max":68,"heart_rate_min":63,"start_time":1700956740000,"end_time":1700956799000},{"heart_rate":66,"heart_rate_max":68,"heart_rate_min":66,"start_time":1700956680000,"end_time":1700956739000},{"heart_rate":65,"heart_rate_max":67,"heart_rate_min":63,"start_time":1700956620000,"end_time":1700956679000},{"heart_rate":60,"heart_rate_max":64,"heart_rate_min":59,"start_time":1700956560000,"end_time":1700956619000},{"heart_rate":60,"heart_rate_max":61,"heart_rate_min":59,"start_time":1700956500000,"end_time":1700956559000},{"heart_rate":59,"heart_rate_max":61,"heart_rate_min":59,"start_time":1700956440000,"end_time":1700956499000},{"heart_rate":60,"heart_rate_max":61,"heart_rate_min":59,"start_time":1700956380000,"end_time":1700956439000},{"heart_rate":59,"heart_rate_max":61,"heart_rate_min":59,"start_time":1700956320000,"end_time":1700956379000},{"heart_rate":59,"heart_rate_max":61,"heart_rate_min":59,"start_time":1700956260000,"end_time":1700956319000},{"heart_rate":59,"heart_rate_max":60,"heart_rate_min":58,"start_time":1700956200000,"end_time":1700956259000},{"heart_rate":59,"heart_rate_max":60,"heart_rate_min":59,"start_time":1700956140000,"end_time":1700956199000},{"heart_rate":59,"heart_rate_max":60,"heart_rate_min":59,"start_time":1700956080000,"end_time":1700956139000},{"heart_rate":58,"heart_rate_max":62,"heart_rate_min":57,"start_time":1700956020000,"end_time":1700956079000},{"heart_rate":60,"heart_rate_max":65,"heart_rate_min":58,"start_time":1700955960000,"end_time":1700956019000},{"heart_rate":61,"heart_rate_max":63,"heart_rate_min":60,"start_time":1700955900000,"end_time":1700955959000},{"heart_rate":77,"heart_rate_max":80,"heart_rate_min":76,"start_time":1700955780000,"end_time":1700955839000},{"heart_rate":75,"heart_rate_max":77,"heart_rate_min":74,"start_time":1700955720000,"end_time":1700955779000},{"heart_rate":81,"heart_rate_max":83,"heart_rate_min":80,"start_time":1700955660000,"end_time":1700955719000},{"heart_rate":71,"heart_rate_max":76,"heart_rate_min":66,"start_time":1700955600000,"end_time":1700955659000},{"heart_rate":76,"heart_rate_max":91,"heart_rate_min":54,"start_time":1700955540000,"end_time":1700955599000},{"heart_rate":83,"heart_rate_max":87,"heart_rate_min":80,"start_time":1700955480000,"end_time":1700955539000},{"heart_rate":85,"heart_rate_max":90,"heart_rate_min":84,"start_time":1700955420000,"end_time":1700955479000},{"heart_rate":96,"heart_rate_max":104,"heart_rate_min":88,"start_time":1700955300000,"end_time":1700955359000},{"heart_rate":110,"heart_rate_max":125,"heart_rate_min":96,"start_time":1700955240000,"end_time":1700955299000},{"heart_rate":96,"heart_rate_max":99,"heart_rate_min":92,"start_time":1700955180000,"end_time":1700955239000},{"heart_rate":98,"heart_rate_max":103,"heart_rate_min":93,"start_time":1700955120000,"end_time":1700955179000},{"heart_rate":92,"heart_rate_max":99,"heart_rate_min":88,"start_time":1700955060000,"end_time":1700955119000},{"heart_rate":90,"heart_rate_max":90,"heart_rate_min":90,"start_time":1700955000000,"end_time":1700955059000},{"heart_rate":87,"heart_rate_max":88,"heart_rate_min":87,"start_time":1700954940000,"end_time":1700954999000},{"heart_rate":79,"heart_rate_max":87,"heart_rate_min":73,"start_time":1700954880000,"end_time":1700954939000},{"heart_rate":80,"heart_rate_max":91,"heart_rate_min":76,"start_time":1700954820000,"end_time":1700954879000},{"heart_rate":74,"heart_rate_max":78,"heart_rate_min":71,"start_time":1700954760000,"end_time":1700954819000},{"heart_rate":70,"heart_rate_max":75,"heart_rate_min":68,"start_time":1700954700000,"end_time":1700954759000},{"heart_rate":76,"heart_rate_max":84,"heart_rate_min":70,"start_time":1700954640000,"end_time":1700954699000},{"heart_rate":72,"heart_rate_max":84,"heart_rate_min":66,"start_time":1700954580000,"end_time":1700954639000},{"heart_rate":67,"heart_rate_max":69,"heart_rate_min":66,"start_time":1700954520000,"end_time":1700954579000},{"heart_rate":67,"heart_rate_max":69,"heart_rate_min":63,"start_time":1700954460000,"end_time":1700954519000},{"heart_rate":72,"heart_rate_max":82,"heart_rate_min":68,"start_time":1700954400000,"end_time":1700954459000},{"heart_rate":81,"heart_rate_max":83,"heart_rate_min":79,"start_time":1700954340000,"end_time":1700954399000},{"heart_rate":85,"heart_rate_max":87,"heart_rate_min":84,"start_time":1700954220000,"end_time":1700954279000},{"heart_rate":89,"heart_rate_max":92,"heart_rate_min":87,"start_time":1700954160000,"end_time":1700954219000},{"heart_rate":86,"heart_rate_max":92,"heart_rate_min":84,"start_time":1700954100000,"end_time":1700954159000},{"heart_rate":83,"heart_rate_max":91,"heart_rate_min":78,"start_time":1700954040000,"end_time":1700954099000},{"heart_rate":82,"heart_rate_max":90,"heart_rate_min":78,"start_time":1700953980000,"end_time":1700954039000},{"heart_rate":79,"heart_rate_max":82,"heart_rate_min":75,"start_time":1700953920000,"end_time":1700953979000},{"heart_rate":77,"heart_rate_max":82,"heart_rate_min":75,"start_time":1700953860000,"end_time":1700953919000},{"heart_rate":79,"heart_rate_max":80,"heart_rate_min":79,"start_time":1700953740000,"end_time":1700953799000},{"heart_rate":80,"heart_rate_max":84,"heart_rate_min":78,"start_time":1700953680000,"end_time":1700953739000},{"heart_rate":78,"heart_rate_max":82,"heart_rate_min":74,"start_time":1700953620000,"end_time":1700953679000},{"heart_rate":76,"heart_rate_max":80,"heart_rate_min":74,"start_time":1700953560000,"end_time":1700953619000},{"heart_rate":78,"heart_rate_max":83,"heart_rate_min":73,"start_time":1700953500000,"end_time":1700953559000},{"heart_rate":81,"heart_rate_max":85,"heart_rate_min":77,"start_time":1700953440000,"end_time":1700953499000},{"heart_rate":78,"heart_rate_max":82,"heart_rate_min":75,"start_time":1700953380000,"end_time":1700953439000},{"heart_rate":79,"heart_rate_max":84,"heart_rate_min":75,"start_time":1700953320000,"end_time":1700953379000},{"heart_rate":75,"heart_rate_max":79,"heart_rate_min":73,"start_time":1700953260000,"end_time":1700953319000},{"heart_rate":76,"heart_rate_max":80,"heart_rate_min":73,"start_time":1700953200000,"end_time":1700953259000}]