[{"heart_rate":51,"heart_rate_max":53,"heart_rate_min":51,"start_time":1700747940000,"end_time":1700747999000},{"heart_rate":52,"heart_rate_max":54,"heart_rate_min":51,"start_time":1700747880000,"end_time":1700747939000},{"heart_rate":52,"heart_rate_max":53,"heart_rate_min":51,"start_time":1700747820000,"end_time":1700747879000},{"heart_rate":53,"heart_rate_max":55,"heart_rate_min":51,"start_time":1700747760000,"end_time":1700747819000},{"heart_rate":52,"heart_rate_max":55,"heart_rate_min":51,"start_time":1700747700000,"end_time":1700747759000},{"heart_rate":53,"heart_rate_max":55,"heart_rate_min":51,"start_time":1700747640000,"end_time":1700747699000},{"heart_rate":54,"heart_rate_max":63,"heart_rate_min":51,"start_time":1700747580000,"end_time":1700747639000},{"heart_rate":52,"heart_rate_max":54,"heart_rate_min":51,"start_time":1700747520000,"end_time":1700747579000},{"heart_rate":52,"heart_rate_max":53,"heart_rate_min":51,"start_time":1700747460000,"end_time":1700747519000},{"heart_rate":51,"heart_rate_max":53,"heart_rate_min":51,"start_time":1700747400000,"end_time":1700747459000},{"heart_rate":52,"heart_rate_max":54,"heart_rate_min":51,"start_time":1700747340000,"end_time":1700747399000},{"heart_rate":52,"heart_rate_max":54,"heart_rate_min":51,"start_time":1700747280000,"end_time":1700747339000},{"heart_rate":53,"heart_rate_max":55,"heart_rate_min":52,"start_time":1700747220000,"end_time":1700747279000},{"heart_rate":53,"heart_rate_max":55,"heart_rate_min":52,"start_time":1700747160000,"end_time":1700747219000},{"heart_rate":53,"heart_rate_max":54,"heart_rate_min":52,"start_time":1700747100000,"end_time":1700747159000},{"heart_rate":53,"heart_rate_max":54,"heart_rate_min":52,"start_time":1700747040000,"end_time":1700747099000},{"heart_rate":53,"heart_rate_max":56,"heart_rate_min":52,"start_time":1700746980000,"end_time":1700747039000},{"heart_rate":56,"heart_rate_max":59,"heart_rate_min":52,"start_time":1700746920000,"end_time":1700746979000},{"heart_rate":61,"heart_rate_max":67,"heart_rate_min":58,"start_time":1700746860000,"end_time":1700746919000},{"heart_rate":57,"heart_rate_max":60,"heart_rate_min":54,"start_time":1700746800000,"end_time":1700746859000},{"heart_rate":55,"heart_rate_max":57,"heart_rate_min":53,"start_time":1700746740000,"end_time":1700746799000},{"heart_rate":55,"heart_rate_max":56,"heart_rate_min":54,"start_time":1700746680000,"end_time":1700746739000},{"heart_rate":55,"heart_rate_max":57,"heart_rate_min":54,"start_time":1700746620000,"end_time":1700746679000},{"heart_rate":53,"heart_rate_max":56,"heart_rate_min":52,"start_time":1700746560000,"end_time":1700746619000},{"heart_rate":52,"heart_rate_max":54,"heart_rate_min":52,"start_time":1700746500000,"end_time":1700746559000},{"heart_rate":52,"heart_rate_max":53,"heart_rate_min":51,"start_time":1700746440000,"end_time":1700746499000},{"heart_rate":52,"heart_rate_max":53,"heart_rate_min":52,"start_time":1700746380000,"end_time":1700746439000},{"heart_rate":52,"heart_rate_max":54,"heart_rate_min":50,"start_time":1700746320000,"end_time":1700746379000},{"heart_rate":52,"heart_rate_max":53,"heart_rate_min":50,"start_time":1700746260000,"end_time":1700746319000},{"heart_rate":52,"heart_rate_max":54,"heart_rate_min":50,"start_time":1700746200000,"end_time":1700746259000},{"heart_rate":52,"heart_rate_max":53,"heart_rate_min":51,"start_time":1700746140000,"end_time":1700746199000},{"heart_rate":52,"heart_rate_max":53,"heart_rate_min":51,"start_time":1700746080000,"end_time":1700746139000},{"heart_rate":52,"heart_rate_max":53,"heart_rate_min":51,"start_time":1700746020000,"end_time":1700746079000},{"heart_rate":51,"heart_rate_max":53,"heart_rate_min":51,"start_time":1700745960000,"end_time":1700746019000},{"heart_rate":51,"heart_rate_max":53,"heart_rate_min":51,"start_time":1700745900000,"end_time":1700745959000},{"heart_rate":52,"heart_rate_max":53,"heart_rate_min":51,"start_time":1700745840000,"end_time":1700745899000},{"heart_rate":52,"heart_rate_max":53,"heart_rate_min":51,"start_time":1700745780000,"end_time":1700745839000},{"heart_rate":52,"heart_rate_max":54,"heart_rate_min":51,"start_time":1700745720000,"end_time":1700745779000},{"heart_rate":52,"heart_rate_max":54,"heart_rate_min":51,"start_time":1700745660000,"end_time":1700745719000},{"heart_rate":52,"heart_rate_max":53,"heart_rate_min":51,"start_time":1700745600000,"end_time":1700745659000},{"heart_rate":52,"heart_rate_max":54,"heart_rate_min":52,"start_time":1700745540000,"end_time":1700745599000},{"heart_rate":52,"heart_rate_max":54,"heart_rate_min":52,"start_time":1700745480000,"end_time":1700745539000},{"heart_rate":53,"heart_rate_max":54,"heart_rate_min":52,"start_time":1700745420000,"end_time":1700745479000},{"heart_rate":52,"heart_rate_max":54,"heart_rate_min":52,"start_time":1700745360000,"end_time":1700745419000},{"heart_rate":53,"heart_rate_max":55,"heart_rate_min":52,"start_time":1700745300000,"end_time":1700745359000},{"heart_rate":53,"heart_rate_max":55,"heart_rate_min":52,"start_time":1700745240000,"end_time":1700745299000},{"heart_rate":53,"heart_rate_max":55,"heart_rate_min":53,"start_time":1700745180000,"end_time":1700745239000},{"heart_rate":54,"heart_rate_max":56,"heart_rate_min":53,"start_time":1700745120000,"end_time":1700745179000},{"heart_rate":56,"heart_rate_max":57,"heart_rate_min":56,"start_time":1700745060000,"end_time":1700745119000},{"heart_rate":58,"heart_rate_max":62,"heart_rate_min":56,"start_time":1700745000000,"end_time":1700745059000},{"heart_rate":53,"heart_rate_max":56,"heart_rate_min":52,"start_time":1700744940000,"end_time":1700744999000},{"heart_rate":53,"heart_rate_max":55,"heart_rate_min":52,"start_time":1700744880000,"end_time":1700744939000},{"heart_rate":53,"heart_rate_max":56,"heart_rate_min":52,"start_time":1700744820000,"end_time":1700744879000},{"heart_rate":53,"heart_rate_max":56,"heart_rate_min":52,"start_time":1700744760000,"end_time":1700744819000},{"heart_rate":54,"heart_rate_max":56,"heart_rate_min":53,"start_time":1700744700000,"end_time":1700744759000},{"heart_rate":54,"heart_rate_max":56,"heart_rate_min":53,"start_time":1700744640000,"end_time":1700744699000},{"heart_rate":53,"heart_rate_max":56,"heart_rate_min":53,"start_time":1700744580000,"end_time":1700744639000},{"heart_rate":56,"heart_rate_max":57,"heart_rate_min":55,"start_time":1700744520000,"end_time":1700744579000},{"heart_rate":56,"heart_rate_max":57,"heart_rate_min":54,"start_time":1700744460000,"end_time":1700744519000},{"heart_rate":54,"heart_rate_max":56,"heart_rate_min":53,"start_time":1700744400000,"end_time":1700744459000}]