[{"heart_rate":99,"heart_rate_max":101,"heart_rate_min":97,"start_time":1701046680000,"end_time":1701046739000},{"heart_rate":92,"heart_rate_max":96,"heart_rate_min":90,"start_time":1701046620000,"end_time":1701046679000},{"heart_rate":95,"heart_rate_max":100,"heart_rate_min":91,"start_time":1701046560000,"end_time":1701046619000},{"heart_rate":83,"heart_rate_max":92,"heart_rate_min":79,"start_time":1701046500000,"end_time":1701046559000},{"heart_rate":78,"heart_rate_max":83,"heart_rate_min":76,"start_time":1701046440000,"end_time":1701046499000},{"heart_rate":78,"heart_rate_max":81,"heart_rate_min":76,"start_time":1701046380000,"end_time":1701046439000},{"heart_rate":80,"heart_rate_max":84,"heart_rate_min":77,"start_time":1701046320000,"end_time":1701046379000},{"heart_rate":80,"heart_rate_max":84,"heart_rate_min":79,"start_time":1701046260000,"end_time":1701046319000},{"heart_rate":78,"heart_rate_max":82,"heart_rate_min":76,"start_time":1701046200000,"end_time":1701046259000},{"heart_rate":86,"heart_rate_max":117,"heart_rate_min":77,"start_time":1701046140000,"end_time":1701046199000},{"heart_rate":116,"heart_rate_max":120,"heart_rate_min":113,"start_time":1701046080000,"end_time":1701046139000},{"heart_rate":102,"heart_rate_max":112,"heart_rate_min":97,"start_time":1701046020000,"end_time":1701046079000},{"heart_rate":91,"heart_rate_max":97,"heart_rate_min":85,"start_time":1701045960000,"end_time":1701046019000},{"heart_rate":86,"heart_rate_max":87,"heart_rate_min":85,"start_time":1701045900000,"end_time":1701045959000},{"heart_rate":87,"heart_rate_max":92,"heart_rate_min":81,"start_time":1701045840000,"end_time":1701045899000},{"heart_rate":81,"heart_rate_max":81,"heart_rate_min":81,"start_time":1701045780000,"end_time":1701045839000},{"heart_rate":81,"heart_rate_max":86,"heart_rate_min":80,"start_time":1701045720000,"end_time":1701045779000},{"heart_rate":87,"heart_rate_max":90,"heart_rate_min":86,"start_time":1701045660000,"end_time":1701045719000},{"heart_rate":83,"heart_rate_max":87,"heart_rate_min":81,"start_time":1701045600000,"end_time":1701045659000},{"heart_rate":89,"heart_rate_max":104,"heart_rate_min":82,"start_time":1701045540000,"end_time":1701045599000},{"heart_rate":101,"heart_rate_max":105,"heart_rate_min":95,"start_time":1701045480000,"end_time":1701045539000},{"heart_rate":87,"heart_rate_max":95,"heart_rate_min":81,"start_time":1701045420000,"end_time":1701045479000},{"heart_rate":78,"heart_rate_max":82,"heart_rate_min":76,"start_time":1701045360000,"end_time":1701045419000},{"heart_rate":79,"heart_rate_max":82,"heart_rate_min":77,"start_time":1701045300000,"end_time":1701045359000},{"heart_rate":78,"heart_rate_max":85,"heart_rate_min":74,"start_time":1701045240000,"end_time":1701045299000},{"heart_rate":79,"heart_rate_max":82,"heart_rate_min":76,"start_time":1701045180000,"end_time":1701045239000},{"heart_rate":76,"heart_rate_max":79,"heart_rate_min":74,"start_time":1701045120000,"end_time":1701045179000},{"heart_rate":85,"heart_rate_max":90,"heart_rate_min":78,"start_time":1701045060000,"end_time":1701045119000},{"heart_rate":86,"heart_rate_max":90,"heart_rate_min":84,"start_time":1701045000000,"end_time":1701045059000},{"heart_rate":80,"heart_rate_max":85,"heart_rate_min":74,"start_time":1701044940000,"end_time":1701044999000},{"heart_rate":82,"heart_rate_max":88,"heart_rate_min":78,"start_time":1701044880000,"end_time":1701044939000},{"heart_rate":78,"heart_rate_max":82,"heart_rate_min":73,"start_time":1701044820000,"end_time":1701044879000},{"heart_rate":86,"heart_rate_max":93,"heart_rate_min":81,"start_time":1701044760000,"end_time":1701044819000},{"heart_rate":90,"heart_rate_max":92,"heart_rate_min":88,"start_time":1701044700000,"end_time":1701044759000},{"heart_rate":83,"heart_rate_max":87,"heart_rate_min":82,"start_time":1701044280000,"end_time":1701044339000},{"heart_rate":78,"heart_rate_max":83,"heart_rate_min":73,"start_time":1701044220000,"end_time":1701044279000},{"heart_rate":72,"heart_rate_max":77,"heart_rate_min":68,"start_time":1701044160000,"end_time":1701044219000},{"heart_rate":77,"heart_rate_max":81,"heart_rate_min":73,"start_time":1701044100000,"end_time":1701044159000},{"heart_rate":84,"heart_rate_max":89,"heart_rate_min":79,"start_time":1701044040000,"end_time":1701044099000},{"heart_rate":82,"heart_rate_max":93,"heart_rate_min":78,"start_time":1701043980000,"end_time":1701044039000},{"heart_rate":105,"heart_rate_max":108,"heart_rate_min":104,"start_time":1701043920000,"end_time":1701043979000},{"heart_rate":102,"heart_rate_max":107,"heart_rate_min":99,"start_time":1701043860000,"end_time":1701043919000},{"heart_rate":118,"heart_rate_max":119,"heart_rate_min":118,"start_time":1701043800000,"end_time":1701043859000},{"heart_rate":85,"heart_rate_max":87,"heart_rate_min":84,"start_time":1701043740000,"end_time":1701043799000},{"heart_rate":82,"heart_rate_max":91,"heart_rate_min":80,"start_time":1701043680000,"end_time":1701043739000},{"heart_rate":87,"heart_rate_max":91,"heart_rate_min":84,"start_time":1701043620000,"end_time":1701043679000},{"heart_rate":81,"heart_rate_max":88,"heart_rate_min":74,"start_time":1701043560000,"end_time":1701043619000},{"heart_rate":74,"heart_rate_max":79,"heart_rate_min":67,"start_time":1701043500000,"end_time":1701043559000},{"heart_rate":73,"heart_rate_max":84,"heart_rate_min":63,"start_time":1701043440000,"end_time":1701043499000},{"heart_rate":76,"heart_rate_max":86,"heart_rate_min":71,"start_time":1701043380000,"end_time":1701043439000},{"heart_rate":74,"heart_rate_max":77,"heart_rate_min":72,"start_time":1701043320000,"end_time":1701043379000},{"heart_rate":77,"heart_rate_max":94,"heart_rate_min":75,"start_time":1701043260000,"end_time":1701043319000},{"heart_rate":85,"heart_rate_max":96,"heart_rate_min":80,"start_time":1701043200000,"end_time":1701043259000}]