[{"heart_rate":54,"heart_rate_max":56,"heart_rate_min":52,"start_time":1700841540000,"end_time":1700841599000},{"heart_rate":55,"heart_rate_max":59,"heart_rate_min":52,"start_time":1700841480000,"end_time":1700841539000},{"heart_rate":56,"heart_rate_max":59,"heart_rate_min":54,"start_time":1700841420000,"end_time":1700841479000},{"heart_rate":55,"heart_rate_max":56,"heart_rate_min":54,"start_time":1700841360000,"end_time":1700841419000},{"heart_rate":55,"heart_rate_max":56,"heart_rate_min":55,"start_time":1700841300000,"end_time":1700841359000},{"heart_rate":56,"heart_rate_max":57,"heart_rate_min":56,"start_time":1700841240000,"end_time":1700841299000},{"heart_rate":55,"heart_rate_max":57,"heart_rate_min":55,"start_time":1700841180000,"end_time":1700841239000},{"heart_rate":56,"heart_rate_max":57,"heart_rate_min":55,"start_time":1700841120000,"end_time":1700841179000},{"heart_rate":55,"heart_rate_max":58,"heart_rate_min":53,"start_time":1700841060000,"end_time":1700841119000},{"heart_rate":56,"heart_rate_max":58,"heart_rate_min":55,"start_time":1700841000000,"end_time":1700841059000},{"heart_rate":56,"heart_rate_max":60,"heart_rate_min":55,"start_time":1700840940000,"end_time":1700840999000},{"heart_rate":57,"heart_rate_max":59,"heart_rate_min":55,"start_time":1700840880000,"end_time":1700840939000},{"heart_rate":58,"heart_rate_max":59,"heart_rate_min":57,"start_time":1700840820000,"end_time":1700840879000},{"heart_rate":60,"heart_rate_max":63,"heart_rate_min":58,"start_time":1700840760000,"end_time":1700840819000},{"heart_rate":63,"heart_rate_max":68,"heart_rate_min":59,"start_time":1700840700000,"end_time":1700840759000},{"heart_rate":64,"heart_rate_max":70,"heart_rate_min":62,"start_time":1700840640000,"end_time":1700840699000},{"heart_rate":64,"heart_rate_max":75,"heart_rate_min":58,"start_time":1700840580000,"end_time":1700840639000},{"heart_rate":68,"heart_rate_max":75,"heart_rate_min":59,"start_time":1700840520000,"end_time":1700840579000},{"heart_rate":56,"heart_rate_max":62,"heart_rate_min":53,"start_time":1700840460000,"end_time":1700840519000},{"heart_rate":53,"heart_rate_max":55,"heart_rate_min":53,"start_time":1700840400000,"end_time":1700840459000},{"heart_rate":52,"heart_rate_max":54,"heart_rate_min":51,"start_time":1700840340000,"end_time":1700840399000},{"heart_rate":54,"heart_rate_max":60,"heart_rate_min":51,"start_time":1700840280000,"end_time":1700840339000},{"heart_rate":54,"heart_rate_max":58,"heart_rate_min":52,"start_time":1700840220000,"end_time":1700840279000},{"heart_rate":56,"heart_rate_max":62,"heart_rate_min":51,"start_time":1700840160000,"end_time":1700840219000},{"heart_rate":55,"heart_rate_max":63,"heart_rate_min":53,"start_time":1700840100000,"end_time":1700840159000},{"heart_rate":54,"heart_rate_max":56,"heart_rate_min":52,"start_time":1700840040000,"end_time":1700840099000},{"heart_rate":53,"heart_rate_max":55,"heart_rate_min":52,"start_time":1700839980000,"end_time":1700840039000},{"heart_rate":54,"heart_rate_max":55,"heart_rate_min":53,"start_time":1700839920000,"end_time":1700839979000},{"heart_rate":54,"heart_rate_max":56,"heart_rate_min":53,"start_time":1700839860000,"end_time":1700839919000},{"heart_rate":53,"heart_rate_max":55,"heart_rate_min":51,"start_time":1700839800000,"end_time":1700839859000},{"heart_rate":55,"heart_rate_max":57,"heart_rate_min":54,"start_time":1700839740000,"end_time":1700839799000},{"heart_rate":54,"heart_rate_max":55,"heart_rate_min":52,"start_time":1700839680000,"end_time":1700839739000},{"heart_rate":54,"heart_rate_max":56,"heart_rate_min":54,"start_time":1700839620000,"end_time":1700839679000},{"heart_rate":53,"heart_rate_max":55,"heart_rate_min":52,"start_time":1700839560000,"end_time":1700839619000},{"heart_rate":52,"heart_rate_max":54,"heart_rate_min":52,"start_time":1700839500000,"end_time":1700839559000},{"heart_rate":52,"heart_rate_max":54,"heart_rate_min":52,"start_time":1700839440000,"end_time":1700839499000},{"heart_rate":53,"heart_rate_max":55,"heart_rate_min":52,"start_time":1700839380000,"end_time":1700839439000},{"heart_rate":52,"heart_rate_max":55,"heart_rate_min":51,"start_time":1700839320000,"end_time":1700839379000},{"heart_rate":53,"heart_rate_max":57,"heart_rate_min":52,"start_time":1700839260000,"end_time":1700839319000},{"heart_rate":54,"heart_rate_max":57,"heart_rate_min":51,"start_time":1700839200000,"end_time":1700839259000},{"heart_rate":51,"heart_rate_max":57,"heart_rate_min":51,"start_time":1700839140000,"end_time":1700839199000},{"heart_rate":53,"heart_rate_max":57,"heart_rate_min":52,"start_time":1700839080000,"end_time":1700839139000},{"heart_rate":52,"heart_rate_max":53,"heart_rate_min":51,"start_time":1700839020000,"end_time":1700839079000},{"heart_rate":52,"heart_rate_max":55,"heart_rate_min":52,"start_time":1700838960000,"end_time":1700839019000},{"heart_rate":52,"heart_rate_max":54,"heart_rate_min":51,"start_time":1700838900000,"end_time":1700838959000},{"heart_rate":53,"heart_rate_max":58,"heart_rate_min":51,"start_time":1700838840000,"end_time":1700838899000},{"heart_rate":52,"heart_rate_max":56,"heart_rate_min":50,"start_time":1700838780000,"end_time":1700838839000},{"heart_rate":52,"heart_rate_max":54,"heart_rate_min":51,"start_time":1700838720000,"end_time":1700838779000},{"heart_rate":51,"heart_rate_max":54,"heart_rate_min":51,"start_time":1700838660000,"end_time":1700838719000},{"heart_rate":52,"heart_rate_max":54,"heart_rate_min":51,"start_time":1700838600000,"end_time":1700838659000},{"heart_rate":51,"heart_rate_max":53,"heart_rate_min":51,"start_time":1700838540000,"end_time":1700838599000},{"heart_rate":51,"heart_rate_max":54,"heart_rate_min":49,"start_time":1700838480000,"end_time":1700838539000},{"heart_rate":50,"heart_rate_max":54,"heart_rate_min":49,"start_time":1700838420000,"end_time":1700838479000},{"heart_rate":51,"heart_rate_max":53,"heart_rate_min":49,"start_time":1700838360000,"end_time":1700838419000},{"heart_rate":51,"heart_rate_max":54,"heart_rate_min":49,"start_time":1700838300000,"end_time":1700838359000},{"heart_rate":52,"heart_rate_max":55,"heart_rate_min":51,"start_time":1700838240000,"end_time":1700838299000},{"heart_rate":50,"heart_rate_max":55,"heart_rate_min":48,"start_time":1700838180000,"end_time":1700838239000},{"heart_rate":50,"heart_rate_max":52,"heart_rate_min":49,"start_time":1700838120000,"end_time":1700838179000},{"heart_rate":51,"heart_rate_max":53,"heart_rate_min":49,"start_time":1700838060000,"end_time":1700838119000},{"heart_rate":57,"heart_rate_max":66,"heart_rate_min":51,"start_time":1700838000000,"end_time":1700838059000}]