[{"heart_rate":50,"heart_rate_max":53,"heart_rate_min":49,"start_time":1701104340000,"end_time":1701104399000},{"heart_rate":50,"heart_rate_max":51,"heart_rate_min":50,"start_time":1701104280000,"end_time":1701104339000},{"heart_rate":50,"heart_rate_max":51,"heart_rate_min":49,"start_time":1701104220000,"end_time":1701104279000},{"heart_rate":50,"heart_rate_max":52,"heart_rate_min":49,"start_time":1701104160000,"end_time":1701104219000},{"heart_rate":50,"heart_rate_max":53,"heart_rate_min":49,"start_time":1701104100000,"end_time":1701104159000},{"heart_rate":50,"heart_rate_max":54,"heart_rate_min":48,"start_time":1701104040000,"end_time":1701104099000},{"heart_rate":50,"heart_rate_max":56,"heart_rate_min":49,"start_time":1701103980000,"end_time":1701104039000},{"heart_rate":49,"heart_rate_max":50,"heart_rate_min":48,"start_time":1701103920000,"end_time":1701103979000},{"heart_rate":52,"heart_rate_max":55,"heart_rate_min":49,"start_time":1701103860000,"end_time":1701103919000},{"heart_rate":48,"heart_rate_max":51,"heart_rate_min":46,"start_time":1701103800000,"end_time":1701103859000},{"heart_rate":49,"heart_rate_max":53,"heart_rate_min":46,"start_time":1701103740000,"end_time":1701103799000},{"heart_rate":53,"heart_rate_max":57,"heart_rate_min":50,"start_time":1701103680000,"end_time":1701103739000},{"heart_rate":50,"heart_rate_max":52,"heart_rate_min":49,"start_time":1701103620000,"end_time":1701103679000},{"heart_rate":49,"heart_rate_max":52,"heart_rate_min":47,"start_time":1701103560000,"end_time":1701103619000},{"heart_rate":50,"heart_rate_max":54,"heart_rate_min":48,"start_time":1701103500000,"end_time":1701103559000},{"heart_rate":54,"heart_rate_max":62,"heart_rate_min":50,"start_time":1701103440000,"end_time":1701103499000},{"heart_rate":52,"heart_rate_max":56,"heart_rate_min":50,"start_time":1701103380000,"end_time":1701103439000},{"heart_rate":50,"heart_rate_max":52,"heart_rate_min":50,"start_time":1701103320000,"end_time":1701103379000},{"heart_rate":52,"heart_rate_max":55,"heart_rate_min":50,"start_time":1701103260000,"end_time":1701103319000},{"heart_rate":52,"heart_rate_max":53,"heart_rate_min":51,"start_time":1701103200000,"end_time":1701103259000},{"heart_rate":51,"heart_rate_max":53,"heart_rate_min":50,"start_time":1701103140000,"end_time":1701103199000},{"heart_rate":50,"heart_rate_max":52,"heart_rate_min":49,"start_time":1701103080000,"end_time":1701103139000},{"heart_rate":54,"heart_rate_max":60,"heart_rate_min":51,"start_time":1701103020000,"end_time":1701103079000},{"heart_rate":50,"heart_rate_max":52,"heart_rate_min":50,"start_time":1701102960000,"end_time":1701103019000},{"heart_rate":51,"heart_rate_max":55,"heart_rate_min":50,"start_time":1701102900000,"end_time":1701102959000},{"heart_rate":51,"heart_rate_max":53,"heart_rate_min":50,"start_time":1701102840000,"end_time":1701102899000},{"heart_rate":50,"heart_rate_max":52,"heart_rate_min":50,"start_time":1701102780000,"end_time":1701102839000},{"heart_rate":55,"heart_rate_max":62,"heart_rate_min":50,"start_time":1701102720000,"end_time":1701102779000},{"heart_rate":50,"heart_rate_max":54,"heart_rate_min":49,"start_time":1701102660000,"end_time":1701102719000},{"heart_rate":51,"heart_rate_max":55,"heart_rate_min":49,"start_time":1701102600000,"end_time":1701102659000},{"heart_rate":54,"heart_rate_max":59,"heart_rate_min":51,"start_time":1701102540000,"end_time":1701102599000},{"heart_rate":51,"heart_rate_max":54,"heart_rate_min":49,"start_time":1701102480000,"end_time":1701102539000},{"heart_rate":50,"heart_rate_max":52,"heart_rate_min":48,"start_time":1701102420000,"end_time":1701102479000},{"heart_rate":50,"heart_rate_max":51,"heart_rate_min":49,"start_time":1701102360000,"end_time":1701102419000},{"heart_rate":52,"heart_rate_max":56,"heart_rate_min":50,"start_time":1701102300000,"end_time":1701102359000},{"heart_rate":51,"heart_rate_max":53,"heart_rate_min":50,"start_time":1701102240000,"end_time":1701102299000},{"heart_rate":53,"heart_rate_max":56,"heart_rate_min":50,"start_time":1701102180000,"end_time":1701102239000},{"heart_rate":51,"heart_rate_max":53,"heart_rate_min":50,"start_time":1701102120000,"end_time":1701102179000},{"heart_rate":52,"heart_rate_max":55,"heart_rate_min":50,"start_time":1701102060000,"end_time":1701102119000},{"heart_rate":52,"heart_rate_max":57,"heart_rate_min":50,"start_time":1701102000000,"end_time":1701102059000},{"heart_rate":52,"heart_rate_max":56,"heart_rate_min":51,"start_time":1701101940000,"end_time":1701101999000},{"heart_rate":51,"heart_rate_max":53,"heart_rate_min":49,"start_time":1701101880000,"end_time":1701101939000},{"heart_rate":52,"heart_rate_max":56,"heart_rate_min":49,"start_time":1701101820000,"end_time":1701101879000},{"heart_rate":51,"heart_rate_max":53,"heart_rate_min":50,"start_time":1701101760000,"end_time":1701101819000},{"heart_rate":55,"heart_rate_max":62,"heart_rate_min":50,"start_time":1701101700000,"end_time":1701101759000},{"heart_rate":53,"heart_rate_max":55,"heart_rate_min":53,"start_time":1701101640000,"end_time":1701101699000},{"heart_rate":55,"heart_rate_max":59,"heart_rate_min":53,"start_time":1701101580000,"end_time":1701101639000},{"heart_rate":53,"heart_rate_max":58,"heart_rate_min":52,"start_time":1701101520000,"end_time":1701101579000},{"heart_rate":53,"heart_rate_max":55,"heart_rate_min":52,"start_time":1701101460000,"end_time":1701101519000},{"heart_rate":54,"heart_rate_max":58,"heart_rate_min":53,"start_time":1701101400000,"end_time":1701101459000},{"heart_rate":53,"heart_rate_max":55,"heart_rate_min":53,"start_time":1701101340000,"end_time":1701101399000},{"heart_rate":58,"heart_rate_max":66,"heart_rate_min":53,"start_time":1701101280000,"end_time":1701101339000},{"heart_rate":54,"heart_rate_max":62,"heart_rate_min":53,"start_time":1701101220000,"end_time":1701101279000},{"heart_rate":53,"heart_rate_max":54,"heart_rate_min":53,"start_time":1701101160000,"end_time":1701101219000},{"heart_rate":53,"heart_rate_max":54,"heart_rate_min":53,"start_time":1701101100000,"end_time":1701101159000},{"heart_rate":53,"heart_rate_max":54,"heart_rate_min":53,"start_time":1701101040000,"end_time":1701101099000},{"heart_rate":52,"heart_rate_max":54,"heart_rate_min":51,"start_time":1701100980000,"end_time":1701101039000},{"heart_rate":53,"heart_rate_max":54,"heart_rate_min":52,"start_time":1701100920000,"end_time":1701100979000},{"heart_rate":53,"heart_rate_max":54,"heart_rate_min":53,"start_time":1701100860000,"end_time":1701100919000},{"heart_rate":53,"heart_rate_max":54,"heart_rate_min":53,"start_time":1701100800000,"end_time":1701100859000}]