[{"heart_rate":62,"heart_rate_max":69,"heart_rate_min":58,"start_time":1700985540000,"end_time":1700985599000},{"heart_rate":65,"heart_rate_max":79,"heart_rate_min":60,"start_time":1700985480000,"end_time":1700985539000},{"heart_rate":81,"heart_rate_max":84,"heart_rate_min":76,"start_time":1700985420000,"end_time":1700985479000},{"heart_rate":74,"heart_rate_max":80,"heart_rate_min":68,"start_time":1700985360000,"end_time":1700985419000},{"heart_rate":77,"heart_rate_max":80,"heart_rate_min":75,"start_time":1700985300000,"end_time":1700985359000},{"heart_rate":72,"heart_rate_max":83,"heart_rate_min":65,"start_time":1700985240000,"end_time":1700985299000},{"heart_rate":60,"heart_rate_max":65,"heart_rate_min":57,"start_time":1700985180000,"end_time":1700985239000},{"heart_rate":62,"heart_rate_max":71,"heart_rate_min":60,"start_time":1700985120000,"end_time":1700985179000},{"heart_rate":62,"heart_rate_max":72,"heart_rate_min":60,"start_time":1700985060000,"end_time":1700985119000},{"heart_rate":61,"heart_rate_max":68,"heart_rate_min":59,"start_time":1700985000000,"end_time":1700985059000},{"heart_rate":59,"heart_rate_max":61,"heart_rate_min":57,"start_time":1700984940000,"end_time":1700984999000},{"heart_rate":60,"heart_rate_max":65,"heart_rate_min":57,"start_time":1700984880000,"end_time":1700984939000},{"heart_rate":62,"heart_rate_max":65,"heart_rate_min":60,"start_time":1700984820000,"end_time":1700984879000},{"heart_rate":60,"heart_rate_max":62,"heart_rate_min":58,"start_time":1700984760000,"end_time":1700984819000},{"heart_rate":63,"heart_rate_max":74,"heart_rate_min":59,"start_time":1700984700000,"end_time":1700984759000},{"heart_rate":63,"heart_rate_max":66,"heart_rate_min":60,"start_time":1700984640000,"end_time":1700984699000},{"heart_rate":68,"heart_rate_max":78,"heart_rate_min":64,"start_time":1700984580000,"end_time":1700984639000},{"heart_rate":65,"heart_rate_max":70,"heart_rate_min":61,"start_time":1700984520000,"end_time":1700984579000},{"heart_rate":65,"heart_rate_max":70,"heart_rate_min":63,"start_time":1700984460000,"end_time":1700984519000},{"heart_rate":65,"heart_rate_max":70,"heart_rate_min":63,"start_time":1700984400000,"end_time":1700984459000},{"heart_rate":67,"heart_rate_max":71,"heart_rate_min":65,"start_time":1700984340000,"end_time":1700984399000},{"heart_rate":67,"heart_rate_max":75,"heart_rate_min":62,"start_time":1700984280000,"end_time":1700984339000},{"heart_rate":65,"heart_rate_max":68,"heart_rate_min":63,"start_time":1700984220000,"end_time":1700984279000},{"heart_rate":62,"heart_rate_max":66,"heart_rate_min":61,"start_time":1700984160000,"end_time":1700984219000},{"heart_rate":63,"heart_rate_max":66,"heart_rate_min":60,"start_time":1700984100000,"end_time":1700984159000},{"heart_rate":64,"heart_rate_max":68,"heart_rate_min":62,"start_time":1700984040000,"end_time":1700984099000},{"heart_rate":67,"heart_rate_max":73,"heart_rate_min":62,"start_time":1700983980000,"end_time":1700984039000},{"heart_rate":68,"heart_rate_max":74,"heart_rate_min":62,"start_time":1700983920000,"end_time":1700983979000},{"heart_rate":61,"heart_rate_max":67,"heart_rate_min":60,"start_time":1700983860000,"end_time":1700983919000},{"heart_rate":62,"heart_rate_max":65,"heart_rate_min":59,"start_time":1700983800000,"end_time":1700983859000},{"heart_rate":63,"heart_rate_max":79,"heart_rate_min":58,"start_time":1700983740000,"end_time":1700983799000},{"heart_rate":73,"heart_rate_max":87,"heart_rate_min":61,"start_time":1700983680000,"end_time":1700983739000},{"heart_rate":65,"heart_rate_max":67,"heart_rate_min":63,"start_time":1700983620000,"end_time":1700983679000},{"heart_rate":67,"heart_rate_max":75,"heart_rate_min":63,"start_time":1700983560000,"end_time":1700983619000},{"heart_rate":68,"heart_rate_max":76,"heart_rate_min":65,"start_time":1700983500000,"end_time":1700983559000},{"heart_rate":69,"heart_rate_max":73,"heart_rate_min":66,"start_time":1700983440000,"end_time":1700983499000},{"heart_rate":67,"heart_rate_max":73,"heart_rate_min":63,"start_time":1700983380000,"end_time":1700983439000},{"heart_rate":69,"heart_rate_max":78,"heart_rate_min":65,"start_time":1700983320000,"end_time":1700983379000},{"heart_rate":66,"heart_rate_max":70,"heart_rate_min":64,"start_time":1700983260000,"end_time":1700983319000},{"heart_rate":69,"heart_rate_max":73,"heart_rate_min":65,"start_time":1700983200000,"end_time":1700983259000},{"heart_rate":66,"heart_rate_max":70,"heart_rate_min":65,"start_time":1700983140000,"end_time":1700983199000},{"heart_rate":67,"heart_rate_max":71,"heart_rate_min":63,"start_time":1700983080000,"end_time":1700983139000},{"heart_rate":65,"heart_rate_max":70,"heart_rate_min":63,"start_time":1700983020000,"end_time":1700983079000},{"heart_rate":67,"heart_rate_max":74,"heart_rate_min":64,"start_time":1700982960000,"end_time":1700983019000},{"heart_rate":67,"heart_rate_max":77,"heart_rate_min":63,"start_time":1700982900000,"end_time":1700982959000},{"heart_rate":58,"heart_rate_max":62,"heart_rate_min":56,"start_time":1700982840000,"end_time":1700982899000},{"heart_rate":70,"heart_rate_max":80,"heart_rate_min":64,"start_time":1700982780000,"end_time":1700982839000},{"heart_rate":64,"heart_rate_max":73,"heart_rate_min":62,"start_time":1700982720000,"end_time":1700982779000},{"heart_rate":68,"heart_rate_max":75,"heart_rate_min":65,"start_time":1700982660000,"end_time":1700982719000},{"heart_rate":69,"heart_rate_max":75,"heart_rate_min":65,"start_time":1700982600000,"end_time":1700982659000},{"heart_rate":67,"heart_rate_max":71,"heart_rate_min":64,"start_time":1700982540000,"end_time":1700982599000},{"heart_rate":69,"heart_rate_max":75,"heart_rate_min":64,"start_time":1700982480000,"end_time":1700982539000},{"heart_rate":70,"heart_rate_max":79,"heart_rate_min":67,"start_time":1700982420000,"end_time":1700982479000},{"heart_rate":75,"heart_rate_max":82,"heart_rate_min":67,"start_time":1700982360000,"end_time":1700982419000},{"heart_rate":70,"heart_rate_max":74,"heart_rate_min":66,"start_time":1700982300000,"end_time":1700982359000},{"heart_rate":71,"heart_rate_max":76,"heart_rate_min":66,"start_time":1700982240000,"end_time":1700982299000},{"heart_rate":66,"heart_rate_max":71,"heart_rate_min":65,"start_time":1700982180000,"end_time":1700982239000},{"heart_rate":67,"heart_rate_max":71,"heart_rate_min":65,"start_time":1700982120000,"end_time":1700982179000},{"heart_rate":70,"heart_rate_max":73,"heart_rate_min":64,"start_time":1700982060000,"end_time":1700982119000},{"heart_rate":71,"heart_rate_max":82,"heart_rate_min":65,"start_time":1700982000000,"end_time":1700982059000}]