[{"heart_rate":70,"heart_rate_max":78,"heart_rate_min":67,"start_time":1700870340000,"end_time":1700870399000},{"heart_rate":82,"heart_rate_max":89,"heart_rate_min":80,"start_time":1700870220000,"end_time":1700870279000},{"heart_rate":85,"heart_rate_max":90,"heart_rate_min":82,"start_time":1700870160000,"end_time":1700870219000},{"heart_rate":85,"heart_rate_max":93,"heart_rate_min":79,"start_time":1700870100000,"end_time":1700870159000},{"heart_rate":90,"heart_rate_max":96,"heart_rate_min":87,"start_time":1700869920000,"end_time":1700869979000},{"heart_rate":84,"heart_rate_max":94,"heart_rate_min":82,"start_time":1700869860000,"end_time":1700869919000},{"heart_rate":83,"heart_rate_max":87,"heart_rate_min":81,"start_time":1700869800000,"end_time":1700869859000},{"heart_rate":80,"heart_rate_max":83,"heart_rate_min":78,"start_time":1700869740000,"end_time":1700869799000},{"heart_rate":85,"heart_rate_max":89,"heart_rate_min":79,"start_time":1700869680000,"end_time":1700869739000},{"heart_rate":107,"heart_rate_max":110,"heart_rate_min":105,"start_time":1700869620000,"end_time":1700869679000},{"heart_rate":104,"heart_rate_max":110,"heart_rate_min":99,"start_time":1700869560000,"end_time":1700869619000},{"heart_rate":93,"heart_rate_max":99,"heart_rate_min":84,"start_time":1700869500000,"end_time":1700869559000},{"heart_rate":85,"heart_rate_max":89,"heart_rate_min":82,"start_time":1700869440000,"end_time":1700869499000},{"heart_rate":80,"heart_rate_max":84,"heart_rate_min":78,"start_time":1700869380000,"end_time":1700869439000},{"heart_rate":87,"heart_rate_max":91,"heart_rate_min":83,"start_time":1700869320000,"end_time":1700869379000},{"heart_rate":81,"heart_rate_max":92,"heart_rate_min":73,"start_time":1700869260000,"end_time":1700869319000},{"heart_rate":77,"heart_rate_max":86,"heart_rate_min":72,"start_time":1700869200000,"end_time":1700869259000},{"heart_rate":79,"heart_rate_max":89,"heart_rate_min":71,"start_time":1700869140000,"end_time":1700869199000},{"heart_rate":73,"heart_rate_max":77,"heart_rate_min":71,"start_time":1700869080000,"end_time":1700869139000},{"heart_rate":104,"heart_rate_max":108,"heart_rate_min":102,"start_time":1700868960000,"end_time":1700869019000},{"heart_rate":101,"heart_rate_max":104,"heart_rate_min":99,"start_time":1700868900000,"end_time":1700868959000},{"heart_rate":96,"heart_rate_max":101,"heart_rate_min":92,"start_time":1700868840000,"end_time":1700868899000},{"heart_rate":85,"heart_rate_max":93,"heart_rate_min":77,"start_time":1700868780000,"end_time":1700868839000},{"heart_rate":82,"heart_rate_max":87,"heart_rate_min":79,"start_time":1700868720000,"end_time":1700868779000},{"heart_rate":82,"heart_rate_max":90,"heart_rate_min":79,"start_time":1700868660000,"end_time":1700868719000},{"heart_rate":82,"heart_rate_max":85,"heart_rate_min":79,"start_time":1700868600000,"end_time":1700868659000},{"heart_rate":87,"heart_rate_max":94,"heart_rate_min":84,"start_time":1700868540000,"end_time":1700868599000},{"heart_rate":81,"heart_rate_max":87,"heart_rate_min":79,"start_time":1700868480000,"end_time":1700868539000},{"heart_rate":79,"heart_rate_max":83,"heart_rate_min":75,"start_time":1700868360000,"end_time":1700868419000},{"heart_rate":77,"heart_rate_max":82,"heart_rate_min":73,"start_time":1700868300000,"end_time":1700868359000},{"heart_rate":84,"heart_rate_max":89,"heart_rate_min":78,"start_time":1700868240000,"end_time":1700868299000},{"heart_rate":80,"heart_rate_max":82,"heart_rate_min":78,"start_time":1700868180000,"end_time":1700868239000},{"heart_rate":79,"heart_rate_max":87,"heart_rate_min":74,"start_time":1700868120000,"end_time":1700868179000},{"heart_rate":88,"heart_rate_max":91,"heart_rate_min":86,"start_time":1700868060000,"end_time":1700868119000},{"heart_rate":81,"heart_rate_max":89,"heart_rate_min":76,"start_time":1700868000000,"end_time":1700868059000},{"heart_rate":77,"heart_rate_max":81,"heart_rate_min":75,"start_time":1700867940000,"end_time":1700867999000},{"heart_rate":84,"heart_rate_max":95,"heart_rate_min":78,"start_time":1700867880000,"end_time":1700867939000},{"heart_rate":93,"heart_rate_max":95,"heart_rate_min":91,"start_time":1700867820000,"end_time":1700867879000},{"heart_rate":90,"heart_rate_max":95,"heart_rate_min":85,"start_time":1700867760000,"end_time":1700867819000},{"heart_rate":107,"heart_rate_max":111,"heart_rate_min":90,"start_time":1700867700000,"end_time":1700867759000},{"heart_rate":106,"heart_rate_max":109,"heart_rate_min":105,"start_time":1700867640000,"end_time":1700867699000},{"heart_rate":105,"heart_rate_max":108,"heart_rate_min":102,"start_time":1700867580000,"end_time":1700867639000},{"heart_rate":104,"heart_rate_max":108,"heart_rate_min":102,"start_time":1700867520000,"end_time":1700867579000},{"heart_rate":97,"heart_rate_max":102,"heart_rate_min":94,"start_time":1700867460000,"end_time":1700867519000},{"heart_rate":91,"heart_rate_max":94,"heart_rate_min":89,"start_time":1700867400000,"end_time":1700867459000},{"heart_rate":85,"heart_rate_max":94,"heart_rate_min":82,"start_time":1700867340000,"end_time":1700867399000},{"heart_rate":84,"heart_rate_max":89,"heart_rate_min":83,"start_time":1700867280000,"end_time":1700867339000},{"heart_rate":84,"heart_rate_max":89,"heart_rate_min":83,"start_time":1700867220000,"end_time":1700867279000},{"heart_rate":99,"heart_rate_max":108,"heart_rate_min":88,"start_time":1700867100000,"end_time":1700867159000},{"heart_rate":91,"heart_rate_max":109,"heart_rate_min":78,"start_time":1700867040000,"end_time":1700867099000},{"heart_rate":82,"heart_rate_max":88,"heart_rate_min":78,"start_time":1700866980000,"end_time":1700867039000},{"heart_rate":82,"heart_rate_max":84,"heart_rate_min":77,"start_time":1700866920000,"end_time":1700866979000},{"heart_rate":78,"heart_rate_max":84,"heart_rate_min":75,"start_time":1700866860000,"end_time":1700866919000},{"heart_rate":70,"heart_rate_max":77,"heart_rate_min":68,"start_time":1700866800000,"end_time":1700866859000}]