[{"heart_rate":64,"heart_rate_max":67,"heart_rate_min":62,"start_time":1700805540000,"end_time":1700805599000},{"heart_rate":69,"heart_rate_max":72,"heart_rate_min":65,"start_time":1700805480000,"end_time":1700805539000},{"heart_rate":67,"heart_rate_max":69,"heart_rate_min":64,"start_time":1700805420000,"end_time":1700805479000},{"heart_rate":65,"heart_rate_max":69,"heart_rate_min":62,"start_time":1700805360000,"end_time":1700805419000},{"heart_rate":67,"heart_rate_max":69,"heart_rate_min":65,"start_time":1700805300000,"end_time":1700805359000},{"heart_rate":65,"heart_rate_max":68,"heart_rate_min":62,"start_time":1700805240000,"end_time":1700805299000},{"heart_rate":66,"heart_rate_max":68,"heart_rate_min":65,"start_time":1700805180000,"end_time":1700805239000},{"heart_rate":67,"heart_rate_max":69,"heart_rate_min":65,"start_time":1700805120000,"end_time":1700805179000},{"heart_rate":66,"heart_rate_max":69,"heart_rate_min":66,"start_time":1700805060000,"end_time":1700805119000},{"heart_rate":66,"heart_rate_max":68,"heart_rate_min":65,"start_time":1700805000000,"end_time":1700805059000},{"heart_rate":66,"heart_rate_max":69,"heart_rate_min":66,"start_time":1700804940000,"end_time":1700804999000},{"heart_rate":67,"heart_rate_max":70,"heart_rate_min":66,"start_time":1700804880000,"end_time":1700804939000},{"heart_rate":67,"heart_rate_max":72,"heart_rate_min":65,"start_time":1700804820000,"end_time":1700804879000},{"heart_rate":68,"heart_rate_max":72,"heart_rate_min":66,"start_time":1700804760000,"end_time":1700804819000},{"heart_rate":70,"heart_rate_max":77,"heart_rate_min":67,"start_time":1700804700000,"end_time":1700804759000},{"heart_rate":68,"heart_rate_max":71,"heart_rate_min":64,"start_time":1700804640000,"end_time":1700804699000},{"heart_rate":67,"heart_rate_max":74,"heart_rate_min":64,"start_time":1700804580000,"end_time":1700804639000},{"heart_rate":68,"heart_rate_max":74,"heart_rate_min":65,"start_time":1700804520000,"end_time":1700804579000},{"heart_rate":72,"heart_rate_max":76,"heart_rate_min":67,"start_time":1700804460000,"end_time":1700804519000},{"heart_rate":69,"heart_rate_max":71,"heart_rate_min":66,"start_time":1700804400000,"end_time":1700804459000},{"heart_rate":69,"heart_rate_max":71,"heart_rate_min":67,"start_time":1700804340000,"end_time":1700804399000},{"heart_rate":70,"heart_rate_max":75,"heart_rate_min":67,"start_time":1700804280000,"end_time":1700804339000},{"heart_rate":76,"heart_rate_max":84,"heart_rate_min":71,"start_time":1700804220000,"end_time":1700804279000},{"heart_rate":76,"heart_rate_max":81,"heart_rate_min":71,"start_time":1700804160000,"end_time":1700804219000},{"heart_rate":76,"heart_rate_max":85,"heart_rate_min":72,"start_time":1700804100000,"end_time":1700804159000},{"heart_rate":77,"heart_rate_max":80,"heart_rate_min":75,"start_time":1700804040000,"end_time":1700804099000},{"heart_rate":75,"heart_rate_max":79,"heart_rate_min":72,"start_time":1700803980000,"end_time":1700804039000},{"heart_rate":73,"heart_rate_max":82,"heart_rate_min":71,"start_time":1700803920000,"end_time":1700803979000},{"heart_rate":77,"heart_rate_max":86,"heart_rate_min":73,"start_time":1700803860000,"end_time":1700803919000},{"heart_rate":74,"heart_rate_max":85,"heart_rate_min":71,"start_time":1700803800000,"end_time":1700803859000},{"heart_rate":71,"heart_rate_max":75,"heart_rate_min":66,"start_time":1700803740000,"end_time":1700803799000},{"heart_rate":72,"heart_rate_max":76,"heart_rate_min":70,"start_time":1700803680000,"end_time":1700803739000},{"heart_rate":70,"heart_rate_max":74,"heart_rate_min":67,"start_time":1700803620000,"end_time":1700803679000},{"heart_rate":69,"heart_rate_max":71,"heart_rate_min":67,"start_time":1700803560000,"end_time":1700803619000},{"heart_rate":68,"heart_rate_max":73,"heart_rate_min":67,"start_time":1700803500000,"end_time":1700803559000},{"heart_rate":70,"heart_rate_max":80,"heart_rate_min":62,"start_time":1700803440000,"end_time":1700803499000},{"heart_rate":68,"heart_rate_max":73,"heart_rate_min":67,"start_time":1700803380000,"end_time":1700803439000},{"heart_rate":71,"heart_rate_max":74,"heart_rate_min":67,"start_time":1700803320000,"end_time":1700803379000},{"heart_rate":72,"heart_rate_max":83,"heart_rate_min":67,"start_time":1700803260000,"end_time":1700803319000},{"heart_rate":68,"heart_rate_max":72,"heart_rate_min":63,"start_time":1700803200000,"end_time":1700803259000},{"heart_rate":74,"heart_rate_max":81,"heart_rate_min":68,"start_time":1700803140000,"end_time":1700803199000},{"heart_rate":73,"heart_rate_max":77,"heart_rate_min":70,"start_time":1700803080000,"end_time":1700803139000},{"heart_rate":70,"heart_rate_max":73,"heart_rate_min":69,"start_time":1700803020000,"end_time":1700803079000},{"heart_rate":71,"heart_rate_max":92,"heart_rate_min":68,"start_time":1700802960000,"end_time":1700803019000},{"heart_rate":82,"heart_rate_max":94,"heart_rate_min":75,"start_time":1700802900000,"end_time":1700802959000},{"heart_rate":78,"heart_rate_max":86,"heart_rate_min":71,"start_time":1700802840000,"end_time":1700802899000},{"heart_rate":74,"heart_rate_max":83,"heart_rate_min":70,"start_time":1700802780000,"end_time":1700802839000},{"heart_rate":72,"heart_rate_max":77,"heart_rate_min":70,"start_time":1700802720000,"end_time":1700802779000},{"heart_rate":77,"heart_rate_max":80,"heart_rate_min":75,"start_time":1700802660000,"end_time":1700802719000},{"heart_rate":80,"heart_rate_max":85,"heart_rate_min":76,"start_time":1700802600000,"end_time":1700802659000},{"heart_rate":77,"heart_rate_max":82,"heart_rate_min":75,"start_time":1700802540000,"end_time":1700802599000},{"heart_rate":77,"heart_rate_max":80,"heart_rate_min":76,"start_time":1700802480000,"end_time":1700802539000},{"heart_rate":82,"heart_rate_max":85,"heart_rate_min":78,"start_time":1700802420000,"end_time":1700802479000},{"heart_rate":82,"heart_rate_max":86,"heart_rate_min":82,"start_time":1700802360000,"end_time":1700802419000},{"heart_rate":84,"heart_rate_max":88,"heart_rate_min":82,"start_time":1700802300000,"end_time":1700802359000},{"heart_rate":88,"heart_rate_max":91,"heart_rate_min":86,"start_time":1700802240000,"end_time":1700802299000},{"heart_rate":85,"heart_rate_max":89,"heart_rate_min":81,"start_time":1700802180000,"end_time":1700802239000},{"heart_rate":80,"heart_rate_max":83,"heart_rate_min":79,"start_time":1700802120000,"end_time":1700802179000},{"heart_rate":83,"heart_rate_max":92,"heart_rate_min":78,"start_time":1700802060000,"end_time":1700802119000},{"heart_rate":83,"heart_rate_max":91,"heart_rate_min":79,"start_time":1700802000000,"end_time":1700802059000}]