{"capability_type":"com.samsung.shealth.RESPONSE_CAPABILITY","sender":"wearable","receiver":"shealth","wearable_message":{"message_support":true,"message_version":5.03,"message_compression":true,"message_compression_format":"gzip","message_size":2000},"data_sync_support":true,"protocol_version":4.51,"bluetooth_name":"Galaxy Watch4 (GQSX)","bluetooth_address":"0C:8D:CA:30:40:98","model_name":"Galaxy Watch4","model_number":"SM-R860","device_id":"a54e8d0a","temp_device_id":"694bacc8fd4ba00c","connection_id":"a54e8d0a","device_type":10054,"device_category":102,"device_manufacturer":"Samsung Electronics","device_feature":{"profile":"com.samsung.health.user_profile,com.samsung.health.height,com.samsung.health.weight","pedometer":"com.samsung.shealth.tracker.pedometer_step_count,com.samsung.shealth.tracker.pedometer_recommendation,com.samsung.shealth.active_calories.goal,com.samsung.shealth.activity.daily_goal,com.samsung.shealth.activity.day_summary","hrm":"com.samsung.shealth.tracker.heart_rate,com.samsung.shealth.alerted_heart_rate,com.samsung.shealth.oxygen_saturation","sleep":"com.samsung.shealth.sleep,com.samsung.shealth.sleep_data,com.samsung.shealth.sleep_combined,com.samsung.health.sleep_stage,com.samsung.shealth.sleep_goal,com.samsung.shealth.sleep_raw_data,com.samsung.shealth.sleep_snoring","exercise":"com.samsung.shealth.exercise,com.samsung.shealth.exercise.weather,com.samsung.shealth.exercise.pacesetter","floor":"com.samsung.health.floors_climbed","water":"com.samsung.health.water_intake,com.samsung.shealth.food_goal","food":"com.samsung.health.food_info,com.samsung.health.food_intake,com.samsung.health.nutrition","settings":"com.samsung.shealth.wearable_settings","social":"com.samsung.shealth.social.leaderboard,com.samsung.shealth.social.public_challenge,com.samsung.shealth.social.public_challenge.extra,com.samsung.shealth.social.group_challenge","stress":"com.samsung.shealth.stress,com.samsung.shealth.stress.histogram,com.samsung.shealth.breathing,com.samsung.shealth.preferences","daily_summary":"com.samsung.shealth.daily_activity.goal","cycle":"com.samsung.health.cycle.flow,com.samsung.health.cycle.mood,com.samsung.health.cycle.note,com.samsung.shealth.cycle.prediction,com.samsung.health.cycle.profile,com.samsung.health.cycle.sexual_activity,com.samsung.health.cycle.symptom"},"wearable_health_version":"6.22.0.091","config":{"os":"wear","os_version":"30","software_version":"R860XXU1GVK4","country_iso":"ID"},"binning":{"pedometer":4,"sleep":10},"protocol_feature":{"sync_duration":30,"wm_body_key":false,"blob_compression":true},"sync_address":{"common_sync":"com.samsung.android.wear.shealth.wearable.syncmanager"},"tracker_feature":{"auto_activity_recognition":{"supported_types":{"walking_running":true,"rowing_machine":true,"elliptical_machine":true,"swimming":true,"dynamic_workout":true}},"activity_recognition":{"walking":true,"running":true,"cycling":true},"pedometer_sync":{"support_wearable_all_step":true,"step_all_step_sync_version":1000},"sleep_message":{"sleep_message_version":1000,"sleep_analysis_type":1,"sleep_detection_message_support":true},"water_amount_support":true,"common_program_sync":2000,"program_spec":{"program_support_list":"running,fitness"},"social_message":{"social_message_version":1010,"server_sync_trigger_support":true,"leaderboard_all_update_support":true,"together_not_supported":false,"public_challenge_support":true,"group_challenge_support":true},"sport_status_sync":{"protocol_version":2000,"status_sync_policy":"block","support_tracker_sync":false},"stress_feature":{"support_always_measuring":true,"support_manual_measuring":true},"cycle_message":{"version":1001},"goal_support":{"pedometer":1,"water":1,"floor":0},"goal_backsync":{"pedometer":{"back_sync_support":true,"default_target":6000},"floor":{"back_sync_support":true,"default_target":10},"water":{"back_sync_support":true,"default_target":0}},"wearable_tile":"tracker.pedometer,tracker.sleep,tracker.floor,tracker.sport_running,tracker.heartrate,tracker.water","sport":{"supported_types":[0,1001,1002,9001002,8001002,2001,2002,2003,3001,3003,4001,4002,4003,4004,4005,4006,5001,5002,6001,6002,6003,6004,6005,7002,7003,8001,8002,8003,9001,9002,10001,10002,10003,10004,10005,10006,10007,10008,10009,10010,10011,10012,10013,10014,10015,10016,10017,10018,10019,10020,10021,10022,10023,10024,10025,10026,10027,10028,10029,11001,11002,11004,11005,11007,11008,11009,12001,13001,13002,13003,13004,13005,14001,9014001,14002,14003,14004,14005,14006,14007,14008,14009,14010,14011,14012,14013,15001,15002,15003,15004,15005,15006,16001,16002,16003,16004,16006,16007,16008,16009,99999],"remote_control_version":1,"exercising_status_version":2},"insights_message":{"version":1001},"sound_relay":{"version":1},"gym_equipment":{"TechnoGym":{"support":true,"feature_list":["connection","login"]},"LifeFitness":{"support":true,"feature_list":["connection"]}},"weight_bia":{"version":1000},"gender_extended":{"support":true},"floor":{"version":1000,"support":true},"women_health":{"version":1000,"support_skin_temperature":false},"dashboard_config_sync":{"version":1000,"is_support":true,"tracker_list":["tracker.daily_activity","tracker.pedometer","tracker.exercise","tracker.food","tracker.sleep","tracker.water","social.together","tracker.heartrate","tracker.stress","tracker.spo2","tracker.weight"]}},"request_data_manifest":{"com.samsung.health.user_profile":{"duration":2190},"com.samsung.health.height":{"duration":2190},"com.samsung.health.weight":{"duration":2190},"com.samsung.shealth.body_composition_goal":{"duration":2190},"com.samsung.shealth.tracker.pedometer_day_summary":{"duration":14},"com.samsung.shealth.tracker.pedometer_recommendation":{"duration":2190},"com.samsung.shealth.exercise":{"duration":14},"com.samsung.shealth.exercise.pacesetter":{"duration":2190},"com.samsung.shealth.exercise.route":{"duration":2190},"com.samsung.health.floors_climbed":{"duration":7},"com.samsung.shealth.active_calories.goal":{"duration":2190},"com.samsung.shealth.activity.daily_goal":{"duration":2190},"com.samsung.shealth.activity.day_summary":{"duration":14},"com.samsung.shealth.calories_burned.details":{"duration":14},"com.samsung.health.food_info":{"duration":14},"com.samsung.health.food_intake":{"duration":14},"com.samsung.shealth.food_goal":{"duration":2190},"com.samsung.health.nutrition":{"duration":1},"com.samsung.health.water_intake":{"duration":1},"com.samsung.shealth.social.friends":{"duration":2190},"com.samsung.shealth.social.group_challenge":{"duration":21},"com.samsung.shealth.social.leaderboard":{"duration":2190},"com.samsung.shealth.social.public_challenge":{"duration":2190},"com.samsung.shealth.social.public_challenge.extra":{"duration":14},"com.samsung.shealth.social.service_status":{"duration":2190},"com.samsung.health.cycle.flow":{"duration":2190},"com.samsung.health.cycle.mood":{"duration":1},"com.samsung.health.cycle.note":{"duration":1},"com.samsung.health.cycle.profile":{"duration":2190},"com.samsung.health.cycle.sexual_activity":{"duration":1},"com.samsung.health.cycle.symptom":{"duration":1},"com.samsung.shealth.cycle.prediction":{"duration":2190},"com.samsung.shealth.cycle.daily_temperature":{"duration":7},"com.samsung.shealth.cycle.daily_temperature.raw":{"duration":28},"com.samsung.health.cycle.cervical_mucus":{"duration":7},"com.samsung.health.cycle.factor":{"duration":2190},"com.samsung.health.sleep_stage":{"duration":1},"com.samsung.shealth.sleep":{"duration":1},"com.samsung.shealth.sleep_combined":{"duration":1},"com.samsung.shealth.sleep_data":{"duration":1},"com.samsung.shealth.sleep_goal":{"duration":2190},"com.samsung.shealth.sleep_raw_data":{"duration":1},"com.samsung.shealth.sleep_snoring":{"duration":1},"com.samsung.shealth.stress.histogram":{"duration":2190},"com.samsung.health.device_profile":{"duration":2190},"com.samsung.shealth.insight.message_notification":{"duration":2190},"com.samsung.shealth.preferences":{"duration":2190},"com.samsung.shealth.wearable_settings":{"duration":2190}},"ble_profiles":{"fitness_program":{"version":1000},"hr_extension":{"version":1000}}}