[{"score":1,"score_max":2,"score_min":1,"flag":1,"level":1,"start_time":1700722740000,"end_time":1700722799000},{"score":0,"score_max":2,"score_min":0,"flag":1,"level":1,"start_time":1700722680000,"end_time":1700722739000},{"score":0,"score_max":1,"score_min":0,"flag":1,"level":1,"start_time":1700722620000,"end_time":1700722679000},{"score":2,"score_max":10,"score_min":0,"flag":1,"level":1,"start_time":1700722560000,"end_time":1700722619000},{"score":10,"score_max":15,"score_min":6,"flag":1,"level":1,"start_time":1700722500000,"end_time":1700722559000},{"score":3,"score_max":6,"score_min":2,"flag":1,"level":1,"start_time":1700722440000,"end_time":1700722499000},{"score":2,"score_max":3,"score_min":2,"flag":1,"level":1,"start_time":1700722380000,"end_time":1700722439000},{"score":9,"score_max":22,"score_min":3,"flag":1,"level":1,"start_time":1700722320000,"end_time":1700722379000},{"score":10,"score_max":28,"score_min":2,"flag":1,"level":1,"start_time":1700722260000,"end_time":1700722319000},{"score":0,"score_max":1,"score_min":0,"flag":1,"level":1,"start_time":1700722200000,"end_time":1700722259000},{"score":0,"score_max":1,"score_min":0,"flag":1,"level":1,"start_time":1700722140000,"end_time":1700722199000},{"score":0,"score_max":0,"score_min":0,"flag":1,"level":1,"start_time":1700722080000,"end_time":1700722139000},{"score":0,"score_max":1,"score_min":0,"flag":1,"level":1,"start_time":1700722020000,"end_time":1700722079000},{"score":1,"score_max":1,"score_min":1,"flag":1,"level":1,"start_time":1700721960000,"end_time":1700722019000},{"score":1,"score_max":2,"score_min":1,"flag":1,"level":1,"start_time":1700721900000,"end_time":1700721959000},{"score":0,"score_max":1,"score_min":0,"flag":1,"level":1,"start_time":1700721840000,"end_time":1700721899000},{"score":0,"score_max":0,"score_min":0,"flag":1,"level":1,"start_time":1700721780000,"end_time":1700721839000},{"score":0,"score_max":1,"score_min":0,"flag":1,"level":1,"start_time":1700721720000,"end_time":1700721779000},{"score":0,"score_max":0,"score_min":0,"flag":1,"level":1,"start_time":1700721660000,"end_time":1700721719000},{"score":0,"score_max":0,"score_min":0,"flag":1,"level":1,"start_time":1700721600000,"end_time":1700721659000},{"score":0,"score_max":0,"score_min":0,"flag":1,"level":1,"start_time":1700721540000,"end_time":1700721599000},{"score":0,"score_max":0,"score_min":0,"flag":1,"level":1,"start_time":1700721480000,"end_time":1700721539000},{"score":0,"score_max":0,"score_min":0,"flag":1,"level":1,"start_time":1700721420000,"end_time":1700721479000},{"score":0,"score_max":0,"score_min":0,"flag":1,"level":1,"start_time":1700721360000,"end_time":1700721419000},{"score":0,"score_max":0,"score_min":0,"flag":1,"level":1,"start_time":1700721300000,"end_time":1700721359000},{"score":0,"score_max":0,"score_min":0,"flag":1,"level":1,"start_time":1700721240000,"end_time":1700721299000},{"score":0,"score_max":0,"score_min":0,"flag":1,"level":1,"start_time":1700721180000,"end_time":1700721239000},{"score":0,"score_max":0,"score_min":0,"flag":1,"level":1,"start_time":1700721120000,"end_time":1700721179000},{"score":0,"score_max":0,"score_min":0,"flag":1,"level":1,"start_time":1700721060000,"end_time":1700721119000},{"score":0,"score_max":0,"score_min":0,"flag":1,"level":1,"start_time":1700721000000,"end_time":1700721059000},{"score":0,"score_max":0,"score_min":0,"flag":1,"level":1,"start_time":1700720940000,"end_time":1700720999000},{"score":0,"score_max":0,"score_min":0,"flag":1,"level":1,"start_time":1700720880000,"end_time":1700720939000},{"score":0,"score_max":0,"score_min":0,"flag":1,"level":1,"start_time":1700720820000,"end_time":1700720879000},{"score":0,"score_max":0,"score_min":0,"flag":1,"level":1,"start_time":1700720760000,"end_time":1700720819000},{"score":0,"score_max":0,"score_min":0,"flag":1,"level":1,"start_time":1700720700000,"end_time":1700720759000},{"score":0,"score_max":0,"score_min":0,"flag":1,"level":1,"start_time":1700720640000,"end_time":1700720699000},{"score":0,"score_max":0,"score_min":0,"flag":1,"level":1,"start_time":1700720580000,"end_time":1700720639000},{"score":0,"score_max":0,"score_min":0,"flag":1,"level":1,"start_time":1700720520000,"end_time":1700720579000},{"score":0,"score_max":0,"score_min":0,"flag":1,"level":1,"start_time":1700720460000,"end_time":1700720519000},{"score":0,"score_max":0,"score_min":0,"flag":1,"level":1,"start_time":1700720400000,"end_time":1700720459000},{"score":0,"score_max":0,"score_min":0,"flag":1,"level":1,"start_time":1700720340000,"end_time":1700720399000},{"score":0,"score_max":3,"score_min":0,"flag":1,"level":1,"start_time":1700720280000,"end_time":1700720339000},{"score":9,"score_max":13,"score_min":3,"flag":1,"level":1,"start_time":1700720220000,"end_time":1700720279000},{"score":1,"score_max":5,"score_min":0,"flag":1,"level":1,"start_time":1700720160000,"end_time":1700720219000},{"score":0,"score_max":0,"score_min":0,"flag":1,"level":1,"start_time":1700720100000,"end_time":1700720159000},{"score":0,"score_max":0,"score_min":0,"flag":1,"level":1,"start_time":1700720040000,"end_time":1700720099000},{"score":0,"score_max":0,"score_min":0,"flag":1,"level":1,"start_time":1700719980000,"end_time":1700720039000},{"score":0,"score_max":0,"score_min":0,"flag":1,"level":1,"start_time":1700719920000,"end_time":1700719979000},{"score":0,"score_max":0,"score_min":0,"flag":1,"level":1,"start_time":1700719860000,"end_time":1700719919000},{"score":1,"score_max":2,"score_min":0,"flag":1,"level":1,"start_time":1700719800000,"end_time":1700719859000},{"score":1,"score_max":3,"score_min":0,"flag":1,"level":1,"start_time":1700719740000,"end_time":1700719799000},{"score":0,"score_max":0,"score_min":0,"flag":1,"level":1,"start_time":1700719680000,"end_time":1700719739000},{"score":0,"score_max":0,"score_min":0,"flag":1,"level":1,"start_time":1700719620000,"end_time":1700719679000},{"score":0,"score_max":0,"score_min":0,"flag":1,"level":1,"start_time":1700719560000,"end_time":1700719619000},{"score":0,"score_max":0,"score_min":0,"flag":1,"level":1,"start_time":1700719500000,"end_time":1700719559000},{"score":0,"score_max":0,"score_min":0,"flag":1,"level":1,"start_time":1700719440000,"end_time":1700719499000},{"score":0,"score_max":0,"score_min":0,"flag":1,"level":1,"start_time":1700719380000,"end_time":1700719439000},{"score":0,"score_max":0,"score_min":0,"flag":1,"level":1,"start_time":1700719320000,"end_time":1700719379000},{"score":0,"score_max":1,"score_min":0,"flag":1,"level":1,"start_time":1700719260000,"end_time":1700719319000},{"score":1,"score_max":10,"score_min":0,"flag":1,"level":1,"start_time":1700719200000,"end_time":1700719259000}]