[{"score":3,"score_max":13,"score_min":0,"flag":1,"level":1,"start_time":1700729580000,"end_time":1700729639000},{"score":1,"score_max":6,"score_min":0,"flag":1,"level":1,"start_time":1700729520000,"end_time":1700729579000},{"score":0,"score_max":0,"score_min":0,"flag":1,"level":1,"start_time":1700729460000,"end_time":1700729519000},{"score":0,"score_max":0,"score_min":0,"flag":1,"level":1,"start_time":1700729400000,"end_time":1700729459000},{"score":0,"score_max":0,"score_min":0,"flag":1,"level":1,"start_time":1700729340000,"end_time":1700729399000},{"score":0,"score_max":0,"score_min":0,"flag":1,"level":1,"start_time":1700729280000,"end_time":1700729339000},{"score":0,"score_max":0,"score_min":0,"flag":1,"level":1,"start_time":1700729220000,"end_time":1700729279000},{"score":0,"score_max":0,"score_min":0,"flag":1,"level":1,"start_time":1700729160000,"end_time":1700729219000},{"score":0,"score_max":0,"score_min":0,"flag":1,"level":1,"start_time":1700729100000,"end_time":1700729159000},{"score":0,"score_max":0,"score_min":0,"flag":1,"level":1,"start_time":1700729040000,"end_time":1700729099000},{"score":0,"score_max":0,"score_min":0,"flag":1,"level":1,"start_time":1700728980000,"end_time":1700729039000},{"score":0,"score_max":0,"score_min":0,"flag":1,"level":1,"start_time":1700728920000,"end_time":1700728979000},{"score":0,"score_max":0,"score_min":0,"flag":1,"level":1,"start_time":1700728860000,"end_time":1700728919000},{"score":0,"score_max":0,"score_min":0,"flag":1,"level":1,"start_time":1700728800000,"end_time":1700728859000},{"score":0,"score_max":0,"score_min":0,"flag":1,"level":1,"start_time":1700728740000,"end_time":1700728799000},{"score":0,"score_max":0,"score_min":0,"flag":1,"level":1,"start_time":1700728680000,"end_time":1700728739000},{"score":0,"score_max":0,"score_min":0,"flag":1,"level":1,"start_time":1700728620000,"end_time":1700728679000},{"score":0,"score_max":0,"score_min":0,"flag":1,"level":1,"start_time":1700728560000,"end_time":1700728619000},{"score":0,"score_max":0,"score_min":0,"flag":1,"level":1,"start_time":1700728500000,"end_time":1700728559000},{"score":0,"score_max":0,"score_min":0,"flag":1,"level":1,"start_time":1700728440000,"end_time":1700728499000},{"score":0,"score_max":0,"score_min":0,"flag":1,"level":1,"start_time":1700728380000,"end_time":1700728439000},{"score":0,"score_max":0,"score_min":0,"flag":1,"level":1,"start_time":1700728320000,"end_time":1700728379000},{"score":0,"score_max":0,"score_min":0,"flag":1,"level":1,"start_time":1700728260000,"end_time":1700728319000},{"score":0,"score_max":0,"score_min":0,"flag":1,"level":1,"start_time":1700728200000,"end_time":1700728259000},{"score":0,"score_max":0,"score_min":0,"flag":1,"level":1,"start_time":1700728140000,"end_time":1700728199000},{"score":0,"score_max":0,"score_min":0,"flag":1,"level":1,"start_time":1700728080000,"end_time":1700728139000},{"score":0,"score_max":3,"score_min":0,"flag":1,"level":1,"start_time":1700728020000,"end_time":1700728079000},{"score":2,"score_max":4,"score_min":1,"flag":1,"level":1,"start_time":1700727960000,"end_time":1700728019000},{"score":0,"score_max":1,"score_min":0,"flag":1,"level":1,"start_time":1700727900000,"end_time":1700727959000},{"score":0,"score_max":1,"score_min":0,"flag":1,"level":1,"start_time":1700727840000,"end_time":1700727899000},{"score":0,"score_max":2,"score_min":0,"flag":1,"level":1,"start_time":1700727780000,"end_time":1700727839000},{"score":0,"score_max":0,"score_min":0,"flag":1,"level":1,"start_time":1700727720000,"end_time":1700727779000},{"score":0,"score_max":0,"score_min":0,"flag":1,"level":1,"start_time":1700727660000,"end_time":1700727719000},{"score":0,"score_max":0,"score_min":0,"flag":1,"level":1,"start_time":1700727600000,"end_time":1700727659000},{"score":0,"score_max":0,"score_min":0,"flag":1,"level":1,"start_time":1700727540000,"end_time":1700727599000},{"score":0,"score_max":0,"score_min":0,"flag":1,"level":1,"start_time":1700727480000,"end_time":1700727539000},{"score":0,"score_max":0,"score_min":0,"flag":1,"level":1,"start_time":1700727420000,"end_time":1700727479000},{"score":0,"score_max":2,"score_min":0,"flag":1,"level":1,"start_time":1700727360000,"end_time":1700727419000},{"score":0,"score_max":0,"score_min":0,"flag":1,"level":1,"start_time":1700727300000,"end_time":1700727359000},{"score":0,"score_max":0,"score_min":0,"flag":1,"level":1,"start_time":1700727240000,"end_time":1700727299000},{"score":0,"score_max":0,"score_min":0,"flag":1,"level":1,"start_time":1700727180000,"end_time":1700727239000},{"score":0,"score_max":0,"score_min":0,"flag":1,"level":1,"start_time":1700727120000,"end_time":1700727179000},{"score":0,"score_max":0,"score_min":0,"flag":1,"level":1,"start_time":1700727060000,"end_time":1700727119000},{"score":0,"score_max":0,"score_min":0,"flag":1,"level":1,"start_time":1700727000000,"end_time":1700727059000},{"score":0,"score_max":0,"score_min":0,"flag":1,"level":1,"start_time":1700726940000,"end_time":1700726999000},{"score":0,"score_max":0,"score_min":0,"flag":1,"level":1,"start_time":1700726880000,"end_time":1700726939000},{"score":0,"score_max":0,"score_min":0,"flag":1,"level":1,"start_time":1700726820000,"end_time":1700726879000},{"score":0,"score_max":0,"score_min":0,"flag":1,"level":1,"start_time":1700726760000,"end_time":1700726819000},{"score":0,"score_max":0,"score_min":0,"flag":1,"level":1,"start_time":1700726700000,"end_time":1700726759000},{"score":0,"score_max":0,"score_min":0,"flag":1,"level":1,"start_time":1700726640000,"end_time":1700726699000},{"score":0,"score_max":0,"score_min":0,"flag":1,"level":1,"start_time":1700726580000,"end_time":1700726639000},{"score":0,"score_max":0,"score_min":0,"flag":1,"level":1,"start_time":1700726520000,"end_time":1700726579000},{"score":0,"score_max":0,"score_min":0,"flag":1,"level":1,"start_time":1700726460000,"end_time":1700726519000},{"score":0,"score_max":0,"score_min":0,"flag":1,"level":1,"start_time":1700726400000,"end_time":1700726459000}]