[{"score":0,"score_max":0,"score_min":0,"flag":1,"level":1,"start_time":1700812740000,"end_time":1700812799000},{"score":0,"score_max":0,"score_min":0,"flag":1,"level":1,"start_time":1700812680000,"end_time":1700812739000},{"score":0,"score_max":0,"score_min":0,"flag":1,"level":1,"start_time":1700812620000,"end_time":1700812679000},{"score":0,"score_max":3,"score_min":0,"flag":1,"level":1,"start_time":1700812560000,"end_time":1700812619000},{"score":0,"score_max":2,"score_min":0,"flag":1,"level":1,"start_time":1700812500000,"end_time":1700812559000},{"score":0,"score_max":3,"score_min":0,"flag":1,"level":1,"start_time":1700812440000,"end_time":1700812499000},{"score":4,"score_max":13,"score_min":2,"flag":1,"level":1,"start_time":1700812380000,"end_time":1700812439000},{"score":5,"score_max":8,"score_min":2,"flag":1,"level":1,"start_time":1700812320000,"end_time":1700812379000},{"score":1,"score_max":6,"score_min":0,"flag":1,"level":1,"start_time":1700812260000,"end_time":1700812319000},{"score":6,"score_max":21,"score_min":0,"flag":1,"level":1,"start_time":1700812200000,"end_time":1700812259000},{"score":9,"score_max":21,"score_min":2,"flag":1,"level":1,"start_time":1700812140000,"end_time":1700812199000},{"score":2,"score_max":3,"score_min":2,"flag":1,"level":1,"start_time":1700812080000,"end_time":1700812139000},{"score":2,"score_max":3,"score_min":1,"flag":1,"level":1,"start_time":1700812020000,"end_time":1700812079000},{"score":2,"score_max":5,"score_min":1,"flag":1,"level":1,"start_time":1700811960000,"end_time":1700812019000},{"score":2,"score_max":5,"score_min":1,"flag":1,"level":1,"start_time":1700811900000,"end_time":1700811959000},{"score":3,"score_max":5,"score_min":2,"flag":1,"level":1,"start_time":1700811840000,"end_time":1700811899000},{"score":4,"score_max":6,"score_min":3,"flag":1,"level":1,"start_time":1700811780000,"end_time":1700811839000},{"score":1,"score_max":4,"score_min":0,"flag":1,"level":1,"start_time":1700811720000,"end_time":1700811779000},{"score":0,"score_max":1,"score_min":0,"flag":1,"level":1,"start_time":1700811660000,"end_time":1700811719000},{"score":0,"score_max":1,"score_min":0,"flag":1,"level":1,"start_time":1700811600000,"end_time":1700811659000},{"score":0,"score_max":1,"score_min":0,"flag":1,"level":1,"start_time":1700811540000,"end_time":1700811599000},{"score":0,"score_max":0,"score_min":0,"flag":1,"level":1,"start_time":1700811480000,"end_time":1700811539000},{"score":0,"score_max":0,"score_min":0,"flag":1,"level":1,"start_time":1700811420000,"end_time":1700811479000},{"score":0,"score_max":1,"score_min":0,"flag":1,"level":1,"start_time":1700811360000,"end_time":1700811419000},{"score":0,"score_max":1,"score_min":0,"flag":1,"level":1,"start_time":1700811300000,"end_time":1700811359000},{"score":0,"score_max":0,"score_min":0,"flag":1,"level":1,"start_time":1700811240000,"end_time":1700811299000},{"score":0,"score_max":0,"score_min":0,"flag":1,"level":1,"start_time":1700811180000,"end_time":1700811239000},{"score":0,"score_max":0,"score_min":0,"flag":1,"level":1,"start_time":1700811120000,"end_time":1700811179000},{"score":0,"score_max":0,"score_min":0,"flag":1,"level":1,"start_time":1700811060000,"end_time":1700811119000},{"score":0,"score_max":0,"score_min":0,"flag":1,"level":1,"start_time":1700811000000,"end_time":1700811059000},{"score":0,"score_max":0,"score_min":0,"flag":1,"level":1,"start_time":1700810940000,"end_time":1700810999000},{"score":0,"score_max":0,"score_min":0,"flag":1,"level":1,"start_time":1700810880000,"end_time":1700810939000},{"score":0,"score_max":0,"score_min":0,"flag":1,"level":1,"start_time":1700810820000,"end_time":1700810879000},{"score":0,"score_max":0,"score_min":0,"flag":1,"level":1,"start_time":1700810760000,"end_time":1700810819000},{"score":0,"score_max":0,"score_min":0,"flag":1,"level":1,"start_time":1700810700000,"end_time":1700810759000},{"score":0,"score_max":0,"score_min":0,"flag":1,"level":1,"start_time":1700810640000,"end_time":1700810699000},{"score":0,"score_max":0,"score_min":0,"flag":1,"level":1,"start_time":1700810580000,"end_time":1700810639000},{"score":0,"score_max":0,"score_min":0,"flag":1,"level":1,"start_time":1700810520000,"end_time":1700810579000},{"score":0,"score_max":1,"score_min":0,"flag":1,"level":1,"start_time":1700810460000,"end_time":1700810519000},{"score":5,"score_max":10,"score_min":1,"flag":1,"level":1,"start_time":1700810400000,"end_time":1700810459000},{"score":0,"score_max":1,"score_min":0,"flag":1,"level":1,"start_time":1700810340000,"end_time":1700810399000},{"score":0,"score_max":0,"score_min":0,"flag":1,"level":1,"start_time":1700810280000,"end_time":1700810339000},{"score":0,"score_max":0,"score_min":0,"flag":1,"level":1,"start_time":1700810220000,"end_time":1700810279000},{"score":0,"score_max":1,"score_min":0,"flag":1,"level":1,"start_time":1700810160000,"end_time":1700810219000},{"score":1,"score_max":3,"score_min":0,"flag":1,"level":1,"start_time":1700810100000,"end_time":1700810159000},{"score":0,"score_max":0,"score_min":0,"flag":1,"level":1,"start_time":1700810040000,"end_time":1700810099000},{"score":0,"score_max":0,"score_min":0,"flag":1,"level":1,"start_time":1700809860000,"end_time":1700809919000},{"score":60,"score_max":75,"score_min":39,"flag":1,"level":1,"start_time":1700809800000,"end_time":1700809859000},{"score":38,"score_max":75,"score_min":21,"flag":1,"level":1,"start_time":1700809740000,"end_time":1700809799000},{"score":16,"score_max":27,"score_min":4,"flag":1,"level":1,"start_time":1700809680000,"end_time":1700809739000},{"score":1,"score_max":4,"score_min":0,"flag":1,"level":1,"start_time":1700809620000,"end_time":1700809679000},{"score":0,"score_max":1,"score_min":0,"flag":1,"level":1,"start_time":1700809560000,"end_time":1700809619000},{"score":0,"score_max":1,"score_min":0,"flag":1,"level":1,"start_time":1700809500000,"end_time":1700809559000},{"score":1,"score_max":2,"score_min":1,"flag":1,"level":1,"start_time":1700809440000,"end_time":1700809499000},{"score":3,"score_max":4,"score_min":1,"flag":1,"level":1,"start_time":1700809380000,"end_time":1700809439000},{"score":16,"score_max":39,"score_min":4,"flag":1,"level":1,"start_time":1700809320000,"end_time":1700809379000},{"score":9,"score_max":33,"score_min":2,"flag":1,"level":1,"start_time":1700809260000,"end_time":1700809319000},{"score":1,"score_max":3,"score_min":0,"flag":1,"level":1,"start_time":1700809200000,"end_time":1700809259000}]