[{"score":0,"score_max":1,"score_min":0,"flag":1,"level":1,"start_time":1700657940000,"end_time":1700657999000},{"score":1,"score_max":1,"score_min":1,"flag":1,"level":1,"start_time":1700657880000,"end_time":1700657939000},{"score":1,"score_max":2,"score_min":1,"flag":1,"level":1,"start_time":1700657820000,"end_time":1700657879000},{"score":1,"score_max":2,"score_min":1,"flag":1,"level":1,"start_time":1700657760000,"end_time":1700657819000},{"score":2,"score_max":5,"score_min":1,"flag":1,"level":1,"start_time":1700656920000,"end_time":1700656979000}]