[{"score":0,"score_max":0,"score_min":0,"flag":1,"level":1,"start_time":1700744340000,"end_time":1700744399000},{"score":0,"score_max":0,"score_min":0,"flag":1,"level":1,"start_time":1700744280000,"end_time":1700744339000},{"score":0,"score_max":0,"score_min":0,"flag":1,"level":1,"start_time":1700744220000,"end_time":1700744279000},{"score":0,"score_max":0,"score_min":0,"flag":1,"level":1,"start_time":1700744160000,"end_time":1700744219000},{"score":0,"score_max":0,"score_min":0,"flag":1,"level":1,"start_time":1700744100000,"end_time":1700744159000},{"score":0,"score_max":0,"score_min":0,"flag":1,"level":1,"start_time":1700744040000,"end_time":1700744099000},{"score":0,"score_max":0,"score_min":0,"flag":1,"level":1,"start_time":1700743980000,"end_time":1700744039000},{"score":29,"score_max":95,"score_min":0,"flag":1,"level":1,"start_time":1700743920000,"end_time":1700743979000},{"score":92,"score_max":99,"score_min":73,"flag":1,"level":0,"start_time":1700743860000,"end_time":1700743919000},{"score":50,"score_max":72,"score_min":28,"flag":1,"level":1,"start_time":1700743800000,"end_time":1700743859000},{"score":37,"score_max":43,"score_min":28,"flag":1,"level":1,"start_time":1700743740000,"end_time":1700743799000},{"score":19,"score_max":40,"score_min":6,"flag":1,"level":1,"start_time":1700743680000,"end_time":1700743739000},{"score":4,"score_max":5,"score_min":3,"flag":1,"level":1,"start_time":1700743620000,"end_time":1700743679000},{"score":3,"score_max":4,"score_min":3,"flag":1,"level":1,"start_time":1700743560000,"end_time":1700743619000},{"score":18,"score_max":35,"score_min":4,"flag":1,"level":1,"start_time":1700743500000,"end_time":1700743559000},{"score":37,"score_max":55,"score_min":24,"flag":1,"level":1,"start_time":1700743440000,"end_time":1700743499000},{"score":5,"score_max":22,"score_min":0,"flag":1,"level":1,"start_time":1700743380000,"end_time":1700743439000},{"score":0,"score_max":0,"score_min":0,"flag":1,"level":1,"start_time":1700743320000,"end_time":1700743379000},{"score":0,"score_max":0,"score_min":0,"flag":1,"level":1,"start_time":1700743260000,"end_time":1700743319000},{"score":0,"score_max":0,"score_min":0,"flag":1,"level":1,"start_time":1700743200000,"end_time":1700743259000},{"score":0,"score_max":0,"score_min":0,"flag":1,"level":1,"start_time":1700743140000,"end_time":1700743199000},{"score":0,"score_max":0,"score_min":0,"flag":1,"level":1,"start_time":1700743080000,"end_time":1700743139000},{"score":0,"score_max":0,"score_min":0,"flag":1,"level":1,"start_time":1700743020000,"end_time":1700743079000},{"score":0,"score_max":0,"score_min":0,"flag":1,"level":1,"start_time":1700742960000,"end_time":1700743019000},{"score":0,"score_max":0,"score_min":0,"flag":1,"level":1,"start_time":1700742900000,"end_time":1700742959000},{"score":0,"score_max":0,"score_min":0,"flag":1,"level":1,"start_time":1700742840000,"end_time":1700742899000},{"score":0,"score_max":0,"score_min":0,"flag":1,"level":1,"start_time":1700742780000,"end_time":1700742839000},{"score":0,"score_max":0,"score_min":0,"flag":1,"level":1,"start_time":1700742720000,"end_time":1700742779000},{"score":0,"score_max":0,"score_min":0,"flag":1,"level":1,"start_time":1700742660000,"end_time":1700742719000},{"score":0,"score_max":0,"score_min":0,"flag":1,"level":1,"start_time":1700742600000,"end_time":1700742659000},{"score":0,"score_max":0,"score_min":0,"flag":1,"level":1,"start_time":1700742540000,"end_time":1700742599000},{"score":0,"score_max":0,"score_min":0,"flag":1,"level":1,"start_time":1700742480000,"end_time":1700742539000},{"score":0,"score_max":0,"score_min":0,"flag":1,"level":1,"start_time":1700742420000,"end_time":1700742479000},{"score":0,"score_max":0,"score_min":0,"flag":1,"level":1,"start_time":1700742360000,"end_time":1700742419000},{"score":0,"score_max":0,"score_min":0,"flag":1,"level":1,"start_time":1700742300000,"end_time":1700742359000},{"score":0,"score_max":0,"score_min":0,"flag":1,"level":1,"start_time":1700742240000,"end_time":1700742299000},{"score":0,"score_max":0,"score_min":0,"flag":1,"level":1,"start_time":1700742180000,"end_time":1700742239000},{"score":0,"score_max":0,"score_min":0,"flag":1,"level":1,"start_time":1700742120000,"end_time":1700742179000},{"score":0,"score_max":0,"score_min":0,"flag":1,"level":1,"start_time":1700742060000,"end_time":1700742119000},{"score":0,"score_max":0,"score_min":0,"flag":1,"level":1,"start_time":1700742000000,"end_time":1700742059000},{"score":0,"score_max":0,"score_min":0,"flag":1,"level":1,"start_time":1700741940000,"end_time":1700741999000},{"score":0,"score_max":0,"score_min":0,"flag":1,"level":1,"start_time":1700741880000,"end_time":1700741939000},{"score":0,"score_max":0,"score_min":0,"flag":1,"level":1,"start_time":1700741820000,"end_time":1700741879000},{"score":0,"score_max":0,"score_min":0,"flag":1,"level":1,"start_time":1700741760000,"end_time":1700741819000},{"score":0,"score_max":0,"score_min":0,"flag":1,"level":1,"start_time":1700741700000,"end_time":1700741759000},{"score":1,"score_max":2,"score_min":0,"flag":1,"level":1,"start_time":1700741640000,"end_time":1700741699000},{"score":0,"score_max":1,"score_min":0,"flag":1,"level":1,"start_time":1700741580000,"end_time":1700741639000},{"score":0,"score_max":0,"score_min":0,"flag":1,"level":1,"start_time":1700741520000,"end_time":1700741579000},{"score":0,"score_max":0,"score_min":0,"flag":1,"level":1,"start_time":1700741460000,"end_time":1700741519000},{"score":0,"score_max":0,"score_min":0,"flag":1,"level":1,"start_time":1700741400000,"end_time":1700741459000},{"score":0,"score_max":0,"score_min":0,"flag":1,"level":1,"start_time":1700741340000,"end_time":1700741399000},{"score":0,"score_max":0,"score_min":0,"flag":1,"level":1,"start_time":1700741280000,"end_time":1700741339000},{"score":0,"score_max":0,"score_min":0,"flag":1,"level":1,"start_time":1700741220000,"end_time":1700741279000},{"score":0,"score_max":0,"score_min":0,"flag":1,"level":1,"start_time":1700741160000,"end_time":1700741219000},{"score":0,"score_max":0,"score_min":0,"flag":1,"level":1,"start_time":1700741100000,"end_time":1700741159000},{"score":0,"score_max":0,"score_min":0,"flag":1,"level":1,"start_time":1700741040000,"end_time":1700741099000},{"score":0,"score_max":0,"score_min":0,"flag":1,"level":1,"start_time":1700740980000,"end_time":1700741039000},{"score":0,"score_max":0,"score_min":0,"flag":1,"level":1,"start_time":1700740920000,"end_time":1700740979000},{"score":0,"score_max":1,"score_min":0,"flag":1,"level":1,"start_time":1700740860000,"end_time":1700740919000},{"score":3,"score_max":5,"score_min":1,"flag":1,"level":1,"start_time":1700740800000,"end_time":1700740859000}]