[{"score":0,"score_max":1,"score_min":0,"flag":1,"level":1,"start_time":1700899140000,"end_time":1700899199000},{"score":1,"score_max":1,"score_min":1,"flag":1,"level":1,"start_time":1700899080000,"end_time":1700899139000},{"score":2,"score_max":6,"score_min":1,"flag":1,"level":1,"start_time":1700899020000,"end_time":1700899079000},{"score":10,"score_max":14,"score_min":6,"flag":1,"level":1,"start_time":1700898960000,"end_time":1700899019000},{"score":8,"score_max":13,"score_min":4,"flag":1,"level":1,"start_time":1700898900000,"end_time":1700898959000},{"score":0,"score_max":4,"score_min":0,"flag":1,"level":1,"start_time":1700898840000,"end_time":1700898899000},{"score":0,"score_max":1,"score_min":0,"flag":1,"level":1,"start_time":1700898780000,"end_time":1700898839000},{"score":0,"score_max":1,"score_min":0,"flag":1,"level":1,"start_time":1700898720000,"end_time":1700898779000},{"score":3,"score_max":7,"score_min":0,"flag":1,"level":1,"start_time":1700898600000,"end_time":1700898659000},{"score":86,"score_max":86,"score_min":86,"flag":1,"level":1,"start_time":1700898540000,"end_time":1700898599000},{"score":37,"score_max":85,"score_min":1,"flag":1,"level":1,"start_time":1700898480000,"end_time":1700898539000},{"score":3,"score_max":10,"score_min":0,"flag":1,"level":1,"start_time":1700898420000,"end_time":1700898479000},{"score":2,"score_max":8,"score_min":0,"flag":1,"level":1,"start_time":1700898360000,"end_time":1700898419000},{"score":0,"score_max":3,"score_min":0,"flag":1,"level":1,"start_time":1700898300000,"end_time":1700898359000},{"score":7,"score_max":40,"score_min":3,"flag":1,"level":1,"start_time":1700898180000,"end_time":1700898239000},{"score":18,"score_max":23,"score_min":14,"flag":1,"level":1,"start_time":1700898120000,"end_time":1700898179000},{"score":5,"score_max":12,"score_min":1,"flag":1,"level":1,"start_time":1700898060000,"end_time":1700898119000},{"score":0,"score_max":1,"score_min":0,"flag":1,"level":1,"start_time":1700898000000,"end_time":1700898059000},{"score":0,"score_max":0,"score_min":0,"flag":1,"level":1,"start_time":1700897940000,"end_time":1700897999000},{"score":5,"score_max":18,"score_min":0,"flag":1,"level":1,"start_time":1700897880000,"end_time":1700897939000},{"score":6,"score_max":18,"score_min":2,"flag":1,"level":1,"start_time":1700897820000,"end_time":1700897879000},{"score":2,"score_max":4,"score_min":0,"flag":1,"level":1,"start_time":1700897760000,"end_time":1700897819000},{"score":3,"score_max":26,"score_min":0,"flag":1,"level":1,"start_time":1700897700000,"end_time":1700897759000},{"score":17,"score_max":41,"score_min":2,"flag":1,"level":1,"start_time":1700897640000,"end_time":1700897699000},{"score":1,"score_max":2,"score_min":1,"flag":1,"level":1,"start_time":1700897580000,"end_time":1700897639000},{"score":0,"score_max":1,"score_min":0,"flag":1,"level":1,"start_time":1700897520000,"end_time":1700897579000},{"score":0,"score_max":0,"score_min":0,"flag":1,"level":1,"start_time":1700897460000,"end_time":1700897519000},{"score":0,"score_max":0,"score_min":0,"flag":1,"level":1,"start_time":1700897400000,"end_time":1700897459000},{"score":0,"score_max":6,"score_min":0,"flag":1,"level":1,"start_time":1700897340000,"end_time":1700897399000},{"score":11,"score_max":15,"score_min":4,"flag":1,"level":1,"start_time":1700897280000,"end_time":1700897339000},{"score":0,"score_max":4,"score_min":0,"flag":1,"level":1,"start_time":1700897100000,"end_time":1700897159000},{"score":100,"score_max":100,"score_min":100,"flag":1,"level":1,"start_time":1700897040000,"end_time":1700897099000},{"score":69,"score_max":79,"score_min":60,"flag":1,"level":1,"start_time":1700896980000,"end_time":1700897039000},{"score":73,"score_max":89,"score_min":54,"flag":1,"level":1,"start_time":1700896920000,"end_time":1700896979000},{"score":8,"score_max":50,"score_min":0,"flag":1,"level":1,"start_time":1700896860000,"end_time":1700896919000},{"score":0,"score_max":1,"score_min":0,"flag":1,"level":1,"start_time":1700896800000,"end_time":1700896859000},{"score":1,"score_max":2,"score_min":1,"flag":1,"level":1,"start_time":1700896740000,"end_time":1700896799000},{"score":4,"score_max":7,"score_min":2,"flag":1,"level":1,"start_time":1700896680000,"end_time":1700896739000},{"score":3,"score_max":12,"score_min":1,"flag":1,"level":1,"start_time":1700896620000,"end_time":1700896679000},{"score":7,"score_max":17,"score_min":2,"flag":1,"level":1,"start_time":1700896560000,"end_time":1700896619000},{"score":2,"score_max":3,"score_min":2,"flag":1,"level":1,"start_time":1700896500000,"end_time":1700896559000},{"score":1,"score_max":2,"score_min":1,"flag":1,"level":1,"start_time":1700896440000,"end_time":1700896499000},{"score":1,"score_max":1,"score_min":1,"flag":1,"level":1,"start_time":1700896380000,"end_time":1700896439000},{"score":0,"score_max":1,"score_min":0,"flag":1,"level":1,"start_time":1700896320000,"end_time":1700896379000},{"score":0,"score_max":0,"score_min":0,"flag":1,"level":1,"start_time":1700896260000,"end_time":1700896319000},{"score":0,"score_max":0,"score_min":0,"flag":1,"level":1,"start_time":1700896200000,"end_time":1700896259000},{"score":6,"score_max":21,"score_min":0,"flag":1,"level":1,"start_time":1700896140000,"end_time":1700896199000},{"score":13,"score_max":25,"score_min":2,"flag":1,"level":1,"start_time":1700896080000,"end_time":1700896139000},{"score":1,"score_max":2,"score_min":1,"flag":1,"level":1,"start_time":1700896020000,"end_time":1700896079000},{"score":0,"score_max":1,"score_min":0,"flag":1,"level":1,"start_time":1700895960000,"end_time":1700896019000},{"score":1,"score_max":1,"score_min":1,"flag":1,"level":1,"start_time":1700895900000,"end_time":1700895959000},{"score":0,"score_max":1,"score_min":0,"flag":1,"level":1,"start_time":1700895840000,"end_time":1700895899000},{"score":0,"score_max":0,"score_min":0,"flag":1,"level":1,"start_time":1700895780000,"end_time":1700895839000},{"score":0,"score_max":1,"score_min":0,"flag":1,"level":1,"start_time":1700895720000,"end_time":1700895779000},{"score":1,"score_max":1,"score_min":1,"flag":1,"level":1,"start_time":1700895660000,"end_time":1700895719000},{"score":0,"score_max":1,"score_min":0,"flag":1,"level":1,"start_time":1700895600000,"end_time":1700895659000}]