[{"score":98,"score_max":100,"score_min":98,"flag":1,"level":1,"start_time":1700786700000,"end_time":1700786759000},{"score":84,"score_max":84,"score_min":84,"flag":1,"level":1,"start_time":1700786640000,"end_time":1700786699000},{"score":70,"score_max":84,"score_min":49,"flag":1,"level":1,"start_time":1700786580000,"end_time":1700786639000},{"score":32,"score_max":48,"score_min":26,"flag":1,"level":1,"start_time":1700786520000,"end_time":1700786579000},{"score":33,"score_max":45,"score_min":26,"flag":1,"level":1,"start_time":1700786460000,"end_time":1700786519000},{"score":44,"score_max":47,"score_min":39,"flag":1,"level":1,"start_time":1700786400000,"end_time":1700786459000},{"score":40,"score_max":45,"score_min":32,"flag":1,"level":1,"start_time":1700786340000,"end_time":1700786399000},{"score":33,"score_max":40,"score_min":29,"flag":1,"level":1,"start_time":1700786280000,"end_time":1700786339000},{"score":29,"score_max":37,"score_min":23,"flag":1,"level":1,"start_time":1700786220000,"end_time":1700786279000},{"score":44,"score_max":62,"score_min":27,"flag":1,"level":1,"start_time":1700786160000,"end_time":1700786219000},{"score":54,"score_max":62,"score_min":48,"flag":1,"level":1,"start_time":1700786100000,"end_time":1700786159000},{"score":46,"score_max":55,"score_min":34,"flag":1,"level":1,"start_time":1700786040000,"end_time":1700786099000},{"score":24,"score_max":35,"score_min":15,"flag":1,"level":1,"start_time":1700785980000,"end_time":1700786039000},{"score":8,"score_max":16,"score_min":0,"flag":1,"level":1,"start_time":1700785860000,"end_time":1700785919000},{"score":99,"score_max":99,"score_min":99,"flag":1,"level":1,"start_time":1700785800000,"end_time":1700785859000},{"score":99,"score_max":99,"score_min":99,"flag":1,"level":1,"start_time":1700785740000,"end_time":1700785799000},{"score":71,"score_max":97,"score_min":36,"flag":1,"level":1,"start_time":1700785680000,"end_time":1700785739000},{"score":11,"score_max":35,"score_min":2,"flag":1,"level":1,"start_time":1700785620000,"end_time":1700785679000},{"score":1,"score_max":3,"score_min":1,"flag":1,"level":1,"start_time":1700785560000,"end_time":1700785619000},{"score":7,"score_max":12,"score_min":3,"flag":1,"level":1,"start_time":1700785500000,"end_time":1700785559000},{"score":21,"score_max":31,"score_min":11,"flag":1,"level":1,"start_time":1700785440000,"end_time":1700785499000},{"score":4,"score_max":14,"score_min":2,"flag":1,"level":1,"start_time":1700785380000,"end_time":1700785439000},{"score":7,"score_max":17,"score_min":2,"flag":1,"level":1,"start_time":1700785320000,"end_time":1700785379000},{"score":20,"score_max":24,"score_min":15,"flag":1,"level":1,"start_time":1700784780000,"end_time":1700784839000},{"score":60,"score_max":67,"score_min":56,"flag":1,"level":1,"start_time":1700784720000,"end_time":1700784779000},{"score":49,"score_max":56,"score_min":41,"flag":1,"level":1,"start_time":1700784660000,"end_time":1700784719000},{"score":39,"score_max":54,"score_min":17,"flag":1,"level":1,"start_time":1700784600000,"end_time":1700784659000},{"score":10,"score_max":17,"score_min":0,"flag":1,"level":1,"start_time":1700784120000,"end_time":1700784179000},{"score":54,"score_max":55,"score_min":54,"flag":1,"level":1,"start_time":1700784060000,"end_time":1700784119000},{"score":33,"score_max":53,"score_min":15,"flag":1,"level":1,"start_time":1700784000000,"end_time":1700784059000}]