[{"score":100,"score_max":100,"score_min":100,"flag":1,"level":1,"start_time":1701035820000,"end_time":1701035879000},{"score":100,"score_max":100,"score_min":100,"flag":1,"level":0,"start_time":1701035760000,"end_time":1701035819000},{"score":100,"score_max":100,"score_min":100,"flag":1,"level":1,"start_time":1701035400000,"end_time":1701035459000},{"score":52,"score_max":91,"score_min":27,"flag":1,"level":1,"start_time":1701035340000,"end_time":1701035399000},{"score":15,"score_max":35,"score_min":6,"flag":1,"level":1,"start_time":1701035280000,"end_time":1701035339000},{"score":73,"score_max":85,"score_min":36,"flag":1,"level":0,"start_time":1701035220000,"end_time":1701035279000},{"score":65,"score_max":74,"score_min":56,"flag":1,"level":1,"start_time":1701035160000,"end_time":1701035219000},{"score":42,"score_max":72,"score_min":9,"flag":1,"level":1,"start_time":1701035100000,"end_time":1701035159000},{"score":7,"score_max":10,"score_min":5,"flag":1,"level":1,"start_time":1701035040000,"end_time":1701035099000},{"score":12,"score_max":23,"score_min":9,"flag":1,"level":1,"start_time":1701034980000,"end_time":1701035039000},{"score":42,"score_max":61,"score_min":24,"flag":1,"level":1,"start_time":1701034920000,"end_time":1701034979000},{"score":77,"score_max":86,"score_min":60,"flag":1,"level":1,"start_time":1701034860000,"end_time":1701034919000},{"score":55,"score_max":62,"score_min":40,"flag":1,"level":1,"start_time":1701034800000,"end_time":1701034859000},{"score":10,"score_max":14,"score_min":7,"flag":1,"level":1,"start_time":1701034740000,"end_time":1701034799000},{"score":10,"score_max":18,"score_min":6,"flag":1,"level":1,"start_time":1701034680000,"end_time":1701034739000},{"score":1,"score_max":5,"score_min":0,"flag":1,"level":1,"start_time":1701034620000,"end_time":1701034679000},{"score":99,"score_max":100,"score_min":99,"flag":1,"level":0,"start_time":1701034560000,"end_time":1701034619000},{"score":56,"score_max":100,"score_min":21,"flag":1,"level":1,"start_time":1701034500000,"end_time":1701034559000},{"score":53,"score_max":71,"score_min":28,"flag":1,"level":1,"start_time":1701034440000,"end_time":1701034499000},{"score":73,"score_max":75,"score_min":69,"flag":1,"level":1,"start_time":1701034380000,"end_time":1701034439000},{"score":63,"score_max":77,"score_min":52,"flag":1,"level":1,"start_time":1701034320000,"end_time":1701034379000},{"score":13,"score_max":50,"score_min":3,"flag":1,"level":1,"start_time":1701034260000,"end_time":1701034319000},{"score":3,"score_max":9,"score_min":1,"flag":1,"level":1,"start_time":1701034200000,"end_time":1701034259000},{"score":0,"score_max":0,"score_min":0,"flag":1,"level":1,"start_time":1701034080000,"end_time":1701034139000},{"score":0,"score_max":0,"score_min":0,"flag":1,"level":1,"start_time":1701033900000,"end_time":1701033959000},{"score":0,"score_max":0,"score_min":0,"flag":1,"level":1,"start_time":1701033840000,"end_time":1701033899000},{"score":0,"score_max":0,"score_min":0,"flag":1,"level":1,"start_time":1701033780000,"end_time":1701033839000},{"score":21,"score_max":24,"score_min":20,"flag":1,"level":1,"start_time":1701033720000,"end_time":1701033779000},{"score":20,"score_max":31,"score_min":9,"flag":1,"level":1,"start_time":1701033660000,"end_time":1701033719000},{"score":8,"score_max":27,"score_min":4,"flag":1,"level":1,"start_time":1701033600000,"end_time":1701033659000},{"score":48,"score_max":59,"score_min":25,"flag":1,"level":1,"start_time":1701033540000,"end_time":1701033599000},{"score":14,"score_max":23,"score_min":10,"flag":1,"level":1,"start_time":1701033480000,"end_time":1701033539000},{"score":36,"score_max":52,"score_min":18,"flag":1,"level":1,"start_time":1701033420000,"end_time":1701033479000},{"score":47,"score_max":52,"score_min":40,"flag":1,"level":1,"start_time":1701033360000,"end_time":1701033419000},{"score":15,"score_max":39,"score_min":5,"flag":1,"level":1,"start_time":1701033300000,"end_time":1701033359000},{"score":9,"score_max":19,"score_min":5,"flag":1,"level":1,"start_time":1701033240000,"end_time":1701033299000},{"score":16,"score_max":21,"score_min":10,"flag":1,"level":1,"start_time":1701033180000,"end_time":1701033239000},{"score":20,"score_max":36,"score_min":9,"flag":1,"level":1,"start_time":1701033120000,"end_time":1701033179000},{"score":13,"score_max":28,"score_min":8,"flag":1,"level":1,"start_time":1701033060000,"end_time":1701033119000},{"score":12,"score_max":21,"score_min":4,"flag":1,"level":1,"start_time":1701033000000,"end_time":1701033059000},{"score":5,"score_max":12,"score_min":3,"flag":1,"level":1,"start_time":1701032940000,"end_time":1701032999000},{"score":10,"score_max":14,"score_min":5,"flag":1,"level":1,"start_time":1701032880000,"end_time":1701032939000},{"score":8,"score_max":14,"score_min":5,"flag":1,"level":1,"start_time":1701032820000,"end_time":1701032879000},{"score":13,"score_max":14,"score_min":8,"flag":1,"level":1,"start_time":1701032760000,"end_time":1701032819000},{"score":36,"score_max":48,"score_min":27,"flag":1,"level":1,"start_time":1701032700000,"end_time":1701032759000},{"score":13,"score_max":26,"score_min":8,"flag":1,"level":1,"start_time":1701032640000,"end_time":1701032699000}]