[{"heart_rate":74.0,"start_time":1701328003526},{"heart_rate":74.0,"start_time":1701328003526},{"cadence":0.0,"distance":0.0,"speed":0.0,"start_time":1701327987630},{"cadence":14.0,"distance":7.363,"speed":1.62,"start_time":1701327995649},{"cadence":14.0,"distance":0.0,"speed":1.62,"start_time":1701327995649},{"cadence":26.0,"distance":0.0,"speed":1.62,"start_time":1701327996651},{"cadence":26.0,"distance":0.0,"speed":0.0,"start_time":1701328003666},{"cadence":26.0,"distance":0.0,"speed":0.0,"start_time":1701328003666}]