{"chart_data":[{"elapsed_time":1216,"heart_rate":77.0,"start_time":1701328055534},{"elapsed_time":2220,"heart_rate":75.0,"start_time":1701328056538},{"elapsed_time":3223,"heart_rate":73.0,"start_time":1701328057541},{"elapsed_time":4225,"heart_rate":72.0,"start_time":1701328058543},{"elapsed_time":5228,"heart_rate":72.0,"start_time":1701328059546},{"elapsed_time":6228,"heart_rate":72.0,"start_time":1701328060546},{"elapsed_time":7227,"heart_rate":73.0,"start_time":1701328061545},{"elapsed_time":8233,"heart_rate":73.0,"start_time":1701328062551},{"elapsed_time":9231,"heart_rate":74.0,"start_time":1701328063549},{"elapsed_time":10235,"heart_rate":74.0,"start_time":1701328064553},{"elapsed_time":11237,"heart_rate":74.0,"start_time":1701328065555},{"elapsed_time":12238,"heart_rate":74.0,"start_time":1701328066556},{"elapsed_time":13240,"heart_rate":74.0,"start_time":1701328067558},{"elapsed_time":14242,"heart_rate":73.0,"start_time":1701328068560},{"elapsed_time":15243,"heart_rate":73.0,"start_time":1701328069561},{"elapsed_time":16243,"heart_rate":72.0,"start_time":1701328070561},{"elapsed_time":17246,"heart_rate":72.0,"start_time":1701328071564},{"elapsed_time":18247,"heart_rate":71.0,"start_time":1701328072565},{"elapsed_time":19248,"heart_rate":71.0,"start_time":1701328073566},{"elapsed_time":20250,"heart_rate":71.0,"start_time":1701328074568},{"elapsed_time":21248,"heart_rate":71.0,"start_time":1701328075566},{"elapsed_time":22252,"heart_rate":70.0,"start_time":1701328076570},{"elapsed_time":23254,"heart_rate":70.0,"start_time":1701328077572},{"elapsed_time":24267,"heart_rate":70.0,"start_time":1701328078585},{"elapsed_time":25267,"heart_rate":69.0,"start_time":1701328079585},{"elapsed_time":26267,"heart_rate":69.0,"start_time":1701328080585},{"elapsed_time":27267,"heart_rate":68.0,"start_time":1701328081585},{"elapsed_time":28268,"heart_rate":68.0,"start_time":1701328082586},{"elapsed_time":29274,"heart_rate":68.0,"start_time":1701328083592},{"elapsed_time":30320,"heart_rate":69.0,"start_time":1701328084638},{"elapsed_time":31320,"heart_rate":69.0,"start_time":1701328085638},{"elapsed_time":32320,"heart_rate":70.0,"start_time":1701328086638},{"elapsed_time":33320,"heart_rate":70.0,"start_time":1701328087638},{"elapsed_time":34320,"heart_rate":70.0,"start_time":1701328088638},{"elapsed_time":35320,"heart_rate":70.0,"start_time":1701328089638},{"elapsed_time":36320,"heart_rate":71.0,"start_time":1701328090638},{"elapsed_time":37320,"heart_rate":72.0,"start_time":1701328091638},{"elapsed_time":38320,"heart_rate":72.0,"start_time":1701328092638},{"elapsed_time":39320,"heart_rate":73.0,"start_time":1701328093638},{"elapsed_time":40322,"heart_rate":74.0,"start_time":1701328094640},{"elapsed_time":41356,"heart_rate":74.0,"start_time":1701328095674},{"elapsed_time":42356,"heart_rate":75.0,"start_time":1701328096674},{"elapsed_time":43356,"heart_rate":75.0,"start_time":1701328097674},{"elapsed_time":44356,"heart_rate":75.0,"start_time":1701328098674},{"elapsed_time":45356,"heart_rate":75.0,"start_time":1701328099674},{"elapsed_time":46356,"heart_rate":75.0,"start_time":1701328100674},{"elapsed_time":47356,"heart_rate":75.0,"start_time":1701328101674},{"elapsed_time":48356,"heart_rate":75.0,"start_time":1701328102674},{"elapsed_time":49356,"heart_rate":75.0,"start_time":1701328103674},{"elapsed_time":50359,"heart_rate":75.0,"start_time":1701328104677},{"elapsed_time":51362,"heart_rate":75.0,"start_time":1701328105680},{"elapsed_time":52364,"heart_rate":74.0,"start_time":1701328106682},{"elapsed_time":53366,"heart_rate":74.0,"start_time":1701328107684},{"elapsed_time":54367,"heart_rate":74.0,"start_time":1701328108685},{"elapsed_time":55368,"heart_rate":74.0,"start_time":1701328109686},{"elapsed_time":56370,"heart_rate":75.0,"start_time":1701328110688},{"elapsed_time":57371,"heart_rate":75.0,"start_time":1701328111689},{"elapsed_time":58372,"heart_rate":75.0,"start_time":1701328112690},{"elapsed_time":59372,"heart_rate":74.0,"start_time":1701328113690},{"elapsed_time":60373,"heart_rate":74.0,"start_time":1701328114691},{"elapsed_time":61375,"heart_rate":72.0,"start_time":1701328115693},{"elapsed_time":62381,"heart_rate":72.0,"start_time":1701328116699},{"elapsed_time":63381,"heart_rate":72.0,"start_time":1701328117699},{"elapsed_time":64381,"heart_rate":71.0,"start_time":1701328118699},{"elapsed_time":65384,"heart_rate":70.0,"start_time":1701328119702},{"elapsed_time":66386,"heart_rate":69.0,"start_time":1701328120704},{"elapsed_time":67386,"heart_rate":68.0,"start_time":1701328121704},{"elapsed_time":68390,"heart_rate":68.0,"start_time":1701328122708},{"elapsed_time":69390,"heart_rate":67.0,"start_time":1701328123708},{"elapsed_time":70393,"heart_rate":67.0,"start_time":1701328124711},{"elapsed_time":71396,"heart_rate":68.0,"start_time":1701328125714},{"elapsed_time":72395,"heart_rate":69.0,"start_time":1701328126713},{"elapsed_time":73401,"heart_rate":70.0,"start_time":1701328127719},{"elapsed_time":74400,"heart_rate":69.0,"start_time":1701328128718},{"elapsed_time":75401,"heart_rate":69.0,"start_time":1701328129719},{"elapsed_time":76404,"heart_rate":69.0,"start_time":1701328130722},{"elapsed_time":77407,"heart_rate":69.0,"start_time":1701328131725},{"elapsed_time":78409,"heart_rate":70.0,"start_time":1701328132727},{"elapsed_time":79411,"heart_rate":70.0,"start_time":1701328133729},{"elapsed_time":80415,"heart_rate":71.0,"start_time":1701328134733},{"elapsed_time":81415,"heart_rate":72.0,"start_time":1701328135733},{"elapsed_time":82417,"heart_rate":72.0,"start_time":1701328136735},{"elapsed_time":83420,"heart_rate":72.0,"start_time":1701328137738},{"elapsed_time":84422,"heart_rate":73.0,"start_time":1701328138740},{"elapsed_time":85424,"heart_rate":72.0,"start_time":1701328139742},{"elapsed_time":86426,"heart_rate":72.0,"start_time":1701328140744},{"elapsed_time":87428,"heart_rate":71.0,"start_time":1701328141746},{"elapsed_time":88430,"heart_rate":71.0,"start_time":1701328142748},{"elapsed_time":89433,"heart_rate":71.0,"start_time":1701328143751},{"elapsed_time":90434,"heart_rate":71.0,"start_time":1701328144752},{"elapsed_time":91435,"heart_rate":71.0,"start_time":1701328145753},{"elapsed_time":92438,"heart_rate":71.0,"start_time":1701328146756},{"elapsed_time":93439,"heart_rate":71.0,"start_time":1701328147757},{"elapsed_time":94441,"heart_rate":71.0,"start_time":1701328148759},{"elapsed_time":95443,"heart_rate":71.0,"start_time":1701328149761},{"elapsed_time":96444,"heart_rate":71.0,"start_time":1701328150762},{"elapsed_time":98146,"heart_rate":71.0,"start_time":1701328152464},{"elapsed_time":99146,"heart_rate":71.0,"start_time":1701328153464},{"elapsed_time":100146,"heart_rate":71.0,"start_time":1701328154464},{"elapsed_time":101146,"heart_rate":71.0,"start_time":1701328155464},{"elapsed_time":102146,"heart_rate":70.0,"start_time":1701328156464},{"elapsed_time":103146,"heart_rate":70.0,"start_time":1701328157464},{"elapsed_time":104146,"heart_rate":70.0,"start_time":1701328158464},{"elapsed_time":105146,"heart_rate":70.0,"start_time":1701328159464},{"elapsed_time":106146,"heart_rate":71.0,"start_time":1701328160464},{"elapsed_time":107146,"heart_rate":71.0,"start_time":1701328161464},{"elapsed_time":108146,"heart_rate":70.0,"start_time":1701328162464},{"elapsed_time":109146,"heart_rate":70.0,"start_time":1701328163464},{"elapsed_time":110146,"heart_rate":70.0,"start_time":1701328164464},{"elapsed_time":111146,"heart_rate":69.0,"start_time":1701328165464},{"elapsed_time":112146,"heart_rate":69.0,"start_time":1701328166464},{"elapsed_time":113146,"heart_rate":68.0,"start_time":1701328167464},{"elapsed_time":114146,"heart_rate":68.0,"start_time":1701328168464},{"elapsed_time":115146,"heart_rate":67.0,"start_time":1701328169464},{"elapsed_time":116146,"heart_rate":67.0,"start_time":1701328170464},{"elapsed_time":117146,"heart_rate":66.0,"start_time":1701328171464},{"elapsed_time":118146,"heart_rate":66.0,"start_time":1701328172464},{"elapsed_time":119146,"heart_rate":66.0,"start_time":1701328173464}],"is_valid":true,"sampling_rate":1000}