[{"score":1,"score_max":1,"score_min":1,"flag":1,"level":1,"start_time":1701003540000,"end_time":1701003599000},{"score":0,"score_max":1,"score_min":0,"flag":1,"level":1,"start_time":1701003480000,"end_time":1701003539000},{"score":0,"score_max":0,"score_min":0,"flag":1,"level":1,"start_time":1701003420000,"end_time":1701003479000},{"score":0,"score_max":0,"score_min":0,"flag":1,"level":1,"start_time":1701003360000,"end_time":1701003419000},{"score":0,"score_max":1,"score_min":0,"flag":1,"level":1,"start_time":1701003300000,"end_time":1701003359000},{"score":1,"score_max":1,"score_min":1,"flag":1,"level":1,"start_time":1701003240000,"end_time":1701003299000},{"score":1,"score_max":1,"score_min":1,"flag":1,"level":1,"start_time":1701003180000,"end_time":1701003239000},{"score":1,"score_max":3,"score_min":1,"flag":1,"level":1,"start_time":1701003120000,"end_time":1701003179000},{"score":2,"score_max":3,"score_min":1,"flag":1,"level":1,"start_time":1701003060000,"end_time":1701003119000},{"score":1,"score_max":1,"score_min":1,"flag":1,"level":1,"start_time":1701003000000,"end_time":1701003059000},{"score":1,"score_max":1,"score_min":1,"flag":1,"level":1,"start_time":1701002940000,"end_time":1701002999000},{"score":1,"score_max":2,"score_min":1,"flag":1,"level":1,"start_time":1701002880000,"end_time":1701002939000},{"score":2,"score_max":4,"score_min":2,"flag":1,"level":1,"start_time":1701002820000,"end_time":1701002879000},{"score":13,"score_max":43,"score_min":4,"flag":1,"level":1,"start_time":1701002760000,"end_time":1701002819000},{"score":92,"score_max":98,"score_min":49,"flag":1,"level":1,"start_time":1701002700000,"end_time":1701002759000},{"score":76,"score_max":97,"score_min":56,"flag":1,"level":1,"start_time":1701002640000,"end_time":1701002699000},{"score":48,"score_max":50,"score_min":47,"flag":1,"level":1,"start_time":1701002580000,"end_time":1701002639000},{"score":51,"score_max":65,"score_min":30,"flag":1,"level":1,"start_time":1701002520000,"end_time":1701002579000},{"score":18,"score_max":28,"score_min":15,"flag":1,"level":1,"start_time":1701002460000,"end_time":1701002519000},{"score":69,"score_max":83,"score_min":29,"flag":1,"level":1,"start_time":1701002400000,"end_time":1701002459000},{"score":63,"score_max":69,"score_min":60,"flag":1,"level":1,"start_time":1701002340000,"end_time":1701002399000},{"score":14,"score_max":59,"score_min":0,"flag":1,"level":1,"start_time":1701002280000,"end_time":1701002339000},{"score":0,"score_max":1,"score_min":0,"flag":1,"level":1,"start_time":1701002220000,"end_time":1701002279000},{"score":0,"score_max":1,"score_min":0,"flag":1,"level":1,"start_time":1701002160000,"end_time":1701002219000},{"score":0,"score_max":1,"score_min":0,"flag":1,"level":1,"start_time":1701002100000,"end_time":1701002159000},{"score":0,"score_max":1,"score_min":0,"flag":1,"level":1,"start_time":1701002040000,"end_time":1701002099000},{"score":0,"score_max":1,"score_min":0,"flag":1,"level":1,"start_time":1701001980000,"end_time":1701002039000},{"score":0,"score_max":0,"score_min":0,"flag":1,"level":1,"start_time":1701001920000,"end_time":1701001979000},{"score":0,"score_max":0,"score_min":0,"flag":1,"level":1,"start_time":1701001860000,"end_time":1701001919000},{"score":0,"score_max":0,"score_min":0,"flag":1,"level":1,"start_time":1701001800000,"end_time":1701001859000},{"score":0,"score_max":1,"score_min":0,"flag":1,"level":1,"start_time":1701001740000,"end_time":1701001799000},{"score":0,"score_max":1,"score_min":0,"flag":1,"level":1,"start_time":1701001680000,"end_time":1701001739000},{"score":0,"score_max":0,"score_min":0,"flag":1,"level":1,"start_time":1701001620000,"end_time":1701001679000},{"score":0,"score_max":0,"score_min":0,"flag":1,"level":1,"start_time":1701001560000,"end_time":1701001619000},{"score":0,"score_max":1,"score_min":0,"flag":1,"level":1,"start_time":1701001500000,"end_time":1701001559000},{"score":4,"score_max":8,"score_min":1,"flag":1,"level":1,"start_time":1701001440000,"end_time":1701001499000},{"score":3,"score_max":7,"score_min":1,"flag":1,"level":1,"start_time":1701001380000,"end_time":1701001439000},{"score":1,"score_max":2,"score_min":1,"flag":1,"level":1,"start_time":1701001320000,"end_time":1701001379000},{"score":2,"score_max":2,"score_min":2,"flag":1,"level":1,"start_time":1701001260000,"end_time":1701001319000},{"score":2,"score_max":3,"score_min":2,"flag":1,"level":1,"start_time":1701001200000,"end_time":1701001259000},{"score":3,"score_max":4,"score_min":3,"flag":1,"level":1,"start_time":1701001140000,"end_time":1701001199000},{"score":2,"score_max":3,"score_min":2,"flag":1,"level":1,"start_time":1701001080000,"end_time":1701001139000},{"score":5,"score_max":9,"score_min":3,"flag":1,"level":1,"start_time":1701001020000,"end_time":1701001079000},{"score":5,"score_max":9,"score_min":3,"flag":1,"level":1,"start_time":1701000960000,"end_time":1701001019000},{"score":2,"score_max":3,"score_min":2,"flag":1,"level":1,"start_time":1701000900000,"end_time":1701000959000},{"score":19,"score_max":55,"score_min":3,"flag":1,"level":1,"start_time":1701000840000,"end_time":1701000899000},{"score":60,"score_max":65,"score_min":51,"flag":1,"level":1,"start_time":1701000780000,"end_time":1701000839000},{"score":54,"score_max":61,"score_min":46,"flag":1,"level":1,"start_time":1701000720000,"end_time":1701000779000},{"score":70,"score_max":79,"score_min":56,"flag":1,"level":1,"start_time":1701000660000,"end_time":1701000719000},{"score":15,"score_max":54,"score_min":3,"flag":1,"level":1,"start_time":1701000600000,"end_time":1701000659000},{"score":25,"score_max":31,"score_min":10,"flag":1,"level":1,"start_time":1701000540000,"end_time":1701000599000},{"score":5,"score_max":18,"score_min":2,"flag":1,"level":1,"start_time":1701000480000,"end_time":1701000539000},{"score":2,"score_max":2,"score_min":2,"flag":1,"level":1,"start_time":1701000420000,"end_time":1701000479000},{"score":2,"score_max":3,"score_min":2,"flag":1,"level":1,"start_time":1701000360000,"end_time":1701000419000},{"score":1,"score_max":2,"score_min":1,"flag":1,"level":1,"start_time":1701000300000,"end_time":1701000359000},{"score":1,"score_max":2,"score_min":1,"flag":1,"level":1,"start_time":1701000240000,"end_time":1701000299000},{"score":1,"score_max":2,"score_min":1,"flag":1,"level":1,"start_time":1701000180000,"end_time":1701000239000},{"score":1,"score_max":1,"score_min":1,"flag":1,"level":1,"start_time":1701000120000,"end_time":1701000179000},{"score":1,"score_max":2,"score_min":1,"flag":1,"level":1,"start_time":1701000060000,"end_time":1701000119000},{"score":3,"score_max":8,"score_min":1,"flag":1,"level":1,"start_time":1701000000000,"end_time":1701000059000}]