[{"score":0,"score_max":0,"score_min":0,"flag":1,"level":1,"start_time":1700737140000,"end_time":1700737199000},{"score":0,"score_max":0,"score_min":0,"flag":1,"level":1,"start_time":1700737080000,"end_time":1700737139000},{"score":0,"score_max":0,"score_min":0,"flag":1,"level":1,"start_time":1700737020000,"end_time":1700737079000},{"score":0,"score_max":1,"score_min":0,"flag":1,"level":1,"start_time":1700736960000,"end_time":1700737019000},{"score":0,"score_max":1,"score_min":0,"flag":1,"level":1,"start_time":1700736900000,"end_time":1700736959000},{"score":1,"score_max":4,"score_min":1,"flag":1,"level":1,"start_time":1700736840000,"end_time":1700736899000},{"score":10,"score_max":20,"score_min":4,"flag":1,"level":1,"start_time":1700736780000,"end_time":1700736839000},{"score":1,"score_max":3,"score_min":0,"flag":1,"level":1,"start_time":1700736660000,"end_time":1700736719000},{"score":82,"score_max":97,"score_min":37,"flag":1,"level":0,"start_time":1700736600000,"end_time":1700736659000},{"score":21,"score_max":35,"score_min":16,"flag":1,"level":1,"start_time":1700736540000,"end_time":1700736599000},{"score":56,"score_max":89,"score_min":37,"flag":1,"level":1,"start_time":1700736480000,"end_time":1700736539000},{"score":95,"score_max":98,"score_min":90,"flag":1,"level":0,"start_time":1700736420000,"end_time":1700736479000},{"score":56,"score_max":89,"score_min":43,"flag":1,"level":1,"start_time":1700736360000,"end_time":1700736419000},{"score":52,"score_max":61,"score_min":42,"flag":1,"level":1,"start_time":1700736300000,"end_time":1700736359000},{"score":53,"score_max":65,"score_min":45,"flag":1,"level":1,"start_time":1700736240000,"end_time":1700736299000},{"score":52,"score_max":64,"score_min":41,"flag":1,"level":1,"start_time":1700736180000,"end_time":1700736239000},{"score":39,"score_max":51,"score_min":33,"flag":1,"level":1,"start_time":1700736120000,"end_time":1700736179000},{"score":71,"score_max":83,"score_min":52,"flag":1,"level":0,"start_time":1700736060000,"end_time":1700736119000},{"score":78,"score_max":84,"score_min":67,"flag":1,"level":0,"start_time":1700736000000,"end_time":1700736059000},{"score":73,"score_max":88,"score_min":61,"flag":1,"level":1,"start_time":1700735940000,"end_time":1700735999000},{"score":71,"score_max":88,"score_min":43,"flag":1,"level":0,"start_time":1700735880000,"end_time":1700735939000},{"score":22,"score_max":42,"score_min":16,"flag":1,"level":1,"start_time":1700735820000,"end_time":1700735879000},{"score":27,"score_max":33,"score_min":17,"flag":1,"level":1,"start_time":1700735760000,"end_time":1700735819000},{"score":46,"score_max":75,"score_min":26,"flag":1,"level":1,"start_time":1700735700000,"end_time":1700735759000},{"score":34,"score_max":75,"score_min":7,"flag":1,"level":1,"start_time":1700735640000,"end_time":1700735699000},{"score":8,"score_max":14,"score_min":6,"flag":1,"level":1,"start_time":1700735580000,"end_time":1700735639000},{"score":34,"score_max":49,"score_min":14,"flag":1,"level":1,"start_time":1700735520000,"end_time":1700735579000},{"score":48,"score_max":53,"score_min":43,"flag":1,"level":1,"start_time":1700735460000,"end_time":1700735519000},{"score":57,"score_max":68,"score_min":43,"flag":1,"level":1,"start_time":1700735400000,"end_time":1700735459000},{"score":56,"score_max":69,"score_min":36,"flag":1,"level":1,"start_time":1700735340000,"end_time":1700735399000},{"score":16,"score_max":35,"score_min":7,"flag":1,"level":1,"start_time":1700735280000,"end_time":1700735339000},{"score":14,"score_max":19,"score_min":9,"flag":1,"level":1,"start_time":1700735220000,"end_time":1700735279000},{"score":3,"score_max":9,"score_min":1,"flag":1,"level":1,"start_time":1700735160000,"end_time":1700735219000},{"score":1,"score_max":3,"score_min":1,"flag":1,"level":1,"start_time":1700735100000,"end_time":1700735159000},{"score":3,"score_max":3,"score_min":3,"flag":1,"level":1,"start_time":1700735040000,"end_time":1700735099000},{"score":2,"score_max":3,"score_min":2,"flag":1,"level":1,"start_time":1700734980000,"end_time":1700735039000},{"score":2,"score_max":2,"score_min":2,"flag":1,"level":1,"start_time":1700734920000,"end_time":1700734979000},{"score":1,"score_max":2,"score_min":1,"flag":1,"level":1,"start_time":1700734860000,"end_time":1700734919000},{"score":1,"score_max":3,"score_min":0,"flag":1,"level":1,"start_time":1700734800000,"end_time":1700734859000},{"score":2,"score_max":3,"score_min":2,"flag":1,"level":1,"start_time":1700734740000,"end_time":1700734799000},{"score":2,"score_max":4,"score_min":2,"flag":1,"level":1,"start_time":1700734680000,"end_time":1700734739000},{"score":6,"score_max":14,"score_min":3,"flag":1,"level":1,"start_time":1700734620000,"end_time":1700734679000},{"score":18,"score_max":26,"score_min":7,"flag":1,"level":1,"start_time":1700734560000,"end_time":1700734619000},{"score":3,"score_max":7,"score_min":2,"flag":1,"level":1,"start_time":1700734500000,"end_time":1700734559000},{"score":1,"score_max":2,"score_min":1,"flag":1,"level":1,"start_time":1700734440000,"end_time":1700734499000},{"score":1,"score_max":2,"score_min":1,"flag":1,"level":1,"start_time":1700734380000,"end_time":1700734439000},{"score":1,"score_max":1,"score_min":1,"flag":1,"level":1,"start_time":1700734320000,"end_time":1700734379000},{"score":2,"score_max":5,"score_min":1,"flag":1,"level":1,"start_time":1700734260000,"end_time":1700734319000},{"score":3,"score_max":5,"score_min":2,"flag":1,"level":1,"start_time":1700734200000,"end_time":1700734259000},{"score":2,"score_max":5,"score_min":2,"flag":1,"level":1,"start_time":1700734140000,"end_time":1700734199000},{"score":13,"score_max":27,"score_min":5,"flag":1,"level":1,"start_time":1700734080000,"end_time":1700734139000},{"score":8,"score_max":8,"score_min":8,"flag":1,"level":1,"start_time":1700734020000,"end_time":1700734079000}]