[{"score":96,"score_max":99,"score_min":86,"flag":1,"level":1,"start_time":1700819460000,"end_time":1700819519000},{"score":100,"score_max":100,"score_min":100,"flag":1,"level":1,"start_time":1700819400000,"end_time":1700819459000},{"score":99,"score_max":100,"score_min":90,"flag":1,"level":0,"start_time":1700819340000,"end_time":1700819399000},{"score":52,"score_max":86,"score_min":25,"flag":1,"level":1,"start_time":1700819280000,"end_time":1700819339000},{"score":17,"score_max":25,"score_min":13,"flag":1,"level":1,"start_time":1700819220000,"end_time":1700819279000},{"score":6,"score_max":14,"score_min":2,"flag":1,"level":1,"start_time":1700819160000,"end_time":1700819219000},{"score":2,"score_max":5,"score_min":1,"flag":1,"level":1,"start_time":1700819100000,"end_time":1700819159000},{"score":1,"score_max":5,"score_min":0,"flag":1,"level":1,"start_time":1700819040000,"end_time":1700819099000},{"score":0,"score_max":0,"score_min":0,"flag":1,"level":1,"start_time":1700818980000,"end_time":1700819039000},{"score":0,"score_max":0,"score_min":0,"flag":1,"level":1,"start_time":1700818920000,"end_time":1700818979000},{"score":0,"score_max":0,"score_min":0,"flag":1,"level":1,"start_time":1700818860000,"end_time":1700818919000},{"score":0,"score_max":0,"score_min":0,"flag":1,"level":1,"start_time":1700818800000,"end_time":1700818859000},{"score":0,"score_max":0,"score_min":0,"flag":1,"level":1,"start_time":1700818740000,"end_time":1700818799000},{"score":0,"score_max":0,"score_min":0,"flag":1,"level":1,"start_time":1700818680000,"end_time":1700818739000},{"score":0,"score_max":0,"score_min":0,"flag":1,"level":1,"start_time":1700818620000,"end_time":1700818679000},{"score":0,"score_max":0,"score_min":0,"flag":1,"level":1,"start_time":1700818560000,"end_time":1700818619000},{"score":0,"score_max":0,"score_min":0,"flag":1,"level":1,"start_time":1700818500000,"end_time":1700818559000},{"score":0,"score_max":0,"score_min":0,"flag":1,"level":1,"start_time":1700818440000,"end_time":1700818499000},{"score":0,"score_max":0,"score_min":0,"flag":1,"level":1,"start_time":1700818380000,"end_time":1700818439000},{"score":0,"score_max":0,"score_min":0,"flag":1,"level":1,"start_time":1700818320000,"end_time":1700818379000},{"score":0,"score_max":0,"score_min":0,"flag":1,"level":1,"start_time":1700818260000,"end_time":1700818319000},{"score":0,"score_max":0,"score_min":0,"flag":1,"level":1,"start_time":1700818200000,"end_time":1700818259000},{"score":0,"score_max":0,"score_min":0,"flag":1,"level":1,"start_time":1700818140000,"end_time":1700818199000},{"score":0,"score_max":0,"score_min":0,"flag":1,"level":1,"start_time":1700818080000,"end_time":1700818139000},{"score":4,"score_max":11,"score_min":0,"flag":1,"level":1,"start_time":1700818020000,"end_time":1700818079000},{"score":0,"score_max":3,"score_min":0,"flag":1,"level":1,"start_time":1700817960000,"end_time":1700818019000},{"score":0,"score_max":0,"score_min":0,"flag":1,"level":1,"start_time":1700817900000,"end_time":1700817959000},{"score":0,"score_max":0,"score_min":0,"flag":1,"level":1,"start_time":1700817840000,"end_time":1700817899000},{"score":0,"score_max":0,"score_min":0,"flag":1,"level":1,"start_time":1700817780000,"end_time":1700817839000},{"score":0,"score_max":0,"score_min":0,"flag":1,"level":1,"start_time":1700817720000,"end_time":1700817779000},{"score":0,"score_max":0,"score_min":0,"flag":1,"level":1,"start_time":1700817660000,"end_time":1700817719000},{"score":0,"score_max":0,"score_min":0,"flag":1,"level":1,"start_time":1700817600000,"end_time":1700817659000},{"score":0,"score_max":0,"score_min":0,"flag":1,"level":1,"start_time":1700817540000,"end_time":1700817599000},{"score":0,"score_max":0,"score_min":0,"flag":1,"level":1,"start_time":1700816640000,"end_time":1700816699000},{"score":4,"score_max":11,"score_min":1,"flag":1,"level":1,"start_time":1700816580000,"end_time":1700816639000},{"score":0,"score_max":1,"score_min":0,"flag":1,"level":1,"start_time":1700816400000,"end_time":1700816459000}]