[{"score":79,"score_max":95,"score_min":71,"flag":1,"level":1,"start_time":1701082740000,"end_time":1701082799000},{"score":75,"score_max":79,"score_min":73,"flag":1,"level":1,"start_time":1701082680000,"end_time":1701082739000},{"score":79,"score_max":87,"score_min":75,"flag":1,"level":0,"start_time":1701082620000,"end_time":1701082679000},{"score":88,"score_max":90,"score_min":87,"flag":1,"level":0,"start_time":1701082560000,"end_time":1701082619000},{"score":84,"score_max":98,"score_min":74,"flag":1,"level":0,"start_time":1701082500000,"end_time":1701082559000},{"score":87,"score_max":98,"score_min":61,"flag":1,"level":0,"start_time":1701082440000,"end_time":1701082499000},{"score":61,"score_max":68,"score_min":57,"flag":1,"level":1,"start_time":1701082380000,"end_time":1701082439000},{"score":37,"score_max":57,"score_min":24,"flag":1,"level":1,"start_time":1701082320000,"end_time":1701082379000},{"score":19,"score_max":25,"score_min":17,"flag":1,"level":1,"start_time":1701082260000,"end_time":1701082319000},{"score":24,"score_max":40,"score_min":17,"flag":1,"level":1,"start_time":1701082200000,"end_time":1701082259000},{"score":58,"score_max":65,"score_min":41,"flag":1,"level":1,"start_time":1701082140000,"end_time":1701082199000},{"score":62,"score_max":65,"score_min":57,"flag":1,"level":1,"start_time":1701082080000,"end_time":1701082139000},{"score":50,"score_max":63,"score_min":43,"flag":1,"level":1,"start_time":1701082020000,"end_time":1701082079000},{"score":64,"score_max":72,"score_min":33,"flag":1,"level":1,"start_time":1701081960000,"end_time":1701082019000},{"score":13,"score_max":29,"score_min":10,"flag":1,"level":1,"start_time":1701081900000,"end_time":1701081959000},{"score":15,"score_max":19,"score_min":13,"flag":1,"level":1,"start_time":1701081840000,"end_time":1701081899000},{"score":18,"score_max":23,"score_min":14,"flag":1,"level":1,"start_time":1701081780000,"end_time":1701081839000},{"score":37,"score_max":73,"score_min":17,"flag":1,"level":1,"start_time":1701081720000,"end_time":1701081779000},{"score":77,"score_max":80,"score_min":75,"flag":1,"level":0,"start_time":1701081660000,"end_time":1701081719000},{"score":20,"score_max":56,"score_min":11,"flag":1,"level":1,"start_time":1701081600000,"end_time":1701081659000},{"score":19,"score_max":24,"score_min":14,"flag":1,"level":1,"start_time":1701081540000,"end_time":1701081599000},{"score":12,"score_max":19,"score_min":6,"flag":1,"level":1,"start_time":1701081420000,"end_time":1701081479000},{"score":92,"score_max":93,"score_min":90,"flag":1,"level":0,"start_time":1701081360000,"end_time":1701081419000},{"score":87,"score_max":93,"score_min":75,"flag":1,"level":0,"start_time":1701081300000,"end_time":1701081359000},{"score":74,"score_max":77,"score_min":69,"flag":1,"level":1,"start_time":1701081240000,"end_time":1701081299000},{"score":65,"score_max":76,"score_min":57,"flag":1,"level":1,"start_time":1701081180000,"end_time":1701081239000},{"score":61,"score_max":77,"score_min":34,"flag":1,"level":1,"start_time":1701081120000,"end_time":1701081179000},{"score":31,"score_max":43,"score_min":26,"flag":1,"level":1,"start_time":1701081060000,"end_time":1701081119000},{"score":69,"score_max":91,"score_min":43,"flag":1,"level":0,"start_time":1701081000000,"end_time":1701081059000},{"score":95,"score_max":97,"score_min":91,"flag":1,"level":0,"start_time":1701080940000,"end_time":1701080999000},{"score":85,"score_max":95,"score_min":72,"flag":1,"level":0,"start_time":1701080880000,"end_time":1701080939000},{"score":68,"score_max":76,"score_min":62,"flag":1,"level":1,"start_time":1701080820000,"end_time":1701080879000},{"score":74,"score_max":82,"score_min":65,"flag":1,"level":1,"start_time":1701080760000,"end_time":1701080819000},{"score":92,"score_max":96,"score_min":81,"flag":1,"level":0,"start_time":1701080700000,"end_time":1701080759000},{"score":51,"score_max":88,"score_min":34,"flag":1,"level":1,"start_time":1701080640000,"end_time":1701080699000},{"score":64,"score_max":83,"score_min":35,"flag":1,"level":1,"start_time":1701080580000,"end_time":1701080639000},{"score":27,"score_max":38,"score_min":21,"flag":1,"level":1,"start_time":1701080520000,"end_time":1701080579000},{"score":70,"score_max":99,"score_min":41,"flag":1,"level":1,"start_time":1701080460000,"end_time":1701080519000}]