[{"score":77,"score_max":77,"score_min":77,"flag":1,"level":1,"start_time":1700692740000,"end_time":1700692799000},{"score":100,"score_max":100,"score_min":100,"flag":1,"level":0,"start_time":1700691960000,"end_time":1700692019000},{"score":100,"score_max":100,"score_min":100,"flag":1,"level":1,"start_time":1700691840000,"end_time":1700691899000},{"score":99,"score_max":100,"score_min":99,"flag":1,"level":1,"start_time":1700691780000,"end_time":1700691839000},{"score":83,"score_max":99,"score_min":5,"flag":1,"level":1,"start_time":1700691720000,"end_time":1700691779000},{"score":3,"score_max":6,"score_min":2,"flag":1,"level":1,"start_time":1700691660000,"end_time":1700691719000},{"score":1,"score_max":2,"score_min":1,"flag":1,"level":1,"start_time":1700691600000,"end_time":1700691659000},{"score":1,"score_max":2,"score_min":1,"flag":1,"level":1,"start_time":1700691540000,"end_time":1700691599000},{"score":2,"score_max":3,"score_min":2,"flag":1,"level":1,"start_time":1700691480000,"end_time":1700691539000},{"score":2,"score_max":3,"score_min":1,"flag":1,"level":1,"start_time":1700691420000,"end_time":1700691479000},{"score":1,"score_max":1,"score_min":1,"flag":1,"level":1,"start_time":1700691000000,"end_time":1700691059000},{"score":3,"score_max":3,"score_min":3,"flag":1,"level":1,"start_time":1700690640000,"end_time":1700690699000},{"score":17,"score_max":21,"score_min":13,"flag":1,"level":1,"start_time":1700690580000,"end_time":1700690639000},{"score":11,"score_max":17,"score_min":9,"flag":1,"level":1,"start_time":1700690520000,"end_time":1700690579000},{"score":22,"score_max":31,"score_min":7,"flag":1,"level":1,"start_time":1700690460000,"end_time":1700690519000},{"score":6,"score_max":14,"score_min":4,"flag":1,"level":1,"start_time":1700690400000,"end_time":1700690459000}]