[{"score":97,"score_max":99,"score_min":95,"flag":1,"level":1,"start_time":1701116640000,"end_time":1701116699000},{"score":98,"score_max":99,"score_min":98,"flag":1,"level":1,"start_time":1701116400000,"end_time":1701116459000},{"score":23,"score_max":65,"score_min":0,"flag":1,"level":1,"start_time":1701115860000,"end_time":1701115919000},{"score":0,"score_max":0,"score_min":0,"flag":1,"level":1,"start_time":1701115800000,"end_time":1701115859000},{"score":0,"score_max":0,"score_min":0,"flag":1,"level":1,"start_time":1701115740000,"end_time":1701115799000},{"score":0,"score_max":0,"score_min":0,"flag":1,"level":1,"start_time":1701115680000,"end_time":1701115739000},{"score":0,"score_max":0,"score_min":0,"flag":1,"level":1,"start_time":1701115620000,"end_time":1701115679000},{"score":0,"score_max":0,"score_min":0,"flag":1,"level":1,"start_time":1701115560000,"end_time":1701115619000},{"score":0,"score_max":0,"score_min":0,"flag":1,"level":1,"start_time":1701115500000,"end_time":1701115559000},{"score":0,"score_max":0,"score_min":0,"flag":1,"level":1,"start_time":1701115440000,"end_time":1701115499000},{"score":0,"score_max":0,"score_min":0,"flag":1,"level":1,"start_time":1701115380000,"end_time":1701115439000},{"score":0,"score_max":0,"score_min":0,"flag":1,"level":1,"start_time":1701115320000,"end_time":1701115379000},{"score":0,"score_max":0,"score_min":0,"flag":1,"level":1,"start_time":1701115260000,"end_time":1701115319000},{"score":0,"score_max":0,"score_min":0,"flag":1,"level":1,"start_time":1701115200000,"end_time":1701115259000}]