[{"heart_rate":66,"heart_rate_max":70,"heart_rate_min":64,"start_time":1701064740000,"end_time":1701064799000},{"heart_rate":66,"heart_rate_max":73,"heart_rate_min":60,"start_time":1701064680000,"end_time":1701064739000},{"heart_rate":67,"heart_rate_max":76,"heart_rate_min":61,"start_time":1701064620000,"end_time":1701064679000},{"heart_rate":64,"heart_rate_max":73,"heart_rate_min":57,"start_time":1701064560000,"end_time":1701064619000},{"heart_rate":61,"heart_rate_max":66,"heart_rate_min":58,"start_time":1701064500000,"end_time":1701064559000},{"heart_rate":66,"heart_rate_max":72,"heart_rate_min":63,"start_time":1701064440000,"end_time":1701064499000},{"heart_rate":67,"heart_rate_max":80,"heart_rate_min":61,"start_time":1701064380000,"end_time":1701064439000},{"heart_rate":68,"heart_rate_max":75,"heart_rate_min":63,"start_time":1701064320000,"end_time":1701064379000},{"heart_rate":64,"heart_rate_max":75,"heart_rate_min":61,"start_time":1701064260000,"end_time":1701064319000},{"heart_rate":69,"heart_rate_max":77,"heart_rate_min":61,"start_time":1701064200000,"end_time":1701064259000},{"heart_rate":63,"heart_rate_max":72,"heart_rate_min":61,"start_time":1701064140000,"end_time":1701064199000},{"heart_rate":66,"heart_rate_max":71,"heart_rate_min":62,"start_time":1701064080000,"end_time":1701064139000},{"heart_rate":68,"heart_rate_max":74,"heart_rate_min":64,"start_time":1701064020000,"end_time":1701064079000},{"heart_rate":61,"heart_rate_max":65,"heart_rate_min":56,"start_time":1701063960000,"end_time":1701064019000},{"heart_rate":67,"heart_rate_max":75,"heart_rate_min":63,"start_time":1701063900000,"end_time":1701063959000},{"heart_rate":63,"heart_rate_max":65,"heart_rate_min":61,"start_time":1701063840000,"end_time":1701063899000},{"heart_rate":61,"heart_rate_max":65,"heart_rate_min":60,"start_time":1701063780000,"end_time":1701063839000},{"heart_rate":64,"heart_rate_max":68,"heart_rate_min":63,"start_time":1701063720000,"end_time":1701063779000},{"heart_rate":61,"heart_rate_max":66,"heart_rate_min":58,"start_time":1701063660000,"end_time":1701063719000},{"heart_rate":66,"heart_rate_max":75,"heart_rate_min":59,"start_time":1701063600000,"end_time":1701063659000},{"heart_rate":69,"heart_rate_max":76,"heart_rate_min":58,"start_time":1701063540000,"end_time":1701063599000},{"heart_rate":63,"heart_rate_max":69,"heart_rate_min":59,"start_time":1701063480000,"end_time":1701063539000},{"heart_rate":62,"heart_rate_max":67,"heart_rate_min":60,"start_time":1701063420000,"end_time":1701063479000},{"heart_rate":61,"heart_rate_max":66,"heart_rate_min":59,"start_time":1701063360000,"end_time":1701063419000},{"heart_rate":61,"heart_rate_max":64,"heart_rate_min":57,"start_time":1701063300000,"end_time":1701063359000},{"heart_rate":62,"heart_rate_max":68,"heart_rate_min":58,"start_time":1701063240000,"end_time":1701063299000},{"heart_rate":63,"heart_rate_max":69,"heart_rate_min":59,"start_time":1701063180000,"end_time":1701063239000},{"heart_rate":60,"heart_rate_max":64,"heart_rate_min":57,"start_time":1701063120000,"end_time":1701063179000},{"heart_rate":67,"heart_rate_max":73,"heart_rate_min":57,"start_time":1701063060000,"end_time":1701063119000},{"heart_rate":67,"heart_rate_max":81,"heart_rate_min":58,"start_time":1701063000000,"end_time":1701063059000},{"heart_rate":63,"heart_rate_max":68,"heart_rate_min":60,"start_time":1701062940000,"end_time":1701062999000},{"heart_rate":72,"heart_rate_max":84,"heart_rate_min":64,"start_time":1701062880000,"end_time":1701062939000},{"heart_rate":70,"heart_rate_max":77,"heart_rate_min":65,"start_time":1701062820000,"end_time":1701062879000},{"heart_rate":69,"heart_rate_max":75,"heart_rate_min":64,"start_time":1701062760000,"end_time":1701062819000},{"heart_rate":71,"heart_rate_max":76,"heart_rate_min":66,"start_time":1701062700000,"end_time":1701062759000},{"heart_rate":71,"heart_rate_max":77,"heart_rate_min":67,"start_time":1701062640000,"end_time":1701062699000},{"heart_rate":61,"heart_rate_max":67,"heart_rate_min":58,"start_time":1701062580000,"end_time":1701062639000},{"heart_rate":62,"heart_rate_max":65,"heart_rate_min":61,"start_time":1701062520000,"end_time":1701062579000},{"heart_rate":63,"heart_rate_max":68,"heart_rate_min":62,"start_time":1701062460000,"end_time":1701062519000},{"heart_rate":64,"heart_rate_max":70,"heart_rate_min":62,"start_time":1701062400000,"end_time":1701062459000},{"heart_rate":68,"heart_rate_max":71,"heart_rate_min":66,"start_time":1701062340000,"end_time":1701062399000},{"heart_rate":73,"heart_rate_max":76,"heart_rate_min":72,"start_time":1701062280000,"end_time":1701062339000},{"heart_rate":68,"heart_rate_max":74,"heart_rate_min":63,"start_time":1701062220000,"end_time":1701062279000},{"heart_rate":65,"heart_rate_max":70,"heart_rate_min":61,"start_time":1701062160000,"end_time":1701062219000},{"heart_rate":66,"heart_rate_max":74,"heart_rate_min":61,"start_time":1701062100000,"end_time":1701062159000},{"heart_rate":64,"heart_rate_max":70,"heart_rate_min":60,"start_time":1701062040000,"end_time":1701062099000},{"heart_rate":62,"heart_rate_max":66,"heart_rate_min":61,"start_time":1701061980000,"end_time":1701062039000},{"heart_rate":63,"heart_rate_max":65,"heart_rate_min":62,"start_time":1701061920000,"end_time":1701061979000},{"heart_rate":64,"heart_rate_max":71,"heart_rate_min":62,"start_time":1701061860000,"end_time":1701061919000},{"heart_rate":78,"heart_rate_max":84,"heart_rate_min":73,"start_time":1701061800000,"end_time":1701061859000},{"heart_rate":71,"heart_rate_max":83,"heart_rate_min":68,"start_time":1701061740000,"end_time":1701061799000},{"heart_rate":71,"heart_rate_max":74,"heart_rate_min":68,"start_time":1701061680000,"end_time":1701061739000},{"heart_rate":69,"heart_rate_max":72,"heart_rate_min":67,"start_time":1701061620000,"end_time":1701061679000},{"heart_rate":70,"heart_rate_max":74,"heart_rate_min":67,"start_time":1701061560000,"end_time":1701061619000},{"heart_rate":70,"heart_rate_max":77,"heart_rate_min":67,"start_time":1701061500000,"end_time":1701061559000},{"heart_rate":71,"heart_rate_max":77,"heart_rate_min":67,"start_time":1701061440000,"end_time":1701061499000},{"heart_rate":62,"heart_rate_max":70,"heart_rate_min":60,"start_time":1701061380000,"end_time":1701061439000},{"heart_rate":64,"heart_rate_max":69,"heart_rate_min":62,"start_time":1701061320000,"end_time":1701061379000},{"heart_rate":68,"heart_rate_max":72,"heart_rate_min":64,"start_time":1701061260000,"end_time":1701061319000},{"heart_rate":68,"heart_rate_max":72,"heart_rate_min":65,"start_time":1701061200000,"end_time":1701061259000}]