[{"heart_rate":88,"heart_rate_max":91,"heart_rate_min":84,"start_time":1700909940000,"end_time":1700909999000},{"heart_rate":87,"heart_rate_max":93,"heart_rate_min":84,"start_time":1700909880000,"end_time":1700909939000},{"heart_rate":82,"heart_rate_max":87,"heart_rate_min":79,"start_time":1700909820000,"end_time":1700909879000},{"heart_rate":82,"heart_rate_max":89,"heart_rate_min":78,"start_time":1700909760000,"end_time":1700909819000},{"heart_rate":88,"heart_rate_max":93,"heart_rate_min":83,"start_time":1700909700000,"end_time":1700909759000},{"heart_rate":85,"heart_rate_max":89,"heart_rate_min":82,"start_time":1700909640000,"end_time":1700909699000},{"heart_rate":79,"heart_rate_max":88,"heart_rate_min":74,"start_time":1700909580000,"end_time":1700909639000},{"heart_rate":83,"heart_rate_max":90,"heart_rate_min":80,"start_time":1700909520000,"end_time":1700909579000},{"heart_rate":78,"heart_rate_max":86,"heart_rate_min":75,"start_time":1700909460000,"end_time":1700909519000},{"heart_rate":78,"heart_rate_max":82,"heart_rate_min":74,"start_time":1700909400000,"end_time":1700909459000},{"heart_rate":77,"heart_rate_max":80,"heart_rate_min":76,"start_time":1700909340000,"end_time":1700909399000},{"heart_rate":76,"heart_rate_max":78,"heart_rate_min":73,"start_time":1700909280000,"end_time":1700909339000},{"heart_rate":76,"heart_rate_max":81,"heart_rate_min":74,"start_time":1700909220000,"end_time":1700909279000},{"heart_rate":79,"heart_rate_max":85,"heart_rate_min":77,"start_time":1700909160000,"end_time":1700909219000},{"heart_rate":77,"heart_rate_max":81,"heart_rate_min":74,"start_time":1700909100000,"end_time":1700909159000},{"heart_rate":77,"heart_rate_max":82,"heart_rate_min":73,"start_time":1700909040000,"end_time":1700909099000},{"heart_rate":80,"heart_rate_max":84,"heart_rate_min":78,"start_time":1700908980000,"end_time":1700909039000},{"heart_rate":77,"heart_rate_max":87,"heart_rate_min":74,"start_time":1700908920000,"end_time":1700908979000},{"heart_rate":92,"heart_rate_max":93,"heart_rate_min":91,"start_time":1700908860000,"end_time":1700908919000},{"heart_rate":82,"heart_rate_max":85,"heart_rate_min":80,"start_time":1700908800000,"end_time":1700908859000},{"heart_rate":81,"heart_rate_max":87,"heart_rate_min":72,"start_time":1700908740000,"end_time":1700908799000},{"heart_rate":70,"heart_rate_max":76,"heart_rate_min":65,"start_time":1700908680000,"end_time":1700908739000},{"heart_rate":78,"heart_rate_max":84,"heart_rate_min":73,"start_time":1700908620000,"end_time":1700908679000},{"heart_rate":75,"heart_rate_max":80,"heart_rate_min":70,"start_time":1700908560000,"end_time":1700908619000},{"heart_rate":68,"heart_rate_max":75,"heart_rate_min":64,"start_time":1700908500000,"end_time":1700908559000},{"heart_rate":67,"heart_rate_max":71,"heart_rate_min":65,"start_time":1700908440000,"end_time":1700908499000},{"heart_rate":71,"heart_rate_max":73,"heart_rate_min":69,"start_time":1700908380000,"end_time":1700908439000},{"heart_rate":74,"heart_rate_max":79,"heart_rate_min":73,"start_time":1700908320000,"end_time":1700908379000},{"heart_rate":75,"heart_rate_max":79,"heart_rate_min":71,"start_time":1700908260000,"end_time":1700908319000},{"heart_rate":71,"heart_rate_max":77,"heart_rate_min":67,"start_time":1700908200000,"end_time":1700908259000},{"heart_rate":78,"heart_rate_max":91,"heart_rate_min":73,"start_time":1700908140000,"end_time":1700908199000},{"heart_rate":79,"heart_rate_max":82,"heart_rate_min":78,"start_time":1700908020000,"end_time":1700908079000},{"heart_rate":86,"heart_rate_max":88,"heart_rate_min":86,"start_time":1700906940000,"end_time":1700906999000},{"heart_rate":93,"heart_rate_max":97,"heart_rate_min":80,"start_time":1700906880000,"end_time":1700906939000},{"heart_rate":74,"heart_rate_max":79,"heart_rate_min":72,"start_time":1700906820000,"end_time":1700906879000},{"heart_rate":78,"heart_rate_max":82,"heart_rate_min":75,"start_time":1700906760000,"end_time":1700906819000},{"heart_rate":74,"heart_rate_max":80,"heart_rate_min":69,"start_time":1700906700000,"end_time":1700906759000},{"heart_rate":77,"heart_rate_max":82,"heart_rate_min":69,"start_time":1700906640000,"end_time":1700906699000},{"heart_rate":74,"heart_rate_max":77,"heart_rate_min":71,"start_time":1700906580000,"end_time":1700906639000},{"heart_rate":77,"heart_rate_max":79,"heart_rate_min":75,"start_time":1700906520000,"end_time":1700906579000},{"heart_rate":103,"heart_rate_max":104,"heart_rate_min":103,"start_time":1700906460000,"end_time":1700906519000},{"heart_rate":101,"heart_rate_max":104,"heart_rate_min":100,"start_time":1700906400000,"end_time":1700906459000}]