[{"heart_rate":86,"heart_rate_max":88,"heart_rate_min":85,"start_time":1700873100000,"end_time":1700873159000},{"heart_rate":89,"heart_rate_max":92,"heart_rate_min":87,"start_time":1700873040000,"end_time":1700873099000},{"heart_rate":86,"heart_rate_max":102,"heart_rate_min":83,"start_time":1700872980000,"end_time":1700873039000},{"heart_rate":81,"heart_rate_max":89,"heart_rate_min":76,"start_time":1700872920000,"end_time":1700872979000},{"heart_rate":88,"heart_rate_max":91,"heart_rate_min":86,"start_time":1700872860000,"end_time":1700872919000},{"heart_rate":84,"heart_rate_max":91,"heart_rate_min":80,"start_time":1700872800000,"end_time":1700872859000},{"heart_rate":84,"heart_rate_max":87,"heart_rate_min":79,"start_time":1700872740000,"end_time":1700872799000},{"heart_rate":79,"heart_rate_max":87,"heart_rate_min":73,"start_time":1700872680000,"end_time":1700872739000},{"heart_rate":76,"heart_rate_max":78,"heart_rate_min":75,"start_time":1700872620000,"end_time":1700872679000},{"heart_rate":75,"heart_rate_max":78,"heart_rate_min":71,"start_time":1700872560000,"end_time":1700872619000},{"heart_rate":74,"heart_rate_max":77,"heart_rate_min":72,"start_time":1700872500000,"end_time":1700872559000},{"heart_rate":79,"heart_rate_max":83,"heart_rate_min":77,"start_time":1700872440000,"end_time":1700872499000},{"heart_rate":77,"heart_rate_max":80,"heart_rate_min":76,"start_time":1700872380000,"end_time":1700872439000},{"heart_rate":79,"heart_rate_max":82,"heart_rate_min":76,"start_time":1700872320000,"end_time":1700872379000},{"heart_rate":80,"heart_rate_max":82,"heart_rate_min":79,"start_time":1700872260000,"end_time":1700872319000},{"heart_rate":79,"heart_rate_max":82,"heart_rate_min":76,"start_time":1700872200000,"end_time":1700872259000},{"heart_rate":79,"heart_rate_max":81,"heart_rate_min":77,"start_time":1700872140000,"end_time":1700872199000},{"heart_rate":80,"heart_rate_max":82,"heart_rate_min":78,"start_time":1700872080000,"end_time":1700872139000},{"heart_rate":79,"heart_rate_max":83,"heart_rate_min":76,"start_time":1700872020000,"end_time":1700872079000},{"heart_rate":74,"heart_rate_max":76,"heart_rate_min":72,"start_time":1700871960000,"end_time":1700872019000},{"heart_rate":76,"heart_rate_max":79,"heart_rate_min":74,"start_time":1700871900000,"end_time":1700871959000},{"heart_rate":77,"heart_rate_max":80,"heart_rate_min":76,"start_time":1700871840000,"end_time":1700871899000},{"heart_rate":79,"heart_rate_max":82,"heart_rate_min":78,"start_time":1700871780000,"end_time":1700871839000},{"heart_rate":84,"heart_rate_max":90,"heart_rate_min":78,"start_time":1700871720000,"end_time":1700871779000},{"heart_rate":82,"heart_rate_max":86,"heart_rate_min":79,"start_time":1700871660000,"end_time":1700871719000},{"heart_rate":84,"heart_rate_max":86,"heart_rate_min":80,"start_time":1700871600000,"end_time":1700871659000},{"heart_rate":86,"heart_rate_max":89,"heart_rate_min":84,"start_time":1700871540000,"end_time":1700871599000},{"heart_rate":88,"heart_rate_max":90,"heart_rate_min":86,"start_time":1700871480000,"end_time":1700871539000},{"heart_rate":89,"heart_rate_max":93,"heart_rate_min":88,"start_time":1700871420000,"end_time":1700871479000},{"heart_rate":89,"heart_rate_max":91,"heart_rate_min":88,"start_time":1700871360000,"end_time":1700871419000},{"heart_rate":87,"heart_rate_max":90,"heart_rate_min":83,"start_time":1700871300000,"end_time":1700871359000},{"heart_rate":93,"heart_rate_max":102,"heart_rate_min":89,"start_time":1700871240000,"end_time":1700871299000},{"heart_rate":90,"heart_rate_max":96,"heart_rate_min":88,"start_time":1700871180000,"end_time":1700871239000},{"heart_rate":94,"heart_rate_max":99,"heart_rate_min":89,"start_time":1700871120000,"end_time":1700871179000},{"heart_rate":84,"heart_rate_max":91,"heart_rate_min":80,"start_time":1700871060000,"end_time":1700871119000},{"heart_rate":89,"heart_rate_max":93,"heart_rate_min":86,"start_time":1700871000000,"end_time":1700871059000},{"heart_rate":88,"heart_rate_max":93,"heart_rate_min":84,"start_time":1700870940000,"end_time":1700870999000},{"heart_rate":91,"heart_rate_max":99,"heart_rate_min":86,"start_time":1700870880000,"end_time":1700870939000},{"heart_rate":93,"heart_rate_max":100,"heart_rate_min":87,"start_time":1700870820000,"end_time":1700870879000},{"heart_rate":88,"heart_rate_max":92,"heart_rate_min":85,"start_time":1700870760000,"end_time":1700870819000},{"heart_rate":83,"heart_rate_max":88,"heart_rate_min":77,"start_time":1700870700000,"end_time":1700870759000},{"heart_rate":80,"heart_rate_max":87,"heart_rate_min":76,"start_time":1700870640000,"end_time":1700870699000},{"heart_rate":81,"heart_rate_max":84,"heart_rate_min":80,"start_time":1700870580000,"end_time":1700870639000},{"heart_rate":101,"heart_rate_max":101,"heart_rate_min":95,"start_time":1700870520000,"end_time":1700870579000},{"heart_rate":90,"heart_rate_max":95,"heart_rate_min":85,"start_time":1700870460000,"end_time":1700870519000},{"heart_rate":79,"heart_rate_max":85,"heart_rate_min":68,"start_time":1700870400000,"end_time":1700870459000}]