[{"heart_rate":67,"heart_rate_max":72,"heart_rate_min":64,"start_time":1701003540000,"end_time":1701003599000},{"heart_rate":67,"heart_rate_max":71,"heart_rate_min":64,"start_time":1701003480000,"end_time":1701003539000},{"heart_rate":64,"heart_rate_max":65,"heart_rate_min":63,"start_time":1701003420000,"end_time":1701003479000},{"heart_rate":65,"heart_rate_max":67,"heart_rate_min":64,"start_time":1701003360000,"end_time":1701003419000},{"heart_rate":66,"heart_rate_max":68,"heart_rate_min":65,"start_time":1701003300000,"end_time":1701003359000},{"heart_rate":66,"heart_rate_max":71,"heart_rate_min":64,"start_time":1701003240000,"end_time":1701003299000},{"heart_rate":68,"heart_rate_max":70,"heart_rate_min":65,"start_time":1701003180000,"end_time":1701003239000},{"heart_rate":68,"heart_rate_max":72,"heart_rate_min":66,"start_time":1701003120000,"end_time":1701003179000},{"heart_rate":70,"heart_rate_max":81,"heart_rate_min":66,"start_time":1701003060000,"end_time":1701003119000},{"heart_rate":67,"heart_rate_max":71,"heart_rate_min":66,"start_time":1701003000000,"end_time":1701003059000},{"heart_rate":67,"heart_rate_max":71,"heart_rate_min":66,"start_time":1701002940000,"end_time":1701002999000},{"heart_rate":68,"heart_rate_max":71,"heart_rate_min":66,"start_time":1701002880000,"end_time":1701002939000},{"heart_rate":69,"heart_rate_max":73,"heart_rate_min":67,"start_time":1701002820000,"end_time":1701002879000},{"heart_rate":71,"heart_rate_max":76,"heart_rate_min":68,"start_time":1701002760000,"end_time":1701002819000},{"heart_rate":77,"heart_rate_max":91,"heart_rate_min":66,"start_time":1701002700000,"end_time":1701002759000},{"heart_rate":86,"heart_rate_max":95,"heart_rate_min":77,"start_time":1701002640000,"end_time":1701002699000},{"heart_rate":77,"heart_rate_max":80,"heart_rate_min":76,"start_time":1701002580000,"end_time":1701002639000},{"heart_rate":81,"heart_rate_max":86,"heart_rate_min":79,"start_time":1701002520000,"end_time":1701002579000},{"heart_rate":75,"heart_rate_max":81,"heart_rate_min":69,"start_time":1701002460000,"end_time":1701002519000},{"heart_rate":75,"heart_rate_max":83,"heart_rate_min":70,"start_time":1701002400000,"end_time":1701002459000},{"heart_rate":79,"heart_rate_max":83,"heart_rate_min":77,"start_time":1701002340000,"end_time":1701002399000},{"heart_rate":78,"heart_rate_max":84,"heart_rate_min":69,"start_time":1701002280000,"end_time":1701002339000},{"heart_rate":66,"heart_rate_max":69,"heart_rate_min":64,"start_time":1701002220000,"end_time":1701002279000},{"heart_rate":68,"heart_rate_max":76,"heart_rate_min":65,"start_time":1701002160000,"end_time":1701002219000},{"heart_rate":64,"heart_rate_max":75,"heart_rate_min":62,"start_time":1701002100000,"end_time":1701002159000},{"heart_rate":67,"heart_rate_max":69,"heart_rate_min":64,"start_time":1701002040000,"end_time":1701002099000},{"heart_rate":66,"heart_rate_max":71,"heart_rate_min":65,"start_time":1701001980000,"end_time":1701002039000},{"heart_rate":66,"heart_rate_max":68,"heart_rate_min":65,"start_time":1701001920000,"end_time":1701001979000},{"heart_rate":66,"heart_rate_max":71,"heart_rate_min":65,"start_time":1701001860000,"end_time":1701001919000},{"heart_rate":65,"heart_rate_max":70,"heart_rate_min":64,"start_time":1701001800000,"end_time":1701001859000},{"heart_rate":67,"heart_rate_max":69,"heart_rate_min":61,"start_time":1701001740000,"end_time":1701001799000},{"heart_rate":67,"heart_rate_max":69,"heart_rate_min":65,"start_time":1701001680000,"end_time":1701001739000},{"heart_rate":65,"heart_rate_max":69,"heart_rate_min":63,"start_time":1701001620000,"end_time":1701001679000},{"heart_rate":64,"heart_rate_max":66,"heart_rate_min":60,"start_time":1701001560000,"end_time":1701001619000},{"heart_rate":66,"heart_rate_max":70,"heart_rate_min":64,"start_time":1701001500000,"end_time":1701001559000},{"heart_rate":67,"heart_rate_max":72,"heart_rate_min":64,"start_time":1701001440000,"end_time":1701001499000},{"heart_rate":72,"heart_rate_max":88,"heart_rate_min":66,"start_time":1701001380000,"end_time":1701001439000},{"heart_rate":67,"heart_rate_max":68,"heart_rate_min":66,"start_time":1701001320000,"end_time":1701001379000},{"heart_rate":69,"heart_rate_max":71,"heart_rate_min":67,"start_time":1701001260000,"end_time":1701001319000},{"heart_rate":69,"heart_rate_max":71,"heart_rate_min":68,"start_time":1701001200000,"end_time":1701001259000},{"heart_rate":70,"heart_rate_max":72,"heart_rate_min":69,"start_time":1701001140000,"end_time":1701001199000},{"heart_rate":70,"heart_rate_max":74,"heart_rate_min":68,"start_time":1701001080000,"end_time":1701001139000},{"heart_rate":70,"heart_rate_max":74,"heart_rate_min":67,"start_time":1701001020000,"end_time":1701001079000},{"heart_rate":72,"heart_rate_max":76,"heart_rate_min":71,"start_time":1701000960000,"end_time":1701001019000},{"heart_rate":70,"heart_rate_max":73,"heart_rate_min":69,"start_time":1701000900000,"end_time":1701000959000},{"heart_rate":70,"heart_rate_max":74,"heart_rate_min":68,"start_time":1701000840000,"end_time":1701000899000},{"heart_rate":78,"heart_rate_max":82,"heart_rate_min":72,"start_time":1701000780000,"end_time":1701000839000},{"heart_rate":78,"heart_rate_max":80,"heart_rate_min":75,"start_time":1701000720000,"end_time":1701000779000},{"heart_rate":78,"heart_rate_max":86,"heart_rate_min":75,"start_time":1701000660000,"end_time":1701000719000},{"heart_rate":77,"heart_rate_max":86,"heart_rate_min":69,"start_time":1701000600000,"end_time":1701000659000},{"heart_rate":73,"heart_rate_max":86,"heart_rate_min":68,"start_time":1701000540000,"end_time":1701000599000},{"heart_rate":74,"heart_rate_max":84,"heart_rate_min":67,"start_time":1701000480000,"end_time":1701000539000},{"heart_rate":69,"heart_rate_max":72,"heart_rate_min":68,"start_time":1701000420000,"end_time":1701000479000},{"heart_rate":69,"heart_rate_max":72,"heart_rate_min":66,"start_time":1701000360000,"end_time":1701000419000},{"heart_rate":69,"heart_rate_max":73,"heart_rate_min":66,"start_time":1701000300000,"end_time":1701000359000},{"heart_rate":69,"heart_rate_max":74,"heart_rate_min":66,"start_time":1701000240000,"end_time":1701000299000},{"heart_rate":68,"heart_rate_max":70,"heart_rate_min":67,"start_time":1701000180000,"end_time":1701000239000},{"heart_rate":68,"heart_rate_max":71,"heart_rate_min":66,"start_time":1701000120000,"end_time":1701000179000},{"heart_rate":68,"heart_rate_max":75,"heart_rate_min":64,"start_time":1701000060000,"end_time":1701000119000},{"heart_rate":68,"heart_rate_max":71,"heart_rate_min":67,"start_time":1701000000000,"end_time":1701000059000}]