[{"heart_rate":78,"heart_rate_max":81,"heart_rate_min":76,"start_time":1701133140000,"end_time":1701133199000},{"heart_rate":86,"heart_rate_max":87,"heart_rate_min":85,"start_time":1701133080000,"end_time":1701133139000},{"heart_rate":72,"heart_rate_max":77,"heart_rate_min":63,"start_time":1701132840000,"end_time":1701132899000},{"heart_rate":96,"heart_rate_max":100,"heart_rate_min":94,"start_time":1701132780000,"end_time":1701132839000},{"heart_rate":82,"heart_rate_max":82,"heart_rate_min":82,"start_time":1701132600000,"end_time":1701132659000},{"heart_rate":65,"heart_rate_max":69,"heart_rate_min":62,"start_time":1701132540000,"end_time":1701132599000},{"heart_rate":55,"heart_rate_max":61,"heart_rate_min":52,"start_time":1701132480000,"end_time":1701132539000},{"heart_rate":61,"heart_rate_max":65,"heart_rate_min":56,"start_time":1701132300000,"end_time":1701132359000},{"heart_rate":70,"heart_rate_max":81,"heart_rate_min":60,"start_time":1701132240000,"end_time":1701132299000},{"heart_rate":69,"heart_rate_max":70,"heart_rate_min":68,"start_time":1701131820000,"end_time":1701131879000},{"heart_rate":70,"heart_rate_max":76,"heart_rate_min":66,"start_time":1701131760000,"end_time":1701131819000},{"heart_rate":58,"heart_rate_max":70,"heart_rate_min":52,"start_time":1701131700000,"end_time":1701131759000},{"heart_rate":64,"heart_rate_max":71,"heart_rate_min":49,"start_time":1701131640000,"end_time":1701131699000},{"heart_rate":66,"heart_rate_max":78,"heart_rate_min":65,"start_time":1701131580000,"end_time":1701131639000},{"heart_rate":88,"heart_rate_max":91,"heart_rate_min":84,"start_time":1701131520000,"end_time":1701131579000},{"heart_rate":76,"heart_rate_max":83,"heart_rate_min":71,"start_time":1701131460000,"end_time":1701131519000},{"heart_rate":84,"heart_rate_max":86,"heart_rate_min":82,"start_time":1701131340000,"end_time":1701131399000},{"heart_rate":88,"heart_rate_max":88,"heart_rate_min":88,"start_time":1701131280000,"end_time":1701131339000},{"heart_rate":59,"heart_rate_max":63,"heart_rate_min":55,"start_time":1701131040000,"end_time":1701131099000},{"heart_rate":71,"heart_rate_max":73,"heart_rate_min":69,"start_time":1701130740000,"end_time":1701130799000},{"heart_rate":72,"heart_rate_max":73,"heart_rate_min":71,"start_time":1701130680000,"end_time":1701130739000},{"heart_rate":68,"heart_rate_max":71,"heart_rate_min":67,"start_time":1701130620000,"end_time":1701130679000},{"heart_rate":65,"heart_rate_max":67,"heart_rate_min":65,"start_time":1701130560000,"end_time":1701130619000},{"heart_rate":61,"heart_rate_max":65,"heart_rate_min":59,"start_time":1701130500000,"end_time":1701130559000},{"heart_rate":59,"heart_rate_max":67,"heart_rate_min":54,"start_time":1701130440000,"end_time":1701130499000},{"heart_rate":65,"heart_rate_max":67,"heart_rate_min":64,"start_time":1701130380000,"end_time":1701130439000},{"heart_rate":62,"heart_rate_max":64,"heart_rate_min":62,"start_time":1701130320000,"end_time":1701130379000},{"heart_rate":60,"heart_rate_max":62,"heart_rate_min":60,"start_time":1701130260000,"end_time":1701130319000}]