[{"heart_rate":50,"heart_rate_max":52,"heart_rate_min":50,"start_time":1700852340000,"end_time":1700852399000},{"heart_rate":50,"heart_rate_max":52,"heart_rate_min":50,"start_time":1700852280000,"end_time":1700852339000},{"heart_rate":51,"heart_rate_max":55,"heart_rate_min":50,"start_time":1700852220000,"end_time":1700852279000},{"heart_rate":51,"heart_rate_max":52,"heart_rate_min":50,"start_time":1700852160000,"end_time":1700852219000},{"heart_rate":51,"heart_rate_max":52,"heart_rate_min":51,"start_time":1700852100000,"end_time":1700852159000},{"heart_rate":50,"heart_rate_max":51,"heart_rate_min":49,"start_time":1700852040000,"end_time":1700852099000},{"heart_rate":50,"heart_rate_max":52,"heart_rate_min":50,"start_time":1700851980000,"end_time":1700852039000},{"heart_rate":50,"heart_rate_max":51,"heart_rate_min":49,"start_time":1700851920000,"end_time":1700851979000},{"heart_rate":50,"heart_rate_max":52,"heart_rate_min":48,"start_time":1700851860000,"end_time":1700851919000},{"heart_rate":50,"heart_rate_max":52,"heart_rate_min":50,"start_time":1700851800000,"end_time":1700851859000},{"heart_rate":51,"heart_rate_max":54,"heart_rate_min":49,"start_time":1700851740000,"end_time":1700851799000},{"heart_rate":50,"heart_rate_max":52,"heart_rate_min":50,"start_time":1700851680000,"end_time":1700851739000},{"heart_rate":51,"heart_rate_max":52,"heart_rate_min":51,"start_time":1700851620000,"end_time":1700851679000},{"heart_rate":51,"heart_rate_max":53,"heart_rate_min":51,"start_time":1700851560000,"end_time":1700851619000},{"heart_rate":51,"heart_rate_max":52,"heart_rate_min":51,"start_time":1700851500000,"end_time":1700851559000},{"heart_rate":50,"heart_rate_max":52,"heart_rate_min":49,"start_time":1700851440000,"end_time":1700851499000},{"heart_rate":49,"heart_rate_max":51,"heart_rate_min":48,"start_time":1700851380000,"end_time":1700851439000},{"heart_rate":49,"heart_rate_max":51,"heart_rate_min":48,"start_time":1700851320000,"end_time":1700851379000},{"heart_rate":53,"heart_rate_max":66,"heart_rate_min":48,"start_time":1700851260000,"end_time":1700851319000},{"heart_rate":51,"heart_rate_max":65,"heart_rate_min":49,"start_time":1700851200000,"end_time":1700851259000},{"heart_rate":50,"heart_rate_max":52,"heart_rate_min":49,"start_time":1700851140000,"end_time":1700851199000},{"heart_rate":50,"heart_rate_max":51,"heart_rate_min":49,"start_time":1700851080000,"end_time":1700851139000},{"heart_rate":50,"heart_rate_max":51,"heart_rate_min":49,"start_time":1700851020000,"end_time":1700851079000},{"heart_rate":49,"heart_rate_max":51,"heart_rate_min":48,"start_time":1700850960000,"end_time":1700851019000},{"heart_rate":51,"heart_rate_max":53,"heart_rate_min":49,"start_time":1700850900000,"end_time":1700850959000},{"heart_rate":50,"heart_rate_max":52,"heart_rate_min":49,"start_time":1700850840000,"end_time":1700850899000},{"heart_rate":49,"heart_rate_max":52,"heart_rate_min":47,"start_time":1700850780000,"end_time":1700850839000},{"heart_rate":51,"heart_rate_max":56,"heart_rate_min":48,"start_time":1700850720000,"end_time":1700850779000},{"heart_rate":50,"heart_rate_max":52,"heart_rate_min":49,"start_time":1700850660000,"end_time":1700850719000},{"heart_rate":50,"heart_rate_max":52,"heart_rate_min":49,"start_time":1700850600000,"end_time":1700850659000},{"heart_rate":51,"heart_rate_max":54,"heart_rate_min":51,"start_time":1700850540000,"end_time":1700850599000},{"heart_rate":51,"heart_rate_max":53,"heart_rate_min":50,"start_time":1700850480000,"end_time":1700850539000},{"heart_rate":53,"heart_rate_max":55,"heart_rate_min":51,"start_time":1700850420000,"end_time":1700850479000},{"heart_rate":51,"heart_rate_max":53,"heart_rate_min":51,"start_time":1700850360000,"end_time":1700850419000},{"heart_rate":51,"heart_rate_max":53,"heart_rate_min":51,"start_time":1700850300000,"end_time":1700850359000},{"heart_rate":53,"heart_rate_max":54,"heart_rate_min":52,"start_time":1700850240000,"end_time":1700850299000},{"heart_rate":52,"heart_rate_max":54,"heart_rate_min":51,"start_time":1700850180000,"end_time":1700850239000},{"heart_rate":51,"heart_rate_max":52,"heart_rate_min":50,"start_time":1700850120000,"end_time":1700850179000},{"heart_rate":51,"heart_rate_max":52,"heart_rate_min":50,"start_time":1700850060000,"end_time":1700850119000},{"heart_rate":51,"heart_rate_max":53,"heart_rate_min":50,"start_time":1700850000000,"end_time":1700850059000},{"heart_rate":52,"heart_rate_max":53,"heart_rate_min":51,"start_time":1700849940000,"end_time":1700849999000},{"heart_rate":52,"heart_rate_max":53,"heart_rate_min":52,"start_time":1700849880000,"end_time":1700849939000},{"heart_rate":50,"heart_rate_max":53,"heart_rate_min":48,"start_time":1700849820000,"end_time":1700849879000},{"heart_rate":53,"heart_rate_max":59,"heart_rate_min":49,"start_time":1700849760000,"end_time":1700849819000},{"heart_rate":53,"heart_rate_max":56,"heart_rate_min":52,"start_time":1700849700000,"end_time":1700849759000},{"heart_rate":55,"heart_rate_max":57,"heart_rate_min":54,"start_time":1700849640000,"end_time":1700849699000},{"heart_rate":56,"heart_rate_max":58,"heart_rate_min":56,"start_time":1700849580000,"end_time":1700849639000},{"heart_rate":56,"heart_rate_max":58,"heart_rate_min":55,"start_time":1700849520000,"end_time":1700849579000},{"heart_rate":55,"heart_rate_max":57,"heart_rate_min":52,"start_time":1700849460000,"end_time":1700849519000},{"heart_rate":54,"heart_rate_max":56,"heart_rate_min":52,"start_time":1700849400000,"end_time":1700849459000},{"heart_rate":51,"heart_rate_max":54,"heart_rate_min":49,"start_time":1700849340000,"end_time":1700849399000},{"heart_rate":50,"heart_rate_max":51,"heart_rate_min":50,"start_time":1700849280000,"end_time":1700849339000},{"heart_rate":52,"heart_rate_max":56,"heart_rate_min":50,"start_time":1700849220000,"end_time":1700849279000},{"heart_rate":59,"heart_rate_max":68,"heart_rate_min":52,"start_time":1700849160000,"end_time":1700849219000},{"heart_rate":52,"heart_rate_max":54,"heart_rate_min":51,"start_time":1700849100000,"end_time":1700849159000},{"heart_rate":53,"heart_rate_max":57,"heart_rate_min":50,"start_time":1700849040000,"end_time":1700849099000},{"heart_rate":53,"heart_rate_max":55,"heart_rate_min":52,"start_time":1700848980000,"end_time":1700849039000},{"heart_rate":51,"heart_rate_max":54,"heart_rate_min":49,"start_time":1700848920000,"end_time":1700848979000},{"heart_rate":52,"heart_rate_max":54,"heart_rate_min":51,"start_time":1700848860000,"end_time":1700848919000},{"heart_rate":54,"heart_rate_max":57,"heart_rate_min":51,"start_time":1700848800000,"end_time":1700848859000}]