[{"heart_rate":77,"heart_rate_max":85,"heart_rate_min":74,"start_time":1700992740000,"end_time":1700992799000},{"heart_rate":77,"heart_rate_max":84,"heart_rate_min":71,"start_time":1700992680000,"end_time":1700992739000},{"heart_rate":74,"heart_rate_max":80,"heart_rate_min":71,"start_time":1700992620000,"end_time":1700992679000},{"heart_rate":75,"heart_rate_max":78,"heart_rate_min":73,"start_time":1700992560000,"end_time":1700992619000},{"heart_rate":76,"heart_rate_max":83,"heart_rate_min":71,"start_time":1700992440000,"end_time":1700992499000},{"heart_rate":75,"heart_rate_max":82,"heart_rate_min":71,"start_time":1700992380000,"end_time":1700992439000},{"heart_rate":73,"heart_rate_max":76,"heart_rate_min":71,"start_time":1700992320000,"end_time":1700992379000},{"heart_rate":73,"heart_rate_max":77,"heart_rate_min":70,"start_time":1700992260000,"end_time":1700992319000},{"heart_rate":73,"heart_rate_max":77,"heart_rate_min":71,"start_time":1700992200000,"end_time":1700992259000},{"heart_rate":72,"heart_rate_max":78,"heart_rate_min":67,"start_time":1700992140000,"end_time":1700992199000},{"heart_rate":73,"heart_rate_max":79,"heart_rate_min":69,"start_time":1700992080000,"end_time":1700992139000},{"heart_rate":72,"heart_rate_max":75,"heart_rate_min":70,"start_time":1700992020000,"end_time":1700992079000},{"heart_rate":82,"heart_rate_max":87,"heart_rate_min":74,"start_time":1700991960000,"end_time":1700992019000},{"heart_rate":83,"heart_rate_max":88,"heart_rate_min":80,"start_time":1700991900000,"end_time":1700991959000},{"heart_rate":77,"heart_rate_max":82,"heart_rate_min":72,"start_time":1700991840000,"end_time":1700991899000},{"heart_rate":75,"heart_rate_max":79,"heart_rate_min":72,"start_time":1700991780000,"end_time":1700991839000},{"heart_rate":73,"heart_rate_max":76,"heart_rate_min":70,"start_time":1700991720000,"end_time":1700991779000},{"heart_rate":94,"heart_rate_max":98,"heart_rate_min":89,"start_time":1700991660000,"end_time":1700991719000},{"heart_rate":65,"heart_rate_max":69,"heart_rate_min":64,"start_time":1700991480000,"end_time":1700991539000},{"heart_rate":73,"heart_rate_max":81,"heart_rate_min":69,"start_time":1700991420000,"end_time":1700991479000},{"heart_rate":70,"heart_rate_max":78,"heart_rate_min":65,"start_time":1700991360000,"end_time":1700991419000},{"heart_rate":73,"heart_rate_max":80,"heart_rate_min":69,"start_time":1700991300000,"end_time":1700991359000},{"heart_rate":69,"heart_rate_max":85,"heart_rate_min":62,"start_time":1700991240000,"end_time":1700991299000},{"heart_rate":68,"heart_rate_max":86,"heart_rate_min":61,"start_time":1700991180000,"end_time":1700991239000},{"heart_rate":63,"heart_rate_max":69,"heart_rate_min":61,"start_time":1700991120000,"end_time":1700991179000},{"heart_rate":68,"heart_rate_max":72,"heart_rate_min":65,"start_time":1700991060000,"end_time":1700991119000},{"heart_rate":64,"heart_rate_max":70,"heart_rate_min":62,"start_time":1700991000000,"end_time":1700991059000},{"heart_rate":65,"heart_rate_max":72,"heart_rate_min":62,"start_time":1700990940000,"end_time":1700990999000},{"heart_rate":68,"heart_rate_max":73,"heart_rate_min":65,"start_time":1700990880000,"end_time":1700990939000},{"heart_rate":63,"heart_rate_max":70,"heart_rate_min":61,"start_time":1700990820000,"end_time":1700990879000},{"heart_rate":63,"heart_rate_max":65,"heart_rate_min":61,"start_time":1700990760000,"end_time":1700990819000},{"heart_rate":63,"heart_rate_max":64,"heart_rate_min":63,"start_time":1700990700000,"end_time":1700990759000},{"heart_rate":70,"heart_rate_max":76,"heart_rate_min":65,"start_time":1700990640000,"end_time":1700990699000},{"heart_rate":58,"heart_rate_max":66,"heart_rate_min":55,"start_time":1700990580000,"end_time":1700990639000},{"heart_rate":57,"heart_rate_max":60,"heart_rate_min":56,"start_time":1700990520000,"end_time":1700990579000},{"heart_rate":58,"heart_rate_max":60,"heart_rate_min":58,"start_time":1700990460000,"end_time":1700990519000},{"heart_rate":60,"heart_rate_max":63,"heart_rate_min":59,"start_time":1700990400000,"end_time":1700990459000},{"heart_rate":58,"heart_rate_max":60,"heart_rate_min":57,"start_time":1700990340000,"end_time":1700990399000},{"heart_rate":62,"heart_rate_max":83,"heart_rate_min":58,"start_time":1700990280000,"end_time":1700990339000},{"heart_rate":98,"heart_rate_max":105,"heart_rate_min":68,"start_time":1700989980000,"end_time":1700990039000},{"heart_rate":75,"heart_rate_max":81,"heart_rate_min":68,"start_time":1700989920000,"end_time":1700989979000},{"heart_rate":77,"heart_rate_max":87,"heart_rate_min":69,"start_time":1700989860000,"end_time":1700989919000},{"heart_rate":77,"heart_rate_max":86,"heart_rate_min":68,"start_time":1700989800000,"end_time":1700989859000},{"heart_rate":71,"heart_rate_max":80,"heart_rate_min":64,"start_time":1700989740000,"end_time":1700989799000},{"heart_rate":75,"heart_rate_max":82,"heart_rate_min":67,"start_time":1700989680000,"end_time":1700989739000},{"heart_rate":72,"heart_rate_max":78,"heart_rate_min":67,"start_time":1700989620000,"end_time":1700989679000},{"heart_rate":71,"heart_rate_max":79,"heart_rate_min":67,"start_time":1700989560000,"end_time":1700989619000},{"heart_rate":87,"heart_rate_max":98,"heart_rate_min":76,"start_time":1700989500000,"end_time":1700989559000},{"heart_rate":95,"heart_rate_max":97,"heart_rate_min":92,"start_time":1700989440000,"end_time":1700989499000},{"heart_rate":95,"heart_rate_max":103,"heart_rate_min":89,"start_time":1700989380000,"end_time":1700989439000},{"heart_rate":99,"heart_rate_max":103,"heart_rate_min":97,"start_time":1700989320000,"end_time":1700989379000},{"heart_rate":101,"heart_rate_max":103,"heart_rate_min":93,"start_time":1700989260000,"end_time":1700989319000},{"heart_rate":77,"heart_rate_max":90,"heart_rate_min":68,"start_time":1700989200000,"end_time":1700989259000}]