[{"heart_rate":52,"heart_rate_max":53,"heart_rate_min":51,"start_time":1700751540000,"end_time":1700751599000},{"heart_rate":52,"heart_rate_max":53,"heart_rate_min":51,"start_time":1700751480000,"end_time":1700751539000},{"heart_rate":53,"heart_rate_max":56,"heart_rate_min":52,"start_time":1700751420000,"end_time":1700751479000},{"heart_rate":53,"heart_rate_max":54,"heart_rate_min":52,"start_time":1700751360000,"end_time":1700751419000},{"heart_rate":53,"heart_rate_max":55,"heart_rate_min":52,"start_time":1700751300000,"end_time":1700751359000},{"heart_rate":53,"heart_rate_max":54,"heart_rate_min":52,"start_time":1700751240000,"end_time":1700751299000},{"heart_rate":53,"heart_rate_max":54,"heart_rate_min":52,"start_time":1700751180000,"end_time":1700751239000},{"heart_rate":53,"heart_rate_max":57,"heart_rate_min":51,"start_time":1700751120000,"end_time":1700751179000},{"heart_rate":52,"heart_rate_max":57,"heart_rate_min":51,"start_time":1700751060000,"end_time":1700751119000},{"heart_rate":52,"heart_rate_max":53,"heart_rate_min":49,"start_time":1700751000000,"end_time":1700751059000},{"heart_rate":51,"heart_rate_max":54,"heart_rate_min":48,"start_time":1700750940000,"end_time":1700750999000},{"heart_rate":51,"heart_rate_max":53,"heart_rate_min":50,"start_time":1700750880000,"end_time":1700750939000},{"heart_rate":51,"heart_rate_max":55,"heart_rate_min":50,"start_time":1700750820000,"end_time":1700750879000},{"heart_rate":52,"heart_rate_max":56,"heart_rate_min":50,"start_time":1700750760000,"end_time":1700750819000},{"heart_rate":52,"heart_rate_max":57,"heart_rate_min":49,"start_time":1700750700000,"end_time":1700750759000},{"heart_rate":51,"heart_rate_max":55,"heart_rate_min":49,"start_time":1700750640000,"end_time":1700750699000},{"heart_rate":50,"heart_rate_max":54,"heart_rate_min":48,"start_time":1700750580000,"end_time":1700750639000},{"heart_rate":53,"heart_rate_max":57,"heart_rate_min":51,"start_time":1700750520000,"end_time":1700750579000},{"heart_rate":52,"heart_rate_max":56,"heart_rate_min":51,"start_time":1700750460000,"end_time":1700750519000},{"heart_rate":51,"heart_rate_max":53,"heart_rate_min":49,"start_time":1700750400000,"end_time":1700750459000},{"heart_rate":52,"heart_rate_max":54,"heart_rate_min":51,"start_time":1700750340000,"end_time":1700750399000},{"heart_rate":52,"heart_rate_max":54,"heart_rate_min":51,"start_time":1700750280000,"end_time":1700750339000},{"heart_rate":55,"heart_rate_max":60,"heart_rate_min":50,"start_time":1700750220000,"end_time":1700750279000},{"heart_rate":55,"heart_rate_max":57,"heart_rate_min":54,"start_time":1700750160000,"end_time":1700750219000},{"heart_rate":55,"heart_rate_max":56,"heart_rate_min":55,"start_time":1700750100000,"end_time":1700750159000},{"heart_rate":54,"heart_rate_max":57,"heart_rate_min":53,"start_time":1700750040000,"end_time":1700750099000},{"heart_rate":56,"heart_rate_max":57,"heart_rate_min":55,"start_time":1700749980000,"end_time":1700750039000},{"heart_rate":52,"heart_rate_max":55,"heart_rate_min":52,"start_time":1700749920000,"end_time":1700749979000},{"heart_rate":53,"heart_rate_max":56,"heart_rate_min":50,"start_time":1700749860000,"end_time":1700749919000},{"heart_rate":54,"heart_rate_max":56,"heart_rate_min":54,"start_time":1700749800000,"end_time":1700749859000},{"heart_rate":54,"heart_rate_max":55,"heart_rate_min":53,"start_time":1700749740000,"end_time":1700749799000},{"heart_rate":52,"heart_rate_max":54,"heart_rate_min":51,"start_time":1700749680000,"end_time":1700749739000},{"heart_rate":52,"heart_rate_max":54,"heart_rate_min":52,"start_time":1700749620000,"end_time":1700749679000},{"heart_rate":54,"heart_rate_max":57,"heart_rate_min":53,"start_time":1700749560000,"end_time":1700749619000},{"heart_rate":53,"heart_rate_max":55,"heart_rate_min":51,"start_time":1700749500000,"end_time":1700749559000},{"heart_rate":53,"heart_rate_max":56,"heart_rate_min":52,"start_time":1700749440000,"end_time":1700749499000},{"heart_rate":55,"heart_rate_max":59,"heart_rate_min":54,"start_time":1700749380000,"end_time":1700749439000},{"heart_rate":56,"heart_rate_max":59,"heart_rate_min":54,"start_time":1700749320000,"end_time":1700749379000},{"heart_rate":52,"heart_rate_max":55,"heart_rate_min":50,"start_time":1700749260000,"end_time":1700749319000},{"heart_rate":55,"heart_rate_max":58,"heart_rate_min":51,"start_time":1700749200000,"end_time":1700749259000},{"heart_rate":55,"heart_rate_max":56,"heart_rate_min":55,"start_time":1700749140000,"end_time":1700749199000},{"heart_rate":55,"heart_rate_max":57,"heart_rate_min":55,"start_time":1700749080000,"end_time":1700749139000},{"heart_rate":55,"heart_rate_max":60,"heart_rate_min":54,"start_time":1700749020000,"end_time":1700749079000},{"heart_rate":56,"heart_rate_max":59,"heart_rate_min":55,"start_time":1700748960000,"end_time":1700749019000},{"heart_rate":55,"heart_rate_max":56,"heart_rate_min":54,"start_time":1700748900000,"end_time":1700748959000},{"heart_rate":55,"heart_rate_max":56,"heart_rate_min":55,"start_time":1700748840000,"end_time":1700748899000},{"heart_rate":55,"heart_rate_max":56,"heart_rate_min":54,"start_time":1700748780000,"end_time":1700748839000},{"heart_rate":54,"heart_rate_max":56,"heart_rate_min":53,"start_time":1700748720000,"end_time":1700748779000},{"heart_rate":52,"heart_rate_max":61,"heart_rate_min":47,"start_time":1700748660000,"end_time":1700748719000},{"heart_rate":52,"heart_rate_max":58,"heart_rate_min":50,"start_time":1700748600000,"end_time":1700748659000},{"heart_rate":53,"heart_rate_max":60,"heart_rate_min":49,"start_time":1700748540000,"end_time":1700748599000},{"heart_rate":52,"heart_rate_max":58,"heart_rate_min":49,"start_time":1700748480000,"end_time":1700748539000},{"heart_rate":52,"heart_rate_max":57,"heart_rate_min":50,"start_time":1700748420000,"end_time":1700748479000},{"heart_rate":51,"heart_rate_max":53,"heart_rate_min":50,"start_time":1700748360000,"end_time":1700748419000},{"heart_rate":51,"heart_rate_max":53,"heart_rate_min":50,"start_time":1700748300000,"end_time":1700748359000},{"heart_rate":52,"heart_rate_max":53,"heart_rate_min":50,"start_time":1700748240000,"end_time":1700748299000},{"heart_rate":51,"heart_rate_max":52,"heart_rate_min":50,"start_time":1700748180000,"end_time":1700748239000},{"heart_rate":52,"heart_rate_max":54,"heart_rate_min":51,"start_time":1700748120000,"end_time":1700748179000},{"heart_rate":52,"heart_rate_max":54,"heart_rate_min":51,"start_time":1700748060000,"end_time":1700748119000},{"heart_rate":53,"heart_rate_max":55,"heart_rate_min":52,"start_time":1700748000000,"end_time":1700748059000}]