[{"heart_rate":83,"heart_rate_max":83,"heart_rate_min":83,"start_time":1701428280000,"end_time":1701428339000},{"heart_rate":89,"heart_rate_max":90,"heart_rate_min":89,"start_time":1701428100000,"end_time":1701428159000},{"heart_rate":92,"heart_rate_max":92,"heart_rate_min":92,"start_time":1701427980000,"end_time":1701428039000},{"heart_rate":79,"heart_rate_max":79,"heart_rate_min":79,"start_time":1701427680000,"end_time":1701427739000},{"heart_rate":75,"heart_rate_max":78,"heart_rate_min":72,"start_time":1701427620000,"end_time":1701427679000},{"heart_rate":72,"heart_rate_max":78,"heart_rate_min":65,"start_time":1701427560000,"end_time":1701427619000},{"heart_rate":70,"heart_rate_max":77,"heart_rate_min":65,"start_time":1701427500000,"end_time":1701427559000},{"heart_rate":55,"heart_rate_max":55,"heart_rate_min":55,"start_time":1701427200000,"end_time":1701427259000},{"heart_rate":87,"heart_rate_max":90,"heart_rate_min":85,"start_time":1701426180000,"end_time":1701426239000},{"heart_rate":84,"heart_rate_max":87,"heart_rate_min":82,"start_time":1701426120000,"end_time":1701426179000},{"heart_rate":78,"heart_rate_max":82,"heart_rate_min":72,"start_time":1701426060000,"end_time":1701426119000},{"heart_rate":62,"heart_rate_max":69,"heart_rate_min":59,"start_time":1701426000000,"end_time":1701426059000},{"heart_rate":60,"heart_rate_max":62,"heart_rate_min":59,"start_time":1701425940000,"end_time":1701425999000},{"heart_rate":57,"heart_rate_max":59,"heart_rate_min":55,"start_time":1701425880000,"end_time":1701425939000}]