[{"heart_rate":52,"heart_rate_max":54,"heart_rate_min":52,"start_time":1701007140000,"end_time":1701007199000},{"heart_rate":53,"heart_rate_max":55,"heart_rate_min":52,"start_time":1701007080000,"end_time":1701007139000},{"heart_rate":53,"heart_rate_max":54,"heart_rate_min":52,"start_time":1701007020000,"end_time":1701007079000},{"heart_rate":53,"heart_rate_max":54,"heart_rate_min":52,"start_time":1701006960000,"end_time":1701007019000},{"heart_rate":52,"heart_rate_max":54,"heart_rate_min":51,"start_time":1701006900000,"end_time":1701006959000},{"heart_rate":52,"heart_rate_max":54,"heart_rate_min":52,"start_time":1701006840000,"end_time":1701006899000},{"heart_rate":52,"heart_rate_max":54,"heart_rate_min":51,"start_time":1701006780000,"end_time":1701006839000},{"heart_rate":53,"heart_rate_max":55,"heart_rate_min":52,"start_time":1701006720000,"end_time":1701006779000},{"heart_rate":53,"heart_rate_max":55,"heart_rate_min":53,"start_time":1701006660000,"end_time":1701006719000},{"heart_rate":52,"heart_rate_max":54,"heart_rate_min":51,"start_time":1701006600000,"end_time":1701006659000},{"heart_rate":53,"heart_rate_max":55,"heart_rate_min":53,"start_time":1701006540000,"end_time":1701006599000},{"heart_rate":53,"heart_rate_max":55,"heart_rate_min":53,"start_time":1701006480000,"end_time":1701006539000},{"heart_rate":54,"heart_rate_max":56,"heart_rate_min":54,"start_time":1701006420000,"end_time":1701006479000},{"heart_rate":54,"heart_rate_max":56,"heart_rate_min":52,"start_time":1701006360000,"end_time":1701006419000},{"heart_rate":54,"heart_rate_max":56,"heart_rate_min":54,"start_time":1701006300000,"end_time":1701006359000},{"heart_rate":56,"heart_rate_max":58,"heart_rate_min":55,"start_time":1701006240000,"end_time":1701006299000},{"heart_rate":56,"heart_rate_max":58,"heart_rate_min":55,"start_time":1701006180000,"end_time":1701006239000},{"heart_rate":57,"heart_rate_max":59,"heart_rate_min":57,"start_time":1701006120000,"end_time":1701006179000},{"heart_rate":58,"heart_rate_max":59,"heart_rate_min":57,"start_time":1701006060000,"end_time":1701006119000},{"heart_rate":59,"heart_rate_max":60,"heart_rate_min":59,"start_time":1701006000000,"end_time":1701006059000},{"heart_rate":59,"heart_rate_max":61,"heart_rate_min":59,"start_time":1701005940000,"end_time":1701005999000},{"heart_rate":60,"heart_rate_max":62,"heart_rate_min":58,"start_time":1701005880000,"end_time":1701005939000},{"heart_rate":62,"heart_rate_max":63,"heart_rate_min":62,"start_time":1701005820000,"end_time":1701005879000},{"heart_rate":62,"heart_rate_max":64,"heart_rate_min":61,"start_time":1701005760000,"end_time":1701005819000},{"heart_rate":62,"heart_rate_max":63,"heart_rate_min":61,"start_time":1701005700000,"end_time":1701005759000},{"heart_rate":60,"heart_rate_max":61,"heart_rate_min":59,"start_time":1701005640000,"end_time":1701005699000},{"heart_rate":60,"heart_rate_max":61,"heart_rate_min":60,"start_time":1701005580000,"end_time":1701005639000},{"heart_rate":61,"heart_rate_max":62,"heart_rate_min":61,"start_time":1701005520000,"end_time":1701005579000},{"heart_rate":62,"heart_rate_max":63,"heart_rate_min":62,"start_time":1701005460000,"end_time":1701005519000},{"heart_rate":64,"heart_rate_max":68,"heart_rate_min":62,"start_time":1701005400000,"end_time":1701005459000},{"heart_rate":63,"heart_rate_max":69,"heart_rate_min":59,"start_time":1701005340000,"end_time":1701005399000},{"heart_rate":62,"heart_rate_max":65,"heart_rate_min":59,"start_time":1701005280000,"end_time":1701005339000},{"heart_rate":66,"heart_rate_max":71,"heart_rate_min":63,"start_time":1701005220000,"end_time":1701005279000},{"heart_rate":65,"heart_rate_max":69,"heart_rate_min":63,"start_time":1701005160000,"end_time":1701005219000},{"heart_rate":63,"heart_rate_max":69,"heart_rate_min":62,"start_time":1701005100000,"end_time":1701005159000},{"heart_rate":65,"heart_rate_max":69,"heart_rate_min":62,"start_time":1701005040000,"end_time":1701005099000},{"heart_rate":68,"heart_rate_max":76,"heart_rate_min":62,"start_time":1701004980000,"end_time":1701005039000},{"heart_rate":63,"heart_rate_max":66,"heart_rate_min":61,"start_time":1701004920000,"end_time":1701004979000},{"heart_rate":63,"heart_rate_max":67,"heart_rate_min":62,"start_time":1701004860000,"end_time":1701004919000},{"heart_rate":61,"heart_rate_max":63,"heart_rate_min":61,"start_time":1701004800000,"end_time":1701004859000},{"heart_rate":65,"heart_rate_max":73,"heart_rate_min":61,"start_time":1701004740000,"end_time":1701004799000},{"heart_rate":64,"heart_rate_max":72,"heart_rate_min":63,"start_time":1701004680000,"end_time":1701004739000},{"heart_rate":64,"heart_rate_max":78,"heart_rate_min":63,"start_time":1701004620000,"end_time":1701004679000},{"heart_rate":78,"heart_rate_max":93,"heart_rate_min":65,"start_time":1701004560000,"end_time":1701004619000},{"heart_rate":66,"heart_rate_max":77,"heart_rate_min":62,"start_time":1701004500000,"end_time":1701004559000},{"heart_rate":64,"heart_rate_max":67,"heart_rate_min":63,"start_time":1701004440000,"end_time":1701004499000},{"heart_rate":69,"heart_rate_max":72,"heart_rate_min":66,"start_time":1701004380000,"end_time":1701004439000},{"heart_rate":77,"heart_rate_max":82,"heart_rate_min":72,"start_time":1701004320000,"end_time":1701004379000},{"heart_rate":74,"heart_rate_max":81,"heart_rate_min":69,"start_time":1701004260000,"end_time":1701004319000},{"heart_rate":70,"heart_rate_max":74,"heart_rate_min":66,"start_time":1701004200000,"end_time":1701004259000},{"heart_rate":67,"heart_rate_max":75,"heart_rate_min":64,"start_time":1701004140000,"end_time":1701004199000},{"heart_rate":65,"heart_rate_max":68,"heart_rate_min":64,"start_time":1701004080000,"end_time":1701004139000},{"heart_rate":64,"heart_rate_max":68,"heart_rate_min":62,"start_time":1701004020000,"end_time":1701004079000},{"heart_rate":63,"heart_rate_max":67,"heart_rate_min":61,"start_time":1701003960000,"end_time":1701004019000},{"heart_rate":65,"heart_rate_max":69,"heart_rate_min":64,"start_time":1701003900000,"end_time":1701003959000},{"heart_rate":63,"heart_rate_max":69,"heart_rate_min":58,"start_time":1701003840000,"end_time":1701003899000},{"heart_rate":59,"heart_rate_max":68,"heart_rate_min":55,"start_time":1701003780000,"end_time":1701003839000},{"heart_rate":65,"heart_rate_max":68,"heart_rate_min":63,"start_time":1701003720000,"end_time":1701003779000},{"heart_rate":68,"heart_rate_max":73,"heart_rate_min":66,"start_time":1701003660000,"end_time":1701003719000},{"heart_rate":66,"heart_rate_max":70,"heart_rate_min":65,"start_time":1701003600000,"end_time":1701003659000}]