[{"heart_rate":79,"heart_rate_max":88,"heart_rate_min":75,"start_time":1700791140000,"end_time":1700791199000},{"heart_rate":75,"heart_rate_max":80,"heart_rate_min":73,"start_time":1700791080000,"end_time":1700791139000},{"heart_rate":79,"heart_rate_max":88,"heart_rate_min":75,"start_time":1700791020000,"end_time":1700791079000},{"heart_rate":76,"heart_rate_max":79,"heart_rate_min":74,"start_time":1700790960000,"end_time":1700791019000},{"heart_rate":74,"heart_rate_max":78,"heart_rate_min":72,"start_time":1700790900000,"end_time":1700790959000},{"heart_rate":75,"heart_rate_max":82,"heart_rate_min":72,"start_time":1700790840000,"end_time":1700790899000},{"heart_rate":75,"heart_rate_max":79,"heart_rate_min":72,"start_time":1700790780000,"end_time":1700790839000},{"heart_rate":74,"heart_rate_max":77,"heart_rate_min":71,"start_time":1700790720000,"end_time":1700790779000},{"heart_rate":76,"heart_rate_max":78,"heart_rate_min":74,"start_time":1700790660000,"end_time":1700790719000},{"heart_rate":76,"heart_rate_max":81,"heart_rate_min":71,"start_time":1700790600000,"end_time":1700790659000},{"heart_rate":76,"heart_rate_max":79,"heart_rate_min":75,"start_time":1700790540000,"end_time":1700790599000},{"heart_rate":78,"heart_rate_max":81,"heart_rate_min":76,"start_time":1700790480000,"end_time":1700790539000},{"heart_rate":77,"heart_rate_max":80,"heart_rate_min":76,"start_time":1700790420000,"end_time":1700790479000},{"heart_rate":78,"heart_rate_max":81,"heart_rate_min":77,"start_time":1700790360000,"end_time":1700790419000},{"heart_rate":79,"heart_rate_max":89,"heart_rate_min":77,"start_time":1700790300000,"end_time":1700790359000},{"heart_rate":79,"heart_rate_max":82,"heart_rate_min":77,"start_time":1700790240000,"end_time":1700790299000},{"heart_rate":85,"heart_rate_max":98,"heart_rate_min":79,"start_time":1700790180000,"end_time":1700790239000},{"heart_rate":100,"heart_rate_max":102,"heart_rate_min":98,"start_time":1700790120000,"end_time":1700790179000},{"heart_rate":96,"heart_rate_max":99,"heart_rate_min":94,"start_time":1700790060000,"end_time":1700790119000},{"heart_rate":96,"heart_rate_max":101,"heart_rate_min":93,"start_time":1700790000000,"end_time":1700790059000},{"heart_rate":88,"heart_rate_max":93,"heart_rate_min":83,"start_time":1700789940000,"end_time":1700789999000},{"heart_rate":87,"heart_rate_max":94,"heart_rate_min":86,"start_time":1700789880000,"end_time":1700789939000},{"heart_rate":86,"heart_rate_max":93,"heart_rate_min":83,"start_time":1700789820000,"end_time":1700789879000},{"heart_rate":90,"heart_rate_max":96,"heart_rate_min":87,"start_time":1700789760000,"end_time":1700789819000},{"heart_rate":92,"heart_rate_max":94,"heart_rate_min":91,"start_time":1700789700000,"end_time":1700789759000},{"heart_rate":94,"heart_rate_max":101,"heart_rate_min":85,"start_time":1700789640000,"end_time":1700789699000},{"heart_rate":89,"heart_rate_max":94,"heart_rate_min":86,"start_time":1700789580000,"end_time":1700789639000},{"heart_rate":89,"heart_rate_max":92,"heart_rate_min":87,"start_time":1700789520000,"end_time":1700789579000},{"heart_rate":81,"heart_rate_max":82,"heart_rate_min":81,"start_time":1700789460000,"end_time":1700789519000},{"heart_rate":76,"heart_rate_max":77,"heart_rate_min":75,"start_time":1700789400000,"end_time":1700789459000},{"heart_rate":76,"heart_rate_max":78,"heart_rate_min":75,"start_time":1700789340000,"end_time":1700789399000},{"heart_rate":78,"heart_rate_max":84,"heart_rate_min":75,"start_time":1700788080000,"end_time":1700788139000},{"heart_rate":78,"heart_rate_max":81,"heart_rate_min":75,"start_time":1700788020000,"end_time":1700788079000},{"heart_rate":78,"heart_rate_max":80,"heart_rate_min":78,"start_time":1700787960000,"end_time":1700788019000},{"heart_rate":79,"heart_rate_max":81,"heart_rate_min":78,"start_time":1700787900000,"end_time":1700787959000},{"heart_rate":78,"heart_rate_max":80,"heart_rate_min":75,"start_time":1700787840000,"end_time":1700787899000},{"heart_rate":82,"heart_rate_max":91,"heart_rate_min":77,"start_time":1700787780000,"end_time":1700787839000},{"heart_rate":98,"heart_rate_max":108,"heart_rate_min":90,"start_time":1700787720000,"end_time":1700787779000},{"heart_rate":89,"heart_rate_max":97,"heart_rate_min":84,"start_time":1700787660000,"end_time":1700787719000}]