[{"heart_rate":68,"heart_rate_max":78,"heart_rate_min":66,"start_time":1700866740000,"end_time":1700866799000},{"heart_rate":77,"heart_rate_max":80,"heart_rate_min":75,"start_time":1700866680000,"end_time":1700866739000},{"heart_rate":80,"heart_rate_max":84,"heart_rate_min":77,"start_time":1700866620000,"end_time":1700866679000},{"heart_rate":78,"heart_rate_max":80,"heart_rate_min":77,"start_time":1700866560000,"end_time":1700866619000},{"heart_rate":80,"heart_rate_max":85,"heart_rate_min":77,"start_time":1700866500000,"end_time":1700866559000},{"heart_rate":82,"heart_rate_max":88,"heart_rate_min":79,"start_time":1700866440000,"end_time":1700866499000},{"heart_rate":82,"heart_rate_max":89,"heart_rate_min":79,"start_time":1700866380000,"end_time":1700866439000},{"heart_rate":78,"heart_rate_max":84,"heart_rate_min":74,"start_time":1700866320000,"end_time":1700866379000},{"heart_rate":79,"heart_rate_max":82,"heart_rate_min":78,"start_time":1700866260000,"end_time":1700866319000},{"heart_rate":84,"heart_rate_max":93,"heart_rate_min":80,"start_time":1700866200000,"end_time":1700866259000},{"heart_rate":83,"heart_rate_max":86,"heart_rate_min":81,"start_time":1700866140000,"end_time":1700866199000},{"heart_rate":86,"heart_rate_max":89,"heart_rate_min":84,"start_time":1700866080000,"end_time":1700866139000},{"heart_rate":82,"heart_rate_max":85,"heart_rate_min":78,"start_time":1700866020000,"end_time":1700866079000},{"heart_rate":80,"heart_rate_max":84,"heart_rate_min":79,"start_time":1700865960000,"end_time":1700866019000},{"heart_rate":83,"heart_rate_max":87,"heart_rate_min":81,"start_time":1700865900000,"end_time":1700865959000},{"heart_rate":81,"heart_rate_max":87,"heart_rate_min":77,"start_time":1700865780000,"end_time":1700865839000},{"heart_rate":96,"heart_rate_max":107,"heart_rate_min":77,"start_time":1700865720000,"end_time":1700865779000},{"heart_rate":92,"heart_rate_max":101,"heart_rate_min":84,"start_time":1700865660000,"end_time":1700865719000},{"heart_rate":90,"heart_rate_max":95,"heart_rate_min":83,"start_time":1700865600000,"end_time":1700865659000},{"heart_rate":84,"heart_rate_max":86,"heart_rate_min":82,"start_time":1700865540000,"end_time":1700865599000},{"heart_rate":87,"heart_rate_max":89,"heart_rate_min":83,"start_time":1700865480000,"end_time":1700865539000},{"heart_rate":82,"heart_rate_max":90,"heart_rate_min":74,"start_time":1700865360000,"end_time":1700865419000},{"heart_rate":88,"heart_rate_max":94,"heart_rate_min":81,"start_time":1700865300000,"end_time":1700865359000},{"heart_rate":81,"heart_rate_max":89,"heart_rate_min":76,"start_time":1700865240000,"end_time":1700865299000},{"heart_rate":78,"heart_rate_max":83,"heart_rate_min":75,"start_time":1700865180000,"end_time":1700865239000},{"heart_rate":86,"heart_rate_max":97,"heart_rate_min":77,"start_time":1700865120000,"end_time":1700865179000},{"heart_rate":88,"heart_rate_max":94,"heart_rate_min":80,"start_time":1700865060000,"end_time":1700865119000},{"heart_rate":93,"heart_rate_max":96,"heart_rate_min":91,"start_time":1700865000000,"end_time":1700865059000},{"heart_rate":93,"heart_rate_max":94,"heart_rate_min":91,"start_time":1700864940000,"end_time":1700864999000},{"heart_rate":92,"heart_rate_max":95,"heart_rate_min":89,"start_time":1700864880000,"end_time":1700864939000},{"heart_rate":87,"heart_rate_max":89,"heart_rate_min":85,"start_time":1700864820000,"end_time":1700864879000},{"heart_rate":85,"heart_rate_max":87,"heart_rate_min":83,"start_time":1700864760000,"end_time":1700864819000},{"heart_rate":86,"heart_rate_max":91,"heart_rate_min":84,"start_time":1700864700000,"end_time":1700864759000},{"heart_rate":94,"heart_rate_max":95,"heart_rate_min":91,"start_time":1700864640000,"end_time":1700864699000},{"heart_rate":92,"heart_rate_max":95,"heart_rate_min":90,"start_time":1700864580000,"end_time":1700864639000},{"heart_rate":94,"heart_rate_max":95,"heart_rate_min":93,"start_time":1700864520000,"end_time":1700864579000},{"heart_rate":112,"heart_rate_max":125,"heart_rate_min":94,"start_time":1700864460000,"end_time":1700864519000},{"heart_rate":114,"heart_rate_max":123,"heart_rate_min":112,"start_time":1700864400000,"end_time":1700864459000},{"heart_rate":120,"heart_rate_max":134,"heart_rate_min":114,"start_time":1700864340000,"end_time":1700864399000},{"heart_rate":145,"heart_rate_max":154,"heart_rate_min":134,"start_time":1700864280000,"end_time":1700864339000},{"heart_rate":148,"heart_rate_max":152,"heart_rate_min":146,"start_time":1700864220000,"end_time":1700864279000},{"heart_rate":149,"heart_rate_max":152,"heart_rate_min":147,"start_time":1700864160000,"end_time":1700864219000},{"heart_rate":79,"heart_rate_max":81,"heart_rate_min":78,"start_time":1700864100000,"end_time":1700864159000},{"heart_rate":81,"heart_rate_max":86,"heart_rate_min":78,"start_time":1700864040000,"end_time":1700864099000},{"heart_rate":82,"heart_rate_max":88,"heart_rate_min":79,"start_time":1700863980000,"end_time":1700864039000},{"heart_rate":94,"heart_rate_max":151,"heart_rate_min":83,"start_time":1700863920000,"end_time":1700863979000},{"heart_rate":152,"heart_rate_max":156,"heart_rate_min":150,"start_time":1700863860000,"end_time":1700863919000},{"heart_rate":158,"heart_rate_max":161,"heart_rate_min":156,"start_time":1700863800000,"end_time":1700863859000},{"heart_rate":154,"heart_rate_max":158,"heart_rate_min":150,"start_time":1700863740000,"end_time":1700863799000},{"heart_rate":154,"heart_rate_max":156,"heart_rate_min":153,"start_time":1700863680000,"end_time":1700863739000},{"heart_rate":151,"heart_rate_max":154,"heart_rate_min":150,"start_time":1700863620000,"end_time":1700863679000},{"heart_rate":140,"heart_rate_max":151,"heart_rate_min":124,"start_time":1700863560000,"end_time":1700863619000},{"heart_rate":108,"heart_rate_max":123,"heart_rate_min":101,"start_time":1700863500000,"end_time":1700863559000},{"heart_rate":107,"heart_rate_max":119,"heart_rate_min":102,"start_time":1700863440000,"end_time":1700863499000},{"heart_rate":114,"heart_rate_max":118,"heart_rate_min":112,"start_time":1700863380000,"end_time":1700863439000},{"heart_rate":80,"heart_rate_max":81,"heart_rate_min":76,"start_time":1700863260000,"end_time":1700863319000},{"heart_rate":77,"heart_rate_max":80,"heart_rate_min":75,"start_time":1700863200000,"end_time":1700863259000}]