[{"heart_rate":64,"heart_rate_max":73,"heart_rate_min":62,"start_time":1700913540000,"end_time":1700913599000},{"heart_rate":63,"heart_rate_max":67,"heart_rate_min":62,"start_time":1700913480000,"end_time":1700913539000},{"heart_rate":64,"heart_rate_max":66,"heart_rate_min":62,"start_time":1700913420000,"end_time":1700913479000},{"heart_rate":63,"heart_rate_max":69,"heart_rate_min":61,"start_time":1700913360000,"end_time":1700913419000},{"heart_rate":66,"heart_rate_max":69,"heart_rate_min":64,"start_time":1700913300000,"end_time":1700913359000},{"heart_rate":74,"heart_rate_max":86,"heart_rate_min":69,"start_time":1700913240000,"end_time":1700913299000},{"heart_rate":64,"heart_rate_max":80,"heart_rate_min":62,"start_time":1700913180000,"end_time":1700913239000},{"heart_rate":67,"heart_rate_max":69,"heart_rate_min":62,"start_time":1700913120000,"end_time":1700913179000},{"heart_rate":63,"heart_rate_max":65,"heart_rate_min":63,"start_time":1700913060000,"end_time":1700913119000},{"heart_rate":64,"heart_rate_max":66,"heart_rate_min":64,"start_time":1700913000000,"end_time":1700913059000},{"heart_rate":64,"heart_rate_max":65,"heart_rate_min":64,"start_time":1700912940000,"end_time":1700912999000},{"heart_rate":65,"heart_rate_max":67,"heart_rate_min":62,"start_time":1700912880000,"end_time":1700912939000},{"heart_rate":66,"heart_rate_max":71,"heart_rate_min":63,"start_time":1700912820000,"end_time":1700912879000},{"heart_rate":66,"heart_rate_max":67,"heart_rate_min":66,"start_time":1700912760000,"end_time":1700912819000},{"heart_rate":65,"heart_rate_max":66,"heart_rate_min":64,"start_time":1700912700000,"end_time":1700912759000},{"heart_rate":66,"heart_rate_max":68,"heart_rate_min":66,"start_time":1700912640000,"end_time":1700912699000},{"heart_rate":64,"heart_rate_max":66,"heart_rate_min":63,"start_time":1700912580000,"end_time":1700912639000},{"heart_rate":64,"heart_rate_max":67,"heart_rate_min":55,"start_time":1700912520000,"end_time":1700912579000},{"heart_rate":67,"heart_rate_max":74,"heart_rate_min":63,"start_time":1700912460000,"end_time":1700912519000},{"heart_rate":69,"heart_rate_max":78,"heart_rate_min":65,"start_time":1700912400000,"end_time":1700912459000},{"heart_rate":66,"heart_rate_max":71,"heart_rate_min":64,"start_time":1700912340000,"end_time":1700912399000},{"heart_rate":66,"heart_rate_max":72,"heart_rate_min":60,"start_time":1700912280000,"end_time":1700912339000},{"heart_rate":64,"heart_rate_max":67,"heart_rate_min":62,"start_time":1700912220000,"end_time":1700912279000},{"heart_rate":64,"heart_rate_max":65,"heart_rate_min":64,"start_time":1700912160000,"end_time":1700912219000},{"heart_rate":64,"heart_rate_max":65,"heart_rate_min":63,"start_time":1700912100000,"end_time":1700912159000},{"heart_rate":64,"heart_rate_max":65,"heart_rate_min":62,"start_time":1700912040000,"end_time":1700912099000},{"heart_rate":64,"heart_rate_max":68,"heart_rate_min":62,"start_time":1700911980000,"end_time":1700912039000},{"heart_rate":63,"heart_rate_max":65,"heart_rate_min":61,"start_time":1700911920000,"end_time":1700911979000},{"heart_rate":64,"heart_rate_max":68,"heart_rate_min":62,"start_time":1700911860000,"end_time":1700911919000},{"heart_rate":74,"heart_rate_max":81,"heart_rate_min":64,"start_time":1700911800000,"end_time":1700911859000},{"heart_rate":76,"heart_rate_max":84,"heart_rate_min":70,"start_time":1700911740000,"end_time":1700911799000},{"heart_rate":69,"heart_rate_max":77,"heart_rate_min":64,"start_time":1700911680000,"end_time":1700911739000},{"heart_rate":65,"heart_rate_max":68,"heart_rate_min":63,"start_time":1700911620000,"end_time":1700911679000},{"heart_rate":66,"heart_rate_max":70,"heart_rate_min":64,"start_time":1700911560000,"end_time":1700911619000},{"heart_rate":67,"heart_rate_max":73,"heart_rate_min":65,"start_time":1700911500000,"end_time":1700911559000},{"heart_rate":67,"heart_rate_max":73,"heart_rate_min":65,"start_time":1700911440000,"end_time":1700911499000},{"heart_rate":67,"heart_rate_max":70,"heart_rate_min":66,"start_time":1700911380000,"end_time":1700911439000},{"heart_rate":66,"heart_rate_max":69,"heart_rate_min":63,"start_time":1700911320000,"end_time":1700911379000},{"heart_rate":70,"heart_rate_max":76,"heart_rate_min":66,"start_time":1700911260000,"end_time":1700911319000},{"heart_rate":69,"heart_rate_max":73,"heart_rate_min":65,"start_time":1700911200000,"end_time":1700911259000},{"heart_rate":70,"heart_rate_max":74,"heart_rate_min":68,"start_time":1700911140000,"end_time":1700911199000},{"heart_rate":74,"heart_rate_max":79,"heart_rate_min":68,"start_time":1700911080000,"end_time":1700911139000},{"heart_rate":73,"heart_rate_max":78,"heart_rate_min":67,"start_time":1700911020000,"end_time":1700911079000},{"heart_rate":68,"heart_rate_max":72,"heart_rate_min":66,"start_time":1700910960000,"end_time":1700911019000},{"heart_rate":68,"heart_rate_max":71,"heart_rate_min":66,"start_time":1700910900000,"end_time":1700910959000},{"heart_rate":68,"heart_rate_max":74,"heart_rate_min":62,"start_time":1700910840000,"end_time":1700910899000},{"heart_rate":66,"heart_rate_max":68,"heart_rate_min":61,"start_time":1700910780000,"end_time":1700910839000},{"heart_rate":66,"heart_rate_max":68,"heart_rate_min":63,"start_time":1700910720000,"end_time":1700910779000},{"heart_rate":66,"heart_rate_max":73,"heart_rate_min":65,"start_time":1700910660000,"end_time":1700910719000},{"heart_rate":73,"heart_rate_max":78,"heart_rate_min":70,"start_time":1700910600000,"end_time":1700910659000},{"heart_rate":61,"heart_rate_max":70,"heart_rate_min":56,"start_time":1700910540000,"end_time":1700910599000},{"heart_rate":59,"heart_rate_max":62,"heart_rate_min":58,"start_time":1700910480000,"end_time":1700910539000},{"heart_rate":60,"heart_rate_max":62,"heart_rate_min":58,"start_time":1700910420000,"end_time":1700910479000},{"heart_rate":60,"heart_rate_max":64,"heart_rate_min":58,"start_time":1700910360000,"end_time":1700910419000},{"heart_rate":61,"heart_rate_max":66,"heart_rate_min":59,"start_time":1700910300000,"end_time":1700910359000},{"heart_rate":67,"heart_rate_max":73,"heart_rate_min":61,"start_time":1700910240000,"end_time":1700910299000},{"heart_rate":64,"heart_rate_max":69,"heart_rate_min":61,"start_time":1700910180000,"end_time":1700910239000},{"heart_rate":64,"heart_rate_max":69,"heart_rate_min":61,"start_time":1700910120000,"end_time":1700910179000},{"heart_rate":64,"heart_rate_max":67,"heart_rate_min":63,"start_time":1700910060000,"end_time":1700910119000},{"heart_rate":71,"heart_rate_max":86,"heart_rate_min":68,"start_time":1700910000000,"end_time":1700910059000}]