[{"heart_rate":52,"heart_rate_max":53,"heart_rate_min":51,"start_time":1700762340000,"end_time":1700762399000},{"heart_rate":57,"heart_rate_max":64,"heart_rate_min":52,"start_time":1700762280000,"end_time":1700762339000},{"heart_rate":51,"heart_rate_max":54,"heart_rate_min":49,"start_time":1700762220000,"end_time":1700762279000},{"heart_rate":51,"heart_rate_max":53,"heart_rate_min":51,"start_time":1700762160000,"end_time":1700762219000},{"heart_rate":51,"heart_rate_max":53,"heart_rate_min":50,"start_time":1700762100000,"end_time":1700762159000},{"heart_rate":52,"heart_rate_max":54,"heart_rate_min":50,"start_time":1700762040000,"end_time":1700762099000},{"heart_rate":52,"heart_rate_max":55,"heart_rate_min":52,"start_time":1700761980000,"end_time":1700762039000},{"heart_rate":52,"heart_rate_max":54,"heart_rate_min":51,"start_time":1700761920000,"end_time":1700761979000},{"heart_rate":52,"heart_rate_max":54,"heart_rate_min":52,"start_time":1700761860000,"end_time":1700761919000},{"heart_rate":53,"heart_rate_max":55,"heart_rate_min":52,"start_time":1700761800000,"end_time":1700761859000},{"heart_rate":55,"heart_rate_max":58,"heart_rate_min":54,"start_time":1700761740000,"end_time":1700761799000},{"heart_rate":54,"heart_rate_max":56,"heart_rate_min":54,"start_time":1700761680000,"end_time":1700761739000},{"heart_rate":53,"heart_rate_max":55,"heart_rate_min":52,"start_time":1700761620000,"end_time":1700761679000},{"heart_rate":50,"heart_rate_max":52,"heart_rate_min":50,"start_time":1700761560000,"end_time":1700761619000},{"heart_rate":50,"heart_rate_max":53,"heart_rate_min":50,"start_time":1700761500000,"end_time":1700761559000},{"heart_rate":50,"heart_rate_max":52,"heart_rate_min":49,"start_time":1700761440000,"end_time":1700761499000},{"heart_rate":50,"heart_rate_max":52,"heart_rate_min":48,"start_time":1700761380000,"end_time":1700761439000},{"heart_rate":50,"heart_rate_max":52,"heart_rate_min":49,"start_time":1700761320000,"end_time":1700761379000},{"heart_rate":53,"heart_rate_max":58,"heart_rate_min":50,"start_time":1700761260000,"end_time":1700761319000},{"heart_rate":51,"heart_rate_max":52,"heart_rate_min":50,"start_time":1700761200000,"end_time":1700761259000},{"heart_rate":51,"heart_rate_max":52,"heart_rate_min":50,"start_time":1700761140000,"end_time":1700761199000},{"heart_rate":50,"heart_rate_max":52,"heart_rate_min":49,"start_time":1700761080000,"end_time":1700761139000},{"heart_rate":50,"heart_rate_max":52,"heart_rate_min":48,"start_time":1700761020000,"end_time":1700761079000},{"heart_rate":50,"heart_rate_max":52,"heart_rate_min":49,"start_time":1700760960000,"end_time":1700761019000},{"heart_rate":51,"heart_rate_max":53,"heart_rate_min":49,"start_time":1700760900000,"end_time":1700760959000},{"heart_rate":50,"heart_rate_max":52,"heart_rate_min":48,"start_time":1700760840000,"end_time":1700760899000},{"heart_rate":49,"heart_rate_max":52,"heart_rate_min":48,"start_time":1700760780000,"end_time":1700760839000},{"heart_rate":50,"heart_rate_max":53,"heart_rate_min":50,"start_time":1700760720000,"end_time":1700760779000},{"heart_rate":50,"heart_rate_max":52,"heart_rate_min":50,"start_time":1700760660000,"end_time":1700760719000},{"heart_rate":50,"heart_rate_max":52,"heart_rate_min":49,"start_time":1700760600000,"end_time":1700760659000},{"heart_rate":50,"heart_rate_max":51,"heart_rate_min":50,"start_time":1700760540000,"end_time":1700760599000},{"heart_rate":49,"heart_rate_max":51,"heart_rate_min":49,"start_time":1700760480000,"end_time":1700760539000},{"heart_rate":50,"heart_rate_max":51,"heart_rate_min":49,"start_time":1700760420000,"end_time":1700760479000},{"heart_rate":49,"heart_rate_max":51,"heart_rate_min":47,"start_time":1700760360000,"end_time":1700760419000},{"heart_rate":50,"heart_rate_max":52,"heart_rate_min":48,"start_time":1700760300000,"end_time":1700760359000},{"heart_rate":50,"heart_rate_max":52,"heart_rate_min":49,"start_time":1700760240000,"end_time":1700760299000},{"heart_rate":50,"heart_rate_max":52,"heart_rate_min":50,"start_time":1700760180000,"end_time":1700760239000},{"heart_rate":51,"heart_rate_max":54,"heart_rate_min":49,"start_time":1700760120000,"end_time":1700760179000},{"heart_rate":51,"heart_rate_max":53,"heart_rate_min":50,"start_time":1700760060000,"end_time":1700760119000},{"heart_rate":50,"heart_rate_max":53,"heart_rate_min":49,"start_time":1700760000000,"end_time":1700760059000},{"heart_rate":50,"heart_rate_max":51,"heart_rate_min":49,"start_time":1700759940000,"end_time":1700759999000},{"heart_rate":50,"heart_rate_max":52,"heart_rate_min":49,"start_time":1700759880000,"end_time":1700759939000},{"heart_rate":51,"heart_rate_max":53,"heart_rate_min":50,"start_time":1700759820000,"end_time":1700759879000},{"heart_rate":52,"heart_rate_max":55,"heart_rate_min":51,"start_time":1700759760000,"end_time":1700759819000},{"heart_rate":52,"heart_rate_max":54,"heart_rate_min":51,"start_time":1700759700000,"end_time":1700759759000},{"heart_rate":55,"heart_rate_max":60,"heart_rate_min":53,"start_time":1700759640000,"end_time":1700759699000},{"heart_rate":56,"heart_rate_max":58,"heart_rate_min":55,"start_time":1700759580000,"end_time":1700759639000},{"heart_rate":58,"heart_rate_max":61,"heart_rate_min":57,"start_time":1700759520000,"end_time":1700759579000},{"heart_rate":61,"heart_rate_max":63,"heart_rate_min":61,"start_time":1700759460000,"end_time":1700759519000},{"heart_rate":61,"heart_rate_max":64,"heart_rate_min":61,"start_time":1700759400000,"end_time":1700759459000},{"heart_rate":66,"heart_rate_max":74,"heart_rate_min":63,"start_time":1700759340000,"end_time":1700759399000},{"heart_rate":65,"heart_rate_max":72,"heart_rate_min":59,"start_time":1700759280000,"end_time":1700759339000},{"heart_rate":68,"heart_rate_max":78,"heart_rate_min":53,"start_time":1700759220000,"end_time":1700759279000},{"heart_rate":51,"heart_rate_max":54,"heart_rate_min":50,"start_time":1700759160000,"end_time":1700759219000},{"heart_rate":51,"heart_rate_max":54,"heart_rate_min":50,"start_time":1700759100000,"end_time":1700759159000},{"heart_rate":60,"heart_rate_max":72,"heart_rate_min":52,"start_time":1700759040000,"end_time":1700759099000},{"heart_rate":51,"heart_rate_max":53,"heart_rate_min":50,"start_time":1700758980000,"end_time":1700759039000},{"heart_rate":51,"heart_rate_max":53,"heart_rate_min":50,"start_time":1700758920000,"end_time":1700758979000},{"heart_rate":51,"heart_rate_max":54,"heart_rate_min":50,"start_time":1700758860000,"end_time":1700758919000},{"heart_rate":50,"heart_rate_max":52,"heart_rate_min":49,"start_time":1700758800000,"end_time":1700758859000}]