[{"heart_rate":50,"heart_rate_max":53,"heart_rate_min":49,"start_time":1701021540000,"end_time":1701021599000},{"heart_rate":50,"heart_rate_max":52,"heart_rate_min":49,"start_time":1701021480000,"end_time":1701021539000},{"heart_rate":50,"heart_rate_max":52,"heart_rate_min":49,"start_time":1701021420000,"end_time":1701021479000},{"heart_rate":50,"heart_rate_max":51,"heart_rate_min":49,"start_time":1701021360000,"end_time":1701021419000},{"heart_rate":50,"heart_rate_max":53,"heart_rate_min":50,"start_time":1701021300000,"end_time":1701021359000},{"heart_rate":51,"heart_rate_max":53,"heart_rate_min":49,"start_time":1701021240000,"end_time":1701021299000},{"heart_rate":50,"heart_rate_max":52,"heart_rate_min":50,"start_time":1701021180000,"end_time":1701021239000},{"heart_rate":50,"heart_rate_max":51,"heart_rate_min":49,"start_time":1701021120000,"end_time":1701021179000},{"heart_rate":50,"heart_rate_max":51,"heart_rate_min":49,"start_time":1701021060000,"end_time":1701021119000},{"heart_rate":51,"heart_rate_max":55,"heart_rate_min":49,"start_time":1701021000000,"end_time":1701021059000},{"heart_rate":49,"heart_rate_max":51,"heart_rate_min":49,"start_time":1701020940000,"end_time":1701020999000},{"heart_rate":52,"heart_rate_max":58,"heart_rate_min":49,"start_time":1701020880000,"end_time":1701020939000},{"heart_rate":51,"heart_rate_max":58,"heart_rate_min":50,"start_time":1701020820000,"end_time":1701020879000},{"heart_rate":50,"heart_rate_max":52,"heart_rate_min":49,"start_time":1701020760000,"end_time":1701020819000},{"heart_rate":50,"heart_rate_max":52,"heart_rate_min":50,"start_time":1701020700000,"end_time":1701020759000},{"heart_rate":50,"heart_rate_max":51,"heart_rate_min":49,"start_time":1701020640000,"end_time":1701020699000},{"heart_rate":50,"heart_rate_max":51,"heart_rate_min":50,"start_time":1701020580000,"end_time":1701020639000},{"heart_rate":50,"heart_rate_max":51,"heart_rate_min":50,"start_time":1701020520000,"end_time":1701020579000},{"heart_rate":50,"heart_rate_max":52,"heart_rate_min":49,"start_time":1701020460000,"end_time":1701020519000},{"heart_rate":50,"heart_rate_max":52,"heart_rate_min":50,"start_time":1701020400000,"end_time":1701020459000},{"heart_rate":50,"heart_rate_max":52,"heart_rate_min":49,"start_time":1701020340000,"end_time":1701020399000},{"heart_rate":51,"heart_rate_max":53,"heart_rate_min":49,"start_time":1701020280000,"end_time":1701020339000},{"heart_rate":50,"heart_rate_max":52,"heart_rate_min":49,"start_time":1701020220000,"end_time":1701020279000},{"heart_rate":50,"heart_rate_max":52,"heart_rate_min":48,"start_time":1701020160000,"end_time":1701020219000},{"heart_rate":50,"heart_rate_max":52,"heart_rate_min":49,"start_time":1701020100000,"end_time":1701020159000},{"heart_rate":53,"heart_rate_max":57,"heart_rate_min":51,"start_time":1701020040000,"end_time":1701020099000},{"heart_rate":52,"heart_rate_max":54,"heart_rate_min":51,"start_time":1701019980000,"end_time":1701020039000},{"heart_rate":54,"heart_rate_max":57,"heart_rate_min":51,"start_time":1701019920000,"end_time":1701019979000},{"heart_rate":53,"heart_rate_max":55,"heart_rate_min":52,"start_time":1701019860000,"end_time":1701019919000},{"heart_rate":54,"heart_rate_max":56,"heart_rate_min":54,"start_time":1701019800000,"end_time":1701019859000},{"heart_rate":56,"heart_rate_max":61,"heart_rate_min":53,"start_time":1701019740000,"end_time":1701019799000},{"heart_rate":57,"heart_rate_max":61,"heart_rate_min":56,"start_time":1701019680000,"end_time":1701019739000},{"heart_rate":60,"heart_rate_max":62,"heart_rate_min":55,"start_time":1701019620000,"end_time":1701019679000},{"heart_rate":58,"heart_rate_max":65,"heart_rate_min":56,"start_time":1701019560000,"end_time":1701019619000},{"heart_rate":62,"heart_rate_max":68,"heart_rate_min":59,"start_time":1701019500000,"end_time":1701019559000},{"heart_rate":55,"heart_rate_max":69,"heart_rate_min":50,"start_time":1701019440000,"end_time":1701019499000},{"heart_rate":49,"heart_rate_max":51,"heart_rate_min":49,"start_time":1701019380000,"end_time":1701019439000},{"heart_rate":50,"heart_rate_max":52,"heart_rate_min":50,"start_time":1701019320000,"end_time":1701019379000},{"heart_rate":50,"heart_rate_max":51,"heart_rate_min":49,"start_time":1701019260000,"end_time":1701019319000},{"heart_rate":50,"heart_rate_max":51,"heart_rate_min":49,"start_time":1701019200000,"end_time":1701019259000},{"heart_rate":50,"heart_rate_max":52,"heart_rate_min":49,"start_time":1701019140000,"end_time":1701019199000},{"heart_rate":50,"heart_rate_max":52,"heart_rate_min":50,"start_time":1701019080000,"end_time":1701019139000},{"heart_rate":50,"heart_rate_max":52,"heart_rate_min":49,"start_time":1701019020000,"end_time":1701019079000},{"heart_rate":50,"heart_rate_max":51,"heart_rate_min":49,"start_time":1701018960000,"end_time":1701019019000},{"heart_rate":49,"heart_rate_max":51,"heart_rate_min":49,"start_time":1701018900000,"end_time":1701018959000},{"heart_rate":50,"heart_rate_max":51,"heart_rate_min":49,"start_time":1701018840000,"end_time":1701018899000},{"heart_rate":49,"heart_rate_max":51,"heart_rate_min":49,"start_time":1701018780000,"end_time":1701018839000},{"heart_rate":49,"heart_rate_max":51,"heart_rate_min":49,"start_time":1701018720000,"end_time":1701018779000},{"heart_rate":49,"heart_rate_max":51,"heart_rate_min":49,"start_time":1701018660000,"end_time":1701018719000},{"heart_rate":50,"heart_rate_max":51,"heart_rate_min":49,"start_time":1701018600000,"end_time":1701018659000},{"heart_rate":50,"heart_rate_max":51,"heart_rate_min":49,"start_time":1701018540000,"end_time":1701018599000},{"heart_rate":50,"heart_rate_max":53,"heart_rate_min":49,"start_time":1701018480000,"end_time":1701018539000},{"heart_rate":49,"heart_rate_max":51,"heart_rate_min":48,"start_time":1701018420000,"end_time":1701018479000},{"heart_rate":50,"heart_rate_max":51,"heart_rate_min":49,"start_time":1701018360000,"end_time":1701018419000},{"heart_rate":49,"heart_rate_max":50,"heart_rate_min":49,"start_time":1701018300000,"end_time":1701018359000},{"heart_rate":50,"heart_rate_max":60,"heart_rate_min":46,"start_time":1701018240000,"end_time":1701018299000},{"heart_rate":59,"heart_rate_max":62,"heart_rate_min":47,"start_time":1701018180000,"end_time":1701018239000},{"heart_rate":48,"heart_rate_max":50,"heart_rate_min":47,"start_time":1701018120000,"end_time":1701018179000},{"heart_rate":47,"heart_rate_max":49,"heart_rate_min":47,"start_time":1701018060000,"end_time":1701018119000},{"heart_rate":47,"heart_rate_max":50,"heart_rate_min":46,"start_time":1701018000000,"end_time":1701018059000}]