[{"heart_rate":50,"heart_rate_max":52,"heart_rate_min":48,"start_time":1700935140000,"end_time":1700935199000},{"heart_rate":49,"heart_rate_max":51,"heart_rate_min":49,"start_time":1700935080000,"end_time":1700935139000},{"heart_rate":49,"heart_rate_max":50,"heart_rate_min":48,"start_time":1700935020000,"end_time":1700935079000},{"heart_rate":48,"heart_rate_max":50,"heart_rate_min":47,"start_time":1700934960000,"end_time":1700935019000},{"heart_rate":48,"heart_rate_max":51,"heart_rate_min":47,"start_time":1700934900000,"end_time":1700934959000},{"heart_rate":49,"heart_rate_max":51,"heart_rate_min":48,"start_time":1700934840000,"end_time":1700934899000},{"heart_rate":48,"heart_rate_max":50,"heart_rate_min":48,"start_time":1700934780000,"end_time":1700934839000},{"heart_rate":49,"heart_rate_max":51,"heart_rate_min":49,"start_time":1700934720000,"end_time":1700934779000},{"heart_rate":50,"heart_rate_max":51,"heart_rate_min":49,"start_time":1700934660000,"end_time":1700934719000},{"heart_rate":50,"heart_rate_max":51,"heart_rate_min":50,"start_time":1700934600000,"end_time":1700934659000},{"heart_rate":50,"heart_rate_max":52,"heart_rate_min":49,"start_time":1700934540000,"end_time":1700934599000},{"heart_rate":50,"heart_rate_max":53,"heart_rate_min":49,"start_time":1700934480000,"end_time":1700934539000},{"heart_rate":51,"heart_rate_max":53,"heart_rate_min":50,"start_time":1700934420000,"end_time":1700934479000},{"heart_rate":49,"heart_rate_max":52,"heart_rate_min":49,"start_time":1700934360000,"end_time":1700934419000},{"heart_rate":52,"heart_rate_max":56,"heart_rate_min":51,"start_time":1700934300000,"end_time":1700934359000},{"heart_rate":51,"heart_rate_max":52,"heart_rate_min":51,"start_time":1700934240000,"end_time":1700934299000},{"heart_rate":51,"heart_rate_max":52,"heart_rate_min":50,"start_time":1700934180000,"end_time":1700934239000},{"heart_rate":55,"heart_rate_max":65,"heart_rate_min":50,"start_time":1700934120000,"end_time":1700934179000},{"heart_rate":53,"heart_rate_max":60,"heart_rate_min":52,"start_time":1700934060000,"end_time":1700934119000},{"heart_rate":53,"heart_rate_max":57,"heart_rate_min":51,"start_time":1700934000000,"end_time":1700934059000},{"heart_rate":54,"heart_rate_max":57,"heart_rate_min":53,"start_time":1700933940000,"end_time":1700933999000},{"heart_rate":58,"heart_rate_max":63,"heart_rate_min":56,"start_time":1700933880000,"end_time":1700933939000},{"heart_rate":53,"heart_rate_max":56,"heart_rate_min":51,"start_time":1700933820000,"end_time":1700933879000},{"heart_rate":54,"heart_rate_max":58,"heart_rate_min":53,"start_time":1700933760000,"end_time":1700933819000},{"heart_rate":54,"heart_rate_max":57,"heart_rate_min":53,"start_time":1700933700000,"end_time":1700933759000},{"heart_rate":55,"heart_rate_max":57,"heart_rate_min":54,"start_time":1700933640000,"end_time":1700933699000},{"heart_rate":55,"heart_rate_max":57,"heart_rate_min":54,"start_time":1700933580000,"end_time":1700933639000},{"heart_rate":56,"heart_rate_max":58,"heart_rate_min":55,"start_time":1700933520000,"end_time":1700933579000},{"heart_rate":55,"heart_rate_max":57,"heart_rate_min":53,"start_time":1700933460000,"end_time":1700933519000},{"heart_rate":55,"heart_rate_max":58,"heart_rate_min":53,"start_time":1700933400000,"end_time":1700933459000},{"heart_rate":57,"heart_rate_max":59,"heart_rate_min":56,"start_time":1700933340000,"end_time":1700933399000},{"heart_rate":58,"heart_rate_max":60,"heart_rate_min":58,"start_time":1700933280000,"end_time":1700933339000},{"heart_rate":60,"heart_rate_max":63,"heart_rate_min":59,"start_time":1700933220000,"end_time":1700933279000},{"heart_rate":64,"heart_rate_max":71,"heart_rate_min":60,"start_time":1700933160000,"end_time":1700933219000},{"heart_rate":53,"heart_rate_max":60,"heart_rate_min":52,"start_time":1700933100000,"end_time":1700933159000},{"heart_rate":52,"heart_rate_max":52,"heart_rate_min":52,"start_time":1700933040000,"end_time":1700933099000},{"heart_rate":51,"heart_rate_max":52,"heart_rate_min":51,"start_time":1700932980000,"end_time":1700933039000},{"heart_rate":52,"heart_rate_max":53,"heart_rate_min":52,"start_time":1700932920000,"end_time":1700932979000},{"heart_rate":51,"heart_rate_max":53,"heart_rate_min":51,"start_time":1700932860000,"end_time":1700932919000},{"heart_rate":52,"heart_rate_max":52,"heart_rate_min":52,"start_time":1700932800000,"end_time":1700932859000},{"heart_rate":51,"heart_rate_max":52,"heart_rate_min":51,"start_time":1700932740000,"end_time":1700932799000},{"heart_rate":51,"heart_rate_max":52,"heart_rate_min":51,"start_time":1700932680000,"end_time":1700932739000},{"heart_rate":51,"heart_rate_max":52,"heart_rate_min":51,"start_time":1700932620000,"end_time":1700932679000},{"heart_rate":51,"heart_rate_max":53,"heart_rate_min":51,"start_time":1700932560000,"end_time":1700932619000},{"heart_rate":51,"heart_rate_max":52,"heart_rate_min":50,"start_time":1700932500000,"end_time":1700932559000},{"heart_rate":51,"heart_rate_max":52,"heart_rate_min":51,"start_time":1700932440000,"end_time":1700932499000},{"heart_rate":51,"heart_rate_max":52,"heart_rate_min":51,"start_time":1700932380000,"end_time":1700932439000},{"heart_rate":50,"heart_rate_max":52,"heart_rate_min":50,"start_time":1700932320000,"end_time":1700932379000},{"heart_rate":51,"heart_rate_max":55,"heart_rate_min":50,"start_time":1700932260000,"end_time":1700932319000},{"heart_rate":51,"heart_rate_max":56,"heart_rate_min":51,"start_time":1700932200000,"end_time":1700932259000},{"heart_rate":50,"heart_rate_max":52,"heart_rate_min":50,"start_time":1700932140000,"end_time":1700932199000},{"heart_rate":50,"heart_rate_max":51,"heart_rate_min":50,"start_time":1700932080000,"end_time":1700932139000},{"heart_rate":50,"heart_rate_max":51,"heart_rate_min":50,"start_time":1700932020000,"end_time":1700932079000},{"heart_rate":50,"heart_rate_max":51,"heart_rate_min":49,"start_time":1700931960000,"end_time":1700932019000},{"heart_rate":51,"heart_rate_max":54,"heart_rate_min":49,"start_time":1700931900000,"end_time":1700931959000},{"heart_rate":49,"heart_rate_max":52,"heart_rate_min":49,"start_time":1700931840000,"end_time":1700931899000},{"heart_rate":50,"heart_rate_max":51,"heart_rate_min":49,"start_time":1700931780000,"end_time":1700931839000},{"heart_rate":50,"heart_rate_max":55,"heart_rate_min":49,"start_time":1700931720000,"end_time":1700931779000},{"heart_rate":50,"heart_rate_max":55,"heart_rate_min":49,"start_time":1700931660000,"end_time":1700931719000},{"heart_rate":52,"heart_rate_max":57,"heart_rate_min":49,"start_time":1700931600000,"end_time":1700931659000}]