[{"heart_rate":78,"heart_rate_max":80,"heart_rate_min":77,"start_time":1701078420000,"end_time":1701078479000},{"heart_rate":82,"heart_rate_max":86,"heart_rate_min":79,"start_time":1701078360000,"end_time":1701078419000},{"heart_rate":79,"heart_rate_max":83,"heart_rate_min":76,"start_time":1701078300000,"end_time":1701078359000},{"heart_rate":73,"heart_rate_max":79,"heart_rate_min":69,"start_time":1701078240000,"end_time":1701078299000},{"heart_rate":73,"heart_rate_max":77,"heart_rate_min":67,"start_time":1701078180000,"end_time":1701078239000},{"heart_rate":76,"heart_rate_max":80,"heart_rate_min":75,"start_time":1701078120000,"end_time":1701078179000},{"heart_rate":81,"heart_rate_max":83,"heart_rate_min":80,"start_time":1701078060000,"end_time":1701078119000},{"heart_rate":88,"heart_rate_max":90,"heart_rate_min":85,"start_time":1701077940000,"end_time":1701077999000},{"heart_rate":85,"heart_rate_max":87,"heart_rate_min":85,"start_time":1701077880000,"end_time":1701077939000},{"heart_rate":85,"heart_rate_max":87,"heart_rate_min":82,"start_time":1701077820000,"end_time":1701077879000},{"heart_rate":87,"heart_rate_max":92,"heart_rate_min":83,"start_time":1701077760000,"end_time":1701077819000},{"heart_rate":89,"heart_rate_max":93,"heart_rate_min":85,"start_time":1701077700000,"end_time":1701077759000},{"heart_rate":83,"heart_rate_max":88,"heart_rate_min":81,"start_time":1701077640000,"end_time":1701077699000},{"heart_rate":79,"heart_rate_max":84,"heart_rate_min":75,"start_time":1701077580000,"end_time":1701077639000},{"heart_rate":80,"heart_rate_max":83,"heart_rate_min":77,"start_time":1701077520000,"end_time":1701077579000},{"heart_rate":76,"heart_rate_max":80,"heart_rate_min":74,"start_time":1701077460000,"end_time":1701077519000},{"heart_rate":98,"heart_rate_max":100,"heart_rate_min":98,"start_time":1701077400000,"end_time":1701077459000},{"heart_rate":95,"heart_rate_max":100,"heart_rate_min":82,"start_time":1701077340000,"end_time":1701077399000},{"heart_rate":86,"heart_rate_max":90,"heart_rate_min":82,"start_time":1701077280000,"end_time":1701077339000},{"heart_rate":94,"heart_rate_max":100,"heart_rate_min":91,"start_time":1701077220000,"end_time":1701077279000},{"heart_rate":102,"heart_rate_max":103,"heart_rate_min":102,"start_time":1701077160000,"end_time":1701077219000},{"heart_rate":86,"heart_rate_max":89,"heart_rate_min":83,"start_time":1701077100000,"end_time":1701077159000},{"heart_rate":83,"heart_rate_max":88,"heart_rate_min":80,"start_time":1701077040000,"end_time":1701077099000},{"heart_rate":82,"heart_rate_max":87,"heart_rate_min":78,"start_time":1701076980000,"end_time":1701077039000},{"heart_rate":87,"heart_rate_max":91,"heart_rate_min":87,"start_time":1701076920000,"end_time":1701076979000},{"heart_rate":90,"heart_rate_max":92,"heart_rate_min":75,"start_time":1701076860000,"end_time":1701076919000},{"heart_rate":85,"heart_rate_max":88,"heart_rate_min":77,"start_time":1701076800000,"end_time":1701076859000},{"heart_rate":84,"heart_rate_max":88,"heart_rate_min":83,"start_time":1701076740000,"end_time":1701076799000},{"heart_rate":85,"heart_rate_max":90,"heart_rate_min":83,"start_time":1701076680000,"end_time":1701076739000},{"heart_rate":85,"heart_rate_max":90,"heart_rate_min":76,"start_time":1701076620000,"end_time":1701076679000},{"heart_rate":82,"heart_rate_max":85,"heart_rate_min":77,"start_time":1701076560000,"end_time":1701076619000},{"heart_rate":85,"heart_rate_max":88,"heart_rate_min":81,"start_time":1701076500000,"end_time":1701076559000},{"heart_rate":89,"heart_rate_max":95,"heart_rate_min":84,"start_time":1701076440000,"end_time":1701076499000},{"heart_rate":91,"heart_rate_max":93,"heart_rate_min":89,"start_time":1701076380000,"end_time":1701076439000},{"heart_rate":98,"heart_rate_max":100,"heart_rate_min":95,"start_time":1701076320000,"end_time":1701076379000},{"heart_rate":96,"heart_rate_max":99,"heart_rate_min":94,"start_time":1701076140000,"end_time":1701076199000},{"heart_rate":83,"heart_rate_max":88,"heart_rate_min":78,"start_time":1701076080000,"end_time":1701076139000},{"heart_rate":78,"heart_rate_max":83,"heart_rate_min":74,"start_time":1701076020000,"end_time":1701076079000},{"heart_rate":72,"heart_rate_max":78,"heart_rate_min":68,"start_time":1701075960000,"end_time":1701076019000},{"heart_rate":71,"heart_rate_max":74,"heart_rate_min":69,"start_time":1701075900000,"end_time":1701075959000},{"heart_rate":70,"heart_rate_max":78,"heart_rate_min":61,"start_time":1701075840000,"end_time":1701075899000},{"heart_rate":78,"heart_rate_max":81,"heart_rate_min":74,"start_time":1701075780000,"end_time":1701075839000},{"heart_rate":79,"heart_rate_max":86,"heart_rate_min":73,"start_time":1701075720000,"end_time":1701075779000}]