[{"heart_rate":88,"heart_rate_max":90,"heart_rate_min":85,"start_time":1700787000000,"end_time":1700787059000},{"heart_rate":85,"heart_rate_max":90,"heart_rate_min":81,"start_time":1700786940000,"end_time":1700786999000},{"heart_rate":88,"heart_rate_max":89,"heart_rate_min":87,"start_time":1700786880000,"end_time":1700786939000},{"heart_rate":105,"heart_rate_max":108,"heart_rate_min":103,"start_time":1700786820000,"end_time":1700786879000},{"heart_rate":99,"heart_rate_max":110,"heart_rate_min":84,"start_time":1700786760000,"end_time":1700786819000},{"heart_rate":84,"heart_rate_max":85,"heart_rate_min":84,"start_time":1700786700000,"end_time":1700786759000},{"heart_rate":83,"heart_rate_max":89,"heart_rate_min":82,"start_time":1700786580000,"end_time":1700786639000},{"heart_rate":79,"heart_rate_max":84,"heart_rate_min":75,"start_time":1700786520000,"end_time":1700786579000},{"heart_rate":77,"heart_rate_max":79,"heart_rate_min":77,"start_time":1700786460000,"end_time":1700786519000},{"heart_rate":79,"heart_rate_max":83,"heart_rate_min":77,"start_time":1700786400000,"end_time":1700786459000},{"heart_rate":78,"heart_rate_max":81,"heart_rate_min":77,"start_time":1700786340000,"end_time":1700786399000},{"heart_rate":78,"heart_rate_max":81,"heart_rate_min":76,"start_time":1700786280000,"end_time":1700786339000},{"heart_rate":78,"heart_rate_max":80,"heart_rate_min":76,"start_time":1700786220000,"end_time":1700786279000},{"heart_rate":77,"heart_rate_max":80,"heart_rate_min":74,"start_time":1700786160000,"end_time":1700786219000},{"heart_rate":81,"heart_rate_max":84,"heart_rate_min":79,"start_time":1700786100000,"end_time":1700786159000},{"heart_rate":79,"heart_rate_max":83,"heart_rate_min":78,"start_time":1700786040000,"end_time":1700786099000},{"heart_rate":78,"heart_rate_max":82,"heart_rate_min":75,"start_time":1700785980000,"end_time":1700786039000},{"heart_rate":76,"heart_rate_max":81,"heart_rate_min":72,"start_time":1700785920000,"end_time":1700785979000},{"heart_rate":80,"heart_rate_max":85,"heart_rate_min":76,"start_time":1700785860000,"end_time":1700785919000},{"heart_rate":87,"heart_rate_max":90,"heart_rate_min":85,"start_time":1700785800000,"end_time":1700785859000},{"heart_rate":87,"heart_rate_max":91,"heart_rate_min":86,"start_time":1700785740000,"end_time":1700785799000},{"heart_rate":86,"heart_rate_max":94,"heart_rate_min":81,"start_time":1700785680000,"end_time":1700785739000},{"heart_rate":76,"heart_rate_max":83,"heart_rate_min":70,"start_time":1700785620000,"end_time":1700785679000},{"heart_rate":72,"heart_rate_max":72,"heart_rate_min":72,"start_time":1700785560000,"end_time":1700785619000},{"heart_rate":70,"heart_rate_max":78,"heart_rate_min":67,"start_time":1700785500000,"end_time":1700785559000},{"heart_rate":73,"heart_rate_max":79,"heart_rate_min":69,"start_time":1700785440000,"end_time":1700785499000},{"heart_rate":74,"heart_rate_max":79,"heart_rate_min":69,"start_time":1700785380000,"end_time":1700785439000},{"heart_rate":69,"heart_rate_max":74,"heart_rate_min":68,"start_time":1700785320000,"end_time":1700785379000},{"heart_rate":76,"heart_rate_max":81,"heart_rate_min":70,"start_time":1700785260000,"end_time":1700785319000},{"heart_rate":76,"heart_rate_max":82,"heart_rate_min":72,"start_time":1700785200000,"end_time":1700785259000},{"heart_rate":80,"heart_rate_max":82,"heart_rate_min":76,"start_time":1700785140000,"end_time":1700785199000},{"heart_rate":81,"heart_rate_max":83,"heart_rate_min":79,"start_time":1700785080000,"end_time":1700785139000},{"heart_rate":83,"heart_rate_max":88,"heart_rate_min":79,"start_time":1700785020000,"end_time":1700785079000},{"heart_rate":86,"heart_rate_max":88,"heart_rate_min":85,"start_time":1700784960000,"end_time":1700785019000},{"heart_rate":85,"heart_rate_max":87,"heart_rate_min":85,"start_time":1700784900000,"end_time":1700784959000},{"heart_rate":83,"heart_rate_max":85,"heart_rate_min":83,"start_time":1700784840000,"end_time":1700784899000},{"heart_rate":83,"heart_rate_max":85,"heart_rate_min":82,"start_time":1700784780000,"end_time":1700784839000},{"heart_rate":84,"heart_rate_max":87,"heart_rate_min":82,"start_time":1700784720000,"end_time":1700784779000},{"heart_rate":80,"heart_rate_max":83,"heart_rate_min":79,"start_time":1700784660000,"end_time":1700784719000},{"heart_rate":80,"heart_rate_max":86,"heart_rate_min":75,"start_time":1700784600000,"end_time":1700784659000},{"heart_rate":76,"heart_rate_max":81,"heart_rate_min":74,"start_time":1700784540000,"end_time":1700784599000},{"heart_rate":77,"heart_rate_max":80,"heart_rate_min":75,"start_time":1700784480000,"end_time":1700784539000},{"heart_rate":79,"heart_rate_max":82,"heart_rate_min":77,"start_time":1700784420000,"end_time":1700784479000},{"heart_rate":82,"heart_rate_max":85,"heart_rate_min":79,"start_time":1700784360000,"end_time":1700784419000},{"heart_rate":84,"heart_rate_max":91,"heart_rate_min":81,"start_time":1700784300000,"end_time":1700784359000},{"heart_rate":82,"heart_rate_max":87,"heart_rate_min":77,"start_time":1700784240000,"end_time":1700784299000},{"heart_rate":81,"heart_rate_max":87,"heart_rate_min":77,"start_time":1700784180000,"end_time":1700784239000},{"heart_rate":84,"heart_rate_max":87,"heart_rate_min":83,"start_time":1700784120000,"end_time":1700784179000},{"heart_rate":84,"heart_rate_max":86,"heart_rate_min":83,"start_time":1700784060000,"end_time":1700784119000},{"heart_rate":85,"heart_rate_max":87,"heart_rate_min":83,"start_time":1700784000000,"end_time":1700784059000}]