{"mActivityList":[{"mActiveTime":887507,"mActiveTimeType":0,"mCalorie":63.0,"mCategory":204,"mDetailInfoId":"29fe24b8-5642-4167-a623-9a6a1b49f375","mDistance":710.25,"mDuration":887507,"mEndTime":28168961,"mStartTime":27281454,"mType":1001}],"mAdaptiveGoal":0,"mIsGoalAchieved":false,"mIsMostActiveAchieved":false,"mMostActiveMinutes":0,"mStreakDayCount":0,"mUnitDataList":[{"distance":13.53,"mCalorie":0.79,"mOthersTime":0,"mRunTime":0,"mStartTime":9000000,"mTimeUnit":600000,"mWalkTime":14007,"runStep":0,"walkStep":21},{"distance":128.43031,"mCalorie":5.680044,"mOthersTime":0,"mRunTime":0,"mStartTime":13800000,"mTimeUnit":600000,"mWalkTime":121394,"runStep":0,"walkStep":182},{"distance":91.36891,"mCalorie":4.250112,"mOthersTime":0,"mRunTime":0,"mStartTime":14400000,"mTimeUnit":600000,"mWalkTime":88044,"runStep":0,"walkStep":132},{"distance":31.010311,"mCalorie":1.5500829,"mOthersTime":0,"mRunTime":0,"mStartTime":15000000,"mTimeUnit":600000,"mWalkTime":29348,"runStep":0,"walkStep":44},{"distance":22.62,"mCalorie":1.18,"mOthersTime":0,"mRunTime":400,"mStartTime":15600000,"mTimeUnit":600000,"mWalkTime":20010,"runStep":1,"walkStep":30},{"distance":48.010002,"mCalorie":2.38,"mOthersTime":0,"mRunTime":1600,"mStartTime":16200000,"mTimeUnit":600000,"mWalkTime":41354,"runStep":4,"walkStep":62},{"distance":122.56992,"mCalorie":5.6100583,"mOthersTime":0,"mRunTime":0,"mStartTime":16800000,"mTimeUnit":600000,"mWalkTime":116058,"runStep":0,"walkStep":174},{"distance":119.55148,"mCalorie":5.4301224,"mOthersTime":0,"mRunTime":0,"mStartTime":17400000,"mTimeUnit":600000,"mWalkTime":114057,"runStep":0,"walkStep":171},{"distance":208.3703,"mCalorie":9.310015,"mOthersTime":0,"mRunTime":0,"mStartTime":23400000,"mTimeUnit":600000,"mWalkTime":194067,"runStep":0,"walkStep":293},{"distance":56.571953,"mCalorie":2.8802147,"mOthersTime":0,"mRunTime":2400,"mStartTime":24000000,"mTimeUnit":600000,"mWalkTime":48024,"runStep":6,"walkStep":72},{"distance":157.83743,"mCalorie":7.1199803,"mOthersTime":0,"mRunTime":0,"mStartTime":24600000,"mTimeUnit":600000,"mWalkTime":150075,"runStep":0,"walkStep":225},{"distance":115.17094,"mCalorie":5.5404053,"mOthersTime":0,"mRunTime":5200,"mStartTime":25200000,"mTimeUnit":600000,"mWalkTime":99383,"runStep":13,"walkStep":149},{"distance":209.94641,"mCalorie":9.220288,"mOthersTime":0,"mRunTime":0,"mStartTime":25800000,"mTimeUnit":600000,"mWalkTime":182728,"runStep":0,"walkStep":296},{"distance":374.19003,"mCalorie":16.1,"mOthersTime":0,"mRunTime":0,"mStartTime":26400000,"mTimeUnit":600000,"mWalkTime":314037,"runStep":0,"walkStep":533},{"distance":320.65533,"mCalorie":25.50845,"mOthersTime":0,"mRunTime":0,"mStartTime":27000000,"mTimeUnit":600000,"mWalkTime":382019,"runStep":0,"walkStep":410},{"distance":459.84164,"mCalorie":40.615517,"mOthersTime":0,"mRunTime":0,"mStartTime":27600000,"mTimeUnit":600000,"mWalkTime":573446,"runStep":0,"walkStep":677},{"distance":36.45203,"mCalorie":1.8502344,"mOthersTime":0,"mRunTime":0,"mStartTime":28200000,"mTimeUnit":600000,"mWalkTime":34684,"runStep":0,"walkStep":52},{"distance":133.09,"mCalorie":6.9300003,"mOthersTime":0,"mRunTime":0,"mStartTime":28800000,"mTimeUnit":600000,"mWalkTime":129398,"runStep":0,"walkStep":194},{"distance":25.759998,"mCalorie":1.13,"mOthersTime":0,"mRunTime":0,"mStartTime":29400000,"mTimeUnit":600000,"mWalkTime":24012,"runStep":0,"walkStep":36},{"distance":153.15001,"mCalorie":6.87,"mOthersTime":0,"mRunTime":0,"mStartTime":32400000,"mTimeUnit":600000,"mWalkTime":144739,"runStep":0,"walkStep":217},{"distance":318.15735,"mCalorie":15.792241,"mOthersTime":0,"mRunTime":28560,"mStartTime":33000000,"mTimeUnit":600000,"mWalkTime":240732,"runStep":72,"walkStep":367},{"distance":36.691483,"mCalorie":1.4199951,"mOthersTime":0,"mRunTime":0,"mStartTime":33600000,"mTimeUnit":600000,"mWalkTime":33350,"runStep":0,"walkStep":50},{"distance":127.35906,"mCalorie":5.1099663,"mOthersTime":0,"mRunTime":0,"mStartTime":34200000,"mTimeUnit":600000,"mWalkTime":112056,"runStep":0,"walkStep":168},{"distance":161.47,"mCalorie":7.38,"mOthersTime":0,"mRunTime":0,"mStartTime":34800000,"mTimeUnit":600000,"mWalkTime":151379,"runStep":0,"walkStep":227},{"distance":59.489998,"mCalorie":2.57,"mOthersTime":0,"mRunTime":0,"mStartTime":35400000,"mTimeUnit":600000,"mWalkTime":55361,"runStep":0,"walkStep":83},{"distance":30.76,"mCalorie":1.29,"mOthersTime":0,"mRunTime":0,"mStartTime":36000000,"mTimeUnit":600000,"mWalkTime":28014,"runStep":0,"walkStep":42},{"distance":45.120003,"mCalorie":1.95,"mOthersTime":0,"mRunTime":0,"mStartTime":36600000,"mTimeUnit":600000,"mWalkTime":42688,"runStep":0,"walkStep":64},{"distance":5.2695312,"mCalorie":0.18005371,"mOthersTime":0,"mRunTime":0,"mStartTime":37200000,"mTimeUnit":600000,"mWalkTime":4669,"runStep":0,"walkStep":7},{"distance":5.560547,"mCalorie":0.27001953,"mOthersTime":0,"mRunTime":0,"mStartTime":37800000,"mTimeUnit":600000,"mWalkTime":5336,"runStep":0,"walkStep":8},{"distance":9.85,"mCalorie":0.4,"mOthersTime":0,"mRunTime":0,"mStartTime":40200000,"mTimeUnit":600000,"mWalkTime":8671,"runStep":0,"walkStep":13},{"distance":7.06,"mCalorie":0.31,"mOthersTime":0,"mRunTime":0,"mStartTime":40800000,"mTimeUnit":600000,"mWalkTime":6670,"runStep":0,"walkStep":10},{"distance":133.22,"mCalorie":5.899966,"mOthersTime":0,"mRunTime":0,"mStartTime":41400000,"mTimeUnit":600000,"mWalkTime":126730,"runStep":0,"walkStep":190},{"distance":185.23999,"mCalorie":8.110049,"mOthersTime":0,"mRunTime":400,"mStartTime":42000000,"mTimeUnit":600000,"mWalkTime":170085,"runStep":1,"walkStep":255},{"distance":102.230865,"mCalorie":4.3400145,"mOthersTime":0,"mRunTime":0,"mStartTime":42600000,"mTimeUnit":600000,"mWalkTime":95381,"runStep":0,"walkStep":143},{"distance":50.75,"mCalorie":2.1299996,"mOthersTime":0,"mRunTime":0,"mStartTime":43200000,"mTimeUnit":600000,"mWalkTime":46023,"runStep":0,"walkStep":69},{"distance":15.19,"mCalorie":0.64,"mOthersTime":0,"mRunTime":0,"mStartTime":43800000,"mTimeUnit":600000,"mWalkTime":14007,"runStep":0,"walkStep":21},{"distance":55.74,"mCalorie":2.28,"mOthersTime":0,"mRunTime":0,"mStartTime":44400000,"mTimeUnit":600000,"mWalkTime":50025,"runStep":0,"walkStep":75},{"distance":6.86,"mCalorie":0.32,"mOthersTime":0,"mRunTime":0,"mStartTime":45000000,"mTimeUnit":600000,"mWalkTime":6670,"runStep":0,"walkStep":10},{"distance":43.86,"mCalorie":1.8100001,"mOthersTime":0,"mRunTime":0,"mStartTime":45600000,"mTimeUnit":600000,"mWalkTime":39353,"runStep":0,"walkStep":59},{"distance":13.07,"mCalorie":0.54,"mOthersTime":0,"mRunTime":0,"mStartTime":46200000,"mTimeUnit":600000,"mWalkTime":11339,"runStep":0,"walkStep":17},{"distance":89.36001,"mCalorie":3.9599998,"mOthersTime":0,"mRunTime":0,"mStartTime":46800000,"mTimeUnit":600000,"mWalkTime":82708,"runStep":0,"walkStep":124},{"distance":132.0989,"mCalorie":6.1100197,"mOthersTime":0,"mRunTime":0,"mStartTime":47400000,"mTimeUnit":600000,"mWalkTime":123395,"runStep":0,"walkStep":185},{"distance":28.91,"mCalorie":1.5100489,"mOthersTime":0,"mRunTime":0,"mStartTime":48000000,"mTimeUnit":600000,"mWalkTime":26680,"runStep":0,"walkStep":40},{"distance":63.540077,"mCalorie":2.8099265,"mOthersTime":0,"mRunTime":0,"mStartTime":48600000,"mTimeUnit":600000,"mWalkTime":58696,"runStep":0,"walkStep":88},{"distance":70.73078,"mCalorie":3.360073,"mOthersTime":0,"mRunTime":800,"mStartTime":49200000,"mTimeUnit":600000,"mWalkTime":61364,"runStep":2,"walkStep":92},{"distance":232.92883,"mCalorie":10.460024,"mOthersTime":0,"mRunTime":2000,"mStartTime":49800000,"mTimeUnit":600000,"mWalkTime":215441,"runStep":5,"walkStep":323},{"distance":34.78875,"mCalorie":1.4900537,"mOthersTime":0,"mRunTime":0,"mStartTime":50400000,"mTimeUnit":600000,"mWalkTime":32683,"runStep":0,"walkStep":49},{"distance":13.23,"mCalorie":0.53,"mOthersTime":0,"mRunTime":0,"mStartTime":55200000,"mTimeUnit":600000,"mWalkTime":12006,"runStep":0,"walkStep":18},{"distance":178.32947,"mCalorie":8.48,"mOthersTime":0,"mRunTime":3200,"mStartTime":56400000,"mTimeUnit":600000,"mWalkTime":164749,"runStep":8,"walkStep":247},{"distance":93.3,"mCalorie":4.0699997,"mOthersTime":0,"mRunTime":0,"mStartTime":57000000,"mTimeUnit":600000,"mWalkTime":86710,"runStep":0,"walkStep":130},{"distance":39.51,"mCalorie":2.07,"mOthersTime":0,"mRunTime":800,"mStartTime":57600000,"mTimeUnit":600000,"mWalkTime":36018,"runStep":2,"walkStep":54},{"distance":167.29985,"mCalorie":7.6000876,"mOthersTime":0,"mRunTime":0,"mStartTime":58200000,"mTimeUnit":600000,"mWalkTime":156078,"runStep":0,"walkStep":234},{"distance":128.87999,"mCalorie":7.46,"mOthersTime":0,"mRunTime":3600,"mStartTime":58800000,"mTimeUnit":600000,"mWalkTime":116058,"runStep":9,"walkStep":174},{"distance":120.509995,"mCalorie":5.63,"mOthersTime":0,"mRunTime":0,"mStartTime":59400000,"mTimeUnit":600000,"mWalkTime":117392,"runStep":0,"walkStep":176},{"distance":84.20891,"mCalorie":4.1300144,"mOthersTime":0,"mRunTime":0,"mStartTime":60000000,"mTimeUnit":600000,"mWalkTime":83375,"runStep":0,"walkStep":125},{"distance":109.509056,"mCalorie":4.760014,"mOthersTime":0,"mRunTime":0,"mStartTime":62400000,"mTimeUnit":600000,"mWalkTime":100717,"runStep":0,"walkStep":151},{"distance":105.761406,"mCalorie":4.859932,"mOthersTime":0,"mRunTime":0,"mStartTime":63000000,"mTimeUnit":600000,"mWalkTime":99383,"runStep":0,"walkStep":149},{"distance":27.55,"mCalorie":1.2099999,"mOthersTime":0,"mRunTime":0,"mStartTime":63600000,"mTimeUnit":600000,"mWalkTime":26013,"runStep":0,"walkStep":39},{"distance":82.14,"mCalorie":3.85,"mOthersTime":0,"mRunTime":0,"mStartTime":64200000,"mTimeUnit":600000,"mWalkTime":80040,"runStep":0,"walkStep":120},{"distance":62.258907,"mCalorie":2.7500587,"mOthersTime":0,"mRunTime":400,"mStartTime":64800000,"mTimeUnit":600000,"mWalkTime":57362,"runStep":1,"walkStep":86},{"distance":19.16,"mCalorie":0.99,"mOthersTime":0,"mRunTime":400,"mStartTime":65400000,"mTimeUnit":600000,"mWalkTime":16675,"runStep":1,"walkStep":25},{"distance":99.67015,"mCalorie":4.3799996,"mOthersTime":0,"mRunTime":0,"mStartTime":66000000,"mTimeUnit":600000,"mWalkTime":94714,"runStep":0,"walkStep":142},{"distance":63.944687,"mCalorie":3.1699657,"mOthersTime":0,"mRunTime":0,"mStartTime":66600000,"mTimeUnit":600000,"mWalkTime":62031,"runStep":0,"walkStep":93},{"distance":105.36,"mCalorie":4.93,"mOthersTime":0,"mRunTime":400,"mStartTime":67200000,"mTimeUnit":600000,"mWalkTime":95381,"runStep":1,"walkStep":143},{"distance":38.47,"mCalorie":1.9,"mOthersTime":0,"mRunTime":0,"mStartTime":67800000,"mTimeUnit":600000,"mWalkTime":37352,"runStep":0,"walkStep":56},{"distance":116.24438,"mCalorie":5.330391,"mOthersTime":0,"mRunTime":0,"mStartTime":68400000,"mTimeUnit":600000,"mWalkTime":113390,"runStep":0,"walkStep":170},{"distance":17.5,"mCalorie":0.99,"mOthersTime":0,"mRunTime":400,"mStartTime":69000000,"mTimeUnit":600000,"mWalkTime":16008,"runStep":1,"walkStep":24},{"distance":64.45812,"mCalorie":2.9301171,"mOthersTime":0,"mRunTime":0,"mStartTime":73200000,"mTimeUnit":600000,"mWalkTime":61364,"runStep":0,"walkStep":92},{"distance":43.58172,"mCalorie":1.9899658,"mOthersTime":0,"mRunTime":0,"mStartTime":73800000,"mTimeUnit":600000,"mWalkTime":40687,"runStep":0,"walkStep":61},{"distance":20.019688,"mCalorie":1.1900783,"mOthersTime":0,"mRunTime":1200,"mStartTime":74400000,"mTimeUnit":600000,"mWalkTime":16675,"runStep":3,"walkStep":25},{"distance":49.010002,"mCalorie":2.46,"mOthersTime":0,"mRunTime":2000,"mStartTime":76800000,"mTimeUnit":600000,"mWalkTime":42021,"runStep":5,"walkStep":63}],"version":1}