﻿com.samsung.shealth.stress,6250075,8
create_sh_ver,start_time,custom,binning_data,tag_id,modify_sh_ver,update_time,create_time,max,min,score,algorithm,time_offset,deviceuuid,comment,pkg_name,end_time,datauuid
,2023-11-22 12:00:00.000,,e93a86c9-f541-468a-a4d2-34dd92fbbdc9.binning_data.json,10011,,2023-11-22 13:00:11.264,2023-11-22 12:58:05.994,2.0,0.0,1.0,,UTC+0700,BqtdylYVey,,com.sec.android.app.shealth,2023-11-22 12:59:59.999,e93a86c9-f541-468a-a4d2-34dd92fbbdc9,
,2023-11-22 13:00:00.000,,d1982bab-683a-4ed1-a540-0d02d91837f3.binning_data.json,10011,,2023-11-22 21:12:39.079,2023-11-22 13:00:11.452,8.0,0.0,0.0,,UTC+0700,BqtdylYVey,,com.sec.android.app.shealth,2023-11-22 13:59:59.999,d1982bab-683a-4ed1-a540-0d02d91837f3,
,2023-11-22 21:00:00.000,,fda45b7e-0f33-4ac8-8625-21c721f2bd58.binning_data.json,10011,,2023-11-22 22:01:25.493,2023-11-22 22:01:25.493,71.0,0.0,8.0,,UTC+0700,BqtdylYVey,,com.sec.android.app.shealth,2023-11-22 21:59:59.999,fda45b7e-0f33-4ac8-8625-21c721f2bd58,
,2023-11-22 22:00:00.000,,9cced5f6-3988-44ce-802b-ea7ddf91a8ff.binning_data.json,10011,,2023-11-23 00:10:06.266,2023-11-23 00:10:06.266,100.0,1.0,33.0,,UTC+0700,BqtdylYVey,,com.sec.android.app.shealth,2023-11-22 22:59:59.999,9cced5f6-3988-44ce-802b-ea7ddf91a8ff,
,2023-11-23 00:00:00.000,,058a428b-938b-4523-a7a1-15d604817cbd.binning_data.json,10011,,2023-11-23 01:02:35.793,2023-11-23 01:02:35.793,96.0,0.0,16.0,,UTC+0700,BqtdylYVey,,com.sec.android.app.shealth,2023-11-23 00:59:59.999,058a428b-938b-4523-a7a1-15d604817cbd,
,2023-11-23 01:00:00.000,,7f65c0a2-74d1-4a2f-a5cc-04ff2727ba7e.binning_data.json,10011,,2023-11-23 02:01:14.436,2023-11-23 02:01:14.436,78.0,0.0,16.0,,UTC+0700,BqtdylYVey,,com.sec.android.app.shealth,2023-11-23 01:59:59.999,7f65c0a2-74d1-4a2f-a5cc-04ff2727ba7e,
,2023-11-23 02:00:00.000,,81459cd5-eb76-42c8-9e9a-892e56d43d77.binning_data.json,10011,,2023-11-23 03:02:25.020,2023-11-23 02:12:53.885,74.0,0.0,22.0,,UTC+0700,BqtdylYVey,,com.sec.android.app.shealth,2023-11-23 02:59:59.999,81459cd5-eb76-42c8-9e9a-892e56d43d77,
,2023-11-23 03:00:00.000,,4c61a556-0080-44e0-912a-cbffecb0d7cd.binning_data.json,10011,,2023-11-23 04:01:03.283,2023-11-23 04:01:03.283,10.0,0.0,1.0,,UTC+0700,BqtdylYVey,,com.sec.android.app.shealth,2023-11-23 03:59:59.999,4c61a556-0080-44e0-912a-cbffecb0d7cd,
,2023-11-23 04:00:00.000,,c59813ad-4782-4c82-afad-52151fe4e392.binning_data.json,10011,,2023-11-23 05:10:09.618,2023-11-23 05:10:09.618,9.0,0.0,0.0,,UTC+0700,BqtdylYVey,,com.sec.android.app.shealth,2023-11-23 04:59:59.999,c59813ad-4782-4c82-afad-52151fe4e392,
,2023-11-23 05:00:00.000,,1fb0e4d6-f006-4949-93b9-0f2e34fee52e.binning_data.json,10011,,2023-11-23 06:01:00.859,2023-11-23 05:28:31.494,58.0,0.0,2.0,,UTC+0700,BqtdylYVey,,com.sec.android.app.shealth,2023-11-23 05:59:59.999,1fb0e4d6-f006-4949-93b9-0f2e34fee52e,
,2023-11-23 06:00:00.000,,e26e52d7-6eca-43ce-b1c8-4cbb43840228.binning_data.json,10011,,2023-11-23 07:02:30.127,2023-11-23 07:02:30.127,10.0,0.0,0.0,,UTC+0700,BqtdylYVey,,com.sec.android.app.shealth,2023-11-23 06:59:59.999,e26e52d7-6eca-43ce-b1c8-4cbb43840228,
,2023-11-23 07:00:00.000,,77d277b3-bd8e-428f-9276-be5ba7b5d11b.binning_data.json,10011,,2023-11-23 08:02:29.833,2023-11-23 08:02:29.833,6.0,0.0,0.0,,UTC+0700,BqtdylYVey,,com.sec.android.app.shealth,2023-11-23 07:59:59.999,77d277b3-bd8e-428f-9276-be5ba7b5d11b,
,2023-11-23 08:00:00.000,,e4049711-4f19-4d58-a5c8-b4bd20bcd57c.binning_data.json,10011,,2023-11-23 09:01:10.818,2023-11-23 09:01:10.818,3.0,0.0,0.0,,UTC+0700,BqtdylYVey,,com.sec.android.app.shealth,2023-11-23 08:59:59.999,e4049711-4f19-4d58-a5c8-b4bd20bcd57c,
,2023-11-23 09:00:00.000,,a672b147-ed46-4948-b50c-0583f483fb78.binning_data.json,10011,,2023-11-23 10:08:12.579,2023-11-23 10:08:12.579,99.0,0.0,12.0,,UTC+0700,BqtdylYVey,,com.sec.android.app.shealth,2023-11-23 09:59:59.999,a672b147-ed46-4948-b50c-0583f483fb78,
,2023-11-23 10:00:00.000,,98107d21-03b8-471c-899e-01051f3fdb3c.binning_data.json,10011,,2023-11-23 11:01:51.652,2023-11-23 11:01:51.652,95.0,0.0,24.0,,UTC+0700,BqtdylYVey,,com.sec.android.app.shealth,2023-11-23 10:59:59.999,98107d21-03b8-471c-899e-01051f3fdb3c,
,2023-11-23 11:00:00.000,,d4ba3213-3c06-418a-acf0-736861ebc8a2.binning_data.json,10011,,2023-11-23 12:09:17.444,2023-11-23 12:09:17.444,66.0,0.0,4.0,,UTC+0700,BqtdylYVey,,com.sec.android.app.shealth,2023-11-23 11:59:59.999,d4ba3213-3c06-418a-acf0-736861ebc8a2,
,2023-11-23 12:00:00.000,,eb0e431a-d779-4c6f-aae7-0a9e551b32a7.binning_data.json,10011,,2023-11-23 13:03:14.386,2023-11-23 13:03:14.386,92.0,0.0,4.0,,UTC+0700,BqtdylYVey,,com.sec.android.app.shealth,2023-11-23 12:59:59.999,eb0e431a-d779-4c6f-aae7-0a9e551b32a7,
,2023-11-23 13:00:00.000,,db4587a1-6b60-4521-9c20-8c6a2877e000.binning_data.json,10011,,2023-11-23 20:57:02.841,2023-11-23 20:57:02.841,0.0,0.0,0.0,,UTC+0700,BqtdylYVey,,com.sec.android.app.shealth,2023-11-23 13:59:59.999,db4587a1-6b60-4521-9c20-8c6a2877e000,
,2023-11-23 20:00:00.000,,daad5ca3-d6a3-4155-a1cb-4e2c45716a7e.binning_data.json,10011,,2023-11-23 21:01:51.238,2023-11-23 21:01:51.238,30.0,0.0,10.0,,UTC+0700,BqtdylYVey,,com.sec.android.app.shealth,2023-11-23 20:59:59.999,daad5ca3-d6a3-4155-a1cb-4e2c45716a7e,
,2023-11-23 21:00:00.000,,f46037ef-51b0-4d84-9341-d2593ed8eca3.binning_data.json,10011,,2023-11-23 22:05:25.819,2023-11-23 22:05:25.819,100.0,2.0,45.0,,UTC+0700,BqtdylYVey,,com.sec.android.app.shealth,2023-11-23 21:59:59.999,f46037ef-51b0-4d84-9341-d2593ed8eca3,
,2023-11-23 22:00:00.000,,f6ed25bd-bdd8-4934-b14e-765f10461c7a.binning_data.json,10011,,2023-11-23 23:45:42.078,2023-11-23 23:45:42.078,97.0,0.0,37.0,,UTC+0700,BqtdylYVey,,com.sec.android.app.shealth,2023-11-23 22:59:59.999,f6ed25bd-bdd8-4934-b14e-765f10461c7a,
,2023-11-23 23:00:00.000,,8e84aaed-8827-4537-998f-565f971ac9a5.binning_data.json,10011,,2023-11-24 00:04:19.637,2023-11-24 00:04:19.637,86.0,0.0,37.0,,UTC+0700,BqtdylYVey,,com.sec.android.app.shealth,2023-11-23 23:59:59.999,8e84aaed-8827-4537-998f-565f971ac9a5,
,2023-11-24 00:00:00.000,,ef2dda0a-f9a4-4548-92c0-91cebda41b87.binning_data.json,10011,,2023-11-24 01:08:51.921,2023-11-24 01:08:51.921,99.0,1.0,40.0,,UTC+0700,BqtdylYVey,,com.sec.android.app.shealth,2023-11-24 00:59:59.999,ef2dda0a-f9a4-4548-92c0-91cebda41b87,
,2023-11-24 01:00:00.000,,8d241468-f77c-44b3-a0aa-2c2482c84ea7.binning_data.json,10011,,2023-11-24 02:01:00.842,2023-11-24 02:01:00.842,100.0,3.0,43.0,,UTC+0700,BqtdylYVey,,com.sec.android.app.shealth,2023-11-24 01:59:59.999,8d241468-f77c-44b3-a0aa-2c2482c84ea7,
,2023-11-24 02:00:00.000,,76c39e67-599a-400a-8c1f-2b0b897ba8c9.binning_data.json,10011,,2023-11-24 03:01:28.186,2023-11-24 03:01:28.186,100.0,0.0,32.0,,UTC+0700,BqtdylYVey,,com.sec.android.app.shealth,2023-11-24 02:59:59.999,76c39e67-599a-400a-8c1f-2b0b897ba8c9,
,2023-11-24 03:00:00.000,,5fa46d98-0ba6-48dd-92f1-a4c1caebbc51.binning_data.json,10011,,2023-11-24 04:01:00.968,2023-11-24 04:01:00.968,99.0,0.0,9.0,,UTC+0700,BqtdylYVey,,com.sec.android.app.shealth,2023-11-24 03:59:59.999,5fa46d98-0ba6-48dd-92f1-a4c1caebbc51,
,2023-11-24 04:00:00.000,,1ca438df-ad57-4731-b4c4-65f03d6cecb9.binning_data.json,10011,,2023-11-24 05:04:47.490,2023-11-24 05:04:47.490,96.0,1.0,21.0,,UTC+0700,BqtdylYVey,,com.sec.android.app.shealth,2023-11-24 04:59:59.999,1ca438df-ad57-4731-b4c4-65f03d6cecb9,
,2023-11-24 05:00:00.000,,4435c1ce-023e-4ec9-b10e-bb11e812d66b.binning_data.json,10011,,2023-11-24 06:01:25.658,2023-11-24 06:01:25.658,95.0,0.0,12.0,,UTC+0700,BqtdylYVey,,com.sec.android.app.shealth,2023-11-24 05:59:59.999,4435c1ce-023e-4ec9-b10e-bb11e812d66b,
,2023-11-24 06:00:00.000,,105bf55e-5a81-41b0-8787-d7f771329781.binning_data.json,10011,,2023-11-24 07:04:00.434,2023-11-24 07:04:00.434,91.0,0.0,4.0,,UTC+0700,BqtdylYVey,,com.sec.android.app.shealth,2023-11-24 06:59:59.999,105bf55e-5a81-41b0-8787-d7f771329781,
,2023-11-24 07:00:00.000,,e6fa014b-4b19-45c7-a6e8-60dac04d5192.binning_data.json,10011,,2023-11-24 08:01:18.869,2023-11-24 08:01:18.869,60.0,0.0,3.0,,UTC+0700,BqtdylYVey,,com.sec.android.app.shealth,2023-11-24 07:59:59.999,e6fa014b-4b19-45c7-a6e8-60dac04d5192,
,2023-11-24 08:00:00.000,,6ba36102-8f3b-4865-ac4b-1d16d0a7f18b.binning_data.json,10011,,2023-11-24 09:03:06.812,2023-11-24 09:03:06.812,92.0,0.0,5.0,,UTC+0700,BqtdylYVey,,com.sec.android.app.shealth,2023-11-24 08:59:59.999,6ba36102-8f3b-4865-ac4b-1d16d0a7f18b,
,2023-11-24 09:00:00.000,,99e78fc6-3568-4a40-9fe2-f3f131507f5f.binning_data.json,10011,,2023-11-24 10:19:23.602,2023-11-24 10:19:23.602,100.0,0.0,10.0,,UTC+0700,BqtdylYVey,,com.sec.android.app.shealth,2023-11-24 09:59:59.999,99e78fc6-3568-4a40-9fe2-f3f131507f5f,
,2023-11-24 10:00:00.000,,f5c9b9d2-68f2-45b8-aac8-441b579a0ed4.binning_data.json,10011,,2023-11-24 11:07:19.759,2023-11-24 11:07:19.759,77.0,0.0,34.0,,UTC+0700,BqtdylYVey,,com.sec.android.app.shealth,2023-11-24 10:59:59.999,f5c9b9d2-68f2-45b8-aac8-441b579a0ed4,
,2023-11-24 11:00:00.000,,899946bf-0439-42ee-ba26-adec2cc814d8.binning_data.json,10011,,2023-11-24 12:01:00.735,2023-11-24 12:01:00.735,90.0,0.0,21.0,,UTC+0700,BqtdylYVey,,com.sec.android.app.shealth,2023-11-24 11:59:59.999,899946bf-0439-42ee-ba26-adec2cc814d8,
,2023-11-24 12:00:00.000,,08cccb91-ff42-4f1d-b0a9-2c2f6114ec54.binning_data.json,10011,,2023-11-24 13:23:33.867,2023-11-24 13:23:33.867,61.0,0.0,4.0,,UTC+0700,BqtdylYVey,,com.sec.android.app.shealth,2023-11-24 12:59:59.999,08cccb91-ff42-4f1d-b0a9-2c2f6114ec54,
,2023-11-24 13:00:00.000,,029b845d-2594-4b4f-9433-3d827fb0520e.binning_data.json,10011,,2023-11-24 21:01:42.007,2023-11-24 21:01:42.007,61.0,0.0,7.0,,UTC+0700,BqtdylYVey,,com.sec.android.app.shealth,2023-11-24 13:59:59.999,029b845d-2594-4b4f-9433-3d827fb0520e,
,2023-11-24 21:00:00.000,,b3800bf9-4e4a-4b7a-9ddf-a2106123b369.binning_data.json,10011,,2023-11-24 22:01:32.382,2023-11-24 21:12:49.482,99.0,0.0,29.0,,UTC+0700,BqtdylYVey,,com.sec.android.app.shealth,2023-11-24 21:59:59.999,b3800bf9-4e4a-4b7a-9ddf-a2106123b369,
,2023-11-24 22:00:00.000,,a2e26c2b-075d-4c23-8cc4-3a2233e72f9b.binning_data.json,10011,,2023-11-24 23:01:41.984,2023-11-24 22:47:44.555,56.0,0.0,29.0,,UTC+0700,BqtdylYVey,,com.sec.android.app.shealth,2023-11-24 22:59:59.999,a2e26c2b-075d-4c23-8cc4-3a2233e72f9b,
,2023-11-24 23:00:00.000,,cad2c251-18d4-4ff9-a198-4ef410799bcf.binning_data.json,10011,,2023-11-25 00:04:30.148,2023-11-25 00:04:30.148,89.0,0.0,40.0,,UTC+0700,BqtdylYVey,,com.sec.android.app.shealth,2023-11-24 23:59:59.999,cad2c251-18d4-4ff9-a198-4ef410799bcf,
,2023-11-25 00:00:00.000,,4145e9f7-baff-4d0e-aef4-9dc21e472918.binning_data.json,10011,,2023-11-25 01:41:31.483,2023-11-25 01:41:31.483,100.0,8.0,52.0,,UTC+0700,BqtdylYVey,,com.sec.android.app.shealth,2023-11-25 00:59:59.999,4145e9f7-baff-4d0e-aef4-9dc21e472918,
,2023-11-25 01:00:00.000,,b2f9c9dc-fcc9-4a2a-806c-d1edc437db60.binning_data.json,10011,,2023-11-25 02:05:17.033,2023-11-25 02:05:17.033,100.0,8.0,41.0,,UTC+0700,BqtdylYVey,,com.sec.android.app.shealth,2023-11-25 01:59:59.999,b2f9c9dc-fcc9-4a2a-806c-d1edc437db60,
,2023-11-25 02:00:00.000,,39764054-87af-4072-add3-dac069caa5a3.binning_data.json,10011,,2023-11-25 03:01:00.771,2023-11-25 03:01:00.771,98.0,0.0,38.0,,UTC+0700,BqtdylYVey,,com.sec.android.app.shealth,2023-11-25 02:59:59.999,39764054-87af-4072-add3-dac069caa5a3,
,2023-11-25 03:00:00.000,,0bf03bd2-574f-4c6b-b95a-24256ee0d19d.binning_data.json,10011,,2023-11-25 04:03:17.184,2023-11-25 04:03:17.184,95.0,0.0,30.0,,UTC+0700,BqtdylYVey,,com.sec.android.app.shealth,2023-11-25 03:59:59.999,0bf03bd2-574f-4c6b-b95a-24256ee0d19d,
,2023-11-25 04:00:00.000,,14d375a7-08f4-420e-9eff-d0ef7cd31176.binning_data.json,10011,,2023-11-25 05:01:09.237,2023-11-25 05:01:09.237,60.0,1.0,15.0,,UTC+0700,BqtdylYVey,,com.sec.android.app.shealth,2023-11-25 04:59:59.999,14d375a7-08f4-420e-9eff-d0ef7cd31176,
,2023-11-25 05:00:00.000,,0a455db0-1101-416f-ba01-a1740317e2a4.binning_data.json,10011,,2023-11-25 06:00:57.306,2023-11-25 06:00:57.306,94.0,1.0,23.0,,UTC+0700,BqtdylYVey,,com.sec.android.app.shealth,2023-11-25 05:59:59.999,0a455db0-1101-416f-ba01-a1740317e2a4,
,2023-11-25 06:00:00.000,,fe7f26ba-f43a-40a5-ae85-9a1eb30571ea.binning_data.json,10011,,2023-11-25 07:03:32.099,2023-11-25 06:00:57.541,48.0,0.0,2.0,,UTC+0700,BqtdylYVey,,com.sec.android.app.shealth,2023-11-25 06:59:59.999,fe7f26ba-f43a-40a5-ae85-9a1eb30571ea,
,2023-11-25 07:00:00.000,,ed558aca-7345-4ec3-84cd-e371eba5f2f6.binning_data.json,10011,,2023-11-25 08:01:01.916,2023-11-25 07:24:59.137,100.0,0.0,9.0,,UTC+0700,BqtdylYVey,,com.sec.android.app.shealth,2023-11-25 07:59:59.999,ed558aca-7345-4ec3-84cd-e371eba5f2f6,
,2023-11-25 08:00:00.000,,fce9255b-5add-4bfa-aed0-0c8d43c32021.binning_data.json,10011,,2023-11-25 09:01:35.457,2023-11-25 08:15:52.531,99.0,0.0,13.0,,UTC+0700,BqtdylYVey,,com.sec.android.app.shealth,2023-11-25 08:59:59.999,fce9255b-5add-4bfa-aed0-0c8d43c32021,
,2023-11-25 09:00:00.000,,c6465f7e-af72-4e83-b33c-12f79bd283c8.binning_data.json,10011,,2023-11-25 10:01:11.763,2023-11-25 09:01:35.704,100.0,0.0,10.0,,UTC+0700,BqtdylYVey,,com.sec.android.app.shealth,2023-11-25 09:59:59.999,c6465f7e-af72-4e83-b33c-12f79bd283c8,
,2023-11-25 10:00:00.000,,feea148b-d407-440e-ac7c-0645453e19f4.binning_data.json,10011,,2023-11-25 11:05:42.665,2023-11-25 11:05:42.665,100.0,0.0,38.0,,UTC+0700,BqtdylYVey,,com.sec.android.app.shealth,2023-11-25 10:59:59.999,feea148b-d407-440e-ac7c-0645453e19f4,
,2023-11-25 11:00:00.000,,7a619079-58bc-4530-9f31-ee110605d6fa.binning_data.json,10011,,2023-11-25 12:01:43.195,2023-11-25 12:01:43.195,49.0,0.0,2.0,,UTC+0700,BqtdylYVey,,com.sec.android.app.shealth,2023-11-25 11:59:59.999,7a619079-58bc-4530-9f31-ee110605d6fa,
,2023-11-25 12:00:00.000,,baae340e-abf3-4c9b-a0e5-1ba742788ca4.binning_data.json,10011,,2023-11-25 13:35:00.763,2023-11-25 13:35:00.763,74.0,0.0,17.0,,UTC+0700,BqtdylYVey,,com.sec.android.app.shealth,2023-11-25 12:59:59.999,baae340e-abf3-4c9b-a0e5-1ba742788ca4,
,2023-11-25 13:00:00.000,,f3bce814-a2ca-4285-a0cf-c762dbf916e5.binning_data.json,10011,,2023-11-25 14:01:47.704,2023-11-25 13:43:13.121,29.0,0.0,2.0,,UTC+0700,BqtdylYVey,,com.sec.android.app.shealth,2023-11-25 13:59:59.999,f3bce814-a2ca-4285-a0cf-c762dbf916e5,
,2023-11-25 14:00:00.000,,f0f8db0b-fdeb-4481-8215-a13eed5f48e5.binning_data.json,10011,,2023-11-25 20:56:05.950,2023-11-25 20:56:05.950,0.0,0.0,0.0,,UTC+0700,BqtdylYVey,,com.sec.android.app.shealth,2023-11-25 14:59:59.999,f0f8db0b-fdeb-4481-8215-a13eed5f48e5,
,2023-11-25 20:00:00.000,,342177ba-aa6c-43f0-8a74-36cbe3e4675f.binning_data.json,10011,,2023-11-25 21:01:24.416,2023-11-25 21:01:24.416,55.0,1.0,17.0,,UTC+0700,BqtdylYVey,,com.sec.android.app.shealth,2023-11-25 20:59:59.999,342177ba-aa6c-43f0-8a74-36cbe3e4675f,
,2023-11-25 21:00:00.000,,05f36ba3-a858-4676-bfe2-69b90013027e.binning_data.json,10011,,2023-11-25 22:04:28.105,2023-11-25 22:04:28.105,100.0,0.0,35.0,,UTC+0700,BqtdylYVey,,com.sec.android.app.shealth,2023-11-25 21:59:59.999,05f36ba3-a858-4676-bfe2-69b90013027e,
,2023-11-25 22:00:00.000,,5cb4da6e-c908-426c-aeb1-db4c42f37924.binning_data.json,10011,,2023-11-25 23:06:45.762,2023-11-25 23:06:45.762,96.0,2.0,41.0,,UTC+0700,BqtdylYVey,,com.sec.android.app.shealth,2023-11-25 22:59:59.999,5cb4da6e-c908-426c-aeb1-db4c42f37924,
,2023-11-25 23:00:00.000,,ada87cd1-e090-4d20-aef7-4ae6f6935c70.binning_data.json,10011,,2023-11-26 00:04:00.802,2023-11-26 00:04:00.802,100.0,0.0,31.0,,UTC+0700,BqtdylYVey,,com.sec.android.app.shealth,2023-11-25 23:59:59.999,ada87cd1-e090-4d20-aef7-4ae6f6935c70,
,2023-11-26 00:00:00.000,,5933b3c6-c816-4420-94f1-d557258ba575.binning_data.json,10011,,2023-11-26 01:43:30.317,2023-11-26 01:43:30.317,0.0,0.0,0.0,,UTC+0700,BqtdylYVey,,com.sec.android.app.shealth,2023-11-26 00:59:59.999,5933b3c6-c816-4420-94f1-d557258ba575,
,2023-11-26 01:00:00.000,,04a2fa84-32b6-47e0-a8d7-f85b9e31379d.binning_data.json,10011,,2023-11-26 02:02:37.932,2023-11-26 01:43:30.860,99.0,3.0,30.0,,UTC+0700,BqtdylYVey,,com.sec.android.app.shealth,2023-11-26 01:59:59.999,04a2fa84-32b6-47e0-a8d7-f85b9e31379d,
,2023-11-26 02:00:00.000,,ac87f58c-6002-43dc-90a1-2c099b772780.binning_data.json,10011,,2023-11-26 03:01:00.819,2023-11-26 03:01:00.819,98.0,0.0,22.0,,UTC+0700,BqtdylYVey,,com.sec.android.app.shealth,2023-11-26 02:59:59.999,ac87f58c-6002-43dc-90a1-2c099b772780,
,2023-11-26 03:00:00.000,,d5dafb6a-0fc3-4b98-ace3-ed5e536d2a7e.binning_data.json,10011,,2023-11-26 04:02:10.456,2023-11-26 03:25:33.396,44.0,0.0,8.0,,UTC+0700,BqtdylYVey,,com.sec.android.app.shealth,2023-11-26 03:59:59.999,d5dafb6a-0fc3-4b98-ace3-ed5e536d2a7e,
,2023-11-26 04:00:00.000,,4932ae21-643c-4f70-82c1-722bbba3fa95.binning_data.json,10011,,2023-11-26 05:01:06.046,2023-11-26 05:01:06.046,90.0,0.0,11.0,,UTC+0700,BqtdylYVey,,com.sec.android.app.shealth,2023-11-26 04:59:59.999,4932ae21-643c-4f70-82c1-722bbba3fa95,
,2023-11-26 05:00:00.000,,7cb65f4f-8c4a-4f45-8514-ee5189ba40ee.binning_data.json,10011,,2023-11-26 06:01:12.965,2023-11-26 05:24:30.066,56.0,0.0,4.0,,UTC+0700,BqtdylYVey,,com.sec.android.app.shealth,2023-11-26 05:59:59.999,7cb65f4f-8c4a-4f45-8514-ee5189ba40ee,
,2023-11-26 06:00:00.000,,03071a91-11c7-4410-a0ad-be5cbf3fff76.binning_data.json,10011,,2023-11-26 07:01:29.363,2023-11-26 07:01:29.363,20.0,0.0,1.0,,UTC+0700,BqtdylYVey,,com.sec.android.app.shealth,2023-11-26 06:59:59.999,03071a91-11c7-4410-a0ad-be5cbf3fff76,
,2023-11-26 07:00:00.000,,8094f73b-946c-473c-886f-ee3dc88d43ab.binning_data.json,10011,,2023-11-26 08:01:33.092,2023-11-26 08:01:33.092,23.0,0.0,2.0,,UTC+0700,BqtdylYVey,,com.sec.android.app.shealth,2023-11-26 07:59:59.999,8094f73b-946c-473c-886f-ee3dc88d43ab,
,2023-11-26 08:00:00.000,,5d3797e2-c5ff-4469-99af-6feb3298fbd1.binning_data.json,10011,,2023-11-26 09:09:55.924,2023-11-26 08:33:21.059,90.0,0.0,5.0,,UTC+0700,BqtdylYVey,,com.sec.android.app.shealth,2023-11-26 08:59:59.999,5d3797e2-c5ff-4469-99af-6feb3298fbd1,
,2023-11-26 09:00:00.000,,3dde8976-8e78-45a6-9794-455132a6bade.binning_data.json,10011,,2023-11-26 10:04:57.204,2023-11-26 09:22:42.988,100.0,0.0,21.0,,UTC+0700,BqtdylYVey,,com.sec.android.app.shealth,2023-11-26 09:59:59.999,3dde8976-8e78-45a6-9794-455132a6bade,
,2023-11-26 10:00:00.000,,bdda8b0e-1bcc-49b6-98cc-ec7720a5751d.binning_data.json,10011,,2023-11-26 11:02:33.242,2023-11-26 11:02:33.242,99.0,2.0,38.0,,UTC+0700,BqtdylYVey,,com.sec.android.app.shealth,2023-11-26 10:59:59.999,bdda8b0e-1bcc-49b6-98cc-ec7720a5751d,
,2023-11-26 11:00:00.000,,ae16f489-9e91-4aab-83bb-7b05f22fa03e.binning_data.json,10011,,2023-11-26 12:01:26.203,2023-11-26 12:01:26.203,100.0,0.0,16.0,,UTC+0700,BqtdylYVey,,com.sec.android.app.shealth,2023-11-26 11:59:59.999,ae16f489-9e91-4aab-83bb-7b05f22fa03e,
,2023-11-26 12:00:00.000,,900be3c9-47a9-46ac-bdb1-75b4257dd7b7.binning_data.json,10011,,2023-11-26 13:01:59.151,2023-11-26 12:44:09.441,92.0,0.0,12.0,,UTC+0700,BqtdylYVey,,com.sec.android.app.shealth,2023-11-26 12:59:59.999,900be3c9-47a9-46ac-bdb1-75b4257dd7b7,
,2023-11-26 13:00:00.000,,1f763d16-b3f7-4fc6-aec5-a6386fd006e2.binning_data.json,10011,,2023-11-26 19:42:19.070,2023-11-26 19:42:19.070,32.0,0.0,1.0,,UTC+0700,BqtdylYVey,,com.sec.android.app.shealth,2023-11-26 13:59:59.999,1f763d16-b3f7-4fc6-aec5-a6386fd006e2,
,2023-11-26 19:00:00.000,,5f43f834-4a59-4434-b642-8928bb8c4b24.binning_data.json,10011,,2023-11-26 20:01:48.828,2023-11-26 20:01:48.828,0.0,0.0,0.0,,UTC+0700,BqtdylYVey,,com.sec.android.app.shealth,2023-11-26 19:59:59.999,5f43f834-4a59-4434-b642-8928bb8c4b24,
,2023-11-26 20:00:00.000,,1e3b9f01-ec36-49d9-800a-2d35d7e768e9.binning_data.json,10011,,2023-11-26 21:05:03.055,2023-11-26 21:05:03.055,11.0,0.0,0.0,,UTC+0700,BqtdylYVey,,com.sec.android.app.shealth,2023-11-26 20:59:59.999,1e3b9f01-ec36-49d9-800a-2d35d7e768e9,
,2023-11-26 21:00:00.000,,efa25f10-b9b3-4471-91fd-2d3e270deffb.binning_data.json,10011,,2023-11-26 23:31:10.863,2023-11-26 23:31:10.863,100.0,0.0,32.0,,UTC+0700,BqtdylYVey,,com.sec.android.app.shealth,2023-11-26 21:59:59.999,efa25f10-b9b3-4471-91fd-2d3e270deffb,
,2023-11-26 23:00:00.000,,1650d16b-26fd-4ed7-ac61-252fcf2809f2.binning_data.json,10011,,2023-11-27 00:01:00.622,2023-11-27 00:01:00.622,99.0,8.0,44.0,,UTC+0700,BqtdylYVey,,com.sec.android.app.shealth,2023-11-26 23:59:59.999,1650d16b-26fd-4ed7-ac61-252fcf2809f2,
,2023-11-27 00:00:00.000,,b660d5f5-a8b1-487d-86e1-4549d0f91b48.binning_data.json,10011,,2023-11-27 01:09:02.641,2023-11-27 01:09:02.641,94.0,0.0,31.0,,UTC+0700,BqtdylYVey,,com.sec.android.app.shealth,2023-11-27 00:59:59.999,b660d5f5-a8b1-487d-86e1-4549d0f91b48,
,2023-11-27 01:00:00.000,,acf89a8d-6917-469d-8b0b-8fa6424b5cf9.binning_data.json,10011,,2023-11-27 02:04:03.528,2023-11-27 02:04:03.528,100.0,18.0,59.0,,UTC+0700,BqtdylYVey,,com.sec.android.app.shealth,2023-11-27 01:59:59.999,acf89a8d-6917-469d-8b0b-8fa6424b5cf9,
,2023-11-27 02:00:00.000,,0566695d-476f-4905-80a2-a9965dd3daf7.binning_data.json,10011,,2023-11-27 03:01:11.650,2023-11-27 02:06:36.631,97.0,0.0,26.0,,UTC+0700,BqtdylYVey,,com.sec.android.app.shealth,2023-11-27 02:59:59.999,0566695d-476f-4905-80a2-a9965dd3daf7,
,2023-11-27 03:00:00.000,,a9f039a8-103a-4c62-91a3-25046235f716.binning_data.json,10011,,2023-11-27 04:03:40.774,2023-11-27 04:03:40.774,39.0,0.0,2.0,,UTC+0700,BqtdylYVey,,com.sec.android.app.shealth,2023-11-27 03:59:59.999,a9f039a8-103a-4c62-91a3-25046235f716,
,2023-11-27 04:00:00.000,,4c5336f3-83cb-488f-a319-8917bd01345c.binning_data.json,10011,,2023-11-27 05:04:28.548,2023-11-27 04:50:29.356,100.0,0.0,6.0,,UTC+0700,BqtdylYVey,,com.sec.android.app.shealth,2023-11-27 04:59:59.999,4c5336f3-83cb-488f-a319-8917bd01345c,
,2023-11-27 05:00:00.000,,6e60b7ae-32f8-4757-a03a-7a8e951d006e.binning_data.json,10011,,2023-11-27 06:02:00.249,2023-11-27 06:02:00.249,31.0,0.0,4.0,,UTC+0700,BqtdylYVey,,com.sec.android.app.shealth,2023-11-27 05:59:59.999,6e60b7ae-32f8-4757-a03a-7a8e951d006e,
,2023-11-27 06:00:00.000,,49797bd9-e017-43aa-85af-74dcaac7c35d.binning_data.json,10011,,2023-11-27 07:03:01.527,2023-11-27 06:17:37.801,97.0,5.0,43.0,,UTC+0700,BqtdylYVey,,com.sec.android.app.shealth,2023-11-27 06:59:59.999,49797bd9-e017-43aa-85af-74dcaac7c35d,
,2023-11-27 07:00:00.000,,d822302a-453c-416d-8f36-2bac58cb62f9.binning_data.json,10011,,2023-11-27 08:45:08.015,2023-11-27 07:07:41.789,41.0,0.0,10.0,,UTC+0700,BqtdylYVey,,com.sec.android.app.shealth,2023-11-27 07:59:59.999,d822302a-453c-416d-8f36-2bac58cb62f9,
,2023-11-27 08:00:00.000,,d79a75fb-c809-4383-8c2e-ae83666f6f69.binning_data.json,10011,,2023-11-27 09:05:22.790,2023-11-27 09:05:22.790,100.0,3.0,55.0,,UTC+0700,BqtdylYVey,,com.sec.android.app.shealth,2023-11-27 08:59:59.999,d79a75fb-c809-4383-8c2e-ae83666f6f69,
,2023-11-27 09:00:00.000,,79d98dae-92d3-4dc3-b44a-b4c07d6d9cbc.binning_data.json,10011,,2023-11-27 10:22:37.449,2023-11-27 10:22:37.449,99.0,0.0,49.0,,UTC+0700,BqtdylYVey,,com.sec.android.app.shealth,2023-11-27 09:59:59.999,79d98dae-92d3-4dc3-b44a-b4c07d6d9cbc,
,2023-11-27 10:00:00.000,,9a5f03e3-0af7-4f6e-9fca-7ac279700e60.binning_data.json,10011,,2023-11-27 11:01:33.040,2023-11-27 10:41:53.819,95.0,12.0,57.0,,UTC+0700,BqtdylYVey,,com.sec.android.app.shealth,2023-11-27 10:59:59.999,9a5f03e3-0af7-4f6e-9fca-7ac279700e60,
,2023-11-27 11:00:00.000,,50d00bcf-43ca-463c-8724-32adc7aaf9d3.binning_data.json,10011,,2023-11-27 12:01:25.181,2023-11-27 11:21:15.562,100.0,0.0,43.0,,UTC+0700,BqtdylYVey,,com.sec.android.app.shealth,2023-11-27 11:59:59.999,50d00bcf-43ca-463c-8724-32adc7aaf9d3,
,2023-11-27 12:00:00.000,,fbf74874-54a8-40f2-b6dc-9d03345303ca.binning_data.json,10011,,2023-11-27 13:24:00.554,2023-11-27 13:24:00.554,61.0,0.0,15.0,,UTC+0700,BqtdylYVey,,com.sec.android.app.shealth,2023-11-27 12:59:59.999,fbf74874-54a8-40f2-b6dc-9d03345303ca,
,2023-11-27 13:00:00.000,,50651bae-66d9-4f24-b449-1a00026dcb4b.binning_data.json,10011,,2023-11-27 14:01:36.247,2023-11-27 13:25:14.802,58.0,0.0,6.0,,UTC+0700,BqtdylYVey,,com.sec.android.app.shealth,2023-11-27 13:59:59.999,50651bae-66d9-4f24-b449-1a00026dcb4b,
,2023-11-27 14:00:00.000,,522d53de-8609-4de0-9971-f196405c0411.binning_data.json,10011,,2023-11-27 15:06:30.384,2023-11-27 14:31:06.288,2.0,0.0,0.0,,UTC+0700,BqtdylYVey,,com.sec.android.app.shealth,2023-11-27 14:59:59.999,522d53de-8609-4de0-9971-f196405c0411,
,2023-11-27 15:00:00.000,,36ba8989-055e-418b-b17f-c820c27ec94e.binning_data.json,10011,,2023-11-27 19:49:28.235,2023-11-27 19:48:07.985,0.0,0.0,0.0,,UTC+0700,BqtdylYVey,,com.sec.android.app.shealth,2023-11-27 15:59:59.999,36ba8989-055e-418b-b17f-c820c27ec94e,
,2023-11-27 19:00:00.000,,1ef5dd9d-227f-4103-a04a-e9dc52b2b64f.binning_data.json,10011,,2023-11-27 20:02:34.489,2023-11-27 20:02:34.489,0.0,0.0,0.0,,UTC+0700,BqtdylYVey,,com.sec.android.app.shealth,2023-11-27 19:59:59.999,1ef5dd9d-227f-4103-a04a-e9dc52b2b64f,
,2023-11-27 20:00:00.000,,9d1abfd5-ccec-46b3-a5e5-6f7d7bd53d1c.binning_data.json,10011,,2023-11-27 21:02:01.544,2023-11-27 21:02:01.544,98.0,0.0,15.0,,UTC+0700,BqtdylYVey,,com.sec.android.app.shealth,2023-11-27 20:59:59.999,9d1abfd5-ccec-46b3-a5e5-6f7d7bd53d1c,
,2023-11-27 21:00:00.000,,31d3330c-72c0-48f5-8bef-6ce6b7c28f21.binning_data.json,10011,,2023-11-28 00:04:21.431,2023-11-27 22:18:32.024,100.0,100.0,100.0,,UTC+0700,BqtdylYVey,,com.sec.android.app.shealth,2023-11-27 21:59:59.999,31d3330c-72c0-48f5-8bef-6ce6b7c28f21,
,2023-11-27 23:00:00.000,,b7b6342b-0f63-4841-9431-ae36f7494da0.binning_data.json,10011,,2023-11-28 00:08:29.083,2023-11-28 00:08:29.083,100.0,100.0,100.0,,UTC+0700,BqtdylYVey,,com.sec.android.app.shealth,2023-11-27 23:59:59.999,b7b6342b-0f63-4841-9431-ae36f7494da0,
,2023-11-28 00:00:00.000,,71f12af1-da1c-4478-b88b-0eabc16766c9.binning_data.json,10011,,2023-11-28 01:01:53.663,2023-11-28 01:01:53.663,100.0,0.0,35.0,,UTC+0700,BqtdylYVey,,com.sec.android.app.shealth,2023-11-28 00:59:59.999,71f12af1-da1c-4478-b88b-0eabc16766c9,
,2023-11-28 01:00:00.000,,c4dffc50-af95-4a4d-aa78-5479e015417a.binning_data.json,10011,,2023-11-28 08:59:10.541,2023-11-28 08:59:10.541,100.0,0.0,64.0,,UTC+0700,BqtdylYVey,,com.sec.android.app.shealth,2023-11-28 01:59:59.999,c4dffc50-af95-4a4d-aa78-5479e015417a,
,2023-11-28 02:00:00.000,,aa0e0d81-2643-4099-96cc-ce9aabe9c1a0.binning_data.json,10011,,2023-11-29 09:34:28.121,2023-11-29 09:34:28.121,100.0,100.0,100.0,,UTC+0700,BqtdylYVey,,com.sec.android.app.shealth,2023-11-28 02:59:59.999,aa0e0d81-2643-4099-96cc-ce9aabe9c1a0,
,2023-11-28 08:00:00.000,,667c946a-a564-4d00-b345-bd27a72a5b9f.binning_data.json,10011,,2023-11-29 09:34:28.235,2023-11-29 09:34:28.235,100.0,100.0,100.0,,UTC+0700,BqtdylYVey,,com.sec.android.app.shealth,2023-11-28 08:59:59.999,667c946a-a564-4d00-b345-bd27a72a5b9f,
,2023-11-29 09:00:00.000,,39b6fc12-fc6f-4c21-8086-f9800c89ed90.binning_data.json,10011,,2023-11-30 02:15:01.090,2023-11-30 02:15:01.090,100.0,73.0,86.0,,UTC+0700,BqtdylYVey,,com.sec.android.app.shealth,2023-11-29 09:59:59.999,39b6fc12-fc6f-4c21-8086-f9800c89ed90,
,2023-11-30 02:00:00.000,,24431a3c-434c-424c-aebd-2852a8799b9d.binning_data.json,10011,,2023-11-30 07:07:36.661,2023-11-30 07:07:36.661,93.0,83.0,88.0,,UTC+0700,BqtdylYVey,,com.sec.android.app.shealth,2023-11-30 02:59:59.999,24431a3c-434c-424c-aebd-2852a8799b9d,
,2023-11-30 07:00:00.000,,1af26ecd-bea6-4627-a9f0-30e9f979243a.binning_data.json,10011,,2023-12-01 07:07:29.461,2023-12-01 07:07:29.461,90.0,13.0,63.0,,UTC+0700,BqtdylYVey,,com.sec.android.app.shealth,2023-11-30 07:59:59.999,1af26ecd-bea6-4627-a9f0-30e9f979243a,
,2023-11-30 09:00:00.000,,b4383361-cd2e-46d4-a572-19b8b5f0a237.binning_data.json,10011,,2023-12-01 07:10:35.233,2023-12-01 07:10:35.233,0.0,0.0,0.0,,UTC+0700,BqtdylYVey,,com.sec.android.app.shealth,2023-11-30 09:59:59.999,b4383361-cd2e-46d4-a572-19b8b5f0a237,
,2023-12-01 07:00:00.000,,32dab48f-c17a-4ee4-93be-14f655638806.binning_data.json,10011,,2023-12-01 08:37:26.052,2023-12-01 08:37:26.052,40.0,0.0,6.0,,UTC+0700,BqtdylYVey,,com.sec.android.app.shealth,2023-12-01 07:59:59.999,32dab48f-c17a-4ee4-93be-14f655638806,
,2023-12-01 08:00:00.000,,b2576d00-b1bc-47f8-b650-7f21528e0083.binning_data.json,10011,,2023-12-01 10:24:47.684,2023-12-01 10:24:47.684,100.0,0.0,20.0,,UTC+0700,BqtdylYVey,,com.sec.android.app.shealth,2023-12-01 08:59:59.999,b2576d00-b1bc-47f8-b650-7f21528e0083,
,2023-12-01 10:00:00.000,,7cf31e97-c4d2-403d-95d2-40b4a4b65b03.binning_data.json,10011,,2023-12-01 11:06:46.521,2023-12-01 11:06:46.521,100.0,0.0,51.0,,UTC+0700,BqtdylYVey,,com.sec.android.app.shealth,2023-12-01 10:59:59.999,7cf31e97-c4d2-403d-95d2-40b4a4b65b03,
,2023-12-01 11:00:00.000,,7f7ef81a-d83c-49a9-8742-c22abac39041.binning_data.json,10011,,2023-12-01 12:03:47.302,2023-12-01 12:03:47.302,100.0,0.0,31.0,,UTC+0700,BqtdylYVey,,com.sec.android.app.shealth,2023-12-01 11:59:59.999,7f7ef81a-d83c-49a9-8742-c22abac39041,
,2023-12-01 12:00:00.000,,62ef1b8d-3d74-4807-b40d-69cc96c52dda.binning_data.json,10011,,2023-12-01 13:00:58.573,2023-12-01 13:00:58.573,56.0,0.0,21.0,,UTC+0700,BqtdylYVey,,com.sec.android.app.shealth,2023-12-01 12:59:59.999,62ef1b8d-3d74-4807-b40d-69cc96c52dda,
