﻿com.samsung.health.user_profile,6250075,9
text_value,create_sh_ver,float_value,modify_sh_ver,update_time,create_time,long_value,key,blob_value,int_value,deviceuuid,pkg_name,double_value,datauuid
kg,,,,1970-01-01 00:00:00.001,1970-01-01 00:00:00.001,,weight_unit,,,igS3aXmJXA,com.sec.android.app.shealth,,00000000-0000-0000-0000-000000000007,
cm,,,,1970-01-01 00:00:00.001,1970-01-01 00:00:00.001,,height_unit,,,igS3aXmJXA,com.sec.android.app.shealth,,00000000-0000-0000-0000-000000000009,
km,,,,1970-01-01 00:00:00.001,1970-01-01 00:00:00.001,,distance_unit,,,igS3aXmJXA,com.sec.android.app.shealth,,00000000-0000-0000-0000-00000000000c,
C,,,,1970-01-01 00:00:00.001,1970-01-01 00:00:00.001,,temperature_unit,,,igS3aXmJXA,com.sec.android.app.shealth,,00000000-0000-0000-0000-00000000000d,
mg/dL,,,,1970-01-01 00:00:00.001,1970-01-01 00:00:00.001,,blood_glucose_unit,,,igS3aXmJXA,com.sec.android.app.shealth,,00000000-0000-0000-0000-00000000000e,
%,,,,1970-01-01 00:00:00.001,1970-01-01 00:00:00.001,,hba1c_unit,,,igS3aXmJXA,com.sec.android.app.shealth,,00000000-0000-0000-0000-000000000012,
mmHg,,,,1970-01-01 00:00:00.001,1970-01-01 00:00:00.001,,blood_pressure_unit,,,igS3aXmJXA,com.sec.android.app.shealth,,00000000-0000-0000-0000-000000000013,
ml,,,,1970-01-01 00:00:00.001,1970-01-01 00:00:00.001,,water_unit,,,igS3aXmJXA,com.sec.android.app.shealth,,00000000-0000-0000-0000-000000000014,
IDN,,,,2023-11-22 12:34:02.514,2023-11-22 12:34:02.520,,country,,,igS3aXmJXA,com.sec.android.app.shealth,,00000000-0000-0000-0000-000000000001,
19700123,,,,2023-11-22 12:34:02.511,2023-11-22 12:34:02.538,,birth_date,,,igS3aXmJXA,com.sec.android.app.shealth,,00000000-0000-0000-0000-00000000000a,
6281250882070,,,,2023-11-22 12:42:03.217,2023-11-22 12:42:03.206,,phone_number,,,igS3aXmJXA,com.sec.android.app.shealth,,00000000-0000-0000-0000-000000000021,
,,,,2023-11-26 05:43:14.187,2023-11-22 12:42:05.055,,dashboard_config,00000000-0000-0000-0000-000000000016.dashboard_config.json,,igS3aXmJXA,com.sec.android.app.shealth,,00000000-0000-0000-0000-000000000016,
Lijun Taslim,,,,1970-01-01 00:00:00.000,2023-11-22 12:53:23.199,,name,,,igS3aXmJXA,com.sec.android.app.shealth,,00000000-0000-0000-0000-000000000004,
F,,,,2023-11-22 13:00:10.285,2023-11-22 13:00:10.283,,gender,,,BqtdylYVey,com.sec.android.app.shealth,,00000000-0000-0000-0000-000000000005,
F,,,,2023-11-22 13:00:10.285,2023-11-22 13:00:10.285,,gender_extended,,,BqtdylYVey,com.sec.android.app.shealth,,00000000-0000-0000-0000-000000000022,
,,168.0,,2023-11-22 13:00:10.349,2023-11-22 13:00:13.221,,height,,,BqtdylYVey,com.sec.android.app.shealth,,00000000-0000-0000-0000-000000000008,
,,62.0,,2023-11-22 13:00:10.118,2023-11-22 13:00:13.232,,weight,,,BqtdylYVey,com.sec.android.app.shealth,,00000000-0000-0000-0000-000000000006,
