﻿com.samsung.shealth.tracker.pedometer_day_summary,6250075,6
create_sh_ver,step_count,binning_data,active_time,recommendation,modify_sh_ver,run_step_count,update_time,source_package_name,create_time,source_info,speed,distance,calorie,walk_step_count,deviceuuid,pkg_name,healthy_step,achievement,datauuid,day_time
,423,7a44985d-bbef-4bfb-836d-3bfc635559b1.binning_data.json,240356,6000,,0,2023-11-23 01:00:27.206,com.sec.android.app.shealth,2023-11-22 12:58:28.599,7a44985d-bbef-4bfb-836d-3bfc635559b1.source_info.json,1.2703631,305.34,13.9,423,VfS0qUERdZ,com.sec.android.app.shealth,0,7a44985d-bbef-4bfb-836d-3bfc635559b1.achievement.json,7a44985d-bbef-4bfb-836d-3bfc635559b1,1700611200000,
,167,f3fdfdce-2552-477e-8a9d-9efbe7b2f9c4.binning_data.json,88739,6000,,0,2023-11-22 20:59:05.317,com.sec.android.app.shealth,2023-11-22 20:59:05.317,,1.3710874,121.67,5.24,167,igS3aXmJXA,com.sec.android.app.shealth,0,f3fdfdce-2552-477e-8a9d-9efbe7b2f9c4.achievement.json,f3fdfdce-2552-477e-8a9d-9efbe7b2f9c4,1700611200000,
,360,95a8569c-234d-4673-9f1c-fb251e50b204.binning_data.json,215274,6000,,0,2023-11-23 20:44:38.807,com.sec.android.app.shealth,2023-11-22 20:59:07.309,,1.1870404,255.54,11.91,360,BqtdylYVey,com.sec.android.app.shealth,0,95a8569c-234d-4673-9f1c-fb251e50b204.achievement.json,95a8569c-234d-4673-9f1c-fb251e50b204,1700611200000,
,6515,8f555ae7-822b-4d94-9d34-648a5ccac779.binning_data.json,3717835,6000,,40,2023-11-24 13:20:22.895,com.sec.android.app.shealth,2023-11-23 01:00:26.480,8f555ae7-822b-4d94-9d34-648a5ccac779.source_info.json,1.2402804,4611.159,210.29993,6475,VfS0qUERdZ,com.sec.android.app.shealth,0,8f555ae7-822b-4d94-9d34-648a5ccac779.achievement.json,8f555ae7-822b-4d94-9d34-648a5ccac779,1700697600000,
,1287,e66674bb-e49a-4d34-8303-a32218fc572a.binning_data.json,679253,6000,,9,2023-11-23 20:44:35.043,com.sec.android.app.shealth,2023-11-23 20:44:35.043,,1.3937804,946.73,40.44,1278,igS3aXmJXA,com.sec.android.app.shealth,0,e66674bb-e49a-4d34-8303-a32218fc572a.achievement.json,e66674bb-e49a-4d34-8303-a32218fc572a,1700697600000,
,6099,f737bf7a-00f7-4df8-b86d-fa0f45cacff1.binning_data.json,3531301,6000,,34,2023-11-24 17:35:53.319,com.sec.android.app.shealth,2023-11-23 20:44:38.599,,1.2142264,4287.7993,198.02994,6065,BqtdylYVey,com.sec.android.app.shealth,0,f737bf7a-00f7-4df8-b86d-fa0f45cacff1.achievement.json,f737bf7a-00f7-4df8-b86d-fa0f45cacff1,1700697600000,
,12788,1ff1d783-4aa0-47eb-8147-633f975e281b.binning_data.json,7368158,6000,,41,2023-11-24 21:00:22.535,com.sec.android.app.shealth,2023-11-24 01:35:01.909,1ff1d783-4aa0-47eb-8147-633f975e281b.source_info.json,1.224306,9020.881,407.17062,12747,VfS0qUERdZ,com.sec.android.app.shealth,0,1ff1d783-4aa0-47eb-8147-633f975e281b.achievement.json,1ff1d783-4aa0-47eb-8147-633f975e281b,1700784000000,
,2491,ab56b614-854f-45ba-82aa-fa41b0bd39e6.binning_data.json,1376889,6000,,0,2023-11-24 17:35:50.704,com.sec.android.app.shealth,2023-11-24 17:35:50.704,,1.3141943,1809.5,76.69,2491,igS3aXmJXA,com.sec.android.app.shealth,0,ab56b614-854f-45ba-82aa-fa41b0bd39e6.achievement.json,ab56b614-854f-45ba-82aa-fa41b0bd39e6,1700784000000,
,12399,c12406b8-4c11-45cd-af73-7bcc6b18e778.binning_data.json,7198614,6000,,42,2023-11-25 17:36:21.891,com.sec.android.app.shealth,2023-11-24 17:35:53.973,,1.2082049,8697.4,396.40076,12357,BqtdylYVey,com.sec.android.app.shealth,0,c12406b8-4c11-45cd-af73-7bcc6b18e778.achievement.json,c12406b8-4c11-45cd-af73-7bcc6b18e778,1700784000000,
,13336,bdd80326-9c94-49d9-96ba-7bf4b4817f56.binning_data.json,7476203,6000,,49,2023-11-25 20:55:10.586,com.sec.android.app.shealth,2023-11-24 21:00:22.154,bdd80326-9c94-49d9-96ba-7bf4b4817f56.source_info.json,1.2643918,9452.851,419.1839,13287,VfS0qUERdZ,com.sec.android.app.shealth,0,bdd80326-9c94-49d9-96ba-7bf4b4817f56.achievement.json,bdd80326-9c94-49d9-96ba-7bf4b4817f56,1700870400000,
,3421,937f5a49-a180-4ac7-9484-267a2845114a.binning_data.json,1788650,6000,,2,2023-11-25 17:36:16.133,com.sec.android.app.shealth,2023-11-25 17:36:16.133,,1.403757,2510.83,104.9,3419,igS3aXmJXA,com.sec.android.app.shealth,0,937f5a49-a180-4ac7-9484-267a2845114a.achievement.json,937f5a49-a180-4ac7-9484-267a2845114a,1700870400000,
,12500,6b14baab-ef8d-43b0-9d1d-5687eb98f3df.binning_data.json,7149777,6000,,50,2023-11-26 17:06:55.925,com.sec.android.app.shealth,2023-11-25 17:36:21.920,,1.229195,8788.472,394.76404,12450,BqtdylYVey,com.sec.android.app.shealth,0,6b14baab-ef8d-43b0-9d1d-5687eb98f3df.achievement.json,6b14baab-ef8d-43b0-9d1d-5687eb98f3df,1700870400000,
,8668,c98511f5-5451-49da-93c6-0741c91922eb.binning_data.json,4980751,6000,,129,2023-11-26 19:41:29.164,com.sec.android.app.shealth,2023-11-25 20:55:10.199,c98511f5-5451-49da-93c6-0741c91922eb.source_info.json,1.2310989,6131.7983,280.32672,8539,VfS0qUERdZ,com.sec.android.app.shealth,0,c98511f5-5451-49da-93c6-0741c91922eb.achievement.json,c98511f5-5451-49da-93c6-0741c91922eb,1700956800000,
,745,0046109b-f740-455c-a4a7-f0997b43e902.binning_data.json,385161,6000,,0,2023-11-26 17:06:50.012,com.sec.android.app.shealth,2023-11-26 17:06:50.012,,1.42465,548.72,22.869999,745,igS3aXmJXA,com.sec.android.app.shealth,0,0046109b-f740-455c-a4a7-f0997b43e902.achievement.json,0046109b-f740-455c-a4a7-f0997b43e902,1700956800000,
,8370,b59108f5-e884-4fe4-ba95-64594e5023ef.binning_data.json,4852965,6000,,129,2023-11-27 17:21:45.228,com.sec.android.app.shealth,2023-11-26 17:06:55.918,,1.2157574,5900.0283,272.1567,8241,BqtdylYVey,com.sec.android.app.shealth,0,b59108f5-e884-4fe4-ba95-64594e5023ef.achievement.json,b59108f5-e884-4fe4-ba95-64594e5023ef,1700956800000,
,9481,ffce13b7-3bc4-45d1-9934-585826595694.binning_data.json,5390003,6000,,135,2023-11-27 14:31:08.434,com.sec.android.app.shealth,2023-11-26 19:41:28.833,ffce13b7-3bc4-45d1-9934-585826595694.source_info.json,1.2476153,6724.651,306.86496,9346,VfS0qUERdZ,com.sec.android.app.shealth,0,ffce13b7-3bc4-45d1-9934-585826595694.achievement.json,ffce13b7-3bc4-45d1-9934-585826595694,1701043200000,
,1616,9b7050de-76d8-4777-bdfe-ab0ef751ba68.binning_data.json,851691,6000,,3,2023-11-27 17:21:39.243,com.sec.android.app.shealth,2023-11-27 17:21:39.243,,1.3930391,1186.44,50.519997,1613,igS3aXmJXA,com.sec.android.app.shealth,0,9b7050de-76d8-4777-bdfe-ab0ef751ba68.achievement.json,9b7050de-76d8-4777-bdfe-ab0ef751ba68,1701043200000,
,8922,e73ad322-eb93-4f35-8870-1871db3f1dfd.binning_data.json,5137259,6000,,136,2023-11-27 17:21:45.192,com.sec.android.app.shealth,2023-11-27 17:21:45.192,,1.2243348,6289.7256,289.3953,8786,BqtdylYVey,com.sec.android.app.shealth,0,e73ad322-eb93-4f35-8870-1871db3f1dfd.achievement.json,e73ad322-eb93-4f35-8870-1871db3f1dfd,1701043200000,
,5824,9829a775-deaf-4ead-acbe-79e933354132.binning_data.json,3130786,6000,,42,2023-12-01 13:01:05.568,com.sec.android.app.shealth,2023-11-27 19:48:09.767,9829a775-deaf-4ead-acbe-79e933354132.source_info.json,1.3453751,4212.081,185.13045,5782,VfS0qUERdZ,com.sec.android.app.shealth,0,9829a775-deaf-4ead-acbe-79e933354132.achievement.json,9829a775-deaf-4ead-acbe-79e933354132,1701129600000,
,3024,8304ca0b-8c00-49bb-a11a-22688bb27a49.binning_data.json,1630564,6000,,0,2023-11-28 20:08:44.622,com.sec.android.app.shealth,2023-11-28 20:08:44.622,,1.3474724,2197.14,92.64,3024,igS3aXmJXA,com.sec.android.app.shealth,0,8304ca0b-8c00-49bb-a11a-22688bb27a49.achievement.json,8304ca0b-8c00-49bb-a11a-22688bb27a49,1701129600000,
,231,c20bae7b-e31e-4018-84e8-a1d80e17b6a9.binning_data.json,129218,6000,,1,2023-11-28 20:08:49.707,com.sec.android.app.shealth,2023-11-28 20:08:49.707,,1.2745116,164.69048,8.790302,230,BqtdylYVey,com.sec.android.app.shealth,0,c20bae7b-e31e-4018-84e8-a1d80e17b6a9.achievement.json,c20bae7b-e31e-4018-84e8-a1d80e17b6a9,1701129600000,
,2777,76df3a84-108c-487a-9e2e-0923a90305dd.binning_data.json,1414792,6000,,2,2023-11-29 10:25:18.218,com.sec.android.app.shealth,2023-11-28 20:35:01.749,76df3a84-108c-487a-9e2e-0923a90305dd.source_info.json,1.4530325,2055.74,85.53,2775,VfS0qUERdZ,com.sec.android.app.shealth,0,76df3a84-108c-487a-9e2e-0923a90305dd.achievement.json,76df3a84-108c-487a-9e2e-0923a90305dd,1701216000000,
,2777,848c3bd7-8073-4f9d-b93a-32df0b65399f.binning_data.json,1414792,6000,,2,2023-11-29 18:04:14.623,com.sec.android.app.shealth,2023-11-29 18:04:14.623,,1.4530325,2055.74,85.53,2775,igS3aXmJXA,com.sec.android.app.shealth,0,848c3bd7-8073-4f9d-b93a-32df0b65399f.achievement.json,848c3bd7-8073-4f9d-b93a-32df0b65399f,1701216000000,
,3690,f7cbab63-789b-4656-8bf3-cda2c6c7cbef.binning_data.json,2067427,6000,,9,2023-12-01 13:01:05.555,com.sec.android.app.shealth,2023-11-29 22:27:34.250,f7cbab63-789b-4656-8bf3-cda2c6c7cbef.source_info.json,1.2853347,2657.3367,113.07006,3681,VfS0qUERdZ,com.sec.android.app.shealth,0,f7cbab63-789b-4656-8bf3-cda2c6c7cbef.achievement.json,f7cbab63-789b-4656-8bf3-cda2c6c7cbef,1701302400000,
,3654,99b8dd99-3cc6-460a-9153-79395e87cecd.binning_data.json,2048728,6000,,9,2023-11-30 17:54:26.348,com.sec.android.app.shealth,2023-11-30 17:54:26.348,,1.2843819,2631.35,111.96,3645,igS3aXmJXA,com.sec.android.app.shealth,0,99b8dd99-3cc6-460a-9153-79395e87cecd.achievement.json,99b8dd99-3cc6-460a-9153-79395e87cecd,1701302400000,
,5633,e77c8dbe-3a00-4360-8252-fa2e6c5a1df4.binning_data.json,3027876,6000,,1,2023-12-01 13:01:05.375,com.sec.android.app.shealth,2023-11-30 22:15:38.773,e77c8dbe-3a00-4360-8252-fa2e6c5a1df4.source_info.json,1.3507485,4089.9001,176.57002,5632,VfS0qUERdZ,com.sec.android.app.shealth,0,e77c8dbe-3a00-4360-8252-fa2e6c5a1df4.achievement.json,e77c8dbe-3a00-4360-8252-fa2e6c5a1df4,1701388800000,
