﻿com.samsung.shealth.preferences,6250075,2
text_value,service_id,float_value,update_time,create_time,long_value,tag,blob_value,int_value,deviceuuid,pkg_name,double_value,datauuid
,,,2023-12-01 13:01:28.056,2023-11-22 12:41:31.036,,,,1,igS3aXmJXA,com.sec.android.app.shealth,,oobe.sensitive_data_available,
,,,2023-11-22 12:53:36.770,2023-11-22 12:41:35.295,,,,0,igS3aXmJXA,com.sec.android.app.shealth,,settings.marketing_agreement,
,tracker.exercise,,2023-11-22 12:42:03.851,2023-11-22 12:42:03.851,,,34-workout_list2.blob_value.json,,igS3aXmJXA,com.sec.android.app.shealth,,34-workout_list2,
,tracker.exercise,,2023-11-22 12:42:03.977,2023-11-22 12:42:03.977,,,34-favorite_list2.blob_value.json,,igS3aXmJXA,com.sec.android.app.shealth,,34-favorite_list2,
,tracker.cycle,,2023-11-22 12:54:01.772,2023-11-22 12:42:04.289,,,,1,igS3aXmJXA,com.sec.android.app.shealth,,37-disclaimer_agreed,
,tracker.exercise,,2023-11-22 12:38:48.107,2023-11-22 12:38:48.107,,,34-favorite_list.blob_value.json,,BqtdylYVey,com.sec.android.app.shealth,,34-favorite_list,
,tracker.heartrate,,2023-11-22 12:41:20.595,2023-11-22 12:41:20.595,,,,0,BqtdylYVey,com.sec.android.app.shealth,,05-measure.period,
,tracker.stress,,2023-11-22 12:41:25.432,2023-11-22 12:41:25.432,,,,0,BqtdylYVey,com.sec.android.app.shealth,,08-measure.period,
,tracker.spo2,,2023-11-22 12:44:27.203,2023-11-22 12:41:28.549,,,,0,igS3aXmJXA,com.sec.android.app.shealth,,10-measure.period,
,,,2023-11-22 12:42:08.239,2023-11-22 12:42:08.289,,,,1,igS3aXmJXA,com.sec.android.app.shealth,,settings.location_agreement,
,tracker.sleep,,2023-11-22 12:42:13.707,2023-11-22 12:42:13.707,,,,1,igS3aXmJXA,com.sec.android.app.shealth,,06-snore_setting,
"{""fri"":true,""mon"":true,""sat"":false,""sun"":false,""thu"":true,""tue"":true,""wed"":true}",tracker.inactive,,2023-11-22 12:43:20.386,2023-11-22 12:43:20.386,,,,,BqtdylYVey,com.sec.android.app.shealth,,75-daysOfWeek,
09:00,tracker.inactive,,2023-11-22 12:43:20.441,2023-11-22 12:43:20.441,,,,,BqtdylYVey,com.sec.android.app.shealth,,75-startTimeOfDay,
17:00,tracker.inactive,,2023-11-22 12:43:20.476,2023-11-22 12:43:20.476,,,,,BqtdylYVey,com.sec.android.app.shealth,,75-endTimeOfDay,
,tracker.inactive,,2023-11-22 12:43:22.334,2023-11-22 12:43:22.334,,,,0,BqtdylYVey,com.sec.android.app.shealth,,75-alert.enable,
,tracker.exercise,,2023-11-22 12:43:43.152,2023-11-22 12:43:43.362,,,,1,igS3aXmJXA,com.sec.android.app.shealth,,34-during.audioGuide.enable,
,tracker.exercise,,2023-11-22 12:43:43.156,2023-11-22 12:43:43.371,,,,1,igS3aXmJXA,com.sec.android.app.shealth,,34-1001.autoPause.enable,
,,,2023-11-22 12:43:47.253,2023-11-22 12:43:47.313,,,,1,igS3aXmJXA,com.sec.android.app.shealth,,settings.map_location_agreement,
,,,2023-12-01 13:01:41.081,2023-11-22 12:52:02.291,,,,1,igS3aXmJXA,com.sec.android.app.shealth,,step.detectworkout_switch,
,,,2023-12-01 13:01:28.051,2023-11-22 12:53:36.782,,,,1,igS3aXmJXA,com.sec.android.app.shealth,,oobe.sensitive_data_agreement,
100102001,tracker.exercise,,2023-11-26 05:21:19.885,2023-11-26 05:21:19.885,,,,,BqtdylYVey,com.sec.android.app.shealth,,34-9001002.target.paceSetter,
