﻿com.samsung.shealth.best_records,6250075,2
source_id,device_type,update_time,create_time,source_pkg_name,date,type,value,is_shown,extra_type,deviceuuid,pkg_name,controller_id,datauuid
,-100003,2023-11-24 13:20:22.951,2023-11-24 13:20:22.951,,1700697600000,0,6515.0,,-1,VfS0qUERdZ,com.sec.android.app.shealth,tracker.pedometer,c51c7ad2-9282-4535-bc53-598aa4103f88,
,-100003,2023-11-25 20:55:10.610,2023-11-25 20:55:10.610,,1700784000000,0,12788.0,,-1,VfS0qUERdZ,com.sec.android.app.shealth,tracker.pedometer,1e004773-4c76-4868-8cf6-c21b157fb09e,
,-100003,2023-11-26 19:41:29.229,2023-11-26 19:41:29.229,,1700870400000,0,13336.0,,-1,VfS0qUERdZ,com.sec.android.app.shealth,tracker.pedometer,1c8df059-ab63-4d72-a0d7-49c2a132e162,
