﻿com.samsung.shealth.step_daily_trend,6250075,6
binning_data,update_time,create_time,source_pkg_name,source_type,count,speed,distance,calorie,deviceuuid,pkg_name,datauuid,day_time
6dec8989-8373-4704-85d1-0acd760a61b8.binning_data.json,2023-11-23 01:00:27.279,2023-11-22 12:58:28.757,com.sec.android.app.shealth,-2,423,1.2703631,305.34,13.9,VfS0qUERdZ,com.sec.android.app.shealth,6dec8989-8373-4704-85d1-0acd760a61b8,1700611200000,
9dc4102a-d78d-40ca-b864-9ee3ccac97cf.binning_data.json,2023-11-22 20:59:05.433,2023-11-22 20:59:05.433,com.sec.android.app.shealth,0,167,1.3710874,121.67,5.24,igS3aXmJXA,com.sec.android.app.shealth,9dc4102a-d78d-40ca-b864-9ee3ccac97cf,1700611200000,
43463e51-c470-4f6b-a54b-1d77d8543f0d.binning_data.json,2023-11-23 20:44:38.856,2023-11-22 20:59:07.359,com.sec.android.app.shealth,102,360,1.1870404,255.54,11.91,BqtdylYVey,com.sec.android.app.shealth,43463e51-c470-4f6b-a54b-1d77d8543f0d,1700611200000,
77b56397-63d8-4b56-a837-918ce4b66ac0.binning_data.json,2023-11-24 13:20:22.937,2023-11-23 01:00:26.630,com.sec.android.app.shealth,-2,6515,1.2402804,4611.159,210.29993,VfS0qUERdZ,com.sec.android.app.shealth,77b56397-63d8-4b56-a837-918ce4b66ac0,1700697600000,
bd613483-885f-45f0-9150-f6d08909fe8a.binning_data.json,2023-11-23 20:44:35.113,2023-11-23 20:44:35.113,com.sec.android.app.shealth,0,1287,1.3937804,946.73,40.44,igS3aXmJXA,com.sec.android.app.shealth,bd613483-885f-45f0-9150-f6d08909fe8a,1700697600000,
79141bea-d9e2-4770-a321-f3228228199f.binning_data.json,2023-11-24 17:35:53.365,2023-11-23 20:44:38.796,com.sec.android.app.shealth,102,6099,1.2142264,4287.7993,198.02994,BqtdylYVey,com.sec.android.app.shealth,79141bea-d9e2-4770-a321-f3228228199f,1700697600000,
94522a15-caa7-4bf9-be98-e60327a7f36d.binning_data.json,2023-11-24 21:00:22.590,2023-11-24 01:35:01.945,com.sec.android.app.shealth,-2,12788,1.224306,9020.881,407.17062,VfS0qUERdZ,com.sec.android.app.shealth,94522a15-caa7-4bf9-be98-e60327a7f36d,1700784000000,
7706ca1e-8356-44fe-b2a1-2e2e75695dd3.binning_data.json,2023-11-24 17:35:50.803,2023-11-24 17:35:50.803,com.sec.android.app.shealth,0,2491,1.3141943,1809.5,76.69,igS3aXmJXA,com.sec.android.app.shealth,7706ca1e-8356-44fe-b2a1-2e2e75695dd3,1700784000000,
920718f4-4a9b-461a-8c44-5010df924bb8.binning_data.json,2023-11-25 17:36:21.973,2023-11-24 17:35:54.064,com.sec.android.app.shealth,102,12399,1.2082049,8697.4,396.40076,BqtdylYVey,com.sec.android.app.shealth,920718f4-4a9b-461a-8c44-5010df924bb8,1700784000000,
c9436dd3-de92-4bc9-a374-f395e3eb1f16.binning_data.json,2023-11-25 20:55:10.630,2023-11-24 21:00:22.221,com.sec.android.app.shealth,-2,13336,1.2643918,9452.851,419.1839,VfS0qUERdZ,com.sec.android.app.shealth,c9436dd3-de92-4bc9-a374-f395e3eb1f16,1700870400000,
b0d2bd6a-8ade-49c7-b0e7-64b221ebaf53.binning_data.json,2023-11-25 17:36:17.787,2023-11-25 17:36:17.787,com.sec.android.app.shealth,0,3421,1.403757,2510.83,104.9,igS3aXmJXA,com.sec.android.app.shealth,b0d2bd6a-8ade-49c7-b0e7-64b221ebaf53,1700870400000,
9b046a7c-1aa0-44c7-b9d6-60e72cd9784c.binning_data.json,2023-11-26 17:06:55.966,2023-11-25 17:36:21.967,com.sec.android.app.shealth,102,12500,1.229195,8788.472,394.76404,BqtdylYVey,com.sec.android.app.shealth,9b046a7c-1aa0-44c7-b9d6-60e72cd9784c,1700870400000,
c69f5913-4cfc-42d9-b540-547cc409e7f1.binning_data.json,2023-11-26 19:41:29.210,2023-11-25 20:55:10.265,com.sec.android.app.shealth,-2,8668,1.2310989,6131.7983,280.32672,VfS0qUERdZ,com.sec.android.app.shealth,c69f5913-4cfc-42d9-b540-547cc409e7f1,1700956800000,
7eb24703-7c53-4827-a221-713af4482951.binning_data.json,2023-11-26 17:06:50.056,2023-11-26 17:06:50.056,com.sec.android.app.shealth,0,745,1.42465,548.72,22.869999,igS3aXmJXA,com.sec.android.app.shealth,7eb24703-7c53-4827-a221-713af4482951,1700956800000,
4b6c5afc-2ab1-4a33-bb0c-aa21fe0cacc1.binning_data.json,2023-11-27 17:21:45.311,2023-11-26 17:06:56.032,com.sec.android.app.shealth,102,8370,1.2157574,5900.0283,272.1567,BqtdylYVey,com.sec.android.app.shealth,4b6c5afc-2ab1-4a33-bb0c-aa21fe0cacc1,1700956800000,
a189e5be-5fd9-40e2-9dc3-e56f7c72db9b.binning_data.json,2023-11-27 14:31:08.534,2023-11-26 19:41:28.907,com.sec.android.app.shealth,-2,9481,1.2476153,6724.651,306.86496,VfS0qUERdZ,com.sec.android.app.shealth,a189e5be-5fd9-40e2-9dc3-e56f7c72db9b,1701043200000,
6056fd4f-043b-49c2-8aa2-76e7772abca8.binning_data.json,2023-11-27 17:21:39.362,2023-11-27 17:21:39.362,com.sec.android.app.shealth,0,1616,1.3930391,1186.44,50.519997,igS3aXmJXA,com.sec.android.app.shealth,6056fd4f-043b-49c2-8aa2-76e7772abca8,1701043200000,
dd8ec137-0132-4bca-972e-f596ebc81a8e.binning_data.json,2023-11-27 17:21:45.299,2023-11-27 17:21:45.299,com.sec.android.app.shealth,102,8922,1.2243348,6289.7256,289.3953,BqtdylYVey,com.sec.android.app.shealth,dd8ec137-0132-4bca-972e-f596ebc81a8e,1701043200000,
ad0e83f5-2fa6-469e-8a66-237156d522ba.binning_data.json,2023-12-01 13:01:05.591,2023-11-27 19:48:09.853,com.sec.android.app.shealth,-2,5824,1.3453751,4212.081,185.13045,VfS0qUERdZ,com.sec.android.app.shealth,ad0e83f5-2fa6-469e-8a66-237156d522ba,1701129600000,
2d158179-c629-4a3c-b482-9d9e7e89fb47.binning_data.json,2023-11-28 20:08:44.665,2023-11-28 20:08:44.665,com.sec.android.app.shealth,0,3024,1.3474724,2197.14,92.64,igS3aXmJXA,com.sec.android.app.shealth,2d158179-c629-4a3c-b482-9d9e7e89fb47,1701129600000,
2cb0babd-ea4e-4047-a303-692dc7e6124a.binning_data.json,2023-11-28 20:08:49.904,2023-11-28 20:08:49.904,com.sec.android.app.shealth,102,231,1.2745116,164.69048,8.790302,BqtdylYVey,com.sec.android.app.shealth,2cb0babd-ea4e-4047-a303-692dc7e6124a,1701129600000,
e89c6d38-e14b-43d8-b43c-ba169f2e5586.binning_data.json,2023-11-29 10:25:18.256,2023-11-28 20:35:01.781,com.sec.android.app.shealth,-2,2777,1.4530325,2055.74,85.53,VfS0qUERdZ,com.sec.android.app.shealth,e89c6d38-e14b-43d8-b43c-ba169f2e5586,1701216000000,
8bd0deb8-7430-440a-ac96-404f485162aa.binning_data.json,2023-11-29 18:04:14.709,2023-11-29 18:04:14.709,com.sec.android.app.shealth,0,2777,1.4530325,2055.74,85.53,igS3aXmJXA,com.sec.android.app.shealth,8bd0deb8-7430-440a-ac96-404f485162aa,1701216000000,
b6a0a0e1-20dd-4dc2-b6a8-fd630ad73b8e.binning_data.json,2023-12-01 13:01:05.586,2023-11-29 22:27:34.290,com.sec.android.app.shealth,-2,3690,1.2853347,2657.3367,113.07006,VfS0qUERdZ,com.sec.android.app.shealth,b6a0a0e1-20dd-4dc2-b6a8-fd630ad73b8e,1701302400000,
3231c0d5-177a-46fa-b2ff-fbed48ab4081.binning_data.json,2023-11-30 17:54:26.483,2023-11-30 17:54:26.483,com.sec.android.app.shealth,0,3654,1.2843819,2631.35,111.96,igS3aXmJXA,com.sec.android.app.shealth,3231c0d5-177a-46fa-b2ff-fbed48ab4081,1701302400000,
f5030d1f-a451-4bc8-9f15-0c37722ddb76.binning_data.json,2023-12-01 13:01:05.418,2023-11-30 22:15:38.797,com.sec.android.app.shealth,-2,5633,1.3507485,4089.9001,176.57002,VfS0qUERdZ,com.sec.android.app.shealth,f5030d1f-a451-4bc8-9f15-0c37722ddb76,1701388800000,
