﻿com.samsung.shealth.exercise,6250075,14
live_data_internal,mission_value,race_target,subset_data,start_longitude,routine_datauuid,total_calorie,completion_status,pace_info_id,activity_type,pace_live_data,sensing_status,source_type,mission_type,tracking_status,program_id,title,reward_status,heart_rate_sample_count,start_latitude,mission_extra_value,program_schedule_id,heart_rate_deviceuuid,location_data_internal,custom_id,additional_internal,com.samsung.health.exercise.duration,com.samsung.health.exercise.additional,com.samsung.health.exercise.create_sh_ver,com.samsung.health.exercise.mean_caloricburn_rate,com.samsung.health.exercise.location_data,com.samsung.health.exercise.start_time,com.samsung.health.exercise.exercise_type,com.samsung.health.exercise.custom,com.samsung.health.exercise.max_altitude,com.samsung.health.exercise.incline_distance,com.samsung.health.exercise.mean_heart_rate,com.samsung.health.exercise.count_type,com.samsung.health.exercise.mean_rpm,com.samsung.health.exercise.min_altitude,com.samsung.health.exercise.modify_sh_ver,com.samsung.health.exercise.max_heart_rate,com.samsung.health.exercise.update_time,com.samsung.health.exercise.create_time,com.samsung.health.exercise.max_power,com.samsung.health.exercise.max_speed,com.samsung.health.exercise.mean_cadence,com.samsung.health.exercise.min_heart_rate,com.samsung.health.exercise.count,com.samsung.health.exercise.distance,com.samsung.health.exercise.max_caloricburn_rate,com.samsung.health.exercise.calorie,com.samsung.health.exercise.max_cadence,com.samsung.health.exercise.decline_distance,com.samsung.health.exercise.vo2_max,com.samsung.health.exercise.time_offset,com.samsung.health.exercise.deviceuuid,com.samsung.health.exercise.max_rpm,com.samsung.health.exercise.comment,com.samsung.health.exercise.live_data,com.samsung.health.exercise.mean_power,com.samsung.health.exercise.mean_speed,com.samsung.health.exercise.pkg_name,com.samsung.health.exercise.altitude_gain,com.samsung.health.exercise.altitude_loss,com.samsung.health.exercise.exercise_custom_type,com.samsung.health.exercise.end_time,com.samsung.health.exercise.datauuid,com.samsung.health.exercise.sweat_loss
3a970801-fb67-4731-9f46-287a0d8d8d39.live_data_internal.json,,,,,,128.0,,,,,3a970801-fb67-4731-9f46-287a0d8d8d39.sensing_status.json,4,,,,,,1888,,,,,,,,1938783,,,,,2023-11-23 22:06:54.192,1001,,,,100.0,30001,,,,158.0,2023-11-23 22:40:49.189,2023-11-23 22:40:49.189,,1.5277778,68.54816,74.0,2215,1537.2,,128.0,109.0,,,UTC+0700,BqtdylYVey,,,3a970801-fb67-4731-9f46-287a0d8d8d39.com.samsung.health.exercise.live_data.json,,0.7928685,com.sec.android.app.shealth,,,,2023-11-23 22:39:12.975,3a970801-fb67-4731-9f46-287a0d8d8d39,,
dcc69c05-c14a-4696-ae92-56511fcbc41d.live_data_internal.json,,,,,,86.0,,,,,dcc69c05-c14a-4696-ae92-56511fcbc41d.sensing_status.json,4,,,,,,1153,,,,,,,,1197926,,,,,2023-11-23 23:47:23.514,1001,,,,84.0,30001,,,,100.0,2023-11-24 00:08:57.594,2023-11-24 00:08:57.594,,1.4444444,65.56332,75.0,1309,908.71,,86.0,110.0,,,UTC+0700,BqtdylYVey,,,dcc69c05-c14a-4696-ae92-56511fcbc41d.com.samsung.health.exercise.live_data.json,,0.7585694,com.sec.android.app.shealth,,,,2023-11-24 00:07:21.440,dcc69c05-c14a-4696-ae92-56511fcbc41d,,
1bc2ecbc-378c-48a0-9a03-914eb7883b57.live_data_internal.json,,,,,,46.0,,,,,1bc2ecbc-378c-48a0-9a03-914eb7883b57.sensing_status.json,4,,,,,,596,,,,,,,,612354,,,,,2023-11-24 04:59:48.882,1001,,,,82.0,30001,,,,92.0,2023-11-24 05:11:37.272,2023-11-24 05:11:37.272,,1.3631089,76.3284,75.0,779,535.05,,46.0,102.0,,,UTC+0700,BqtdylYVey,,,1bc2ecbc-378c-48a0-9a03-914eb7883b57.com.samsung.health.exercise.live_data.json,,0.87375927,com.sec.android.app.shealth,,,,2023-11-24 05:10:01.236,1bc2ecbc-378c-48a0-9a03-914eb7883b57,,
99917b6b-7d48-49fc-bcc2-a7c2da8671ab.live_data_internal.json,,,,,,44.0,,,,,99917b6b-7d48-49fc-bcc2-a7c2da8671ab.sensing_status.json,4,,,,,,444,,,,,,,,591599,,,,,2023-11-24 22:00:42.481,1001,,,,135.0,30001,,,,161.0,2023-11-24 22:12:10.040,2023-11-24 22:12:10.040,,1.5536989,68.05285,76.0,671,563.8,,44.0,99.0,,,UTC+0700,BqtdylYVey,,,99917b6b-7d48-49fc-bcc2-a7c2da8671ab.com.samsung.health.exercise.live_data.json,,0.9530104,com.sec.android.app.shealth,,,,2023-11-24 22:10:34.080,99917b6b-7d48-49fc-bcc2-a7c2da8671ab,,
4a1aeb4b-6434-4d53-b11d-6cc8a3847f38.live_data_internal.json,,,,,,82.0,,,,,4a1aeb4b-6434-4d53-b11d-6cc8a3847f38.sensing_status.json,4,,,,,,1105,,,,,,,,1130314,,,,,2023-11-24 22:13:19.750,1001,,,,101.0,30001,,,,154.0,2023-11-24 22:33:45.970,2023-11-24 22:33:45.970,,1.3017006,98.25589,75.0,1851,1277.93,,82.0,110.0,,,UTC+0700,BqtdylYVey,,,4a1aeb4b-6434-4d53-b11d-6cc8a3847f38.com.samsung.health.exercise.live_data.json,,1.1305975,com.sec.android.app.shealth,,,,2023-11-24 22:32:10.064,4a1aeb4b-6434-4d53-b11d-6cc8a3847f38,,
0115438d-694b-44a3-8607-0b194347f09c.live_data_internal.json,,,,,,50.0,,,,,0115438d-694b-44a3-8607-0b194347f09c.sensing_status.json,4,,,,,,599,,,,,,,,706399,,,,,2023-11-24 23:06:57.753,1001,,,,93.0,30001,,,,111.0,2023-11-24 23:20:20.143,2023-11-24 23:20:20.143,,1.3055556,82.89933,75.0,976,657.3,,50.0,108.0,,,UTC+0700,BqtdylYVey,,,0115438d-694b-44a3-8607-0b194347f09c.com.samsung.health.exercise.live_data.json,,0.93049395,com.sec.android.app.shealth,,,,2023-11-24 23:18:44.152,0115438d-694b-44a3-8607-0b194347f09c,,
29fe24b8-5642-4167-a623-9a6a1b49f375.live_data_internal.json,,,,,,63.0,,,,,29fe24b8-5642-4167-a623-9a6a1b49f375.sensing_status.json,4,,,,,,813,,,,,,,,887507,,,,,2023-11-27 00:34:41.454,1001,,,,88.0,30001,,,,120.0,2023-11-27 00:51:06.554,2023-11-27 00:51:06.554,,1.6388888,68.41636,76.0,1012,710.25,,63.0,101.0,,,UTC+0700,BqtdylYVey,,,29fe24b8-5642-4167-a623-9a6a1b49f375.com.samsung.health.exercise.live_data.json,,0.8002754,com.sec.android.app.shealth,,,,2023-11-27 00:49:28.961,29fe24b8-5642-4167-a623-9a6a1b49f375,,
7d6df6a3-b8d2-4be9-8bbb-8415809dce73.live_data_internal.json,,,,,,1.5378866,,,,,7d6df6a3-b8d2-4be9-8bbb-8415809dce73.sensing_status.json,1,,,,,,2,,,,,,,,18633,,,,,2023-11-30 07:06:25.644,1001,,,,73.0,30001,,,,74.0,2023-11-30 07:07:39.924,2023-11-30 07:07:39.924,,1.62,32.20093,73.0,10,7.363,,0.779,26.0,,,UTC+0700,BqtdylYVey,,,7d6df6a3-b8d2-4be9-8bbb-8415809dce73.com.samsung.health.exercise.live_data.json,,0.39515913,com.sec.android.app.shealth,,,,2023-11-30 07:07:34.257,7d6df6a3-b8d2-4be9-8bbb-8415809dce73,,
