﻿com.samsung.health.device_profile,6250075,7
manufacturer,providing_step_goal,create_sh_ver,step_source_group,device_type,backsync_step_goal,capability,modify_sh_ver,device_group,update_time,create_time,name,model,connectivity_type,deviceuuid,pkg_name,fixed_name,datauuid
Samsung,,,,,,,,360001,2023-11-22 12:34:08.126,2022-03-28 12:47:40.237,My Device,SM-A536E,,igS3aXmJXA,com.sec.android.app.shealth,A53 milik Lijun,84af9226-22d6-b219-3016-12fad0f659f1,
Combined,,,,,,,,0,2023-11-22 12:42:03.799,2023-11-22 12:42:03.799,Combined,Combined,,VfS0qUERdZ,com.sec.android.app.shealth,A53 milik Lijun,7af9722c-cd99-07b7-853a-43ce58e819c5,
Samsung Electronics,1,,102,10054,1,069273aa-ec3c-4a6c-818f-4279885a99b7.capability.json,,360003,2023-11-22 12:58:02.551,2023-11-22 12:38:45.484,Galaxy Watch4,SM-R860,,BqtdylYVey,com.sec.android.app.shealth,Galaxy A53 5G,069273aa-ec3c-4a6c-818f-4279885a99b7,
all_target,,,,,,,,0,2023-11-22 12:42:08.301,2023-11-22 12:42:08.301,all_target,all_target,,Mk66SbFqK1,com.sec.android.app.shealth,A53 milik Lijun,471ca32b-a665-1e9e-7c27-7ac69485dc05,
