﻿com.samsung.shealth.calories_burned.details,6250075,4
active_calories_goal,version,extra_data,exercise_calories,total_exercise_calories,com.samsung.shealth.calories_burned.create_sh_ver,com.samsung.shealth.calories_burned.tef_calorie,com.samsung.shealth.calories_burned.active_time,com.samsung.shealth.calories_burned.rest_calorie,com.samsung.shealth.calories_burned.modify_sh_ver,com.samsung.shealth.calories_burned.update_time,com.samsung.shealth.calories_burned.create_time,com.samsung.shealth.calories_burned.active_calorie,com.samsung.shealth.calories_burned.deviceuuid,com.samsung.shealth.calories_burned.pkg_name,com.samsung.shealth.calories_burned.datauuid,com.samsung.shealth.calories_burned.day_time
,,4e5f394e-ee36-49a5-b784-d6c7ee35bc57.extra_data.json,,,,0.0,0,1474.116,,2023-11-22 12:42:11.013,2023-11-22 12:42:05.717,0.0,igS3aXmJXA,com.sec.android.app.shealth,4e5f394e-ee36-49a5-b784-d6c7ee35bc57,1698278400000,
,,0d7fb983-cb0f-4206-a283-95668b6f1c2d.extra_data.json,,,,0.0,0,1474.116,,2023-11-22 12:42:11.027,2023-11-22 12:42:05.734,0.0,igS3aXmJXA,com.sec.android.app.shealth,0d7fb983-cb0f-4206-a283-95668b6f1c2d,1698364800000,
,,98384097-664e-4847-8cb5-f3abca33039b.extra_data.json,,,,0.0,0,1474.116,,2023-11-22 12:42:11.037,2023-11-22 12:42:05.747,0.0,igS3aXmJXA,com.sec.android.app.shealth,98384097-664e-4847-8cb5-f3abca33039b,1698451200000,
,,c095573d-1195-4386-8612-8170eb6aa19a.extra_data.json,,,,0.0,0,1474.116,,2023-11-22 12:42:11.050,2023-11-22 12:42:05.771,0.0,igS3aXmJXA,com.sec.android.app.shealth,c095573d-1195-4386-8612-8170eb6aa19a,1698537600000,
,,b9f7b4ae-4335-40c6-9b83-54b5f770b3e4.extra_data.json,,,,0.0,0,1474.116,,2023-11-22 12:42:11.065,2023-11-22 12:42:05.817,0.0,igS3aXmJXA,com.sec.android.app.shealth,b9f7b4ae-4335-40c6-9b83-54b5f770b3e4,1698624000000,
,,dc8c0ca7-2e69-4530-8fa2-d09288fcd6a9.extra_data.json,,,,0.0,0,1474.116,,2023-11-22 12:42:11.080,2023-11-22 12:42:05.841,0.0,igS3aXmJXA,com.sec.android.app.shealth,dc8c0ca7-2e69-4530-8fa2-d09288fcd6a9,1698710400000,
,,9ff3326a-7b09-43c6-b5cc-9452b4708df0.extra_data.json,,,,0.0,0,1474.116,,2023-11-22 12:42:11.165,2023-11-22 12:42:05.867,0.0,igS3aXmJXA,com.sec.android.app.shealth,9ff3326a-7b09-43c6-b5cc-9452b4708df0,1698796800000,
,,84553713-d7fc-4e56-b22c-5ff56f70a392.extra_data.json,,,,0.0,0,1474.116,,2023-11-22 12:42:11.199,2023-11-22 12:42:05.885,0.0,igS3aXmJXA,com.sec.android.app.shealth,84553713-d7fc-4e56-b22c-5ff56f70a392,1698883200000,
,,a4b30f34-67b7-4b3a-873c-6d4f2dc95f90.extra_data.json,,,,0.0,0,1474.116,,2023-11-22 12:42:11.222,2023-11-22 12:42:05.912,0.0,igS3aXmJXA,com.sec.android.app.shealth,a4b30f34-67b7-4b3a-873c-6d4f2dc95f90,1698969600000,
,,cfe1fb19-625c-44cb-8bcc-d3ee7864d4d7.extra_data.json,,,,0.0,0,1474.116,,2023-11-22 12:42:11.240,2023-11-22 12:42:05.948,0.0,igS3aXmJXA,com.sec.android.app.shealth,cfe1fb19-625c-44cb-8bcc-d3ee7864d4d7,1699056000000,
,,4142cdcc-b4f2-4678-984f-c9368ebf3f99.extra_data.json,,,,0.0,0,1474.116,,2023-11-22 12:42:11.263,2023-11-22 12:42:05.971,0.0,igS3aXmJXA,com.sec.android.app.shealth,4142cdcc-b4f2-4678-984f-c9368ebf3f99,1699142400000,
,,7160b0bf-cf10-40fd-8dbb-3237b4d26d2a.extra_data.json,,,,0.0,0,1474.116,,2023-11-22 12:42:11.303,2023-11-22 12:42:06.044,0.0,igS3aXmJXA,com.sec.android.app.shealth,7160b0bf-cf10-40fd-8dbb-3237b4d26d2a,1699228800000,
,,0a11a92f-218d-4ad1-bf63-3568a50dff12.extra_data.json,,,,0.0,0,1474.116,,2023-11-22 12:42:11.346,2023-11-22 12:42:06.056,0.0,igS3aXmJXA,com.sec.android.app.shealth,0a11a92f-218d-4ad1-bf63-3568a50dff12,1699315200000,
,,9c40939b-8bc5-457e-9604-821711f39c71.extra_data.json,,,,0.0,0,1474.116,,2023-11-22 12:42:11.372,2023-11-22 12:42:06.078,0.0,igS3aXmJXA,com.sec.android.app.shealth,9c40939b-8bc5-457e-9604-821711f39c71,1699401600000,
,,2afa3371-1b6e-4175-9aa9-62883b9bcf7a.extra_data.json,,,,0.0,0,1474.116,,2023-11-22 12:42:11.398,2023-11-22 12:42:06.121,0.0,igS3aXmJXA,com.sec.android.app.shealth,2afa3371-1b6e-4175-9aa9-62883b9bcf7a,1699488000000,
,,8bd68793-1ee8-4e46-bbba-ece5b5a3bf92.extra_data.json,,,,0.0,0,1474.116,,2023-11-22 12:42:11.422,2023-11-22 12:42:06.144,0.0,igS3aXmJXA,com.sec.android.app.shealth,8bd68793-1ee8-4e46-bbba-ece5b5a3bf92,1699574400000,
,,51b00d26-fbdd-401c-80ad-6f402831bc27.extra_data.json,,,,0.0,0,1474.116,,2023-11-22 12:42:11.458,2023-11-22 12:42:06.164,0.0,igS3aXmJXA,com.sec.android.app.shealth,51b00d26-fbdd-401c-80ad-6f402831bc27,1699660800000,
,,8ead6a29-c9ad-43af-97ff-99beda8b5845.extra_data.json,,,,0.0,0,1474.116,,2023-11-22 12:42:11.492,2023-11-22 12:42:06.205,0.0,igS3aXmJXA,com.sec.android.app.shealth,8ead6a29-c9ad-43af-97ff-99beda8b5845,1699747200000,
,,963e1d3b-372d-4dc5-8785-b1ed47de7a09.extra_data.json,,,,0.0,0,1474.116,,2023-11-22 12:42:11.518,2023-11-22 12:42:06.229,0.0,igS3aXmJXA,com.sec.android.app.shealth,963e1d3b-372d-4dc5-8785-b1ed47de7a09,1699833600000,
,,640fb6ea-c298-4ef1-a139-b209f4178af9.extra_data.json,,,,0.0,0,1474.116,,2023-11-22 12:42:11.544,2023-11-22 12:42:06.246,0.0,igS3aXmJXA,com.sec.android.app.shealth,640fb6ea-c298-4ef1-a139-b209f4178af9,1699920000000,
,,74c4d0fb-b5e3-44ed-9cb4-a036db9366a7.extra_data.json,,,,0.0,0,1474.116,,2023-11-22 12:42:11.562,2023-11-22 12:42:06.262,0.0,igS3aXmJXA,com.sec.android.app.shealth,74c4d0fb-b5e3-44ed-9cb4-a036db9366a7,1700006400000,
,,669407c6-59b0-45a0-96b4-47d83048d993.extra_data.json,,,,0.0,0,1474.116,,2023-11-22 12:42:11.580,2023-11-22 12:42:06.281,0.0,igS3aXmJXA,com.sec.android.app.shealth,669407c6-59b0-45a0-96b4-47d83048d993,1700092800000,
,,544a5505-ad31-459b-8b19-f115744c2fe3.extra_data.json,,,,0.0,0,1474.116,,2023-11-22 12:42:11.596,2023-11-22 12:42:06.309,0.0,igS3aXmJXA,com.sec.android.app.shealth,544a5505-ad31-459b-8b19-f115744c2fe3,1700179200000,
,,53b13380-f9ce-4a40-8357-f580c2691a2c.extra_data.json,,,,0.0,0,1474.116,,2023-11-22 12:42:11.608,2023-11-22 12:42:06.333,0.0,igS3aXmJXA,com.sec.android.app.shealth,53b13380-f9ce-4a40-8357-f580c2691a2c,1700265600000,
,,3bf56518-608f-4b92-b1cc-40c49bb47871.extra_data.json,,,,0.0,0,1474.116,,2023-11-22 12:42:11.625,2023-11-22 12:42:06.363,0.0,igS3aXmJXA,com.sec.android.app.shealth,3bf56518-608f-4b92-b1cc-40c49bb47871,1700352000000,
,,b2d10a0c-004c-4053-9aaa-439f77793c9e.extra_data.json,,,,0.0,0,1474.116,,2023-11-22 12:42:11.638,2023-11-22 12:42:06.376,0.0,igS3aXmJXA,com.sec.android.app.shealth,b2d10a0c-004c-4053-9aaa-439f77793c9e,1700438400000,
,,077ff9e4-6180-4fbb-874a-cbb896b1aa7f.extra_data.json,,,,0.0,0,1311.881,,2023-11-23 01:00:26.747,2023-11-22 12:42:06.404,0.0,igS3aXmJXA,com.sec.android.app.shealth,077ff9e4-6180-4fbb-874a-cbb896b1aa7f,1700524800000,
,,b0470e38-1b29-4c60-b04a-9b4c4c376fb3.extra_data.json,,,,0.0,282141,1307.5969,,2023-11-23 01:00:26.934,2023-11-22 12:42:06.424,13.899999,igS3aXmJXA,com.sec.android.app.shealth,b0470e38-1b29-4c60-b04a-9b4c4c376fb3,1700611200000,
,,6ed327f7-7dfc-4f47-b5a8-d86a7755d6ba.extra_data.json,,,,0.0,4328762,1246.1539,,2023-11-24 13:20:22.850,2023-11-22 20:59:04.253,210.29991,igS3aXmJXA,com.sec.android.app.shealth,6ed327f7-7dfc-4f47-b5a8-d86a7755d6ba,1700697600000,
,,98e8424d-ac94-4337-9106-670393850b96.extra_data.json,,,,0.0,9337608,1170.1006,,2023-11-24 21:00:22.619,2023-11-23 20:44:33.563,537.18274,igS3aXmJXA,com.sec.android.app.shealth,98e8424d-ac94-4337-9106-670393850b96,1700784000000,
,,3f21475a-fe66-441c-b90a-ca88ede27452.extra_data.json,,,,0.0,8779441,1178.5757,,2023-11-25 20:55:10.714,2023-11-24 17:35:48.442,488.40344,igS3aXmJXA,com.sec.android.app.shealth,3f21475a-fe66-441c-b90a-ca88ede27452,1700870400000,
,,6a3e7b04-456e-4f1b-878f-49bca96252a9.extra_data.json,,,,0.0,5696227,1225.3906,,2023-11-26 19:41:29.248,2023-11-25 17:36:09.386,280.3266,igS3aXmJXA,com.sec.android.app.shealth,6a3e7b04-456e-4f1b-878f-49bca96252a9,1700956800000,
,,5dd27bf0-303c-4980-9abd-74a72c7cf93d.extra_data.json,,,,0.0,6456349,1213.849,,2023-11-27 17:21:34.245,2023-11-26 17:06:46.073,340.0485,igS3aXmJXA,com.sec.android.app.shealth,5dd27bf0-303c-4980-9abd-74a72c7cf93d,1701043200000,
,,85b911e6-4051-40ab-94b5-53d5bc500dd5.extra_data.json,,,,0.0,3678911,1256.0211,,2023-12-01 13:01:05.600,2023-11-27 17:21:32.672,185.13045,igS3aXmJXA,com.sec.android.app.shealth,85b911e6-4051-40ab-94b5-53d5bc500dd5,1701129600000,
,,e541d305-6b96-4f01-867a-d968fbda0ae7.extra_data.json,,,,0.0,1740733,1285.45,,2023-11-29 18:04:13.418,2023-11-28 20:08:43.629,85.53,igS3aXmJXA,com.sec.android.app.shealth,e541d305-6b96-4f01-867a-d968fbda0ae7,1701216000000,
,,6c096c54-2b17-4f79-ae31-c5c024137645.extra_data.json,,,,0.0,2387207,1275.634,,2023-12-01 13:01:05.629,2023-11-29 18:04:13.256,113.671555,igS3aXmJXA,com.sec.android.app.shealth,6c096c54-2b17-4f79-ae31-c5c024137645,1701302400000,
,,4483de63-245d-4c7d-a8d1-d3c2070b4c4c.extra_data.json,,,,0.0,3553546,1040.645,,2023-12-01 13:01:30.054,2023-11-30 17:54:24.285,176.57002,igS3aXmJXA,com.sec.android.app.shealth,4483de63-245d-4c7d-a8d1-d3c2070b4c4c,1701388800000,
