﻿com.samsung.shealth.social.service_status,6250075,1
status,update_time,create_time,service_type,deviceuuid,pkg_name,datauuid
0,2022-04-01 10:50:42.690,2022-04-01 10:50:42.690,1,igS3aXmJXA,com.sec.android.app.shealth,209c89ca-968e-4714-b67f-2bb784fa54a8,
0,2022-04-01 10:50:42.690,2022-04-01 10:50:42.690,2,igS3aXmJXA,com.sec.android.app.shealth,d5f0697e-37ec-478b-9137-a9310e7ddb29,
-1,2023-11-22 12:53:38.289,2022-04-01 10:50:42.691,3,igS3aXmJXA,com.sec.android.app.shealth,89834d62-f79c-469f-b378-4ed6a6c174ce,
