﻿com.samsung.shealth.sleep,6250075,7
original_efficiency,mental_recovery,factor_01,factor_02,factor_03,factor_04,factor_05,factor_06,factor_07,factor_08,factor_09,factor_10,has_sleep_data,combined_id,sleep_type,data_version,physical_recovery,original_wake_up_time,movement_awakening,original_bed_time,goal_bed_time,quality,extra_data,goal_wake_up_time,sleep_cycle,efficiency,sleep_score,sleep_duration,com.samsung.health.sleep.create_sh_ver,com.samsung.health.sleep.start_time,com.samsung.health.sleep.custom,com.samsung.health.sleep.modify_sh_ver,com.samsung.health.sleep.update_time,com.samsung.health.sleep.create_time,com.samsung.health.sleep.time_offset,com.samsung.health.sleep.deviceuuid,com.samsung.health.sleep.comment,com.samsung.health.sleep.pkg_name,com.samsung.health.sleep.end_time,com.samsung.health.sleep.datauuid
,90.0,19,34,4,5,18,447,68,0,9,0,0,,-1,6,63.0,2023-11-22 21:05:00.000,12.0,2023-11-22 13:34:00.000,,,a8e246d8-2954-4d9c-88a8-f6f9d6aa3267.extra_data.json,,5,95.0,88,447,,2023-11-22 13:34:00.000,,,2023-11-23 01:01:04.663,2023-11-22 21:09:52.718,UTC+0700,BqtdylYVey,,com.sec.android.app.shealth,2023-11-22 21:01:00.000,a8e246d8-2954-4d9c-88a8-f6f9d6aa3267,
,45.0,37,42,22,20,63,460,247,2,40,0,0,,-1,6,61.0,2023-11-23 20:52:00.000,31.0,2023-11-23 12:56:00.000,,,444ab0ca-4fbe-4ffc-9081-622964d80328.extra_data.json,,3,86.0,78,460,,2023-11-23 12:56:00.000,,,2023-11-24 13:20:22.987,2023-11-23 20:56:17.733,UTC+0700,BqtdylYVey,,com.sec.android.app.shealth,2023-11-23 20:36:00.000,444ab0ca-4fbe-4ffc-9081-622964d80328,
,73.0,12,40,17,7,52,429,83,1,33,0,0,,-1,6,58.0,2023-11-24 20:56:00.000,40.0,2023-11-24 13:35:00.000,,,851fd45b-1341-4199-b8f7-b5a6a851782f.extra_data.json,,4,87.0,79,429,,2023-11-24 13:35:00.000,,,2023-11-24 21:00:23.473,2023-11-24 21:00:14.108,UTC+0700,BqtdylYVey,,com.sec.android.app.shealth,2023-11-24 20:44:00.000,851fd45b-1341-4199-b8f7-b5a6a851782f,
,71.0,34,36,27,4,47,379,212,1,39,0,0,,-1,6,54.0,2023-11-25 20:52:00.000,35.0,2023-11-25 14:07:00.000,,,18a4d551-2fb3-474f-afcf-369ed4447345.extra_data.json,,3,87.0,51,379,,2023-11-25 14:07:00.000,,,2023-11-25 20:55:11.397,2023-11-25 20:55:01.493,UTC+0700,BqtdylYVey,,com.sec.android.app.shealth,2023-11-25 20:26:00.000,18a4d551-2fb3-474f-afcf-369ed4447345,
,76.0,48,54,15,4,46,363,170,0,30,0,0,,-1,6,62.0,,30.0,,,,97951cc2-85f2-4d82-b687-daa80c5e6a9a.extra_data.json,,2,87.0,52,363,,2023-11-26 13:34:00.000,,,2023-11-26 19:41:30.237,2023-11-26 19:41:22.643,UTC+0700,BqtdylYVey,,com.sec.android.app.shealth,2023-11-26 19:37:00.000,97951cc2-85f2-4d82-b687-daa80c5e6a9a,
,73.0,28,28,3,2,5,68,68,0,3,0,0,,-1,6,64.0,2023-11-27 08:40:00.000,16.0,2023-11-27 07:12:00.000,,,5ffe980d-20c9-4d5c-ade9-68def48ec421.extra_data.json,,1,92.0,58,68,,2023-11-27 07:12:00.000,,,2023-11-27 08:44:24.924,2023-11-27 08:44:21.778,UTC+0700,BqtdylYVey,,com.sec.android.app.shealth,2023-11-27 08:20:00.000,5ffe980d-20c9-4d5c-ade9-68def48ec421,
,32.0,25,35,9,33,55,282,111,2,45,0,0,,-1,6,50.0,,44.0,,,,62c48e86-3af8-44d7-b51e-1f3b30db04e5.extra_data.json,,3,80.0,49,282,,2023-11-27 15:02:00.000,,,2023-11-27 19:48:12.992,2023-11-27 19:48:05.039,UTC+0700,BqtdylYVey,,com.sec.android.app.shealth,2023-11-27 19:44:00.000,62c48e86-3af8-44d7-b51e-1f3b30db04e5,
