[{"heart_rate":79,"heart_rate_max":88,"heart_rate_min":75,"start_time":1701116640000,"end_time":1701116699000},{"heart_rate":82,"heart_rate_max":83,"heart_rate_min":82,"start_time":1701116580000,"end_time":1701116639000},{"heart_rate":75,"heart_rate_max":84,"heart_rate_min":72,"start_time":1701115860000,"end_time":1701115919000},{"heart_rate":61,"heart_rate_max":76,"heart_rate_min":53,"start_time":1701115800000,"end_time":1701115859000},{"heart_rate":53,"heart_rate_max":56,"heart_rate_min":52,"start_time":1701115740000,"end_time":1701115799000},{"heart_rate":54,"heart_rate_max":59,"heart_rate_min":52,"start_time":1701115680000,"end_time":1701115739000},{"heart_rate":55,"heart_rate_max":58,"heart_rate_min":53,"start_time":1701115620000,"end_time":1701115679000},{"heart_rate":55,"heart_rate_max":56,"heart_rate_min":52,"start_time":1701115560000,"end_time":1701115619000},{"heart_rate":54,"heart_rate_max":57,"heart_rate_min":53,"start_time":1701115500000,"end_time":1701115559000},{"heart_rate":55,"heart_rate_max":59,"heart_rate_min":54,"start_time":1701115440000,"end_time":1701115499000},{"heart_rate":56,"heart_rate_max":62,"heart_rate_min":52,"start_time":1701115380000,"end_time":1701115439000},{"heart_rate":58,"heart_rate_max":67,"heart_rate_min":54,"start_time":1701115320000,"end_time":1701115379000},{"heart_rate":55,"heart_rate_max":58,"heart_rate_min":54,"start_time":1701115260000,"end_time":1701115319000},{"heart_rate":57,"heart_rate_max":61,"heart_rate_min":54,"start_time":1701115200000,"end_time":1701115259000}]