[{"heart_rate":73,"heart_rate_max":77,"heart_rate_min":69,"start_time":1700974740000,"end_time":1700974799000},{"heart_rate":72,"heart_rate_max":77,"heart_rate_min":70,"start_time":1700974680000,"end_time":1700974739000},{"heart_rate":77,"heart_rate_max":85,"heart_rate_min":68,"start_time":1700974620000,"end_time":1700974679000},{"heart_rate":72,"heart_rate_max":85,"heart_rate_min":66,"start_time":1700974560000,"end_time":1700974619000},{"heart_rate":68,"heart_rate_max":72,"heart_rate_min":66,"start_time":1700974500000,"end_time":1700974559000},{"heart_rate":70,"heart_rate_max":75,"heart_rate_min":67,"start_time":1700974440000,"end_time":1700974499000},{"heart_rate":68,"heart_rate_max":71,"heart_rate_min":66,"start_time":1700974380000,"end_time":1700974439000},{"heart_rate":68,"heart_rate_max":72,"heart_rate_min":66,"start_time":1700974320000,"end_time":1700974379000},{"heart_rate":67,"heart_rate_max":71,"heart_rate_min":64,"start_time":1700974260000,"end_time":1700974319000},{"heart_rate":65,"heart_rate_max":68,"heart_rate_min":64,"start_time":1700974200000,"end_time":1700974259000},{"heart_rate":67,"heart_rate_max":72,"heart_rate_min":65,"start_time":1700974140000,"end_time":1700974199000},{"heart_rate":71,"heart_rate_max":82,"heart_rate_min":69,"start_time":1700974080000,"end_time":1700974139000},{"heart_rate":67,"heart_rate_max":70,"heart_rate_min":66,"start_time":1700974020000,"end_time":1700974079000},{"heart_rate":69,"heart_rate_max":73,"heart_rate_min":67,"start_time":1700973960000,"end_time":1700974019000},{"heart_rate":73,"heart_rate_max":78,"heart_rate_min":69,"start_time":1700973900000,"end_time":1700973959000},{"heart_rate":68,"heart_rate_max":72,"heart_rate_min":67,"start_time":1700973840000,"end_time":1700973899000},{"heart_rate":69,"heart_rate_max":75,"heart_rate_min":66,"start_time":1700973780000,"end_time":1700973839000},{"heart_rate":71,"heart_rate_max":81,"heart_rate_min":64,"start_time":1700973720000,"end_time":1700973779000},{"heart_rate":68,"heart_rate_max":71,"heart_rate_min":65,"start_time":1700973660000,"end_time":1700973719000},{"heart_rate":66,"heart_rate_max":69,"heart_rate_min":63,"start_time":1700973600000,"end_time":1700973659000},{"heart_rate":70,"heart_rate_max":75,"heart_rate_min":66,"start_time":1700973540000,"end_time":1700973599000},{"heart_rate":72,"heart_rate_max":85,"heart_rate_min":65,"start_time":1700973480000,"end_time":1700973539000},{"heart_rate":75,"heart_rate_max":85,"heart_rate_min":66,"start_time":1700973420000,"end_time":1700973479000},{"heart_rate":83,"heart_rate_max":91,"heart_rate_min":74,"start_time":1700973360000,"end_time":1700973419000},{"heart_rate":79,"heart_rate_max":89,"heart_rate_min":73,"start_time":1700973300000,"end_time":1700973359000},{"heart_rate":75,"heart_rate_max":81,"heart_rate_min":72,"start_time":1700973240000,"end_time":1700973299000},{"heart_rate":73,"heart_rate_max":79,"heart_rate_min":70,"start_time":1700973180000,"end_time":1700973239000},{"heart_rate":71,"heart_rate_max":73,"heart_rate_min":69,"start_time":1700973120000,"end_time":1700973179000},{"heart_rate":70,"heart_rate_max":72,"heart_rate_min":69,"start_time":1700973060000,"end_time":1700973119000},{"heart_rate":70,"heart_rate_max":72,"heart_rate_min":68,"start_time":1700973000000,"end_time":1700973059000},{"heart_rate":72,"heart_rate_max":77,"heart_rate_min":70,"start_time":1700972940000,"end_time":1700972999000},{"heart_rate":72,"heart_rate_max":76,"heart_rate_min":68,"start_time":1700972880000,"end_time":1700972939000},{"heart_rate":69,"heart_rate_max":73,"heart_rate_min":67,"start_time":1700972820000,"end_time":1700972879000},{"heart_rate":67,"heart_rate_max":71,"heart_rate_min":65,"start_time":1700972760000,"end_time":1700972819000},{"heart_rate":67,"heart_rate_max":71,"heart_rate_min":65,"start_time":1700972700000,"end_time":1700972759000},{"heart_rate":67,"heart_rate_max":71,"heart_rate_min":65,"start_time":1700972640000,"end_time":1700972699000},{"heart_rate":67,"heart_rate_max":69,"heart_rate_min":66,"start_time":1700972580000,"end_time":1700972639000},{"heart_rate":76,"heart_rate_max":85,"heart_rate_min":69,"start_time":1700972520000,"end_time":1700972579000},{"heart_rate":77,"heart_rate_max":85,"heart_rate_min":73,"start_time":1700972460000,"end_time":1700972519000},{"heart_rate":72,"heart_rate_max":77,"heart_rate_min":68,"start_time":1700972400000,"end_time":1700972459000},{"heart_rate":71,"heart_rate_max":76,"heart_rate_min":65,"start_time":1700972340000,"end_time":1700972399000},{"heart_rate":72,"heart_rate_max":77,"heart_rate_min":65,"start_time":1700972280000,"end_time":1700972339000},{"heart_rate":74,"heart_rate_max":79,"heart_rate_min":70,"start_time":1700972220000,"end_time":1700972279000},{"heart_rate":72,"heart_rate_max":79,"heart_rate_min":68,"start_time":1700972160000,"end_time":1700972219000},{"heart_rate":71,"heart_rate_max":75,"heart_rate_min":62,"start_time":1700972100000,"end_time":1700972159000},{"heart_rate":66,"heart_rate_max":69,"heart_rate_min":62,"start_time":1700972040000,"end_time":1700972099000},{"heart_rate":70,"heart_rate_max":71,"heart_rate_min":70,"start_time":1700971980000,"end_time":1700972039000},{"heart_rate":74,"heart_rate_max":76,"heart_rate_min":74,"start_time":1700971920000,"end_time":1700971979000},{"heart_rate":69,"heart_rate_max":73,"heart_rate_min":68,"start_time":1700971860000,"end_time":1700971919000},{"heart_rate":72,"heart_rate_max":77,"heart_rate_min":69,"start_time":1700971800000,"end_time":1700971859000},{"heart_rate":75,"heart_rate_max":79,"heart_rate_min":74,"start_time":1700971740000,"end_time":1700971799000},{"heart_rate":71,"heart_rate_max":76,"heart_rate_min":68,"start_time":1700971680000,"end_time":1700971739000},{"heart_rate":68,"heart_rate_max":72,"heart_rate_min":63,"start_time":1700971620000,"end_time":1700971679000},{"heart_rate":70,"heart_rate_max":83,"heart_rate_min":65,"start_time":1700971560000,"end_time":1700971619000},{"heart_rate":74,"heart_rate_max":82,"heart_rate_min":71,"start_time":1700971500000,"end_time":1700971559000},{"heart_rate":77,"heart_rate_max":83,"heart_rate_min":70,"start_time":1700971440000,"end_time":1700971499000},{"heart_rate":75,"heart_rate_max":82,"heart_rate_min":71,"start_time":1700971380000,"end_time":1700971439000},{"heart_rate":75,"heart_rate_max":82,"heart_rate_min":70,"start_time":1700971320000,"end_time":1700971379000},{"heart_rate":72,"heart_rate_max":77,"heart_rate_min":70,"start_time":1700971260000,"end_time":1700971319000},{"heart_rate":72,"heart_rate_max":77,"heart_rate_min":70,"start_time":1700971200000,"end_time":1700971259000}]