[{"heart_rate":57,"heart_rate_max":59,"heart_rate_min":56,"start_time":1700683140000,"end_time":1700683199000},{"heart_rate":57,"heart_rate_max":58,"heart_rate_min":56,"start_time":1700683080000,"end_time":1700683139000},{"heart_rate":58,"heart_rate_max":59,"heart_rate_min":57,"start_time":1700683020000,"end_time":1700683079000},{"heart_rate":59,"heart_rate_max":61,"heart_rate_min":59,"start_time":1700682960000,"end_time":1700683019000},{"heart_rate":63,"heart_rate_max":66,"heart_rate_min":61,"start_time":1700682900000,"end_time":1700682959000},{"heart_rate":64,"heart_rate_max":66,"heart_rate_min":64,"start_time":1700682840000,"end_time":1700682899000},{"heart_rate":65,"heart_rate_max":68,"heart_rate_min":65,"start_time":1700682780000,"end_time":1700682839000},{"heart_rate":66,"heart_rate_max":69,"heart_rate_min":66,"start_time":1700682720000,"end_time":1700682779000},{"heart_rate":62,"heart_rate_max":67,"heart_rate_min":56,"start_time":1700682660000,"end_time":1700682719000},{"heart_rate":57,"heart_rate_max":58,"heart_rate_min":56,"start_time":1700682600000,"end_time":1700682659000},{"heart_rate":57,"heart_rate_max":58,"heart_rate_min":56,"start_time":1700682540000,"end_time":1700682599000},{"heart_rate":56,"heart_rate_max":58,"heart_rate_min":56,"start_time":1700682480000,"end_time":1700682539000},{"heart_rate":56,"heart_rate_max":57,"heart_rate_min":56,"start_time":1700682420000,"end_time":1700682479000},{"heart_rate":57,"heart_rate_max":57,"heart_rate_min":57,"start_time":1700682360000,"end_time":1700682419000},{"heart_rate":57,"heart_rate_max":58,"heart_rate_min":57,"start_time":1700682300000,"end_time":1700682359000},{"heart_rate":56,"heart_rate_max":58,"heart_rate_min":56,"start_time":1700682240000,"end_time":1700682299000},{"heart_rate":57,"heart_rate_max":58,"heart_rate_min":57,"start_time":1700682180000,"end_time":1700682239000},{"heart_rate":57,"heart_rate_max":57,"heart_rate_min":57,"start_time":1700682120000,"end_time":1700682179000},{"heart_rate":56,"heart_rate_max":57,"heart_rate_min":55,"start_time":1700682060000,"end_time":1700682119000},{"heart_rate":55,"heart_rate_max":57,"heart_rate_min":54,"start_time":1700682000000,"end_time":1700682059000},{"heart_rate":56,"heart_rate_max":57,"heart_rate_min":56,"start_time":1700681940000,"end_time":1700681999000},{"heart_rate":56,"heart_rate_max":58,"heart_rate_min":55,"start_time":1700681880000,"end_time":1700681939000},{"heart_rate":56,"heart_rate_max":58,"heart_rate_min":56,"start_time":1700681820000,"end_time":1700681879000},{"heart_rate":56,"heart_rate_max":58,"heart_rate_min":55,"start_time":1700681760000,"end_time":1700681819000},{"heart_rate":57,"heart_rate_max":59,"heart_rate_min":56,"start_time":1700681700000,"end_time":1700681759000},{"heart_rate":57,"heart_rate_max":58,"heart_rate_min":56,"start_time":1700681640000,"end_time":1700681699000},{"heart_rate":57,"heart_rate_max":58,"heart_rate_min":57,"start_time":1700681580000,"end_time":1700681639000},{"heart_rate":57,"heart_rate_max":58,"heart_rate_min":56,"start_time":1700681520000,"end_time":1700681579000},{"heart_rate":56,"heart_rate_max":57,"heart_rate_min":56,"start_time":1700681460000,"end_time":1700681519000},{"heart_rate":56,"heart_rate_max":57,"heart_rate_min":55,"start_time":1700681400000,"end_time":1700681459000},{"heart_rate":56,"heart_rate_max":57,"heart_rate_min":56,"start_time":1700681340000,"end_time":1700681399000},{"heart_rate":57,"heart_rate_max":58,"heart_rate_min":56,"start_time":1700681280000,"end_time":1700681339000},{"heart_rate":55,"heart_rate_max":57,"heart_rate_min":55,"start_time":1700681220000,"end_time":1700681279000},{"heart_rate":56,"heart_rate_max":58,"heart_rate_min":55,"start_time":1700681160000,"end_time":1700681219000},{"heart_rate":55,"heart_rate_max":58,"heart_rate_min":54,"start_time":1700681100000,"end_time":1700681159000},{"heart_rate":59,"heart_rate_max":71,"heart_rate_min":54,"start_time":1700681040000,"end_time":1700681099000},{"heart_rate":57,"heart_rate_max":69,"heart_rate_min":54,"start_time":1700680980000,"end_time":1700681039000},{"heart_rate":55,"heart_rate_max":57,"heart_rate_min":54,"start_time":1700680920000,"end_time":1700680979000},{"heart_rate":56,"heart_rate_max":58,"heart_rate_min":54,"start_time":1700680860000,"end_time":1700680919000},{"heart_rate":56,"heart_rate_max":58,"heart_rate_min":53,"start_time":1700680800000,"end_time":1700680859000},{"heart_rate":56,"heart_rate_max":59,"heart_rate_min":54,"start_time":1700680740000,"end_time":1700680799000},{"heart_rate":55,"heart_rate_max":57,"heart_rate_min":54,"start_time":1700680680000,"end_time":1700680739000},{"heart_rate":56,"heart_rate_max":59,"heart_rate_min":56,"start_time":1700680620000,"end_time":1700680679000},{"heart_rate":56,"heart_rate_max":58,"heart_rate_min":54,"start_time":1700680560000,"end_time":1700680619000},{"heart_rate":56,"heart_rate_max":58,"heart_rate_min":55,"start_time":1700680500000,"end_time":1700680559000},{"heart_rate":56,"heart_rate_max":59,"heart_rate_min":55,"start_time":1700680440000,"end_time":1700680499000},{"heart_rate":55,"heart_rate_max":58,"heart_rate_min":53,"start_time":1700680380000,"end_time":1700680439000},{"heart_rate":56,"heart_rate_max":59,"heart_rate_min":54,"start_time":1700680320000,"end_time":1700680379000},{"heart_rate":61,"heart_rate_max":66,"heart_rate_min":59,"start_time":1700680260000,"end_time":1700680319000},{"heart_rate":58,"heart_rate_max":59,"heart_rate_min":58,"start_time":1700680200000,"end_time":1700680259000},{"heart_rate":57,"heart_rate_max":59,"heart_rate_min":56,"start_time":1700680140000,"end_time":1700680199000},{"heart_rate":57,"heart_rate_max":58,"heart_rate_min":56,"start_time":1700680080000,"end_time":1700680139000},{"heart_rate":57,"heart_rate_max":59,"heart_rate_min":56,"start_time":1700680020000,"end_time":1700680079000},{"heart_rate":59,"heart_rate_max":61,"heart_rate_min":59,"start_time":1700679960000,"end_time":1700680019000},{"heart_rate":59,"heart_rate_max":61,"heart_rate_min":58,"start_time":1700679900000,"end_time":1700679959000},{"heart_rate":57,"heart_rate_max":58,"heart_rate_min":57,"start_time":1700679840000,"end_time":1700679899000},{"heart_rate":59,"heart_rate_max":62,"heart_rate_min":58,"start_time":1700679780000,"end_time":1700679839000},{"heart_rate":61,"heart_rate_max":61,"heart_rate_min":59,"start_time":1700679720000,"end_time":1700679779000},{"heart_rate":58,"heart_rate_max":59,"heart_rate_min":58,"start_time":1700679660000,"end_time":1700679719000},{"heart_rate":59,"heart_rate_max":60,"heart_rate_min":58,"start_time":1700679600000,"end_time":1700679659000}]