[{"heart_rate":78,"heart_rate_max":87,"heart_rate_min":74,"start_time":1700801940000,"end_time":1700801999000},{"heart_rate":74,"heart_rate_max":78,"heart_rate_min":71,"start_time":1700801880000,"end_time":1700801939000},{"heart_rate":76,"heart_rate_max":85,"heart_rate_min":72,"start_time":1700801820000,"end_time":1700801879000},{"heart_rate":74,"heart_rate_max":78,"heart_rate_min":72,"start_time":1700801760000,"end_time":1700801819000},{"heart_rate":76,"heart_rate_max":81,"heart_rate_min":71,"start_time":1700801700000,"end_time":1700801759000},{"heart_rate":78,"heart_rate_max":83,"heart_rate_min":75,"start_time":1700801640000,"end_time":1700801699000},{"heart_rate":76,"heart_rate_max":81,"heart_rate_min":72,"start_time":1700801580000,"end_time":1700801639000},{"heart_rate":73,"heart_rate_max":79,"heart_rate_min":70,"start_time":1700801520000,"end_time":1700801579000},{"heart_rate":73,"heart_rate_max":80,"heart_rate_min":68,"start_time":1700801460000,"end_time":1700801519000},{"heart_rate":74,"heart_rate_max":79,"heart_rate_min":71,"start_time":1700801400000,"end_time":1700801459000},{"heart_rate":73,"heart_rate_max":77,"heart_rate_min":69,"start_time":1700801340000,"end_time":1700801399000},{"heart_rate":74,"heart_rate_max":82,"heart_rate_min":70,"start_time":1700801280000,"end_time":1700801339000},{"heart_rate":74,"heart_rate_max":81,"heart_rate_min":71,"start_time":1700801220000,"end_time":1700801279000},{"heart_rate":75,"heart_rate_max":79,"heart_rate_min":73,"start_time":1700801160000,"end_time":1700801219000},{"heart_rate":81,"heart_rate_max":84,"heart_rate_min":78,"start_time":1700801100000,"end_time":1700801159000},{"heart_rate":83,"heart_rate_max":89,"heart_rate_min":78,"start_time":1700801040000,"end_time":1700801099000},{"heart_rate":87,"heart_rate_max":92,"heart_rate_min":85,"start_time":1700800980000,"end_time":1700801039000},{"heart_rate":80,"heart_rate_max":90,"heart_rate_min":72,"start_time":1700800920000,"end_time":1700800979000},{"heart_rate":70,"heart_rate_max":76,"heart_rate_min":66,"start_time":1700800860000,"end_time":1700800919000},{"heart_rate":68,"heart_rate_max":71,"heart_rate_min":62,"start_time":1700800800000,"end_time":1700800859000},{"heart_rate":78,"heart_rate_max":83,"heart_rate_min":73,"start_time":1700800740000,"end_time":1700800799000},{"heart_rate":78,"heart_rate_max":84,"heart_rate_min":75,"start_time":1700800680000,"end_time":1700800739000},{"heart_rate":73,"heart_rate_max":78,"heart_rate_min":68,"start_time":1700800560000,"end_time":1700800619000},{"heart_rate":84,"heart_rate_max":91,"heart_rate_min":75,"start_time":1700800500000,"end_time":1700800559000},{"heart_rate":85,"heart_rate_max":89,"heart_rate_min":77,"start_time":1700800440000,"end_time":1700800499000},{"heart_rate":84,"heart_rate_max":91,"heart_rate_min":77,"start_time":1700800380000,"end_time":1700800439000},{"heart_rate":75,"heart_rate_max":82,"heart_rate_min":70,"start_time":1700800320000,"end_time":1700800379000},{"heart_rate":77,"heart_rate_max":84,"heart_rate_min":72,"start_time":1700800260000,"end_time":1700800319000},{"heart_rate":69,"heart_rate_max":75,"heart_rate_min":68,"start_time":1700800200000,"end_time":1700800259000},{"heart_rate":69,"heart_rate_max":74,"heart_rate_min":65,"start_time":1700800140000,"end_time":1700800199000},{"heart_rate":73,"heart_rate_max":76,"heart_rate_min":70,"start_time":1700800080000,"end_time":1700800139000},{"heart_rate":79,"heart_rate_max":88,"heart_rate_min":75,"start_time":1700800020000,"end_time":1700800079000},{"heart_rate":73,"heart_rate_max":80,"heart_rate_min":69,"start_time":1700799960000,"end_time":1700800019000},{"heart_rate":71,"heart_rate_max":74,"heart_rate_min":69,"start_time":1700799900000,"end_time":1700799959000},{"heart_rate":71,"heart_rate_max":74,"heart_rate_min":69,"start_time":1700799840000,"end_time":1700799899000},{"heart_rate":72,"heart_rate_max":75,"heart_rate_min":70,"start_time":1700799780000,"end_time":1700799839000},{"heart_rate":73,"heart_rate_max":76,"heart_rate_min":72,"start_time":1700799720000,"end_time":1700799779000},{"heart_rate":75,"heart_rate_max":82,"heart_rate_min":71,"start_time":1700799660000,"end_time":1700799719000},{"heart_rate":76,"heart_rate_max":80,"heart_rate_min":73,"start_time":1700799600000,"end_time":1700799659000},{"heart_rate":73,"heart_rate_max":76,"heart_rate_min":71,"start_time":1700799540000,"end_time":1700799599000},{"heart_rate":74,"heart_rate_max":82,"heart_rate_min":70,"start_time":1700799480000,"end_time":1700799539000},{"heart_rate":74,"heart_rate_max":81,"heart_rate_min":69,"start_time":1700799420000,"end_time":1700799479000},{"heart_rate":84,"heart_rate_max":96,"heart_rate_min":76,"start_time":1700799240000,"end_time":1700799299000},{"heart_rate":76,"heart_rate_max":81,"heart_rate_min":72,"start_time":1700799180000,"end_time":1700799239000},{"heart_rate":75,"heart_rate_max":84,"heart_rate_min":72,"start_time":1700799120000,"end_time":1700799179000},{"heart_rate":75,"heart_rate_max":84,"heart_rate_min":69,"start_time":1700799060000,"end_time":1700799119000},{"heart_rate":73,"heart_rate_max":82,"heart_rate_min":69,"start_time":1700799000000,"end_time":1700799059000},{"heart_rate":69,"heart_rate_max":80,"heart_rate_min":68,"start_time":1700798940000,"end_time":1700798999000},{"heart_rate":68,"heart_rate_max":70,"heart_rate_min":68,"start_time":1700798880000,"end_time":1700798939000},{"heart_rate":68,"heart_rate_max":70,"heart_rate_min":67,"start_time":1700798820000,"end_time":1700798879000},{"heart_rate":68,"heart_rate_max":69,"heart_rate_min":67,"start_time":1700798760000,"end_time":1700798819000},{"heart_rate":70,"heart_rate_max":73,"heart_rate_min":69,"start_time":1700798700000,"end_time":1700798759000},{"heart_rate":71,"heart_rate_max":73,"heart_rate_min":68,"start_time":1700798640000,"end_time":1700798699000},{"heart_rate":78,"heart_rate_max":83,"heart_rate_min":72,"start_time":1700798580000,"end_time":1700798639000},{"heart_rate":81,"heart_rate_max":84,"heart_rate_min":78,"start_time":1700798520000,"end_time":1700798579000},{"heart_rate":74,"heart_rate_max":81,"heart_rate_min":60,"start_time":1700798460000,"end_time":1700798519000},{"heart_rate":68,"heart_rate_max":79,"heart_rate_min":62,"start_time":1700798400000,"end_time":1700798459000}]