[{"heart_rate":74,"heart_rate_max":79,"heart_rate_min":70,"start_time":1700967540000,"end_time":1700967599000},{"heart_rate":74,"heart_rate_max":79,"heart_rate_min":64,"start_time":1700967480000,"end_time":1700967539000},{"heart_rate":68,"heart_rate_max":72,"heart_rate_min":66,"start_time":1700967420000,"end_time":1700967479000},{"heart_rate":66,"heart_rate_max":69,"heart_rate_min":66,"start_time":1700967360000,"end_time":1700967419000},{"heart_rate":68,"heart_rate_max":69,"heart_rate_min":67,"start_time":1700967300000,"end_time":1700967359000},{"heart_rate":70,"heart_rate_max":73,"heart_rate_min":69,"start_time":1700967240000,"end_time":1700967299000},{"heart_rate":68,"heart_rate_max":72,"heart_rate_min":67,"start_time":1700967180000,"end_time":1700967239000},{"heart_rate":71,"heart_rate_max":74,"heart_rate_min":68,"start_time":1700967120000,"end_time":1700967179000},{"heart_rate":68,"heart_rate_max":71,"heart_rate_min":65,"start_time":1700967060000,"end_time":1700967119000},{"heart_rate":67,"heart_rate_max":70,"heart_rate_min":65,"start_time":1700967000000,"end_time":1700967059000},{"heart_rate":74,"heart_rate_max":77,"heart_rate_min":71,"start_time":1700966940000,"end_time":1700966999000},{"heart_rate":76,"heart_rate_max":82,"heart_rate_min":71,"start_time":1700966880000,"end_time":1700966939000},{"heart_rate":76,"heart_rate_max":82,"heart_rate_min":71,"start_time":1700966820000,"end_time":1700966879000},{"heart_rate":69,"heart_rate_max":74,"heart_rate_min":67,"start_time":1700966760000,"end_time":1700966819000},{"heart_rate":70,"heart_rate_max":75,"heart_rate_min":68,"start_time":1700966700000,"end_time":1700966759000},{"heart_rate":72,"heart_rate_max":81,"heart_rate_min":69,"start_time":1700966640000,"end_time":1700966699000},{"heart_rate":69,"heart_rate_max":75,"heart_rate_min":67,"start_time":1700966580000,"end_time":1700966639000},{"heart_rate":70,"heart_rate_max":76,"heart_rate_min":67,"start_time":1700966520000,"end_time":1700966579000},{"heart_rate":72,"heart_rate_max":75,"heart_rate_min":70,"start_time":1700966460000,"end_time":1700966519000},{"heart_rate":80,"heart_rate_max":90,"heart_rate_min":74,"start_time":1700966400000,"end_time":1700966459000},{"heart_rate":83,"heart_rate_max":86,"heart_rate_min":82,"start_time":1700966340000,"end_time":1700966399000},{"heart_rate":82,"heart_rate_max":89,"heart_rate_min":77,"start_time":1700966280000,"end_time":1700966339000},{"heart_rate":87,"heart_rate_max":94,"heart_rate_min":83,"start_time":1700966220000,"end_time":1700966279000},{"heart_rate":82,"heart_rate_max":87,"heart_rate_min":75,"start_time":1700966160000,"end_time":1700966219000},{"heart_rate":74,"heart_rate_max":78,"heart_rate_min":72,"start_time":1700966100000,"end_time":1700966159000},{"heart_rate":77,"heart_rate_max":81,"heart_rate_min":71,"start_time":1700966040000,"end_time":1700966099000},{"heart_rate":74,"heart_rate_max":80,"heart_rate_min":70,"start_time":1700965980000,"end_time":1700966039000},{"heart_rate":75,"heart_rate_max":81,"heart_rate_min":73,"start_time":1700965920000,"end_time":1700965979000},{"heart_rate":82,"heart_rate_max":93,"heart_rate_min":74,"start_time":1700965860000,"end_time":1700965919000},{"heart_rate":77,"heart_rate_max":84,"heart_rate_min":73,"start_time":1700965800000,"end_time":1700965859000},{"heart_rate":76,"heart_rate_max":83,"heart_rate_min":71,"start_time":1700965740000,"end_time":1700965799000},{"heart_rate":78,"heart_rate_max":83,"heart_rate_min":76,"start_time":1700965680000,"end_time":1700965739000},{"heart_rate":81,"heart_rate_max":86,"heart_rate_min":78,"start_time":1700965620000,"end_time":1700965679000},{"heart_rate":83,"heart_rate_max":91,"heart_rate_min":80,"start_time":1700965560000,"end_time":1700965619000},{"heart_rate":79,"heart_rate_max":82,"heart_rate_min":76,"start_time":1700965500000,"end_time":1700965559000},{"heart_rate":87,"heart_rate_max":93,"heart_rate_min":80,"start_time":1700965440000,"end_time":1700965499000},{"heart_rate":81,"heart_rate_max":96,"heart_rate_min":78,"start_time":1700965380000,"end_time":1700965439000},{"heart_rate":78,"heart_rate_max":81,"heart_rate_min":77,"start_time":1700965320000,"end_time":1700965379000},{"heart_rate":87,"heart_rate_max":93,"heart_rate_min":84,"start_time":1700965200000,"end_time":1700965259000},{"heart_rate":108,"heart_rate_max":108,"heart_rate_min":108,"start_time":1700965140000,"end_time":1700965199000},{"heart_rate":99,"heart_rate_max":103,"heart_rate_min":95,"start_time":1700965080000,"end_time":1700965139000},{"heart_rate":83,"heart_rate_max":87,"heart_rate_min":77,"start_time":1700965020000,"end_time":1700965079000},{"heart_rate":79,"heart_rate_max":84,"heart_rate_min":76,"start_time":1700964960000,"end_time":1700965019000},{"heart_rate":86,"heart_rate_max":90,"heart_rate_min":84,"start_time":1700964900000,"end_time":1700964959000},{"heart_rate":78,"heart_rate_max":85,"heart_rate_min":73,"start_time":1700964840000,"end_time":1700964899000},{"heart_rate":76,"heart_rate_max":79,"heart_rate_min":73,"start_time":1700964780000,"end_time":1700964839000},{"heart_rate":73,"heart_rate_max":77,"heart_rate_min":72,"start_time":1700964720000,"end_time":1700964779000},{"heart_rate":72,"heart_rate_max":74,"heart_rate_min":71,"start_time":1700964660000,"end_time":1700964719000},{"heart_rate":73,"heart_rate_max":75,"heart_rate_min":71,"start_time":1700964600000,"end_time":1700964659000},{"heart_rate":73,"heart_rate_max":76,"heart_rate_min":72,"start_time":1700964540000,"end_time":1700964599000},{"heart_rate":73,"heart_rate_max":76,"heart_rate_min":72,"start_time":1700964480000,"end_time":1700964539000},{"heart_rate":74,"heart_rate_max":77,"heart_rate_min":74,"start_time":1700964420000,"end_time":1700964479000},{"heart_rate":74,"heart_rate_max":76,"heart_rate_min":71,"start_time":1700964360000,"end_time":1700964419000},{"heart_rate":73,"heart_rate_max":76,"heart_rate_min":71,"start_time":1700964300000,"end_time":1700964359000},{"heart_rate":76,"heart_rate_max":78,"heart_rate_min":75,"start_time":1700964240000,"end_time":1700964299000},{"heart_rate":75,"heart_rate_max":79,"heart_rate_min":75,"start_time":1700964180000,"end_time":1700964239000},{"heart_rate":77,"heart_rate_max":80,"heart_rate_min":74,"start_time":1700964120000,"end_time":1700964179000},{"heart_rate":76,"heart_rate_max":78,"heart_rate_min":75,"start_time":1700964060000,"end_time":1700964119000},{"heart_rate":79,"heart_rate_max":81,"heart_rate_min":77,"start_time":1700964000000,"end_time":1700964059000}]