[{"heart_rate":72,"heart_rate_max":77,"heart_rate_min":70,"start_time":1700999940000,"end_time":1700999999000},{"heart_rate":77,"heart_rate_max":82,"heart_rate_min":73,"start_time":1700999880000,"end_time":1700999939000},{"heart_rate":73,"heart_rate_max":81,"heart_rate_min":70,"start_time":1700999820000,"end_time":1700999879000},{"heart_rate":71,"heart_rate_max":73,"heart_rate_min":70,"start_time":1700999760000,"end_time":1700999819000},{"heart_rate":72,"heart_rate_max":74,"heart_rate_min":70,"start_time":1700999700000,"end_time":1700999759000},{"heart_rate":75,"heart_rate_max":84,"heart_rate_min":73,"start_time":1700999640000,"end_time":1700999699000},{"heart_rate":76,"heart_rate_max":82,"heart_rate_min":68,"start_time":1700999580000,"end_time":1700999639000},{"heart_rate":68,"heart_rate_max":71,"heart_rate_min":66,"start_time":1700999520000,"end_time":1700999579000},{"heart_rate":66,"heart_rate_max":67,"heart_rate_min":65,"start_time":1700999460000,"end_time":1700999519000},{"heart_rate":65,"heart_rate_max":68,"heart_rate_min":62,"start_time":1700999400000,"end_time":1700999459000},{"heart_rate":66,"heart_rate_max":70,"heart_rate_min":64,"start_time":1700999340000,"end_time":1700999399000},{"heart_rate":66,"heart_rate_max":69,"heart_rate_min":65,"start_time":1700999280000,"end_time":1700999339000},{"heart_rate":67,"heart_rate_max":72,"heart_rate_min":64,"start_time":1700999220000,"end_time":1700999279000},{"heart_rate":68,"heart_rate_max":76,"heart_rate_min":65,"start_time":1700999160000,"end_time":1700999219000},{"heart_rate":65,"heart_rate_max":67,"heart_rate_min":65,"start_time":1700999100000,"end_time":1700999159000},{"heart_rate":66,"heart_rate_max":68,"heart_rate_min":66,"start_time":1700999040000,"end_time":1700999099000},{"heart_rate":69,"heart_rate_max":71,"heart_rate_min":67,"start_time":1700998980000,"end_time":1700999039000},{"heart_rate":69,"heart_rate_max":74,"heart_rate_min":66,"start_time":1700998920000,"end_time":1700998979000},{"heart_rate":66,"heart_rate_max":68,"heart_rate_min":64,"start_time":1700998860000,"end_time":1700998919000},{"heart_rate":69,"heart_rate_max":71,"heart_rate_min":62,"start_time":1700998800000,"end_time":1700998859000},{"heart_rate":66,"heart_rate_max":69,"heart_rate_min":63,"start_time":1700998740000,"end_time":1700998799000},{"heart_rate":67,"heart_rate_max":70,"heart_rate_min":65,"start_time":1700998680000,"end_time":1700998739000},{"heart_rate":67,"heart_rate_max":70,"heart_rate_min":65,"start_time":1700998620000,"end_time":1700998679000},{"heart_rate":66,"heart_rate_max":70,"heart_rate_min":65,"start_time":1700998560000,"end_time":1700998619000},{"heart_rate":70,"heart_rate_max":72,"heart_rate_min":69,"start_time":1700998500000,"end_time":1700998559000},{"heart_rate":69,"heart_rate_max":72,"heart_rate_min":66,"start_time":1700998440000,"end_time":1700998499000},{"heart_rate":66,"heart_rate_max":69,"heart_rate_min":65,"start_time":1700998380000,"end_time":1700998439000},{"heart_rate":67,"heart_rate_max":71,"heart_rate_min":66,"start_time":1700998320000,"end_time":1700998379000},{"heart_rate":69,"heart_rate_max":71,"heart_rate_min":69,"start_time":1700998260000,"end_time":1700998319000},{"heart_rate":69,"heart_rate_max":78,"heart_rate_min":66,"start_time":1700998200000,"end_time":1700998259000},{"heart_rate":69,"heart_rate_max":74,"heart_rate_min":68,"start_time":1700998140000,"end_time":1700998199000},{"heart_rate":66,"heart_rate_max":71,"heart_rate_min":63,"start_time":1700998080000,"end_time":1700998139000},{"heart_rate":68,"heart_rate_max":74,"heart_rate_min":64,"start_time":1700998020000,"end_time":1700998079000},{"heart_rate":70,"heart_rate_max":72,"heart_rate_min":68,"start_time":1700997960000,"end_time":1700998019000},{"heart_rate":75,"heart_rate_max":104,"heart_rate_min":68,"start_time":1700997900000,"end_time":1700997959000},{"heart_rate":83,"heart_rate_max":98,"heart_rate_min":76,"start_time":1700997840000,"end_time":1700997899000},{"heart_rate":73,"heart_rate_max":78,"heart_rate_min":70,"start_time":1700997780000,"end_time":1700997839000},{"heart_rate":73,"heart_rate_max":76,"heart_rate_min":71,"start_time":1700997720000,"end_time":1700997779000},{"heart_rate":72,"heart_rate_max":76,"heart_rate_min":70,"start_time":1700997660000,"end_time":1700997719000},{"heart_rate":68,"heart_rate_max":71,"heart_rate_min":67,"start_time":1700997600000,"end_time":1700997659000},{"heart_rate":71,"heart_rate_max":75,"heart_rate_min":69,"start_time":1700997540000,"end_time":1700997599000},{"heart_rate":75,"heart_rate_max":78,"heart_rate_min":72,"start_time":1700997480000,"end_time":1700997539000},{"heart_rate":74,"heart_rate_max":79,"heart_rate_min":70,"start_time":1700997420000,"end_time":1700997479000},{"heart_rate":74,"heart_rate_max":79,"heart_rate_min":71,"start_time":1700997360000,"end_time":1700997419000},{"heart_rate":75,"heart_rate_max":77,"heart_rate_min":73,"start_time":1700997300000,"end_time":1700997359000},{"heart_rate":72,"heart_rate_max":76,"heart_rate_min":71,"start_time":1700997240000,"end_time":1700997299000},{"heart_rate":74,"heart_rate_max":77,"heart_rate_min":72,"start_time":1700997180000,"end_time":1700997239000},{"heart_rate":76,"heart_rate_max":84,"heart_rate_min":75,"start_time":1700997120000,"end_time":1700997179000},{"heart_rate":88,"heart_rate_max":90,"heart_rate_min":87,"start_time":1700997060000,"end_time":1700997119000},{"heart_rate":84,"heart_rate_max":88,"heart_rate_min":81,"start_time":1700997000000,"end_time":1700997059000},{"heart_rate":79,"heart_rate_max":87,"heart_rate_min":72,"start_time":1700996940000,"end_time":1700996999000},{"heart_rate":86,"heart_rate_max":91,"heart_rate_min":84,"start_time":1700996880000,"end_time":1700996939000},{"heart_rate":86,"heart_rate_max":89,"heart_rate_min":85,"start_time":1700996820000,"end_time":1700996879000},{"heart_rate":95,"heart_rate_max":99,"heart_rate_min":90,"start_time":1700996760000,"end_time":1700996819000},{"heart_rate":94,"heart_rate_max":100,"heart_rate_min":85,"start_time":1700996700000,"end_time":1700996759000},{"heart_rate":86,"heart_rate_max":90,"heart_rate_min":83,"start_time":1700996640000,"end_time":1700996699000},{"heart_rate":79,"heart_rate_max":84,"heart_rate_min":76,"start_time":1700996580000,"end_time":1700996639000},{"heart_rate":83,"heart_rate_max":87,"heart_rate_min":81,"start_time":1700996520000,"end_time":1700996579000},{"heart_rate":80,"heart_rate_max":84,"heart_rate_min":76,"start_time":1700996460000,"end_time":1700996519000},{"heart_rate":82,"heart_rate_max":87,"heart_rate_min":77,"start_time":1700996400000,"end_time":1700996459000}]