[{"heart_rate":53,"heart_rate_max":55,"heart_rate_min":51,"start_time":1700665140000,"end_time":1700665199000},{"heart_rate":52,"heart_rate_max":54,"heart_rate_min":51,"start_time":1700665080000,"end_time":1700665139000},{"heart_rate":53,"heart_rate_max":55,"heart_rate_min":52,"start_time":1700665020000,"end_time":1700665079000},{"heart_rate":53,"heart_rate_max":54,"heart_rate_min":52,"start_time":1700664960000,"end_time":1700665019000},{"heart_rate":53,"heart_rate_max":55,"heart_rate_min":52,"start_time":1700664900000,"end_time":1700664959000},{"heart_rate":55,"heart_rate_max":56,"heart_rate_min":54,"start_time":1700664840000,"end_time":1700664899000},{"heart_rate":55,"heart_rate_max":57,"heart_rate_min":54,"start_time":1700664780000,"end_time":1700664839000},{"heart_rate":54,"heart_rate_max":56,"heart_rate_min":54,"start_time":1700664720000,"end_time":1700664779000},{"heart_rate":53,"heart_rate_max":56,"heart_rate_min":52,"start_time":1700664660000,"end_time":1700664719000},{"heart_rate":53,"heart_rate_max":57,"heart_rate_min":52,"start_time":1700664600000,"end_time":1700664659000},{"heart_rate":54,"heart_rate_max":56,"heart_rate_min":52,"start_time":1700664540000,"end_time":1700664599000},{"heart_rate":55,"heart_rate_max":57,"heart_rate_min":52,"start_time":1700664480000,"end_time":1700664539000},{"heart_rate":56,"heart_rate_max":58,"heart_rate_min":54,"start_time":1700664420000,"end_time":1700664479000},{"heart_rate":54,"heart_rate_max":56,"heart_rate_min":53,"start_time":1700664360000,"end_time":1700664419000},{"heart_rate":58,"heart_rate_max":61,"heart_rate_min":55,"start_time":1700664300000,"end_time":1700664359000},{"heart_rate":58,"heart_rate_max":62,"heart_rate_min":55,"start_time":1700664240000,"end_time":1700664299000},{"heart_rate":57,"heart_rate_max":61,"heart_rate_min":53,"start_time":1700664180000,"end_time":1700664239000},{"heart_rate":58,"heart_rate_max":62,"heart_rate_min":54,"start_time":1700664120000,"end_time":1700664179000},{"heart_rate":56,"heart_rate_max":61,"heart_rate_min":53,"start_time":1700664060000,"end_time":1700664119000},{"heart_rate":60,"heart_rate_max":64,"heart_rate_min":57,"start_time":1700664000000,"end_time":1700664059000},{"heart_rate":55,"heart_rate_max":60,"heart_rate_min":52,"start_time":1700663940000,"end_time":1700663999000},{"heart_rate":56,"heart_rate_max":59,"heart_rate_min":54,"start_time":1700663880000,"end_time":1700663939000},{"heart_rate":54,"heart_rate_max":56,"heart_rate_min":53,"start_time":1700663820000,"end_time":1700663879000},{"heart_rate":54,"heart_rate_max":59,"heart_rate_min":52,"start_time":1700663760000,"end_time":1700663819000},{"heart_rate":58,"heart_rate_max":66,"heart_rate_min":54,"start_time":1700663700000,"end_time":1700663759000},{"heart_rate":54,"heart_rate_max":58,"heart_rate_min":53,"start_time":1700663640000,"end_time":1700663699000},{"heart_rate":55,"heart_rate_max":58,"heart_rate_min":53,"start_time":1700663580000,"end_time":1700663639000},{"heart_rate":55,"heart_rate_max":58,"heart_rate_min":54,"start_time":1700663520000,"end_time":1700663579000},{"heart_rate":58,"heart_rate_max":60,"heart_rate_min":56,"start_time":1700663460000,"end_time":1700663519000},{"heart_rate":59,"heart_rate_max":61,"heart_rate_min":58,"start_time":1700663400000,"end_time":1700663459000},{"heart_rate":60,"heart_rate_max":62,"heart_rate_min":60,"start_time":1700663340000,"end_time":1700663399000},{"heart_rate":60,"heart_rate_max":64,"heart_rate_min":59,"start_time":1700663280000,"end_time":1700663339000},{"heart_rate":58,"heart_rate_max":62,"heart_rate_min":55,"start_time":1700663220000,"end_time":1700663279000},{"heart_rate":56,"heart_rate_max":57,"heart_rate_min":55,"start_time":1700663160000,"end_time":1700663219000},{"heart_rate":55,"heart_rate_max":57,"heart_rate_min":55,"start_time":1700663100000,"end_time":1700663159000},{"heart_rate":55,"heart_rate_max":57,"heart_rate_min":55,"start_time":1700663040000,"end_time":1700663099000},{"heart_rate":56,"heart_rate_max":57,"heart_rate_min":55,"start_time":1700662980000,"end_time":1700663039000},{"heart_rate":55,"heart_rate_max":57,"heart_rate_min":55,"start_time":1700662920000,"end_time":1700662979000},{"heart_rate":54,"heart_rate_max":56,"heart_rate_min":53,"start_time":1700662860000,"end_time":1700662919000},{"heart_rate":54,"heart_rate_max":56,"heart_rate_min":54,"start_time":1700662800000,"end_time":1700662859000},{"heart_rate":54,"heart_rate_max":56,"heart_rate_min":54,"start_time":1700662740000,"end_time":1700662799000},{"heart_rate":54,"heart_rate_max":56,"heart_rate_min":54,"start_time":1700662680000,"end_time":1700662739000},{"heart_rate":55,"heart_rate_max":56,"heart_rate_min":54,"start_time":1700662620000,"end_time":1700662679000},{"heart_rate":54,"heart_rate_max":55,"heart_rate_min":53,"start_time":1700662560000,"end_time":1700662619000},{"heart_rate":54,"heart_rate_max":56,"heart_rate_min":53,"start_time":1700662500000,"end_time":1700662559000},{"heart_rate":54,"heart_rate_max":56,"heart_rate_min":53,"start_time":1700662440000,"end_time":1700662499000},{"heart_rate":54,"heart_rate_max":56,"heart_rate_min":54,"start_time":1700662380000,"end_time":1700662439000},{"heart_rate":55,"heart_rate_max":57,"heart_rate_min":54,"start_time":1700662320000,"end_time":1700662379000},{"heart_rate":54,"heart_rate_max":56,"heart_rate_min":54,"start_time":1700662260000,"end_time":1700662319000},{"heart_rate":55,"heart_rate_max":56,"heart_rate_min":54,"start_time":1700662200000,"end_time":1700662259000},{"heart_rate":55,"heart_rate_max":56,"heart_rate_min":54,"start_time":1700662140000,"end_time":1700662199000},{"heart_rate":55,"heart_rate_max":56,"heart_rate_min":55,"start_time":1700662080000,"end_time":1700662139000},{"heart_rate":55,"heart_rate_max":57,"heart_rate_min":54,"start_time":1700662020000,"end_time":1700662079000},{"heart_rate":55,"heart_rate_max":57,"heart_rate_min":54,"start_time":1700661960000,"end_time":1700662019000},{"heart_rate":54,"heart_rate_max":55,"heart_rate_min":52,"start_time":1700661900000,"end_time":1700661959000},{"heart_rate":56,"heart_rate_max":57,"heart_rate_min":54,"start_time":1700661840000,"end_time":1700661899000},{"heart_rate":55,"heart_rate_max":57,"heart_rate_min":55,"start_time":1700661780000,"end_time":1700661839000},{"heart_rate":55,"heart_rate_max":57,"heart_rate_min":54,"start_time":1700661720000,"end_time":1700661779000},{"heart_rate":55,"heart_rate_max":57,"heart_rate_min":55,"start_time":1700661660000,"end_time":1700661719000},{"heart_rate":56,"heart_rate_max":57,"heart_rate_min":55,"start_time":1700661600000,"end_time":1700661659000}]