{"mAdaptiveGoal":0,"mIsGoalAchieved":false,"mIsMostActiveAchieved":false,"mMostActiveMinutes":0,"mStreakDayCount":0,"mUnitDataList":[{"distance":55.749992,"mCalorie":2.3699996,"mOthersTime":0,"mRunTime":0,"mStartTime":18600000,"mTimeUnit":600000,"mWalkTime":51359,"runStep":0,"walkStep":77},{"distance":7.64,"mCalorie":0.35,"mOthersTime":0,"mRunTime":0,"mStartTime":23400000,"mTimeUnit":600000,"mWalkTime":7337,"runStep":0,"walkStep":11},{"distance":15.14,"mCalorie":0.96,"mOthersTime":0,"mRunTime":0,"mStartTime":25800000,"mTimeUnit":600000,"mWalkTime":4002,"runStep":0,"walkStep":6},{"distance":50.24,"mCalorie":2.2,"mOthersTime":0,"mRunTime":0,"mStartTime":28200000,"mTimeUnit":600000,"mWalkTime":44022,"runStep":0,"walkStep":66},{"distance":75.270004,"mCalorie":3.02,"mOthersTime":0,"mRunTime":0,"mStartTime":30600000,"mTimeUnit":600000,"mWalkTime":66033,"runStep":0,"walkStep":99},{"distance":43.51,"mCalorie":1.83,"mOthersTime":0,"mRunTime":0,"mStartTime":31200000,"mTimeUnit":600000,"mWalkTime":39353,"runStep":0,"walkStep":59},{"distance":32.02,"mCalorie":1.36,"mOthersTime":0,"mRunTime":0,"mStartTime":32400000,"mTimeUnit":600000,"mWalkTime":29348,"runStep":0,"walkStep":44},{"distance":120.03,"mCalorie":4.94,"mOthersTime":0,"mRunTime":0,"mStartTime":33000000,"mTimeUnit":600000,"mWalkTime":107387,"runStep":0,"walkStep":161},{"distance":120.34001,"mCalorie":5.0999985,"mOthersTime":0,"mRunTime":0,"mStartTime":33600000,"mTimeUnit":600000,"mWalkTime":111389,"runStep":0,"walkStep":167},{"distance":21.090004,"mCalorie":0.7599998,"mOthersTime":0,"mRunTime":0,"mStartTime":34200000,"mTimeUnit":600000,"mWalkTime":18009,"runStep":0,"walkStep":27},{"distance":18.36,"mCalorie":0.77,"mOthersTime":0,"mRunTime":0,"mStartTime":34800000,"mTimeUnit":600000,"mWalkTime":16008,"runStep":0,"walkStep":24},{"distance":5.98,"mCalorie":0.25,"mOthersTime":0,"mRunTime":0,"mStartTime":37200000,"mTimeUnit":600000,"mWalkTime":5336,"runStep":0,"walkStep":8},{"distance":142.04999,"mCalorie":6.1,"mOthersTime":0,"mRunTime":0,"mStartTime":37800000,"mTimeUnit":600000,"mWalkTime":132066,"runStep":0,"walkStep":198},{"distance":4.54,"mCalorie":0.19,"mOthersTime":0,"mRunTime":0,"mStartTime":38400000,"mTimeUnit":600000,"mWalkTime":4002,"runStep":0,"walkStep":6},{"distance":111.09,"mCalorie":4.67,"mOthersTime":0,"mRunTime":0,"mStartTime":39000000,"mTimeUnit":600000,"mWalkTime":96685,"runStep":0,"walkStep":154},{"distance":325.22998,"mCalorie":13.66,"mOthersTime":0,"mRunTime":0,"mStartTime":39600000,"mTimeUnit":600000,"mWalkTime":274047,"runStep":0,"walkStep":450},{"distance":4.95,"mCalorie":0.22,"mOthersTime":0,"mRunTime":0,"mStartTime":40800000,"mTimeUnit":600000,"mWalkTime":4669,"runStep":0,"walkStep":7},{"distance":271.07,"mCalorie":11.4800005,"mOthersTime":0,"mRunTime":0,"mStartTime":43200000,"mTimeUnit":600000,"mWalkTime":234057,"runStep":0,"walkStep":380},{"distance":330.64,"mCalorie":14.030001,"mOthersTime":0,"mRunTime":400,"mStartTime":43800000,"mTimeUnit":600000,"mWalkTime":271379,"runStep":1,"walkStep":453},{"distance":52.08,"mCalorie":2.15,"mOthersTime":0,"mRunTime":0,"mStartTime":44400000,"mTimeUnit":600000,"mWalkTime":47357,"runStep":0,"walkStep":71},{"distance":93.39,"mCalorie":3.9099984,"mOthersTime":0,"mRunTime":0,"mStartTime":45600000,"mTimeUnit":600000,"mWalkTime":85376,"runStep":0,"walkStep":128},{"distance":251.52002,"mCalorie":10.319995,"mOthersTime":0,"mRunTime":0,"mStartTime":46200000,"mTimeUnit":600000,"mWalkTime":208074,"runStep":0,"walkStep":341},{"distance":27.680157,"mCalorie":1.1600391,"mOthersTime":0,"mRunTime":0,"mStartTime":50400000,"mTimeUnit":600000,"mWalkTime":25346,"runStep":0,"walkStep":38},{"distance":346.34,"mCalorie":14.570001,"mOthersTime":0,"mRunTime":0,"mStartTime":51000000,"mTimeUnit":600000,"mWalkTime":292723,"runStep":0,"walkStep":480},{"distance":97.56,"mCalorie":4.17,"mOthersTime":0,"mRunTime":0,"mStartTime":51600000,"mTimeUnit":600000,"mWalkTime":90712,"runStep":0,"walkStep":136},{"distance":116.98999,"mCalorie":4.7799997,"mOthersTime":0,"mRunTime":0,"mStartTime":58200000,"mTimeUnit":600000,"mWalkTime":104719,"runStep":0,"walkStep":157},{"distance":34.22,"mCalorie":1.47,"mOthersTime":0,"mRunTime":0,"mStartTime":60000000,"mTimeUnit":600000,"mWalkTime":31349,"runStep":0,"walkStep":47},{"distance":141.06999,"mCalorie":6.17,"mOthersTime":0,"mRunTime":0,"mStartTime":62400000,"mTimeUnit":600000,"mWalkTime":120697,"runStep":0,"walkStep":199},{"distance":103.03001,"mCalorie":4.24,"mOthersTime":0,"mRunTime":0,"mStartTime":63000000,"mTimeUnit":600000,"mWalkTime":92713,"runStep":0,"walkStep":139},{"distance":91.009995,"mCalorie":3.85,"mOthersTime":0,"mRunTime":0,"mStartTime":63600000,"mTimeUnit":600000,"mWalkTime":83375,"runStep":0,"walkStep":125},{"distance":204.73999,"mCalorie":8.599999,"mOthersTime":0,"mRunTime":0,"mStartTime":64200000,"mTimeUnit":600000,"mWalkTime":180060,"runStep":0,"walkStep":283},{"distance":6.8599997,"mCalorie":0.32999998,"mOthersTime":0,"mRunTime":0,"mStartTime":65400000,"mTimeUnit":600000,"mWalkTime":6670,"runStep":0,"walkStep":10},{"distance":374.96,"mCalorie":18.32,"mOthersTime":0,"mRunTime":0,"mStartTime":66600000,"mTimeUnit":600000,"mWalkTime":318736,"runStep":0,"walkStep":525},{"distance":20.33,"mCalorie":0.92,"mOthersTime":0,"mRunTime":0,"mStartTime":67200000,"mTimeUnit":600000,"mWalkTime":19343,"runStep":0,"walkStep":29},{"distance":264.44,"mCalorie":11.27,"mOthersTime":0,"mRunTime":0,"mStartTime":67800000,"mTimeUnit":600000,"mWalkTime":226023,"runStep":0,"walkStep":372},{"distance":89.41,"mCalorie":5.31,"mOthersTime":0,"mRunTime":0,"mStartTime":69000000,"mTimeUnit":600000,"mWalkTime":85376,"runStep":0,"walkStep":128},{"distance":6.4800005,"mCalorie":0.29,"mOthersTime":0,"mRunTime":0,"mStartTime":69600000,"mTimeUnit":600000,"mWalkTime":6003,"runStep":0,"walkStep":9},{"distance":12.849999,"mCalorie":0.48000002,"mOthersTime":0,"mRunTime":0,"mStartTime":71400000,"mTimeUnit":600000,"mWalkTime":12006,"runStep":0,"walkStep":18}],"version":1}