[{"elapsed_time":540,"segment":1,"source_type":4,"start_time":1701045281994},{"elapsed_time":1541,"segment":1,"source_type":4,"start_time":1701045282995},{"elapsed_time":2540,"segment":1,"source_type":4,"start_time":1701045283994},{"elapsed_time":3540,"segment":1,"source_type":4,"start_time":1701045284994},{"elapsed_time":4540,"segment":1,"source_type":4,"start_time":1701045285994},{"elapsed_time":5540,"segment":1,"source_type":4,"start_time":1701045286994},{"elapsed_time":6541,"segment":1,"source_type":4,"start_time":1701045287995},{"elapsed_time":7540,"segment":1,"source_type":4,"start_time":1701045288994},{"elapsed_time":8541,"segment":1,"source_type":4,"start_time":1701045289995},{"elapsed_time":9539,"segment":1,"source_type":4,"start_time":1701045290993},{"elapsed_time":10540,"segment":1,"source_type":4,"start_time":1701045291994},{"elapsed_time":11539,"segment":1,"source_type":4,"start_time":1701045292993},{"elapsed_time":12541,"segment":1,"source_type":4,"start_time":1701045293995},{"elapsed_time":13540,"segment":1,"source_type":4,"start_time":1701045294994},{"elapsed_time":14540,"segment":1,"source_type":4,"start_time":1701045295994},{"elapsed_time":15540,"segment":1,"source_type":4,"start_time":1701045296994},{"elapsed_time":16540,"segment":1,"source_type":4,"start_time":1701045297994},{"elapsed_time":17540,"segment":1,"source_type":4,"start_time":1701045298994},{"elapsed_time":18540,"segment":1,"source_type":4,"start_time":1701045299994},{"elapsed_time":19540,"segment":1,"source_type":4,"start_time":1701045300994},{"elapsed_time":20539,"segment":1,"source_type":4,"start_time":1701045301993},{"elapsed_time":21540,"segment":1,"source_type":4,"start_time":1701045302994},{"elapsed_time":22541,"segment":1,"source_type":4,"start_time":1701045303995},{"elapsed_time":23540,"segment":1,"source_type":4,"start_time":1701045304994},{"elapsed_time":24540,"segment":1,"source_type":4,"start_time":1701045305994},{"elapsed_time":25541,"segment":1,"source_type":4,"start_time":1701045306995},{"elapsed_time":26540,"segment":1,"source_type":4,"start_time":1701045307994},{"elapsed_time":27540,"segment":1,"source_type":4,"start_time":1701045308994},{"elapsed_time":28540,"segment":1,"source_type":4,"start_time":1701045309994},{"elapsed_time":29541,"segment":1,"source_type":4,"start_time":1701045310995},{"elapsed_time":30540,"segment":1,"source_type":4,"start_time":1701045311994},{"elapsed_time":31541,"segment":1,"source_type":4,"start_time":1701045312995},{"elapsed_time":32539,"segment":1,"source_type":4,"start_time":1701045313993},{"elapsed_time":33540,"segment":1,"source_type":4,"start_time":1701045314994},{"elapsed_time":34539,"segment":1,"source_type":4,"start_time":1701045315993},{"elapsed_time":35540,"segment":1,"source_type":4,"start_time":1701045316994},{"elapsed_time":36539,"segment":1,"source_type":4,"start_time":1701045317993},{"elapsed_time":50540,"segment":1,"source_type":4,"start_time":1701045331994},{"elapsed_time":52540,"segment":1,"source_type":4,"start_time":1701045333994},{"elapsed_time":53540,"segment":1,"source_type":4,"start_time":1701045334994},{"elapsed_time":54541,"segment":1,"source_type":4,"start_time":1701045335995},{"elapsed_time":55540,"segment":1,"source_type":4,"start_time":1701045336994},{"elapsed_time":56541,"segment":1,"source_type":4,"start_time":1701045337995},{"elapsed_time":57540,"segment":1,"source_type":4,"start_time":1701045338994},{"elapsed_time":58540,"segment":1,"source_type":4,"start_time":1701045339994},{"elapsed_time":59540,"segment":1,"source_type":4,"start_time":1701045340994},{"elapsed_time":60540,"segment":1,"source_type":4,"start_time":1701045341994},{"elapsed_time":61541,"segment":1,"source_type":4,"start_time":1701045342995},{"elapsed_time":62540,"segment":1,"source_type":4,"start_time":1701045343994},{"elapsed_time":63539,"segment":1,"source_type":4,"start_time":1701045344993},{"elapsed_time":64540,"segment":1,"source_type":4,"start_time":1701045345994},{"elapsed_time":65539,"segment":1,"source_type":4,"start_time":1701045346993},{"elapsed_time":66539,"segment":1,"source_type":4,"start_time":1701045347993},{"elapsed_time":67539,"segment":1,"source_type":4,"start_time":1701045348993},{"elapsed_time":68540,"segment":1,"source_type":4,"start_time":1701045349994},{"elapsed_time":69540,"segment":1,"source_type":4,"start_time":1701045350994},{"elapsed_time":70541,"segment":1,"source_type":4,"start_time":1701045351995},{"elapsed_time":71540,"segment":1,"source_type":4,"start_time":1701045352994},{"elapsed_time":72541,"segment":1,"source_type":4,"start_time":1701045353995},{"elapsed_time":73540,"segment":1,"source_type":4,"start_time":1701045354994},{"elapsed_time":74540,"segment":1,"source_type":4,"start_time":1701045355994},{"elapsed_time":75541,"segment":1,"source_type":4,"start_time":1701045356995},{"elapsed_time":76540,"segment":1,"source_type":4,"start_time":1701045357994},{"elapsed_time":77541,"segment":1,"source_type":4,"start_time":1701045358995},{"elapsed_time":78539,"segment":1,"source_type":4,"start_time":1701045359993},{"elapsed_time":79540,"segment":1,"source_type":4,"start_time":1701045360994},{"elapsed_time":80541,"segment":1,"source_type":4,"start_time":1701045361995},{"elapsed_time":81541,"segment":1,"source_type":4,"start_time":1701045362995},{"elapsed_time":82540,"segment":1,"source_type":4,"start_time":1701045363994},{"elapsed_time":83541,"segment":1,"source_type":4,"start_time":1701045364995},{"elapsed_time":84540,"segment":1,"source_type":4,"start_time":1701045365994},{"elapsed_time":85540,"segment":1,"source_type":4,"start_time":1701045366994},{"elapsed_time":86540,"segment":1,"source_type":4,"start_time":1701045367994},{"elapsed_time":87541,"segment":1,"source_type":4,"start_time":1701045368995},{"elapsed_time":88539,"segment":1,"source_type":4,"start_time":1701045369993},{"elapsed_time":89540,"segment":1,"source_type":4,"start_time":1701045370994},{"elapsed_time":90539,"segment":1,"source_type":4,"start_time":1701045371993},{"elapsed_time":91540,"segment":1,"source_type":4,"start_time":1701045372994},{"elapsed_time":92539,"segment":1,"source_type":4,"start_time":1701045373993},{"elapsed_time":93540,"segment":1,"source_type":4,"start_time":1701045374994},{"elapsed_time":94540,"segment":1,"source_type":4,"start_time":1701045375994},{"elapsed_time":95541,"segment":1,"source_type":4,"start_time":1701045376995},{"elapsed_time":96540,"segment":1,"source_type":4,"start_time":1701045377994},{"elapsed_time":97540,"segment":1,"source_type":4,"start_time":1701045378994},{"elapsed_time":98541,"segment":1,"source_type":4,"start_time":1701045379995},{"elapsed_time":98541,"segment":1,"source_type":4,"start_time":1701045379995},{"elapsed_time":99540,"segment":1,"source_type":4,"start_time":1701045380994},{"elapsed_time":100541,"segment":1,"source_type":4,"start_time":1701045381995},{"elapsed_time":101540,"segment":1,"source_type":4,"start_time":1701045382994},{"elapsed_time":102540,"segment":1,"source_type":4,"start_time":1701045383994},{"elapsed_time":103539,"segment":1,"source_type":4,"start_time":1701045384993},{"elapsed_time":104540,"segment":1,"source_type":4,"start_time":1701045385994},{"elapsed_time":105539,"segment":1,"source_type":4,"start_time":1701045386993},{"elapsed_time":106540,"segment":1,"source_type":4,"start_time":1701045387994},{"elapsed_time":107539,"segment":1,"source_type":4,"start_time":1701045388993},{"elapsed_time":108540,"segment":1,"source_type":4,"start_time":1701045389994},{"elapsed_time":109541,"segment":1,"source_type":4,"start_time":1701045390995},{"elapsed_time":110540,"segment":1,"source_type":4,"start_time":1701045391994},{"elapsed_time":111540,"segment":1,"source_type":4,"start_time":1701045392994},{"elapsed_time":112541,"segment":1,"source_type":4,"start_time":1701045393995},{"elapsed_time":113540,"segment":1,"source_type":4,"start_time":1701045394994},{"elapsed_time":114541,"segment":1,"source_type":4,"start_time":1701045395995},{"elapsed_time":115540,"segment":1,"source_type":4,"start_time":1701045396994},{"elapsed_time":116541,"segment":1,"source_type":4,"start_time":1701045397995},{"elapsed_time":117540,"segment":1,"source_type":4,"start_time":1701045398994},{"elapsed_time":118539,"segment":1,"source_type":4,"start_time":1701045399993},{"elapsed_time":119539,"segment":1,"source_type":4,"start_time":1701045400993},{"elapsed_time":120540,"segment":1,"source_type":4,"start_time":1701045401994},{"elapsed_time":121539,"segment":1,"source_type":4,"start_time":1701045402993},{"elapsed_time":122540,"segment":1,"source_type":4,"start_time":1701045403994},{"elapsed_time":123539,"segment":1,"source_type":4,"start_time":1701045404993},{"elapsed_time":124540,"segment":1,"source_type":4,"start_time":1701045405994},{"elapsed_time":125540,"segment":1,"source_type":4,"start_time":1701045406994},{"elapsed_time":126541,"segment":1,"source_type":4,"start_time":1701045407995},{"elapsed_time":127540,"segment":1,"source_type":4,"start_time":1701045408994},{"elapsed_time":128541,"segment":1,"source_type":4,"start_time":1701045409995},{"elapsed_time":129540,"segment":1,"source_type":4,"start_time":1701045410994},{"elapsed_time":130541,"segment":1,"source_type":4,"start_time":1701045411995},{"elapsed_time":131540,"segment":1,"source_type":4,"start_time":1701045412994},{"elapsed_time":132541,"segment":1,"source_type":4,"start_time":1701045413995},{"elapsed_time":133539,"segment":1,"source_type":4,"start_time":1701045414993},{"elapsed_time":134540,"segment":1,"source_type":4,"start_time":1701045415994},{"elapsed_time":135539,"segment":1,"source_type":4,"start_time":1701045416993},{"elapsed_time":136540,"segment":1,"source_type":4,"start_time":1701045417994},{"elapsed_time":137539,"segment":1,"source_type":4,"start_time":1701045418993},{"elapsed_time":138539,"segment":1,"source_type":4,"start_time":1701045419993},{"elapsed_time":139541,"segment":1,"source_type":4,"start_time":1701045420995},{"elapsed_time":140540,"segment":1,"source_type":4,"start_time":1701045421994},{"elapsed_time":141541,"segment":1,"source_type":4,"start_time":1701045422995},{"elapsed_time":142540,"segment":1,"source_type":4,"start_time":1701045423994},{"elapsed_time":143541,"segment":1,"source_type":4,"start_time":1701045424995},{"elapsed_time":144540,"segment":1,"source_type":4,"start_time":1701045425994},{"elapsed_time":145541,"segment":1,"source_type":4,"start_time":1701045426995},{"elapsed_time":146540,"segment":1,"source_type":4,"start_time":1701045427994},{"elapsed_time":177114,"segment":1,"source_type":4,"start_time":1701045458568},{"elapsed_time":178114,"segment":1,"source_type":4,"start_time":1701045459568},{"elapsed_time":179114,"segment":1,"source_type":4,"start_time":1701045460568},{"elapsed_time":180114,"segment":1,"source_type":4,"start_time":1701045461568},{"elapsed_time":181114,"segment":1,"source_type":4,"start_time":1701045462568},{"elapsed_time":182114,"segment":1,"source_type":4,"start_time":1701045463568},{"elapsed_time":183114,"segment":1,"source_type":4,"start_time":1701045464568},{"elapsed_time":184114,"segment":1,"source_type":4,"start_time":1701045465568},{"elapsed_time":185114,"segment":1,"source_type":4,"start_time":1701045466568},{"elapsed_time":186114,"segment":1,"source_type":4,"start_time":1701045467568},{"elapsed_time":187114,"segment":1,"source_type":4,"start_time":1701045468568},{"elapsed_time":188114,"segment":1,"source_type":4,"start_time":1701045469568},{"elapsed_time":190114,"segment":1,"source_type":4,"start_time":1701045471568},{"elapsed_time":191114,"segment":1,"source_type":4,"start_time":1701045472568},{"elapsed_time":192114,"segment":1,"source_type":4,"start_time":1701045473568},{"elapsed_time":193114,"segment":1,"source_type":4,"start_time":1701045474568},{"elapsed_time":194114,"segment":1,"source_type":4,"start_time":1701045475568},{"elapsed_time":195114,"segment":1,"source_type":4,"start_time":1701045476568},{"elapsed_time":196114,"segment":1,"source_type":4,"start_time":1701045477568},{"elapsed_time":197114,"segment":1,"source_type":4,"start_time":1701045478568},{"elapsed_time":198114,"segment":1,"source_type":4,"start_time":1701045479568},{"elapsed_time":199114,"segment":1,"source_type":4,"start_time":1701045480568},{"elapsed_time":200114,"segment":1,"source_type":4,"start_time":1701045481568},{"elapsed_time":201114,"segment":1,"source_type":4,"start_time":1701045482568},{"elapsed_time":202114,"segment":1,"source_type":4,"start_time":1701045483568},{"elapsed_time":203114,"segment":1,"source_type":4,"start_time":1701045484568},{"elapsed_time":204114,"segment":1,"source_type":4,"start_time":1701045485568},{"elapsed_time":205114,"segment":1,"source_type":4,"start_time":1701045486568},{"elapsed_time":206114,"segment":1,"source_type":4,"start_time":1701045487568},{"elapsed_time":207114,"segment":1,"source_type":4,"start_time":1701045488568},{"elapsed_time":208114,"segment":1,"source_type":4,"start_time":1701045489568},{"elapsed_time":209114,"segment":1,"source_type":4,"start_time":1701045490568},{"elapsed_time":210114,"segment":1,"source_type":4,"start_time":1701045491568},{"elapsed_time":211114,"segment":1,"source_type":4,"start_time":1701045492568},{"elapsed_time":212114,"segment":1,"source_type":4,"start_time":1701045493568},{"elapsed_time":213114,"segment":1,"source_type":4,"start_time":1701045494568},{"elapsed_time":214114,"segment":1,"source_type":4,"start_time":1701045495568},{"elapsed_time":215114,"segment":1,"source_type":4,"start_time":1701045496568},{"elapsed_time":227114,"segment":1,"source_type":4,"start_time":1701045508568},{"elapsed_time":228114,"segment":1,"source_type":4,"start_time":1701045509568},{"elapsed_time":229114,"segment":1,"source_type":4,"start_time":1701045510568},{"elapsed_time":230114,"segment":1,"source_type":4,"start_time":1701045511568},{"elapsed_time":231114,"segment":1,"source_type":4,"start_time":1701045512568},{"elapsed_time":232114,"segment":1,"source_type":4,"start_time":1701045513568},{"elapsed_time":233114,"segment":1,"source_type":4,"start_time":1701045514568},{"elapsed_time":234114,"segment":1,"source_type":4,"start_time":1701045515568},{"elapsed_time":235114,"segment":1,"source_type":4,"start_time":1701045516568},{"elapsed_time":236114,"segment":1,"source_type":4,"start_time":1701045517568},{"elapsed_time":237114,"segment":1,"source_type":4,"start_time":1701045518568},{"elapsed_time":238114,"segment":1,"source_type":4,"start_time":1701045519568},{"elapsed_time":239114,"segment":1,"source_type":4,"start_time":1701045520568},{"elapsed_time":240114,"segment":1,"source_type":4,"start_time":1701045521568},{"elapsed_time":241114,"segment":1,"source_type":4,"start_time":1701045522568},{"elapsed_time":242114,"segment":1,"source_type":4,"start_time":1701045523568},{"elapsed_time":243114,"segment":1,"source_type":4,"start_time":1701045524568},{"elapsed_time":244114,"segment":1,"source_type":4,"start_time":1701045525568},{"elapsed_time":245114,"segment":1,"source_type":4,"start_time":1701045526568},{"elapsed_time":246114,"segment":1,"source_type":4,"start_time":1701045527568},{"elapsed_time":247114,"segment":1,"source_type":4,"start_time":1701045528568},{"elapsed_time":248114,"segment":1,"source_type":4,"start_time":1701045529568},{"elapsed_time":249114,"segment":1,"source_type":4,"start_time":1701045530568},{"elapsed_time":250114,"segment":1,"source_type":4,"start_time":1701045531568},{"elapsed_time":251114,"segment":1,"source_type":4,"start_time":1701045532568},{"elapsed_time":252114,"segment":1,"source_type":4,"start_time":1701045533568},{"elapsed_time":253114,"segment":1,"source_type":4,"start_time":1701045534568},{"elapsed_time":254114,"segment":1,"source_type":4,"start_time":1701045535568},{"elapsed_time":255114,"segment":1,"source_type":4,"start_time":1701045536568},{"elapsed_time":256114,"segment":1,"source_type":4,"start_time":1701045537568},{"elapsed_time":257114,"segment":1,"source_type":4,"start_time":1701045538568},{"elapsed_time":258114,"segment":1,"source_type":4,"start_time":1701045539568},{"elapsed_time":259114,"segment":1,"source_type":4,"start_time":1701045540568},{"elapsed_time":260114,"segment":1,"source_type":4,"start_time":1701045541568},{"elapsed_time":261114,"segment":1,"source_type":4,"start_time":1701045542568},{"elapsed_time":262114,"segment":1,"source_type":4,"start_time":1701045543568},{"elapsed_time":263114,"segment":1,"source_type":4,"start_time":1701045544568},{"elapsed_time":264114,"segment":1,"source_type":4,"start_time":1701045545568},{"elapsed_time":265114,"segment":1,"source_type":4,"start_time":1701045546568},{"elapsed_time":266114,"segment":1,"source_type":4,"start_time":1701045547568},{"elapsed_time":267114,"segment":1,"source_type":4,"start_time":1701045548568},{"elapsed_time":268114,"segment":1,"source_type":4,"start_time":1701045549568},{"elapsed_time":269114,"segment":1,"source_type":4,"start_time":1701045550568},{"elapsed_time":270114,"segment":1,"source_type":4,"start_time":1701045551568},{"elapsed_time":271114,"segment":1,"source_type":4,"start_time":1701045552568},{"elapsed_time":272114,"segment":1,"source_type":4,"start_time":1701045553568},{"elapsed_time":273114,"segment":1,"source_type":4,"start_time":1701045554568},{"elapsed_time":274114,"segment":1,"source_type":4,"start_time":1701045555568},{"elapsed_time":275114,"segment":1,"source_type":4,"start_time":1701045556568},{"elapsed_time":276114,"segment":1,"source_type":4,"start_time":1701045557568},{"elapsed_time":277114,"segment":1,"source_type":4,"start_time":1701045558568},{"elapsed_time":278114,"segment":1,"source_type":4,"start_time":1701045559568},{"elapsed_time":279114,"segment":1,"source_type":4,"start_time":1701045560568},{"elapsed_time":280114,"segment":1,"source_type":4,"start_time":1701045561568},{"elapsed_time":281114,"segment":1,"source_type":4,"start_time":1701045562568},{"elapsed_time":282114,"segment":1,"source_type":4,"start_time":1701045563568},{"elapsed_time":283114,"segment":1,"source_type":4,"start_time":1701045564568},{"elapsed_time":284114,"segment":1,"source_type":4,"start_time":1701045565568},{"elapsed_time":285114,"segment":1,"source_type":4,"start_time":1701045566568},{"elapsed_time":286114,"segment":1,"source_type":4,"start_time":1701045567568},{"elapsed_time":287114,"segment":1,"source_type":4,"start_time":1701045568568},{"elapsed_time":288114,"segment":1,"source_type":4,"start_time":1701045569568},{"elapsed_time":289114,"segment":1,"source_type":4,"start_time":1701045570568},{"elapsed_time":290114,"segment":1,"source_type":4,"start_time":1701045571568},{"elapsed_time":291114,"segment":1,"source_type":4,"start_time":1701045572568},{"elapsed_time":292114,"segment":1,"source_type":4,"start_time":1701045573568},{"elapsed_time":293114,"segment":1,"source_type":4,"start_time":1701045574568},{"elapsed_time":294114,"segment":1,"source_type":4,"start_time":1701045575568},{"elapsed_time":295114,"segment":1,"source_type":4,"start_time":1701045576568},{"elapsed_time":296114,"segment":1,"source_type":4,"start_time":1701045577568},{"elapsed_time":297114,"segment":1,"source_type":4,"start_time":1701045578568},{"elapsed_time":298114,"segment":1,"source_type":4,"start_time":1701045579568},{"elapsed_time":299114,"segment":1,"source_type":4,"start_time":1701045580568},{"elapsed_time":300114,"segment":1,"source_type":4,"start_time":1701045581568},{"elapsed_time":301114,"segment":1,"source_type":4,"start_time":1701045582568},{"elapsed_time":302114,"segment":1,"source_type":4,"start_time":1701045583568},{"elapsed_time":303114,"segment":1,"source_type":4,"start_time":1701045584568},{"elapsed_time":304114,"segment":1,"source_type":4,"start_time":1701045585568},{"elapsed_time":305114,"segment":1,"source_type":4,"start_time":1701045586568},{"elapsed_time":306114,"segment":1,"source_type":4,"start_time":1701045587568},{"elapsed_time":307114,"segment":1,"source_type":4,"start_time":1701045588568},{"elapsed_time":308114,"segment":1,"source_type":4,"start_time":1701045589568},{"elapsed_time":309114,"segment":1,"source_type":4,"start_time":1701045590568},{"elapsed_time":310114,"segment":1,"source_type":4,"start_time":1701045591568},{"elapsed_time":311114,"segment":1,"source_type":4,"start_time":1701045592568},{"elapsed_time":312114,"segment":1,"source_type":4,"start_time":1701045593568},{"elapsed_time":313114,"segment":1,"source_type":4,"start_time":1701045594568},{"elapsed_time":314114,"segment":1,"source_type":4,"start_time":1701045595568},{"elapsed_time":315114,"segment":1,"source_type":4,"start_time":1701045596568},{"elapsed_time":316114,"segment":1,"source_type":4,"start_time":1701045597568},{"elapsed_time":317114,"segment":1,"source_type":4,"start_time":1701045598568},{"elapsed_time":318114,"segment":1,"source_type":4,"start_time":1701045599568},{"elapsed_time":319114,"segment":1,"source_type":4,"start_time":1701045600568},{"elapsed_time":320114,"segment":1,"source_type":4,"start_time":1701045601568},{"elapsed_time":321114,"segment":1,"source_type":4,"start_time":1701045602568},{"elapsed_time":322114,"segment":1,"source_type":4,"start_time":1701045603568},{"elapsed_time":323114,"segment":1,"source_type":4,"start_time":1701045604568},{"elapsed_time":324114,"segment":1,"source_type":4,"start_time":1701045605568},{"elapsed_time":325114,"segment":1,"source_type":4,"start_time":1701045606568},{"elapsed_time":326114,"segment":1,"source_type":4,"start_time":1701045607568},{"elapsed_time":327114,"segment":1,"source_type":4,"start_time":1701045608568},{"elapsed_time":328114,"segment":1,"source_type":4,"start_time":1701045609568},{"elapsed_time":329114,"segment":1,"source_type":4,"start_time":1701045610568},{"elapsed_time":330114,"segment":1,"source_type":4,"start_time":1701045611568},{"elapsed_time":331114,"segment":1,"source_type":4,"start_time":1701045612568},{"elapsed_time":332114,"segment":1,"source_type":4,"start_time":1701045613568},{"elapsed_time":333114,"segment":1,"source_type":4,"start_time":1701045614568},{"elapsed_time":334114,"segment":1,"source_type":4,"start_time":1701045615568},{"elapsed_time":335114,"segment":1,"source_type":4,"start_time":1701045616568},{"elapsed_time":336114,"segment":1,"source_type":4,"start_time":1701045617568},{"elapsed_time":337114,"segment":1,"source_type":4,"start_time":1701045618568},{"elapsed_time":338114,"segment":1,"source_type":4,"start_time":1701045619568},{"elapsed_time":339114,"segment":1,"source_type":4,"start_time":1701045620568},{"elapsed_time":340114,"segment":1,"source_type":4,"start_time":1701045621568},{"elapsed_time":341114,"segment":1,"source_type":4,"start_time":1701045622568},{"elapsed_time":342114,"segment":1,"source_type":4,"start_time":1701045623568},{"elapsed_time":343114,"segment":1,"source_type":4,"start_time":1701045624568},{"elapsed_time":344114,"segment":1,"source_type":4,"start_time":1701045625568},{"elapsed_time":345114,"segment":1,"source_type":4,"start_time":1701045626568},{"elapsed_time":346114,"segment":1,"source_type":4,"start_time":1701045627568},{"elapsed_time":347114,"segment":1,"source_type":4,"start_time":1701045628568},{"elapsed_time":348114,"segment":1,"source_type":4,"start_time":1701045629568},{"elapsed_time":349114,"segment":1,"source_type":4,"start_time":1701045630568},{"elapsed_time":350114,"segment":1,"source_type":4,"start_time":1701045631568},{"elapsed_time":351114,"segment":1,"source_type":4,"start_time":1701045632568},{"elapsed_time":352114,"segment":1,"source_type":4,"start_time":1701045633568},{"elapsed_time":353114,"segment":1,"source_type":4,"start_time":1701045634568},{"elapsed_time":354114,"segment":1,"source_type":4,"start_time":1701045635568},{"elapsed_time":355114,"segment":1,"source_type":4,"start_time":1701045636568},{"elapsed_time":356114,"segment":1,"source_type":4,"start_time":1701045637568},{"elapsed_time":357114,"segment":1,"source_type":4,"start_time":1701045638568},{"elapsed_time":358114,"segment":1,"source_type":4,"start_time":1701045639568},{"elapsed_time":359114,"segment":1,"source_type":4,"start_time":1701045640568},{"elapsed_time":360114,"segment":1,"source_type":4,"start_time":1701045641568},{"elapsed_time":361114,"segment":1,"source_type":4,"start_time":1701045642568},{"elapsed_time":362114,"segment":1,"source_type":4,"start_time":1701045643568},{"elapsed_time":363114,"segment":1,"source_type":4,"start_time":1701045644568},{"elapsed_time":364114,"segment":1,"source_type":4,"start_time":1701045645568},{"elapsed_time":365114,"segment":1,"source_type":4,"start_time":1701045646568},{"elapsed_time":366114,"segment":1,"source_type":4,"start_time":1701045647568},{"elapsed_time":367114,"segment":1,"source_type":4,"start_time":1701045648568},{"elapsed_time":368114,"segment":1,"source_type":4,"start_time":1701045649568},{"elapsed_time":369114,"segment":1,"source_type":4,"start_time":1701045650568},{"elapsed_time":370114,"segment":1,"source_type":4,"start_time":1701045651568},{"elapsed_time":371114,"segment":1,"source_type":4,"start_time":1701045652568},{"elapsed_time":372114,"segment":1,"source_type":4,"start_time":1701045653568},{"elapsed_time":373114,"segment":1,"source_type":4,"start_time":1701045654568},{"elapsed_time":374114,"segment":1,"source_type":4,"start_time":1701045655568},{"elapsed_time":375114,"segment":1,"source_type":4,"start_time":1701045656568},{"elapsed_time":376114,"segment":1,"source_type":4,"start_time":1701045657568},{"elapsed_time":377114,"segment":1,"source_type":4,"start_time":1701045658568},{"elapsed_time":378114,"segment":1,"source_type":4,"start_time":1701045659568},{"elapsed_time":379114,"segment":1,"source_type":4,"start_time":1701045660568},{"elapsed_time":380114,"segment":1,"source_type":4,"start_time":1701045661568},{"elapsed_time":381114,"segment":1,"source_type":4,"start_time":1701045662568},{"elapsed_time":382114,"segment":1,"source_type":4,"start_time":1701045663568},{"elapsed_time":383114,"segment":1,"source_type":4,"start_time":1701045664568},{"elapsed_time":384114,"segment":1,"source_type":4,"start_time":1701045665568},{"elapsed_time":385114,"segment":1,"source_type":4,"start_time":1701045666568},{"elapsed_time":386114,"segment":1,"source_type":4,"start_time":1701045667568},{"elapsed_time":387114,"segment":1,"source_type":4,"start_time":1701045668568},{"elapsed_time":388114,"segment":1,"source_type":4,"start_time":1701045669568},{"elapsed_time":389114,"segment":1,"source_type":4,"start_time":1701045670568},{"elapsed_time":390114,"segment":1,"source_type":4,"start_time":1701045671568},{"elapsed_time":391114,"segment":1,"source_type":4,"start_time":1701045672568},{"elapsed_time":392114,"segment":1,"source_type":4,"start_time":1701045673568},{"elapsed_time":393114,"segment":1,"source_type":4,"start_time":1701045674568},{"elapsed_time":394114,"segment":1,"source_type":4,"start_time":1701045675568},{"elapsed_time":395114,"segment":1,"source_type":4,"start_time":1701045676568},{"elapsed_time":396114,"segment":1,"source_type":4,"start_time":1701045677568},{"elapsed_time":397114,"segment":1,"source_type":4,"start_time":1701045678568},{"elapsed_time":398114,"segment":1,"source_type":4,"start_time":1701045679568},{"elapsed_time":399114,"segment":1,"source_type":4,"start_time":1701045680568},{"elapsed_time":400114,"segment":1,"source_type":4,"start_time":1701045681568},{"elapsed_time":401114,"segment":1,"source_type":4,"start_time":1701045682568},{"elapsed_time":402114,"segment":1,"source_type":4,"start_time":1701045683568},{"elapsed_time":403114,"segment":1,"source_type":4,"start_time":1701045684568},{"elapsed_time":404114,"segment":1,"source_type":4,"start_time":1701045685568},{"elapsed_time":405114,"segment":1,"source_type":4,"start_time":1701045686568},{"elapsed_time":406114,"segment":1,"source_type":4,"start_time":1701045687568},{"elapsed_time":407114,"segment":1,"source_type":4,"start_time":1701045688568},{"elapsed_time":408114,"segment":1,"source_type":4,"start_time":1701045689568},{"elapsed_time":409114,"segment":1,"source_type":4,"start_time":1701045690568},{"elapsed_time":410114,"segment":1,"source_type":4,"start_time":1701045691568},{"elapsed_time":411114,"segment":1,"source_type":4,"start_time":1701045692568},{"elapsed_time":412114,"segment":1,"source_type":4,"start_time":1701045693568},{"elapsed_time":413114,"segment":1,"source_type":4,"start_time":1701045694568},{"elapsed_time":414114,"segment":1,"source_type":4,"start_time":1701045695568},{"elapsed_time":415114,"segment":1,"source_type":4,"start_time":1701045696568},{"elapsed_time":416114,"segment":1,"source_type":4,"start_time":1701045697568},{"elapsed_time":417114,"segment":1,"source_type":4,"start_time":1701045698568},{"elapsed_time":418114,"segment":1,"source_type":4,"start_time":1701045699568},{"elapsed_time":419114,"segment":1,"source_type":4,"start_time":1701045700568},{"elapsed_time":420114,"segment":1,"source_type":4,"start_time":1701045701568},{"elapsed_time":421114,"segment":1,"source_type":4,"start_time":1701045702568},{"elapsed_time":422114,"segment":1,"source_type":4,"start_time":1701045703568},{"elapsed_time":423114,"segment":1,"source_type":4,"start_time":1701045704568},{"elapsed_time":424114,"segment":1,"source_type":4,"start_time":1701045705568},{"elapsed_time":425114,"segment":1,"source_type":4,"start_time":1701045706568},{"elapsed_time":426114,"segment":1,"source_type":4,"start_time":1701045707568},{"elapsed_time":427114,"segment":1,"source_type":4,"start_time":1701045708568},{"elapsed_time":428114,"segment":1,"source_type":4,"start_time":1701045709568},{"elapsed_time":429114,"segment":1,"source_type":4,"start_time":1701045710568},{"elapsed_time":430114,"segment":1,"source_type":4,"start_time":1701045711568},{"elapsed_time":431114,"segment":1,"source_type":4,"start_time":1701045712568},{"elapsed_time":432114,"segment":1,"source_type":4,"start_time":1701045713568},{"elapsed_time":433114,"segment":1,"source_type":4,"start_time":1701045714568},{"elapsed_time":434114,"segment":1,"source_type":4,"start_time":1701045715568},{"elapsed_time":435114,"segment":1,"source_type":4,"start_time":1701045716568},{"elapsed_time":436114,"segment":1,"source_type":4,"start_time":1701045717568},{"elapsed_time":437114,"segment":1,"source_type":4,"start_time":1701045718568},{"elapsed_time":438114,"segment":1,"source_type":4,"start_time":1701045719568},{"elapsed_time":439114,"segment":1,"source_type":4,"start_time":1701045720568},{"elapsed_time":440114,"segment":1,"source_type":4,"start_time":1701045721568},{"elapsed_time":441114,"segment":1,"source_type":4,"start_time":1701045722568},{"elapsed_time":442114,"segment":1,"source_type":4,"start_time":1701045723568},{"elapsed_time":443114,"segment":1,"source_type":4,"start_time":1701045724568},{"elapsed_time":444114,"segment":1,"source_type":4,"start_time":1701045725568},{"elapsed_time":445114,"segment":1,"source_type":4,"start_time":1701045726568},{"elapsed_time":446114,"segment":1,"source_type":4,"start_time":1701045727568},{"elapsed_time":447114,"segment":1,"source_type":4,"start_time":1701045728568},{"elapsed_time":448114,"segment":1,"source_type":4,"start_time":1701045729568},{"elapsed_time":449114,"segment":1,"source_type":4,"start_time":1701045730568},{"elapsed_time":450114,"segment":1,"source_type":4,"start_time":1701045731568},{"elapsed_time":451114,"segment":1,"source_type":4,"start_time":1701045732568},{"elapsed_time":452114,"segment":1,"source_type":4,"start_time":1701045733568},{"elapsed_time":453114,"segment":1,"source_type":4,"start_time":1701045734568},{"elapsed_time":454114,"segment":1,"source_type":4,"start_time":1701045735568},{"elapsed_time":455114,"segment":1,"source_type":4,"start_time":1701045736568},{"elapsed_time":456114,"segment":1,"source_type":4,"start_time":1701045737568},{"elapsed_time":457114,"segment":1,"source_type":4,"start_time":1701045738568},{"elapsed_time":458114,"segment":1,"source_type":4,"start_time":1701045739568},{"elapsed_time":459114,"segment":1,"source_type":4,"start_time":1701045740568},{"elapsed_time":460114,"segment":1,"source_type":4,"start_time":1701045741568},{"elapsed_time":461114,"segment":1,"source_type":4,"start_time":1701045742568},{"elapsed_time":462114,"segment":1,"source_type":4,"start_time":1701045743568},{"elapsed_time":463114,"segment":1,"source_type":4,"start_time":1701045744568},{"elapsed_time":464114,"segment":1,"source_type":4,"start_time":1701045745568},{"elapsed_time":465114,"segment":1,"source_type":4,"start_time":1701045746568},{"elapsed_time":466114,"segment":1,"source_type":4,"start_time":1701045747568},{"elapsed_time":467114,"segment":1,"source_type":4,"start_time":1701045748568},{"elapsed_time":468114,"segment":1,"source_type":4,"start_time":1701045749568},{"elapsed_time":469114,"segment":1,"source_type":4,"start_time":1701045750568},{"elapsed_time":470114,"segment":1,"source_type":4,"start_time":1701045751568},{"elapsed_time":471114,"segment":1,"source_type":4,"start_time":1701045752568},{"elapsed_time":472114,"segment":1,"source_type":4,"start_time":1701045753568},{"elapsed_time":473114,"segment":1,"source_type":4,"start_time":1701045754568},{"elapsed_time":474114,"segment":1,"source_type":4,"start_time":1701045755568},{"elapsed_time":475114,"segment":1,"source_type":4,"start_time":1701045756568},{"elapsed_time":476114,"segment":1,"source_type":4,"start_time":1701045757568},{"elapsed_time":477114,"segment":1,"source_type":4,"start_time":1701045758568},{"elapsed_time":478114,"segment":1,"source_type":4,"start_time":1701045759568},{"elapsed_time":479114,"segment":1,"source_type":4,"start_time":1701045760568},{"elapsed_time":480114,"segment":1,"source_type":4,"start_time":1701045761568},{"elapsed_time":481114,"segment":1,"source_type":4,"start_time":1701045762568},{"elapsed_time":482114,"segment":1,"source_type":4,"start_time":1701045763568},{"elapsed_time":483114,"segment":1,"source_type":4,"start_time":1701045764568},{"elapsed_time":484114,"segment":1,"source_type":4,"start_time":1701045765568},{"elapsed_time":485114,"segment":1,"source_type":4,"start_time":1701045766568},{"elapsed_time":486114,"segment":1,"source_type":4,"start_time":1701045767568},{"elapsed_time":487114,"segment":1,"source_type":4,"start_time":1701045768568},{"elapsed_time":488114,"segment":1,"source_type":4,"start_time":1701045769568},{"elapsed_time":489114,"segment":1,"source_type":4,"start_time":1701045770568},{"elapsed_time":490114,"segment":1,"source_type":4,"start_time":1701045771568},{"elapsed_time":491114,"segment":1,"source_type":4,"start_time":1701045772568},{"elapsed_time":492114,"segment":1,"source_type":4,"start_time":1701045773568},{"elapsed_time":493114,"segment":1,"source_type":4,"start_time":1701045774568},{"elapsed_time":494114,"segment":1,"source_type":4,"start_time":1701045775568},{"elapsed_time":495114,"segment":1,"source_type":4,"start_time":1701045776568},{"elapsed_time":496114,"segment":1,"source_type":4,"start_time":1701045777568},{"elapsed_time":497114,"segment":1,"source_type":4,"start_time":1701045778568},{"elapsed_time":498114,"segment":1,"source_type":4,"start_time":1701045779568},{"elapsed_time":499114,"segment":1,"source_type":4,"start_time":1701045780568},{"elapsed_time":500114,"segment":1,"source_type":4,"start_time":1701045781568},{"elapsed_time":501114,"segment":1,"source_type":4,"start_time":1701045782568},{"elapsed_time":502114,"segment":1,"source_type":4,"start_time":1701045783568},{"elapsed_time":503114,"segment":1,"source_type":4,"start_time":1701045784568},{"elapsed_time":504114,"segment":1,"source_type":4,"start_time":1701045785568},{"elapsed_time":505114,"segment":1,"source_type":4,"start_time":1701045786568},{"elapsed_time":506114,"segment":1,"source_type":4,"start_time":1701045787568},{"elapsed_time":507114,"segment":1,"source_type":4,"start_time":1701045788568},{"elapsed_time":508114,"segment":1,"source_type":4,"start_time":1701045789568},{"elapsed_time":509114,"segment":1,"source_type":4,"start_time":1701045790568},{"elapsed_time":510114,"segment":1,"source_type":4,"start_time":1701045791568},{"elapsed_time":511114,"segment":1,"source_type":4,"start_time":1701045792568},{"elapsed_time":512114,"segment":1,"source_type":4,"start_time":1701045793568},{"elapsed_time":513114,"segment":1,"source_type":4,"start_time":1701045794568},{"elapsed_time":514114,"segment":1,"source_type":4,"start_time":1701045795568},{"elapsed_time":515114,"segment":1,"source_type":4,"start_time":1701045796568},{"elapsed_time":516114,"segment":1,"source_type":4,"start_time":1701045797568},{"elapsed_time":517114,"segment":1,"source_type":4,"start_time":1701045798568},{"elapsed_time":518114,"segment":1,"source_type":4,"start_time":1701045799568},{"elapsed_time":519114,"segment":1,"source_type":4,"start_time":1701045800568},{"elapsed_time":520114,"segment":1,"source_type":4,"start_time":1701045801568},{"elapsed_time":521114,"segment":1,"source_type":4,"start_time":1701045802568},{"elapsed_time":522114,"segment":1,"source_type":4,"start_time":1701045803568},{"elapsed_time":523114,"segment":1,"source_type":4,"start_time":1701045804568},{"elapsed_time":524114,"segment":1,"source_type":4,"start_time":1701045805568},{"elapsed_time":525114,"segment":1,"source_type":4,"start_time":1701045806568},{"elapsed_time":526114,"segment":1,"source_type":4,"start_time":1701045807568},{"elapsed_time":527114,"segment":1,"source_type":4,"start_time":1701045808568},{"elapsed_time":528114,"segment":1,"source_type":4,"start_time":1701045809568},{"elapsed_time":529114,"segment":1,"source_type":4,"start_time":1701045810568},{"elapsed_time":530114,"segment":1,"source_type":4,"start_time":1701045811568},{"elapsed_time":531114,"segment":1,"source_type":4,"start_time":1701045812568},{"elapsed_time":532114,"segment":1,"source_type":4,"start_time":1701045813568},{"elapsed_time":533114,"segment":1,"source_type":4,"start_time":1701045814568},{"elapsed_time":534114,"segment":1,"source_type":4,"start_time":1701045815568},{"elapsed_time":535114,"segment":1,"source_type":4,"start_time":1701045816568},{"elapsed_time":536114,"segment":1,"source_type":4,"start_time":1701045817568},{"elapsed_time":537114,"segment":1,"source_type":4,"start_time":1701045818568},{"elapsed_time":538114,"segment":1,"source_type":4,"start_time":1701045819568},{"elapsed_time":539114,"segment":1,"source_type":4,"start_time":1701045820568},{"elapsed_time":540114,"segment":1,"source_type":4,"start_time":1701045821568},{"elapsed_time":541114,"segment":1,"source_type":4,"start_time":1701045822568},{"elapsed_time":542114,"segment":1,"source_type":4,"start_time":1701045823568},{"elapsed_time":543114,"segment":1,"source_type":4,"start_time":1701045824568},{"elapsed_time":544114,"segment":1,"source_type":4,"start_time":1701045825568},{"elapsed_time":545114,"segment":1,"source_type":4,"start_time":1701045826568},{"elapsed_time":546114,"segment":1,"source_type":4,"start_time":1701045827568},{"elapsed_time":547114,"segment":1,"source_type":4,"start_time":1701045828568},{"elapsed_time":548114,"segment":1,"source_type":4,"start_time":1701045829568},{"elapsed_time":549114,"segment":1,"source_type":4,"start_time":1701045830568},{"elapsed_time":550114,"segment":1,"source_type":4,"start_time":1701045831568},{"elapsed_time":551114,"segment":1,"source_type":4,"start_time":1701045832568},{"elapsed_time":552114,"segment":1,"source_type":4,"start_time":1701045833568},{"elapsed_time":553114,"segment":1,"source_type":4,"start_time":1701045834568},{"elapsed_time":554114,"segment":1,"source_type":4,"start_time":1701045835568},{"elapsed_time":555114,"segment":1,"source_type":4,"start_time":1701045836568},{"elapsed_time":556114,"segment":1,"source_type":4,"start_time":1701045837568},{"elapsed_time":557114,"segment":1,"source_type":4,"start_time":1701045838568},{"elapsed_time":558114,"segment":1,"source_type":4,"start_time":1701045839568},{"elapsed_time":559114,"segment":1,"source_type":4,"start_time":1701045840568},{"elapsed_time":560114,"segment":1,"source_type":4,"start_time":1701045841568},{"elapsed_time":561114,"segment":1,"source_type":4,"start_time":1701045842568},{"elapsed_time":562114,"segment":1,"source_type":4,"start_time":1701045843568},{"elapsed_time":563114,"segment":1,"source_type":4,"start_time":1701045844568},{"elapsed_time":564114,"segment":1,"source_type":4,"start_time":1701045845568},{"elapsed_time":565114,"segment":1,"source_type":4,"start_time":1701045846568},{"elapsed_time":566114,"segment":1,"source_type":4,"start_time":1701045847568},{"elapsed_time":567114,"segment":1,"source_type":4,"start_time":1701045848568},{"elapsed_time":568114,"segment":1,"source_type":4,"start_time":1701045849568},{"elapsed_time":569114,"segment":1,"source_type":4,"start_time":1701045850568},{"elapsed_time":570114,"segment":1,"source_type":4,"start_time":1701045851568},{"elapsed_time":571114,"segment":1,"source_type":4,"start_time":1701045852568},{"elapsed_time":572114,"segment":1,"source_type":4,"start_time":1701045853568},{"elapsed_time":573114,"segment":1,"source_type":4,"start_time":1701045854568},{"elapsed_time":574114,"segment":1,"source_type":4,"start_time":1701045855568},{"elapsed_time":575114,"segment":1,"source_type":4,"start_time":1701045856568},{"elapsed_time":576114,"segment":1,"source_type":4,"start_time":1701045857568},{"elapsed_time":577114,"segment":1,"source_type":4,"start_time":1701045858568},{"elapsed_time":578114,"segment":1,"source_type":4,"start_time":1701045859568},{"elapsed_time":579114,"segment":1,"source_type":4,"start_time":1701045860568},{"elapsed_time":580114,"segment":1,"source_type":4,"start_time":1701045861568},{"elapsed_time":581114,"segment":1,"source_type":4,"start_time":1701045862568},{"elapsed_time":582114,"segment":1,"source_type":4,"start_time":1701045863568},{"elapsed_time":584114,"segment":1,"source_type":4,"start_time":1701045865568},{"elapsed_time":585192,"segment":1,"source_type":4,"start_time":1701045866648},{"elapsed_time":586193,"segment":1,"source_type":4,"start_time":1701045867648},{"elapsed_time":587193,"segment":1,"source_type":4,"start_time":1701045868648},{"elapsed_time":588193,"segment":1,"source_type":4,"start_time":1701045869648},{"elapsed_time":589193,"segment":1,"source_type":4,"start_time":1701045870648},{"elapsed_time":590193,"segment":1,"source_type":4,"start_time":1701045871648},{"elapsed_time":591193,"segment":1,"source_type":4,"start_time":1701045872648},{"elapsed_time":592193,"segment":1,"source_type":4,"start_time":1701045873648},{"elapsed_time":593193,"segment":1,"source_type":4,"start_time":1701045874648},{"elapsed_time":594193,"segment":1,"source_type":4,"start_time":1701045875648},{"elapsed_time":595193,"segment":1,"source_type":4,"start_time":1701045876648},{"elapsed_time":596193,"segment":1,"source_type":4,"start_time":1701045877648},{"elapsed_time":597193,"segment":1,"source_type":4,"start_time":1701045878648},{"elapsed_time":598193,"segment":1,"source_type":4,"start_time":1701045879648},{"elapsed_time":599193,"segment":1,"source_type":4,"start_time":1701045880648},{"elapsed_time":600193,"segment":1,"source_type":4,"start_time":1701045881648},{"elapsed_time":601193,"segment":1,"source_type":4,"start_time":1701045882648},{"elapsed_time":602197,"segment":1,"source_type":4,"start_time":1701045883652},{"elapsed_time":604564,"segment":1,"source_type":4,"start_time":1701045886019},{"elapsed_time":605564,"segment":1,"source_type":4,"start_time":1701045887019},{"elapsed_time":606564,"segment":1,"source_type":4,"start_time":1701045888019},{"elapsed_time":607564,"segment":1,"source_type":4,"start_time":1701045889019},{"elapsed_time":608564,"segment":1,"source_type":4,"start_time":1701045890019},{"elapsed_time":609564,"segment":1,"source_type":4,"start_time":1701045891019},{"elapsed_time":610564,"segment":1,"source_type":4,"start_time":1701045892019},{"elapsed_time":611564,"segment":1,"source_type":4,"start_time":1701045893019},{"elapsed_time":612564,"segment":1,"source_type":4,"start_time":1701045894019},{"elapsed_time":613564,"segment":1,"source_type":4,"start_time":1701045895019},{"elapsed_time":614564,"segment":1,"source_type":4,"start_time":1701045896019},{"elapsed_time":615564,"segment":1,"source_type":4,"start_time":1701045897019},{"elapsed_time":616564,"segment":1,"source_type":4,"start_time":1701045898019},{"elapsed_time":617564,"segment":1,"source_type":4,"start_time":1701045899019},{"elapsed_time":618564,"segment":1,"source_type":4,"start_time":1701045900019},{"elapsed_time":619564,"segment":1,"source_type":4,"start_time":1701045901019},{"elapsed_time":620564,"segment":1,"source_type":4,"start_time":1701045902019},{"elapsed_time":621564,"segment":1,"source_type":4,"start_time":1701045903019},{"elapsed_time":622564,"segment":1,"source_type":4,"start_time":1701045904019},{"elapsed_time":623564,"segment":1,"source_type":4,"start_time":1701045905019},{"elapsed_time":624564,"segment":1,"source_type":4,"start_time":1701045906019},{"elapsed_time":625564,"segment":1,"source_type":4,"start_time":1701045907019},{"elapsed_time":626564,"segment":1,"source_type":4,"start_time":1701045908019},{"elapsed_time":627564,"segment":1,"source_type":4,"start_time":1701045909019},{"elapsed_time":628564,"segment":1,"source_type":4,"start_time":1701045910019},{"elapsed_time":629564,"segment":1,"source_type":4,"start_time":1701045911019},{"elapsed_time":630564,"segment":1,"source_type":4,"start_time":1701045912019},{"elapsed_time":631564,"segment":1,"source_type":4,"start_time":1701045913019},{"elapsed_time":632564,"segment":1,"source_type":4,"start_time":1701045914019},{"elapsed_time":633564,"segment":1,"source_type":4,"start_time":1701045915019},{"elapsed_time":634563,"segment":1,"source_type":4,"start_time":1701045916019},{"elapsed_time":635563,"segment":1,"source_type":4,"start_time":1701045917019},{"elapsed_time":636563,"segment":1,"source_type":4,"start_time":1701045918019},{"elapsed_time":637563,"segment":1,"source_type":4,"start_time":1701045919019},{"elapsed_time":638563,"segment":1,"source_type":4,"start_time":1701045920019},{"elapsed_time":639563,"segment":1,"source_type":4,"start_time":1701045921019},{"elapsed_time":640563,"segment":1,"source_type":4,"start_time":1701045922019},{"elapsed_time":641563,"segment":1,"source_type":4,"start_time":1701045923019},{"elapsed_time":642563,"segment":1,"source_type":4,"start_time":1701045924019},{"elapsed_time":643563,"segment":1,"source_type":4,"start_time":1701045925019},{"elapsed_time":644563,"segment":1,"source_type":4,"start_time":1701045926019},{"elapsed_time":645563,"segment":1,"source_type":4,"start_time":1701045927019},{"elapsed_time":646563,"segment":1,"source_type":4,"start_time":1701045928019},{"elapsed_time":647563,"segment":1,"source_type":4,"start_time":1701045929019},{"elapsed_time":648563,"segment":1,"source_type":4,"start_time":1701045930019},{"elapsed_time":649563,"segment":1,"source_type":4,"start_time":1701045931019},{"elapsed_time":650563,"segment":1,"source_type":4,"start_time":1701045932019},{"elapsed_time":651563,"segment":1,"source_type":4,"start_time":1701045933019},{"elapsed_time":652563,"segment":1,"source_type":4,"start_time":1701045934019},{"elapsed_time":653563,"segment":1,"source_type":4,"start_time":1701045935019},{"elapsed_time":654563,"segment":1,"source_type":4,"start_time":1701045936019},{"elapsed_time":655563,"segment":1,"source_type":4,"start_time":1701045937019},{"elapsed_time":665563,"segment":1,"source_type":4,"start_time":1701045947019},{"elapsed_time":666563,"segment":1,"source_type":4,"start_time":1701045948019},{"elapsed_time":667563,"segment":1,"source_type":4,"start_time":1701045949019},{"elapsed_time":668563,"segment":1,"source_type":4,"start_time":1701045950019},{"elapsed_time":669563,"segment":1,"source_type":4,"start_time":1701045951019},{"elapsed_time":670563,"segment":1,"source_type":4,"start_time":1701045952019},{"elapsed_time":671563,"segment":1,"source_type":4,"start_time":1701045953019},{"elapsed_time":672563,"segment":1,"source_type":4,"start_time":1701045954019},{"elapsed_time":673563,"segment":1,"source_type":4,"start_time":1701045955019},{"elapsed_time":674810,"segment":1,"source_type":4,"start_time":1701045956265},{"elapsed_time":675810,"segment":1,"source_type":4,"start_time":1701045957265},{"elapsed_time":677810,"segment":1,"source_type":4,"start_time":1701045959265},{"elapsed_time":678810,"segment":1,"source_type":4,"start_time":1701045960265},{"elapsed_time":679810,"segment":1,"source_type":4,"start_time":1701045961265},{"elapsed_time":680810,"segment":1,"source_type":4,"start_time":1701045962265},{"elapsed_time":681810,"segment":1,"source_type":4,"start_time":1701045963265},{"elapsed_time":682810,"segment":1,"source_type":4,"start_time":1701045964265},{"elapsed_time":683810,"segment":1,"source_type":4,"start_time":1701045965265},{"elapsed_time":684810,"segment":1,"source_type":4,"start_time":1701045966265},{"elapsed_time":685810,"segment":1,"source_type":4,"start_time":1701045967265},{"elapsed_time":686810,"segment":1,"source_type":4,"start_time":1701045968265},{"elapsed_time":687810,"segment":1,"source_type":4,"start_time":1701045969265},{"elapsed_time":688810,"segment":1,"source_type":4,"start_time":1701045970265},{"elapsed_time":689810,"segment":1,"source_type":4,"start_time":1701045971265},{"elapsed_time":690810,"segment":1,"source_type":4,"start_time":1701045972265},{"elapsed_time":691810,"segment":1,"source_type":4,"start_time":1701045973265},{"elapsed_time":692810,"segment":1,"source_type":4,"start_time":1701045974265},{"elapsed_time":693810,"segment":1,"source_type":4,"start_time":1701045975265},{"elapsed_time":694810,"segment":1,"source_type":4,"start_time":1701045976265},{"elapsed_time":695810,"segment":1,"source_type":4,"start_time":1701045977265},{"elapsed_time":696810,"segment":1,"source_type":4,"start_time":1701045978265},{"elapsed_time":697810,"segment":1,"source_type":4,"start_time":1701045979265},{"elapsed_time":698810,"segment":1,"source_type":4,"start_time":1701045980265},{"elapsed_time":699810,"segment":1,"source_type":4,"start_time":1701045981265},{"elapsed_time":700810,"segment":1,"source_type":4,"start_time":1701045982265},{"elapsed_time":701810,"segment":1,"source_type":4,"start_time":1701045983265},{"elapsed_time":702810,"segment":1,"source_type":4,"start_time":1701045984265},{"elapsed_time":703810,"segment":1,"source_type":4,"start_time":1701045985265},{"elapsed_time":704810,"segment":1,"source_type":4,"start_time":1701045986265},{"elapsed_time":705810,"segment":1,"source_type":4,"start_time":1701045987265},{"elapsed_time":706810,"segment":1,"source_type":4,"start_time":1701045988265},{"elapsed_time":708019,"segment":1,"source_type":4,"start_time":1701045989475},{"elapsed_time":709019,"segment":1,"source_type":4,"start_time":1701045990475},{"elapsed_time":710019,"segment":1,"source_type":4,"start_time":1701045991475},{"elapsed_time":711019,"segment":1,"source_type":4,"start_time":1701045992475},{"elapsed_time":712019,"segment":1,"source_type":4,"start_time":1701045993475},{"elapsed_time":713019,"segment":1,"source_type":4,"start_time":1701045994475},{"elapsed_time":714019,"segment":1,"source_type":4,"start_time":1701045995475},{"elapsed_time":715019,"segment":1,"source_type":4,"start_time":1701045996475},{"elapsed_time":716019,"segment":1,"source_type":4,"start_time":1701045997475},{"elapsed_time":717019,"segment":1,"source_type":4,"start_time":1701045998475},{"elapsed_time":718019,"segment":1,"source_type":4,"start_time":1701045999475},{"elapsed_time":719019,"segment":1,"source_type":4,"start_time":1701046000475},{"elapsed_time":720019,"segment":1,"source_type":4,"start_time":1701046001475},{"elapsed_time":721019,"segment":1,"source_type":4,"start_time":1701046002475},{"elapsed_time":722019,"segment":1,"source_type":4,"start_time":1701046003475},{"elapsed_time":723019,"segment":1,"source_type":4,"start_time":1701046004475},{"elapsed_time":724019,"segment":1,"source_type":4,"start_time":1701046005475},{"elapsed_time":725019,"segment":1,"source_type":4,"start_time":1701046006475},{"elapsed_time":726019,"segment":1,"source_type":4,"start_time":1701046007475},{"elapsed_time":727019,"segment":1,"source_type":4,"start_time":1701046008475},{"elapsed_time":728019,"segment":1,"source_type":4,"start_time":1701046009475},{"elapsed_time":729019,"segment":1,"source_type":4,"start_time":1701046010475},{"elapsed_time":730019,"segment":1,"source_type":4,"start_time":1701046011475},{"elapsed_time":732019,"segment":1,"source_type":4,"start_time":1701046013475},{"elapsed_time":733019,"segment":1,"source_type":4,"start_time":1701046014475},{"elapsed_time":734019,"segment":1,"source_type":4,"start_time":1701046015475},{"elapsed_time":735019,"segment":1,"source_type":4,"start_time":1701046016475},{"elapsed_time":736019,"segment":1,"source_type":4,"start_time":1701046017475},{"elapsed_time":737019,"segment":1,"source_type":4,"start_time":1701046018475},{"elapsed_time":738019,"segment":1,"source_type":4,"start_time":1701046019475},{"elapsed_time":739019,"segment":1,"source_type":4,"start_time":1701046020475},{"elapsed_time":740019,"segment":1,"source_type":4,"start_time":1701046021475},{"elapsed_time":741019,"segment":1,"source_type":4,"start_time":1701046022475},{"elapsed_time":742019,"segment":1,"source_type":4,"start_time":1701046023475},{"elapsed_time":743019,"segment":1,"source_type":4,"start_time":1701046024475},{"elapsed_time":744019,"segment":1,"source_type":4,"start_time":1701046025475},{"elapsed_time":745072,"segment":1,"source_type":4,"start_time":1701046026527},{"elapsed_time":746071,"segment":1,"source_type":4,"start_time":1701046027527},{"elapsed_time":747071,"segment":1,"source_type":4,"start_time":1701046028527},{"elapsed_time":748071,"segment":1,"source_type":4,"start_time":1701046029527},{"elapsed_time":749071,"segment":1,"source_type":4,"start_time":1701046030527},{"elapsed_time":750071,"segment":1,"source_type":4,"start_time":1701046031527},{"elapsed_time":751071,"segment":1,"source_type":4,"start_time":1701046032527},{"elapsed_time":752071,"segment":1,"source_type":4,"start_time":1701046033527},{"elapsed_time":753071,"segment":1,"source_type":4,"start_time":1701046034527},{"elapsed_time":754071,"segment":1,"source_type":4,"start_time":1701046035527},{"elapsed_time":755071,"segment":1,"source_type":4,"start_time":1701046036527},{"elapsed_time":756071,"segment":1,"source_type":4,"start_time":1701046037527},{"elapsed_time":757073,"segment":1,"source_type":4,"start_time":1701046038528},{"elapsed_time":758092,"segment":1,"source_type":4,"start_time":1701046039547},{"elapsed_time":759092,"segment":1,"source_type":4,"start_time":1701046040547},{"elapsed_time":760092,"segment":1,"source_type":4,"start_time":1701046041547},{"elapsed_time":761092,"segment":1,"source_type":4,"start_time":1701046042547},{"elapsed_time":762092,"segment":1,"source_type":4,"start_time":1701046043547},{"elapsed_time":763092,"segment":1,"source_type":4,"start_time":1701046044548},{"elapsed_time":764446,"segment":1,"source_type":4,"start_time":1701046045902},{"elapsed_time":765447,"segment":1,"source_type":4,"start_time":1701046046902},{"elapsed_time":766447,"segment":1,"source_type":4,"start_time":1701046047902},{"elapsed_time":767447,"segment":1,"source_type":4,"start_time":1701046048902},{"elapsed_time":768447,"segment":1,"source_type":4,"start_time":1701046049902},{"elapsed_time":769447,"segment":1,"source_type":4,"start_time":1701046050902},{"elapsed_time":770447,"segment":1,"source_type":4,"start_time":1701046051902},{"elapsed_time":771447,"segment":1,"source_type":4,"start_time":1701046052902},{"elapsed_time":772447,"segment":1,"source_type":4,"start_time":1701046053902},{"elapsed_time":773447,"segment":1,"source_type":4,"start_time":1701046054902},{"elapsed_time":774447,"segment":1,"source_type":4,"start_time":1701046055902},{"elapsed_time":775447,"segment":1,"source_type":4,"start_time":1701046056902},{"elapsed_time":776447,"segment":1,"source_type":4,"start_time":1701046057902},{"elapsed_time":777447,"segment":1,"source_type":4,"start_time":1701046058902},{"elapsed_time":779447,"segment":1,"source_type":4,"start_time":1701046060902},{"elapsed_time":780447,"segment":1,"source_type":4,"start_time":1701046061902},{"elapsed_time":781447,"segment":1,"source_type":4,"start_time":1701046062902},{"elapsed_time":782447,"segment":1,"source_type":4,"start_time":1701046063902},{"elapsed_time":783447,"segment":1,"source_type":4,"start_time":1701046064902},{"elapsed_time":784447,"segment":1,"source_type":4,"start_time":1701046065902},{"elapsed_time":786447,"segment":1,"source_type":4,"start_time":1701046067902},{"elapsed_time":788447,"segment":1,"source_type":4,"start_time":1701046069902},{"elapsed_time":789447,"segment":1,"source_type":4,"start_time":1701046070902},{"elapsed_time":790447,"segment":1,"source_type":4,"start_time":1701046071902},{"elapsed_time":791447,"segment":1,"source_type":4,"start_time":1701046072902},{"elapsed_time":792447,"segment":1,"source_type":4,"start_time":1701046073902},{"elapsed_time":793447,"segment":1,"source_type":4,"start_time":1701046074902},{"elapsed_time":794447,"segment":1,"source_type":4,"start_time":1701046075902},{"elapsed_time":795447,"segment":1,"source_type":4,"start_time":1701046076902},{"elapsed_time":796447,"segment":1,"source_type":4,"start_time":1701046077902},{"elapsed_time":797447,"segment":1,"source_type":4,"start_time":1701046078902},{"elapsed_time":798447,"segment":1,"source_type":4,"start_time":1701046079902},{"elapsed_time":799447,"segment":1,"source_type":4,"start_time":1701046080902},{"elapsed_time":800447,"segment":1,"source_type":4,"start_time":1701046081902},{"elapsed_time":801447,"segment":1,"source_type":4,"start_time":1701046082902},{"elapsed_time":803329,"segment":1,"source_type":4,"start_time":1701046084785},{"elapsed_time":804500,"segment":1,"source_type":4,"start_time":1701046085956},{"elapsed_time":805500,"segment":1,"source_type":4,"start_time":1701046086956},{"elapsed_time":806500,"segment":1,"source_type":4,"start_time":1701046087956},{"elapsed_time":807500,"segment":1,"source_type":4,"start_time":1701046088956},{"elapsed_time":808500,"segment":1,"source_type":4,"start_time":1701046089956},{"elapsed_time":809500,"segment":1,"source_type":4,"start_time":1701046090956},{"elapsed_time":810500,"segment":1,"source_type":4,"start_time":1701046091956},{"elapsed_time":811500,"segment":1,"source_type":4,"start_time":1701046092956},{"elapsed_time":812500,"segment":1,"source_type":4,"start_time":1701046093956},{"elapsed_time":813500,"segment":1,"source_type":4,"start_time":1701046094956},{"elapsed_time":814500,"segment":1,"source_type":4,"start_time":1701046095956},{"elapsed_time":815500,"segment":1,"source_type":4,"start_time":1701046096956},{"elapsed_time":816500,"segment":1,"source_type":4,"start_time":1701046097956},{"elapsed_time":817500,"segment":1,"source_type":4,"start_time":1701046098956},{"elapsed_time":818500,"segment":1,"source_type":4,"start_time":1701046099956},{"elapsed_time":819500,"segment":1,"source_type":4,"start_time":1701046100956},{"elapsed_time":820500,"segment":1,"source_type":4,"start_time":1701046101956},{"elapsed_time":821500,"segment":1,"source_type":4,"start_time":1701046102956},{"elapsed_time":822500,"segment":1,"source_type":4,"start_time":1701046103956},{"elapsed_time":823500,"segment":1,"source_type":4,"start_time":1701046104956},{"elapsed_time":824501,"segment":1,"source_type":4,"start_time":1701046105956},{"elapsed_time":825501,"segment":1,"source_type":4,"start_time":1701046106956},{"elapsed_time":826501,"segment":1,"source_type":4,"start_time":1701046107956},{"elapsed_time":827501,"segment":1,"source_type":4,"start_time":1701046108956},{"elapsed_time":828501,"segment":1,"source_type":4,"start_time":1701046109956},{"elapsed_time":829501,"segment":1,"source_type":4,"start_time":1701046110956},{"elapsed_time":830501,"segment":1,"source_type":4,"start_time":1701046111956},{"elapsed_time":831501,"segment":1,"source_type":4,"start_time":1701046112956},{"elapsed_time":832501,"segment":1,"source_type":4,"start_time":1701046113956},{"elapsed_time":833501,"segment":1,"source_type":4,"start_time":1701046114956},{"elapsed_time":834543,"segment":1,"source_type":4,"start_time":1701046115998},{"elapsed_time":835543,"segment":1,"source_type":4,"start_time":1701046116998},{"elapsed_time":836543,"segment":1,"source_type":4,"start_time":1701046117998},{"elapsed_time":837543,"segment":1,"source_type":4,"start_time":1701046118998},{"elapsed_time":838543,"segment":1,"source_type":4,"start_time":1701046119998},{"elapsed_time":839543,"segment":1,"source_type":4,"start_time":1701046120998},{"elapsed_time":840543,"segment":1,"source_type":4,"start_time":1701046121998},{"elapsed_time":841543,"segment":1,"source_type":4,"start_time":1701046122998},{"elapsed_time":842543,"segment":1,"source_type":4,"start_time":1701046123998},{"elapsed_time":844543,"segment":1,"source_type":4,"start_time":1701046125998},{"elapsed_time":844543,"segment":1,"source_type":4,"start_time":1701046125998},{"elapsed_time":845545,"segment":1,"source_type":4,"start_time":1701046127000},{"elapsed_time":846840,"segment":1,"source_type":4,"start_time":1701046128295},{"elapsed_time":847840,"segment":1,"source_type":4,"start_time":1701046129295},{"elapsed_time":848840,"segment":1,"source_type":4,"start_time":1701046130295},{"elapsed_time":849840,"segment":1,"source_type":4,"start_time":1701046131295},{"elapsed_time":850840,"segment":1,"source_type":4,"start_time":1701046132295},{"elapsed_time":851840,"segment":1,"source_type":4,"start_time":1701046133295},{"elapsed_time":852840,"segment":1,"source_type":4,"start_time":1701046134295},{"elapsed_time":853840,"segment":1,"source_type":4,"start_time":1701046135295},{"elapsed_time":854840,"segment":1,"source_type":4,"start_time":1701046136295},{"elapsed_time":855840,"segment":1,"source_type":4,"start_time":1701046137295},{"elapsed_time":856840,"segment":1,"source_type":4,"start_time":1701046138295},{"elapsed_time":857840,"segment":1,"source_type":4,"start_time":1701046139295},{"elapsed_time":858840,"segment":1,"source_type":4,"start_time":1701046140295},{"elapsed_time":859840,"segment":1,"source_type":4,"start_time":1701046141295},{"elapsed_time":860840,"segment":1,"source_type":4,"start_time":1701046142295},{"elapsed_time":861840,"segment":1,"source_type":4,"start_time":1701046143295},{"elapsed_time":862840,"segment":1,"source_type":4,"start_time":1701046144295},{"elapsed_time":863840,"segment":1,"source_type":4,"start_time":1701046145295},{"elapsed_time":864840,"segment":1,"source_type":4,"start_time":1701046146295},{"elapsed_time":865840,"segment":1,"source_type":4,"start_time":1701046147295},{"elapsed_time":866840,"segment":1,"source_type":4,"start_time":1701046148295},{"elapsed_time":867839,"segment":1,"source_type":4,"start_time":1701046149295},{"elapsed_time":868839,"segment":1,"source_type":4,"start_time":1701046150295},{"elapsed_time":869839,"segment":1,"source_type":4,"start_time":1701046151295},{"elapsed_time":870839,"segment":1,"source_type":4,"start_time":1701046152295},{"elapsed_time":871839,"segment":1,"source_type":4,"start_time":1701046153295},{"elapsed_time":872839,"segment":1,"source_type":4,"start_time":1701046154295},{"elapsed_time":873839,"segment":1,"source_type":4,"start_time":1701046155295},{"elapsed_time":874839,"segment":1,"source_type":4,"start_time":1701046156295},{"elapsed_time":875839,"segment":1,"source_type":4,"start_time":1701046157295},{"elapsed_time":876839,"segment":1,"source_type":4,"start_time":1701046158295},{"elapsed_time":877839,"segment":1,"source_type":4,"start_time":1701046159295},{"elapsed_time":878839,"segment":1,"source_type":4,"start_time":1701046160295},{"elapsed_time":879839,"segment":1,"source_type":4,"start_time":1701046161295},{"elapsed_time":880839,"segment":1,"source_type":4,"start_time":1701046162295},{"elapsed_time":881839,"segment":1,"source_type":4,"start_time":1701046163295},{"elapsed_time":882839,"segment":1,"source_type":4,"start_time":1701046164295},{"elapsed_time":884830,"segment":1,"source_type":4,"start_time":1701046166286},{"elapsed_time":885830,"segment":1,"source_type":4,"start_time":1701046167286},{"elapsed_time":886830,"segment":1,"source_type":4,"start_time":1701046168286},{"elapsed_time":1000,"segment":1,"source_type":4,"start_time":1701045282456},{"elapsed_time":60000,"segment":1,"source_type":4,"start_time":1701045341455},{"elapsed_time":120000,"segment":1,"source_type":4,"start_time":1701045401455},{"elapsed_time":120000,"segment":1,"source_type":4,"start_time":1701045401455},{"elapsed_time":180000,"segment":1,"source_type":4,"start_time":1701045461456},{"elapsed_time":240000,"segment":1,"source_type":4,"start_time":1701045521455},{"elapsed_time":300000,"segment":1,"source_type":4,"start_time":1701045581455},{"elapsed_time":360000,"segment":1,"source_type":4,"start_time":1701045641455},{"elapsed_time":420000,"segment":1,"source_type":4,"start_time":1701045701456},{"elapsed_time":480000,"segment":1,"source_type":4,"start_time":1701045761455},{"elapsed_time":540000,"segment":1,"source_type":4,"start_time":1701045821455},{"elapsed_time":600000,"segment":1,"source_type":4,"start_time":1701045881456},{"elapsed_time":600000,"segment":1,"source_type":4,"start_time":1701045881455},{"elapsed_time":660000,"segment":1,"source_type":4,"start_time":1701045941455},{"elapsed_time":720000,"segment":1,"source_type":4,"start_time":1701046001455},{"elapsed_time":780000,"segment":1,"source_type":4,"start_time":1701046061456},{"elapsed_time":840000,"segment":1,"source_type":4,"start_time":1701046121455},{"elapsed_time":840000,"segment":1,"source_type":4,"start_time":1701046121455}]