[{"heart_rate":84.0,"start_time":1701045281994},{"heart_rate":84.0,"start_time":1701045282995},{"heart_rate":85.0,"start_time":1701045283994},{"heart_rate":85.0,"start_time":1701045284994},{"heart_rate":84.0,"start_time":1701045285994},{"heart_rate":84.0,"start_time":1701045286994},{"heart_rate":83.0,"start_time":1701045287995},{"heart_rate":83.0,"start_time":1701045288994},{"heart_rate":83.0,"start_time":1701045289995},{"heart_rate":84.0,"start_time":1701045290993},{"heart_rate":85.0,"start_time":1701045291994},{"heart_rate":85.0,"start_time":1701045292993},{"heart_rate":85.0,"start_time":1701045293995},{"heart_rate":83.0,"start_time":1701045294994},{"heart_rate":84.0,"start_time":1701045295994},{"heart_rate":83.0,"start_time":1701045296994},{"heart_rate":83.0,"start_time":1701045297994},{"heart_rate":82.0,"start_time":1701045298994},{"heart_rate":82.0,"start_time":1701045299994},{"heart_rate":82.0,"start_time":1701045300994},{"heart_rate":81.0,"start_time":1701045301993},{"heart_rate":81.0,"start_time":1701045302994},{"heart_rate":81.0,"start_time":1701045303995},{"heart_rate":81.0,"start_time":1701045304994},{"heart_rate":81.0,"start_time":1701045305994},{"heart_rate":81.0,"start_time":1701045306995},{"heart_rate":80.0,"start_time":1701045307994},{"heart_rate":80.0,"start_time":1701045308994},{"heart_rate":80.0,"start_time":1701045309994},{"heart_rate":80.0,"start_time":1701045310995},{"heart_rate":80.0,"start_time":1701045311994},{"heart_rate":81.0,"start_time":1701045312995},{"heart_rate":80.0,"start_time":1701045313993},{"heart_rate":80.0,"start_time":1701045314994},{"heart_rate":79.0,"start_time":1701045315993},{"heart_rate":79.0,"start_time":1701045316994},{"heart_rate":79.0,"start_time":1701045317993},{"heart_rate":79.0,"start_time":1701045331994},{"heart_rate":81.0,"start_time":1701045333994},{"heart_rate":79.0,"start_time":1701045334994},{"heart_rate":80.0,"start_time":1701045335995},{"heart_rate":79.0,"start_time":1701045336994},{"heart_rate":80.0,"start_time":1701045337995},{"heart_rate":80.0,"start_time":1701045338994},{"heart_rate":80.0,"start_time":1701045339994},{"heart_rate":80.0,"start_time":1701045340994},{"heart_rate":79.0,"start_time":1701045341994},{"heart_rate":79.0,"start_time":1701045342995},{"heart_rate":79.0,"start_time":1701045343994},{"heart_rate":79.0,"start_time":1701045344993},{"heart_rate":79.0,"start_time":1701045345994},{"heart_rate":79.0,"start_time":1701045346993},{"heart_rate":78.0,"start_time":1701045347993},{"heart_rate":78.0,"start_time":1701045348993},{"heart_rate":78.0,"start_time":1701045349994},{"heart_rate":78.0,"start_time":1701045350994},{"heart_rate":77.0,"start_time":1701045351995},{"heart_rate":78.0,"start_time":1701045352994},{"heart_rate":78.0,"start_time":1701045353995},{"heart_rate":77.0,"start_time":1701045354994},{"heart_rate":77.0,"start_time":1701045355994},{"heart_rate":78.0,"start_time":1701045356995},{"heart_rate":77.0,"start_time":1701045357994},{"heart_rate":77.0,"start_time":1701045358995},{"heart_rate":79.0,"start_time":1701045359993},{"heart_rate":80.0,"start_time":1701045360994},{"heart_rate":79.0,"start_time":1701045361995},{"heart_rate":79.0,"start_time":1701045362995},{"heart_rate":78.0,"start_time":1701045363994},{"heart_rate":78.0,"start_time":1701045364995},{"heart_rate":78.0,"start_time":1701045365994},{"heart_rate":77.0,"start_time":1701045366994},{"heart_rate":78.0,"start_time":1701045367994},{"heart_rate":78.0,"start_time":1701045368995},{"heart_rate":77.0,"start_time":1701045369993},{"heart_rate":77.0,"start_time":1701045370994},{"heart_rate":77.0,"start_time":1701045371993},{"heart_rate":77.0,"start_time":1701045372994},{"heart_rate":77.0,"start_time":1701045373993},{"heart_rate":77.0,"start_time":1701045374994},{"heart_rate":77.0,"start_time":1701045375994},{"heart_rate":77.0,"start_time":1701045376995},{"heart_rate":77.0,"start_time":1701045377994},{"heart_rate":77.0,"start_time":1701045378994},{"heart_rate":76.0,"start_time":1701045379995},{"heart_rate":76.0,"start_time":1701045379995},{"heart_rate":77.0,"start_time":1701045380994},{"heart_rate":77.0,"start_time":1701045381995},{"heart_rate":77.0,"start_time":1701045382994},{"heart_rate":77.0,"start_time":1701045383994},{"heart_rate":78.0,"start_time":1701045384993},{"heart_rate":79.0,"start_time":1701045385994},{"heart_rate":78.0,"start_time":1701045386993},{"heart_rate":79.0,"start_time":1701045387994},{"heart_rate":79.0,"start_time":1701045388993},{"heart_rate":81.0,"start_time":1701045389994},{"heart_rate":80.0,"start_time":1701045390995},{"heart_rate":80.0,"start_time":1701045391994},{"heart_rate":80.0,"start_time":1701045392994},{"heart_rate":79.0,"start_time":1701045393995},{"heart_rate":79.0,"start_time":1701045394994},{"heart_rate":80.0,"start_time":1701045395995},{"heart_rate":80.0,"start_time":1701045396994},{"heart_rate":80.0,"start_time":1701045397995},{"heart_rate":79.0,"start_time":1701045398994},{"heart_rate":78.0,"start_time":1701045399993},{"heart_rate":79.0,"start_time":1701045400993},{"heart_rate":79.0,"start_time":1701045401994},{"heart_rate":80.0,"start_time":1701045402993},{"heart_rate":80.0,"start_time":1701045403994},{"heart_rate":79.0,"start_time":1701045404993},{"heart_rate":81.0,"start_time":1701045405994},{"heart_rate":81.0,"start_time":1701045406994},{"heart_rate":82.0,"start_time":1701045407995},{"heart_rate":82.0,"start_time":1701045408994},{"heart_rate":82.0,"start_time":1701045409995},{"heart_rate":81.0,"start_time":1701045410994},{"heart_rate":81.0,"start_time":1701045411995},{"heart_rate":81.0,"start_time":1701045412994},{"heart_rate":80.0,"start_time":1701045413995},{"heart_rate":80.0,"start_time":1701045414993},{"heart_rate":79.0,"start_time":1701045415994},{"heart_rate":80.0,"start_time":1701045416993},{"heart_rate":80.0,"start_time":1701045417994},{"heart_rate":81.0,"start_time":1701045418993},{"heart_rate":81.0,"start_time":1701045419993},{"heart_rate":82.0,"start_time":1701045420995},{"heart_rate":82.0,"start_time":1701045421994},{"heart_rate":81.0,"start_time":1701045422995},{"heart_rate":81.0,"start_time":1701045423994},{"heart_rate":81.0,"start_time":1701045424995},{"heart_rate":81.0,"start_time":1701045425994},{"heart_rate":82.0,"start_time":1701045426995},{"heart_rate":82.0,"start_time":1701045427994},{"heart_rate":88.0,"start_time":1701045458568},{"heart_rate":88.0,"start_time":1701045459568},{"heart_rate":88.0,"start_time":1701045460568},{"heart_rate":88.0,"start_time":1701045461568},{"heart_rate":88.0,"start_time":1701045462568},{"heart_rate":88.0,"start_time":1701045463568},{"heart_rate":88.0,"start_time":1701045464568},{"heart_rate":88.0,"start_time":1701045465568},{"heart_rate":88.0,"start_time":1701045466568},{"heart_rate":88.0,"start_time":1701045467568},{"heart_rate":88.0,"start_time":1701045468568},{"heart_rate":88.0,"start_time":1701045469568},{"heart_rate":88.0,"start_time":1701045471568},{"heart_rate":89.0,"start_time":1701045472568},{"heart_rate":89.0,"start_time":1701045473568},{"heart_rate":90.0,"start_time":1701045474568},{"heart_rate":91.0,"start_time":1701045475568},{"heart_rate":92.0,"start_time":1701045476568},{"heart_rate":93.0,"start_time":1701045477568},{"heart_rate":94.0,"start_time":1701045478568},{"heart_rate":95.0,"start_time":1701045479568},{"heart_rate":95.0,"start_time":1701045480568},{"heart_rate":96.0,"start_time":1701045481568},{"heart_rate":97.0,"start_time":1701045482568},{"heart_rate":97.0,"start_time":1701045483568},{"heart_rate":98.0,"start_time":1701045484568},{"heart_rate":98.0,"start_time":1701045485568},{"heart_rate":98.0,"start_time":1701045486568},{"heart_rate":98.0,"start_time":1701045487568},{"heart_rate":98.0,"start_time":1701045488568},{"heart_rate":99.0,"start_time":1701045489568},{"heart_rate":99.0,"start_time":1701045490568},{"heart_rate":99.0,"start_time":1701045491568},{"heart_rate":100.0,"start_time":1701045492568},{"heart_rate":100.0,"start_time":1701045493568},{"heart_rate":101.0,"start_time":1701045494568},{"heart_rate":101.0,"start_time":1701045495568},{"heart_rate":101.0,"start_time":1701045496568},{"heart_rate":102.0,"start_time":1701045508568},{"heart_rate":102.0,"start_time":1701045509568},{"heart_rate":103.0,"start_time":1701045510568},{"heart_rate":103.0,"start_time":1701045511568},{"heart_rate":103.0,"start_time":1701045512568},{"heart_rate":103.0,"start_time":1701045513568},{"heart_rate":103.0,"start_time":1701045514568},{"heart_rate":104.0,"start_time":1701045515568},{"heart_rate":104.0,"start_time":1701045516568},{"heart_rate":104.0,"start_time":1701045517568},{"heart_rate":104.0,"start_time":1701045518568},{"heart_rate":104.0,"start_time":1701045519568},{"heart_rate":105.0,"start_time":1701045520568},{"heart_rate":105.0,"start_time":1701045521568},{"heart_rate":105.0,"start_time":1701045522568},{"heart_rate":105.0,"start_time":1701045523568},{"heart_rate":105.0,"start_time":1701045524568},{"heart_rate":104.0,"start_time":1701045525568},{"heart_rate":104.0,"start_time":1701045526568},{"heart_rate":104.0,"start_time":1701045527568},{"heart_rate":104.0,"start_time":1701045528568},{"heart_rate":104.0,"start_time":1701045529568},{"heart_rate":103.0,"start_time":1701045530568},{"heart_rate":103.0,"start_time":1701045531568},{"heart_rate":103.0,"start_time":1701045532568},{"heart_rate":103.0,"start_time":1701045533568},{"heart_rate":103.0,"start_time":1701045534568},{"heart_rate":104.0,"start_time":1701045535568},{"heart_rate":104.0,"start_time":1701045536568},{"heart_rate":104.0,"start_time":1701045537568},{"heart_rate":104.0,"start_time":1701045538568},{"heart_rate":104.0,"start_time":1701045539568},{"heart_rate":104.0,"start_time":1701045540568},{"heart_rate":103.0,"start_time":1701045541568},{"heart_rate":103.0,"start_time":1701045542568},{"heart_rate":103.0,"start_time":1701045543568},{"heart_rate":102.0,"start_time":1701045544568},{"heart_rate":102.0,"start_time":1701045545568},{"heart_rate":102.0,"start_time":1701045546568},{"heart_rate":101.0,"start_time":1701045547568},{"heart_rate":101.0,"start_time":1701045548568},{"heart_rate":100.0,"start_time":1701045549568},{"heart_rate":100.0,"start_time":1701045550568},{"heart_rate":100.0,"start_time":1701045551568},{"heart_rate":99.0,"start_time":1701045552568},{"heart_rate":98.0,"start_time":1701045553568},{"heart_rate":98.0,"start_time":1701045554568},{"heart_rate":98.0,"start_time":1701045555568},{"heart_rate":97.0,"start_time":1701045556568},{"heart_rate":96.0,"start_time":1701045557568},{"heart_rate":95.0,"start_time":1701045558568},{"heart_rate":94.0,"start_time":1701045559568},{"heart_rate":93.0,"start_time":1701045560568},{"heart_rate":91.0,"start_time":1701045561568},{"heart_rate":89.0,"start_time":1701045562568},{"heart_rate":86.0,"start_time":1701045563568},{"heart_rate":85.0,"start_time":1701045564568},{"heart_rate":84.0,"start_time":1701045565568},{"heart_rate":83.0,"start_time":1701045566568},{"heart_rate":83.0,"start_time":1701045567568},{"heart_rate":82.0,"start_time":1701045568568},{"heart_rate":82.0,"start_time":1701045569568},{"heart_rate":82.0,"start_time":1701045570568},{"heart_rate":82.0,"start_time":1701045571568},{"heart_rate":82.0,"start_time":1701045572568},{"heart_rate":82.0,"start_time":1701045573568},{"heart_rate":82.0,"start_time":1701045574568},{"heart_rate":82.0,"start_time":1701045575568},{"heart_rate":82.0,"start_time":1701045576568},{"heart_rate":83.0,"start_time":1701045577568},{"heart_rate":83.0,"start_time":1701045578568},{"heart_rate":83.0,"start_time":1701045579568},{"heart_rate":84.0,"start_time":1701045580568},{"heart_rate":84.0,"start_time":1701045581568},{"heart_rate":83.0,"start_time":1701045582568},{"heart_rate":83.0,"start_time":1701045583568},{"heart_rate":83.0,"start_time":1701045584568},{"heart_rate":83.0,"start_time":1701045585568},{"heart_rate":83.0,"start_time":1701045586568},{"heart_rate":83.0,"start_time":1701045587568},{"heart_rate":83.0,"start_time":1701045588568},{"heart_rate":83.0,"start_time":1701045589568},{"heart_rate":84.0,"start_time":1701045590568},{"heart_rate":84.0,"start_time":1701045591568},{"heart_rate":84.0,"start_time":1701045592568},{"heart_rate":84.0,"start_time":1701045593568},{"heart_rate":84.0,"start_time":1701045594568},{"heart_rate":84.0,"start_time":1701045595568},{"heart_rate":83.0,"start_time":1701045596568},{"heart_rate":83.0,"start_time":1701045597568},{"heart_rate":83.0,"start_time":1701045598568},{"heart_rate":83.0,"start_time":1701045599568},{"heart_rate":83.0,"start_time":1701045600568},{"heart_rate":83.0,"start_time":1701045601568},{"heart_rate":83.0,"start_time":1701045602568},{"heart_rate":83.0,"start_time":1701045603568},{"heart_rate":83.0,"start_time":1701045604568},{"heart_rate":83.0,"start_time":1701045605568},{"heart_rate":84.0,"start_time":1701045606568},{"heart_rate":84.0,"start_time":1701045607568},{"heart_rate":83.0,"start_time":1701045608568},{"heart_rate":83.0,"start_time":1701045609568},{"heart_rate":83.0,"start_time":1701045610568},{"heart_rate":82.0,"start_time":1701045611568},{"heart_rate":82.0,"start_time":1701045612568},{"heart_rate":82.0,"start_time":1701045613568},{"heart_rate":81.0,"start_time":1701045614568},{"heart_rate":81.0,"start_time":1701045615568},{"heart_rate":81.0,"start_time":1701045616568},{"heart_rate":81.0,"start_time":1701045617568},{"heart_rate":81.0,"start_time":1701045618568},{"heart_rate":81.0,"start_time":1701045619568},{"heart_rate":81.0,"start_time":1701045620568},{"heart_rate":81.0,"start_time":1701045621568},{"heart_rate":81.0,"start_time":1701045622568},{"heart_rate":81.0,"start_time":1701045623568},{"heart_rate":81.0,"start_time":1701045624568},{"heart_rate":81.0,"start_time":1701045625568},{"heart_rate":82.0,"start_time":1701045626568},{"heart_rate":82.0,"start_time":1701045627568},{"heart_rate":82.0,"start_time":1701045628568},{"heart_rate":82.0,"start_time":1701045629568},{"heart_rate":82.0,"start_time":1701045630568},{"heart_rate":83.0,"start_time":1701045631568},{"heart_rate":83.0,"start_time":1701045632568},{"heart_rate":83.0,"start_time":1701045633568},{"heart_rate":83.0,"start_time":1701045634568},{"heart_rate":84.0,"start_time":1701045635568},{"heart_rate":84.0,"start_time":1701045636568},{"heart_rate":85.0,"start_time":1701045637568},{"heart_rate":85.0,"start_time":1701045638568},{"heart_rate":85.0,"start_time":1701045639568},{"heart_rate":86.0,"start_time":1701045640568},{"heart_rate":86.0,"start_time":1701045641568},{"heart_rate":87.0,"start_time":1701045642568},{"heart_rate":87.0,"start_time":1701045643568},{"heart_rate":87.0,"start_time":1701045644568},{"heart_rate":87.0,"start_time":1701045645568},{"heart_rate":87.0,"start_time":1701045646568},{"heart_rate":87.0,"start_time":1701045647568},{"heart_rate":87.0,"start_time":1701045648568},{"heart_rate":87.0,"start_time":1701045649568},{"heart_rate":87.0,"start_time":1701045650568},{"heart_rate":87.0,"start_time":1701045651568},{"heart_rate":87.0,"start_time":1701045652568},{"heart_rate":87.0,"start_time":1701045653568},{"heart_rate":87.0,"start_time":1701045654568},{"heart_rate":87.0,"start_time":1701045655568},{"heart_rate":87.0,"start_time":1701045656568},{"heart_rate":87.0,"start_time":1701045657568},{"heart_rate":87.0,"start_time":1701045658568},{"heart_rate":86.0,"start_time":1701045659568},{"heart_rate":86.0,"start_time":1701045660568},{"heart_rate":86.0,"start_time":1701045661568},{"heart_rate":87.0,"start_time":1701045662568},{"heart_rate":86.0,"start_time":1701045663568},{"heart_rate":86.0,"start_time":1701045664568},{"heart_rate":86.0,"start_time":1701045665568},{"heart_rate":86.0,"start_time":1701045666568},{"heart_rate":86.0,"start_time":1701045667568},{"heart_rate":87.0,"start_time":1701045668568},{"heart_rate":88.0,"start_time":1701045669568},{"heart_rate":89.0,"start_time":1701045670568},{"heart_rate":89.0,"start_time":1701045671568},{"heart_rate":90.0,"start_time":1701045672568},{"heart_rate":90.0,"start_time":1701045673568},{"heart_rate":90.0,"start_time":1701045674568},{"heart_rate":90.0,"start_time":1701045675568},{"heart_rate":90.0,"start_time":1701045676568},{"heart_rate":90.0,"start_time":1701045677568},{"heart_rate":90.0,"start_time":1701045678568},{"heart_rate":89.0,"start_time":1701045679568},{"heart_rate":89.0,"start_time":1701045680568},{"heart_rate":89.0,"start_time":1701045681568},{"heart_rate":89.0,"start_time":1701045682568},{"heart_rate":89.0,"start_time":1701045683568},{"heart_rate":88.0,"start_time":1701045684568},{"heart_rate":88.0,"start_time":1701045685568},{"heart_rate":88.0,"start_time":1701045686568},{"heart_rate":88.0,"start_time":1701045687568},{"heart_rate":88.0,"start_time":1701045688568},{"heart_rate":88.0,"start_time":1701045689568},{"heart_rate":88.0,"start_time":1701045690568},{"heart_rate":88.0,"start_time":1701045691568},{"heart_rate":88.0,"start_time":1701045692568},{"heart_rate":88.0,"start_time":1701045693568},{"heart_rate":88.0,"start_time":1701045694568},{"heart_rate":88.0,"start_time":1701045695568},{"heart_rate":87.0,"start_time":1701045696568},{"heart_rate":87.0,"start_time":1701045697568},{"heart_rate":87.0,"start_time":1701045698568},{"heart_rate":87.0,"start_time":1701045699568},{"heart_rate":86.0,"start_time":1701045700568},{"heart_rate":86.0,"start_time":1701045701568},{"heart_rate":86.0,"start_time":1701045702568},{"heart_rate":87.0,"start_time":1701045703568},{"heart_rate":87.0,"start_time":1701045704568},{"heart_rate":88.0,"start_time":1701045705568},{"heart_rate":88.0,"start_time":1701045706568},{"heart_rate":89.0,"start_time":1701045707568},{"heart_rate":89.0,"start_time":1701045708568},{"heart_rate":89.0,"start_time":1701045709568},{"heart_rate":89.0,"start_time":1701045710568},{"heart_rate":89.0,"start_time":1701045711568},{"heart_rate":89.0,"start_time":1701045712568},{"heart_rate":88.0,"start_time":1701045713568},{"heart_rate":88.0,"start_time":1701045714568},{"heart_rate":87.0,"start_time":1701045715568},{"heart_rate":87.0,"start_time":1701045716568},{"heart_rate":87.0,"start_time":1701045717568},{"heart_rate":86.0,"start_time":1701045718568},{"heart_rate":86.0,"start_time":1701045719568},{"heart_rate":86.0,"start_time":1701045720568},{"heart_rate":86.0,"start_time":1701045721568},{"heart_rate":85.0,"start_time":1701045722568},{"heart_rate":85.0,"start_time":1701045723568},{"heart_rate":84.0,"start_time":1701045724568},{"heart_rate":84.0,"start_time":1701045725568},{"heart_rate":83.0,"start_time":1701045726568},{"heart_rate":83.0,"start_time":1701045727568},{"heart_rate":84.0,"start_time":1701045728568},{"heart_rate":83.0,"start_time":1701045729568},{"heart_rate":83.0,"start_time":1701045730568},{"heart_rate":83.0,"start_time":1701045731568},{"heart_rate":83.0,"start_time":1701045732568},{"heart_rate":84.0,"start_time":1701045733568},{"heart_rate":84.0,"start_time":1701045734568},{"heart_rate":84.0,"start_time":1701045735568},{"heart_rate":83.0,"start_time":1701045736568},{"heart_rate":82.0,"start_time":1701045737568},{"heart_rate":81.0,"start_time":1701045738568},{"heart_rate":81.0,"start_time":1701045739568},{"heart_rate":81.0,"start_time":1701045740568},{"heart_rate":81.0,"start_time":1701045741568},{"heart_rate":81.0,"start_time":1701045742568},{"heart_rate":81.0,"start_time":1701045743568},{"heart_rate":81.0,"start_time":1701045744568},{"heart_rate":81.0,"start_time":1701045745568},{"heart_rate":81.0,"start_time":1701045746568},{"heart_rate":81.0,"start_time":1701045747568},{"heart_rate":81.0,"start_time":1701045748568},{"heart_rate":81.0,"start_time":1701045749568},{"heart_rate":81.0,"start_time":1701045750568},{"heart_rate":81.0,"start_time":1701045751568},{"heart_rate":81.0,"start_time":1701045752568},{"heart_rate":81.0,"start_time":1701045753568},{"heart_rate":81.0,"start_time":1701045754568},{"heart_rate":81.0,"start_time":1701045755568},{"heart_rate":81.0,"start_time":1701045756568},{"heart_rate":81.0,"start_time":1701045757568},{"heart_rate":81.0,"start_time":1701045758568},{"heart_rate":81.0,"start_time":1701045759568},{"heart_rate":81.0,"start_time":1701045760568},{"heart_rate":81.0,"start_time":1701045761568},{"heart_rate":80.0,"start_time":1701045762568},{"heart_rate":80.0,"start_time":1701045763568},{"heart_rate":80.0,"start_time":1701045764568},{"heart_rate":80.0,"start_time":1701045765568},{"heart_rate":80.0,"start_time":1701045766568},{"heart_rate":80.0,"start_time":1701045767568},{"heart_rate":80.0,"start_time":1701045768568},{"heart_rate":80.0,"start_time":1701045769568},{"heart_rate":80.0,"start_time":1701045770568},{"heart_rate":80.0,"start_time":1701045771568},{"heart_rate":80.0,"start_time":1701045772568},{"heart_rate":80.0,"start_time":1701045773568},{"heart_rate":80.0,"start_time":1701045774568},{"heart_rate":80.0,"start_time":1701045775568},{"heart_rate":80.0,"start_time":1701045776568},{"heart_rate":80.0,"start_time":1701045777568},{"heart_rate":80.0,"start_time":1701045778568},{"heart_rate":81.0,"start_time":1701045779568},{"heart_rate":81.0,"start_time":1701045780568},{"heart_rate":81.0,"start_time":1701045781568},{"heart_rate":81.0,"start_time":1701045782568},{"heart_rate":81.0,"start_time":1701045783568},{"heart_rate":81.0,"start_time":1701045784568},{"heart_rate":81.0,"start_time":1701045785568},{"heart_rate":81.0,"start_time":1701045786568},{"heart_rate":81.0,"start_time":1701045787568},{"heart_rate":81.0,"start_time":1701045788568},{"heart_rate":81.0,"start_time":1701045789568},{"heart_rate":81.0,"start_time":1701045790568},{"heart_rate":81.0,"start_time":1701045791568},{"heart_rate":81.0,"start_time":1701045792568},{"heart_rate":81.0,"start_time":1701045793568},{"heart_rate":81.0,"start_time":1701045794568},{"heart_rate":81.0,"start_time":1701045795568},{"heart_rate":81.0,"start_time":1701045796568},{"heart_rate":81.0,"start_time":1701045797568},{"heart_rate":81.0,"start_time":1701045798568},{"heart_rate":81.0,"start_time":1701045799568},{"heart_rate":81.0,"start_time":1701045800568},{"heart_rate":81.0,"start_time":1701045801568},{"heart_rate":81.0,"start_time":1701045802568},{"heart_rate":81.0,"start_time":1701045803568},{"heart_rate":81.0,"start_time":1701045804568},{"heart_rate":81.0,"start_time":1701045805568},{"heart_rate":81.0,"start_time":1701045806568},{"heart_rate":81.0,"start_time":1701045807568},{"heart_rate":81.0,"start_time":1701045808568},{"heart_rate":81.0,"start_time":1701045809568},{"heart_rate":81.0,"start_time":1701045810568},{"heart_rate":81.0,"start_time":1701045811568},{"heart_rate":81.0,"start_time":1701045812568},{"heart_rate":81.0,"start_time":1701045813568},{"heart_rate":81.0,"start_time":1701045814568},{"heart_rate":81.0,"start_time":1701045815568},{"heart_rate":81.0,"start_time":1701045816568},{"heart_rate":81.0,"start_time":1701045817568},{"heart_rate":81.0,"start_time":1701045818568},{"heart_rate":81.0,"start_time":1701045819568},{"heart_rate":81.0,"start_time":1701045820568},{"heart_rate":81.0,"start_time":1701045821568},{"heart_rate":81.0,"start_time":1701045822568},{"heart_rate":81.0,"start_time":1701045823568},{"heart_rate":81.0,"start_time":1701045824568},{"heart_rate":81.0,"start_time":1701045825568},{"heart_rate":81.0,"start_time":1701045826568},{"heart_rate":81.0,"start_time":1701045827568},{"heart_rate":81.0,"start_time":1701045828568},{"heart_rate":81.0,"start_time":1701045829568},{"heart_rate":81.0,"start_time":1701045830568},{"heart_rate":81.0,"start_time":1701045831568},{"heart_rate":81.0,"start_time":1701045832568},{"heart_rate":81.0,"start_time":1701045833568},{"heart_rate":81.0,"start_time":1701045834568},{"heart_rate":81.0,"start_time":1701045835568},{"heart_rate":81.0,"start_time":1701045836568},{"heart_rate":81.0,"start_time":1701045837568},{"heart_rate":81.0,"start_time":1701045838568},{"heart_rate":81.0,"start_time":1701045839568},{"heart_rate":81.0,"start_time":1701045840568},{"heart_rate":81.0,"start_time":1701045841568},{"heart_rate":82.0,"start_time":1701045842568},{"heart_rate":82.0,"start_time":1701045843568},{"heart_rate":82.0,"start_time":1701045844568},{"heart_rate":82.0,"start_time":1701045845568},{"heart_rate":82.0,"start_time":1701045846568},{"heart_rate":81.0,"start_time":1701045847568},{"heart_rate":81.0,"start_time":1701045848568},{"heart_rate":82.0,"start_time":1701045849568},{"heart_rate":82.0,"start_time":1701045850568},{"heart_rate":82.0,"start_time":1701045851568},{"heart_rate":82.0,"start_time":1701045852568},{"heart_rate":83.0,"start_time":1701045853568},{"heart_rate":83.0,"start_time":1701045854568},{"heart_rate":83.0,"start_time":1701045855568},{"heart_rate":83.0,"start_time":1701045856568},{"heart_rate":84.0,"start_time":1701045857568},{"heart_rate":85.0,"start_time":1701045858568},{"heart_rate":86.0,"start_time":1701045859568},{"heart_rate":87.0,"start_time":1701045860568},{"heart_rate":87.0,"start_time":1701045861568},{"heart_rate":87.0,"start_time":1701045862568},{"heart_rate":88.0,"start_time":1701045863568},{"heart_rate":88.0,"start_time":1701045865568},{"heart_rate":88.0,"start_time":1701045866648},{"heart_rate":88.0,"start_time":1701045867648},{"heart_rate":89.0,"start_time":1701045868648},{"heart_rate":89.0,"start_time":1701045869648},{"heart_rate":89.0,"start_time":1701045870648},{"heart_rate":90.0,"start_time":1701045871648},{"heart_rate":90.0,"start_time":1701045872648},{"heart_rate":90.0,"start_time":1701045873648},{"heart_rate":90.0,"start_time":1701045874648},{"heart_rate":90.0,"start_time":1701045875648},{"heart_rate":91.0,"start_time":1701045876648},{"heart_rate":91.0,"start_time":1701045877648},{"heart_rate":91.0,"start_time":1701045878648},{"heart_rate":91.0,"start_time":1701045879648},{"heart_rate":91.0,"start_time":1701045880648},{"heart_rate":92.0,"start_time":1701045881648},{"heart_rate":92.0,"start_time":1701045882648},{"heart_rate":92.0,"start_time":1701045883652},{"heart_rate":92.0,"start_time":1701045886019},{"heart_rate":92.0,"start_time":1701045887019},{"heart_rate":92.0,"start_time":1701045888019},{"heart_rate":92.0,"start_time":1701045889019},{"heart_rate":92.0,"start_time":1701045890019},{"heart_rate":91.0,"start_time":1701045891019},{"heart_rate":91.0,"start_time":1701045892019},{"heart_rate":90.0,"start_time":1701045893019},{"heart_rate":90.0,"start_time":1701045894019},{"heart_rate":89.0,"start_time":1701045895019},{"heart_rate":88.0,"start_time":1701045896019},{"heart_rate":88.0,"start_time":1701045897019},{"heart_rate":88.0,"start_time":1701045898019},{"heart_rate":88.0,"start_time":1701045899019},{"heart_rate":87.0,"start_time":1701045900019},{"heart_rate":87.0,"start_time":1701045901019},{"heart_rate":87.0,"start_time":1701045902019},{"heart_rate":87.0,"start_time":1701045903019},{"heart_rate":87.0,"start_time":1701045904019},{"heart_rate":87.0,"start_time":1701045905019},{"heart_rate":87.0,"start_time":1701045906019},{"heart_rate":87.0,"start_time":1701045907019},{"heart_rate":87.0,"start_time":1701045908019},{"heart_rate":87.0,"start_time":1701045909019},{"heart_rate":87.0,"start_time":1701045910019},{"heart_rate":87.0,"start_time":1701045911019},{"heart_rate":87.0,"start_time":1701045912019},{"heart_rate":87.0,"start_time":1701045913019},{"heart_rate":87.0,"start_time":1701045914019},{"heart_rate":87.0,"start_time":1701045915019},{"heart_rate":87.0,"start_time":1701045916019},{"heart_rate":86.0,"start_time":1701045917019},{"heart_rate":86.0,"start_time":1701045918019},{"heart_rate":87.0,"start_time":1701045919019},{"heart_rate":87.0,"start_time":1701045920019},{"heart_rate":87.0,"start_time":1701045921019},{"heart_rate":87.0,"start_time":1701045922019},{"heart_rate":87.0,"start_time":1701045923019},{"heart_rate":87.0,"start_time":1701045924019},{"heart_rate":87.0,"start_time":1701045925019},{"heart_rate":87.0,"start_time":1701045926019},{"heart_rate":87.0,"start_time":1701045927019},{"heart_rate":86.0,"start_time":1701045928019},{"heart_rate":86.0,"start_time":1701045929019},{"heart_rate":86.0,"start_time":1701045930019},{"heart_rate":86.0,"start_time":1701045931019},{"heart_rate":86.0,"start_time":1701045932019},{"heart_rate":86.0,"start_time":1701045933019},{"heart_rate":86.0,"start_time":1701045934019},{"heart_rate":86.0,"start_time":1701045935019},{"heart_rate":86.0,"start_time":1701045936019},{"heart_rate":86.0,"start_time":1701045937019},{"heart_rate":86.0,"start_time":1701045947019},{"heart_rate":86.0,"start_time":1701045948019},{"heart_rate":87.0,"start_time":1701045949019},{"heart_rate":87.0,"start_time":1701045950019},{"heart_rate":87.0,"start_time":1701045951019},{"heart_rate":87.0,"start_time":1701045952019},{"heart_rate":86.0,"start_time":1701045953019},{"heart_rate":86.0,"start_time":1701045954019},{"heart_rate":86.0,"start_time":1701045955019},{"heart_rate":86.0,"start_time":1701045956265},{"heart_rate":85.0,"start_time":1701045957265},{"heart_rate":85.0,"start_time":1701045959265},{"heart_rate":85.0,"start_time":1701045960265},{"heart_rate":85.0,"start_time":1701045961265},{"heart_rate":85.0,"start_time":1701045962265},{"heart_rate":85.0,"start_time":1701045963265},{"heart_rate":85.0,"start_time":1701045964265},{"heart_rate":86.0,"start_time":1701045965265},{"heart_rate":86.0,"start_time":1701045966265},{"heart_rate":86.0,"start_time":1701045967265},{"heart_rate":86.0,"start_time":1701045968265},{"heart_rate":86.0,"start_time":1701045969265},{"heart_rate":87.0,"start_time":1701045970265},{"heart_rate":87.0,"start_time":1701045971265},{"heart_rate":87.0,"start_time":1701045972265},{"heart_rate":88.0,"start_time":1701045973265},{"heart_rate":89.0,"start_time":1701045974265},{"heart_rate":89.0,"start_time":1701045975265},{"heart_rate":89.0,"start_time":1701045976265},{"heart_rate":89.0,"start_time":1701045977265},{"heart_rate":89.0,"start_time":1701045978265},{"heart_rate":90.0,"start_time":1701045979265},{"heart_rate":90.0,"start_time":1701045980265},{"heart_rate":90.0,"start_time":1701045981265},{"heart_rate":90.0,"start_time":1701045982265},{"heart_rate":90.0,"start_time":1701045983265},{"heart_rate":90.0,"start_time":1701045984265},{"heart_rate":91.0,"start_time":1701045985265},{"heart_rate":91.0,"start_time":1701045986265},{"heart_rate":91.0,"start_time":1701045987265},{"heart_rate":91.0,"start_time":1701045988265},{"heart_rate":91.0,"start_time":1701045989475},{"heart_rate":92.0,"start_time":1701045990475},{"heart_rate":92.0,"start_time":1701045991475},{"heart_rate":92.0,"start_time":1701045992475},{"heart_rate":92.0,"start_time":1701045993475},{"heart_rate":92.0,"start_time":1701045994475},{"heart_rate":92.0,"start_time":1701045995475},{"heart_rate":92.0,"start_time":1701045996475},{"heart_rate":93.0,"start_time":1701045997475},{"heart_rate":93.0,"start_time":1701045998475},{"heart_rate":93.0,"start_time":1701045999475},{"heart_rate":94.0,"start_time":1701046000475},{"heart_rate":95.0,"start_time":1701046001475},{"heart_rate":95.0,"start_time":1701046002475},{"heart_rate":96.0,"start_time":1701046003475},{"heart_rate":96.0,"start_time":1701046004475},{"heart_rate":97.0,"start_time":1701046005475},{"heart_rate":97.0,"start_time":1701046006475},{"heart_rate":97.0,"start_time":1701046007475},{"heart_rate":97.0,"start_time":1701046008475},{"heart_rate":96.0,"start_time":1701046009475},{"heart_rate":96.0,"start_time":1701046010475},{"heart_rate":97.0,"start_time":1701046011475},{"heart_rate":96.0,"start_time":1701046013475},{"heart_rate":96.0,"start_time":1701046014475},{"heart_rate":96.0,"start_time":1701046015475},{"heart_rate":95.0,"start_time":1701046016475},{"heart_rate":96.0,"start_time":1701046017475},{"heart_rate":96.0,"start_time":1701046018475},{"heart_rate":96.0,"start_time":1701046019475},{"heart_rate":97.0,"start_time":1701046020475},{"heart_rate":97.0,"start_time":1701046021475},{"heart_rate":97.0,"start_time":1701046022475},{"heart_rate":97.0,"start_time":1701046023475},{"heart_rate":97.0,"start_time":1701046024475},{"heart_rate":97.0,"start_time":1701046025475},{"heart_rate":97.0,"start_time":1701046026527},{"heart_rate":97.0,"start_time":1701046027527},{"heart_rate":98.0,"start_time":1701046028527},{"heart_rate":98.0,"start_time":1701046029527},{"heart_rate":99.0,"start_time":1701046030527},{"heart_rate":99.0,"start_time":1701046031527},{"heart_rate":100.0,"start_time":1701046032527},{"heart_rate":100.0,"start_time":1701046033527},{"heart_rate":100.0,"start_time":1701046034527},{"heart_rate":100.0,"start_time":1701046035527},{"heart_rate":100.0,"start_time":1701046036527},{"heart_rate":100.0,"start_time":1701046037527},{"heart_rate":100.0,"start_time":1701046038528},{"heart_rate":100.0,"start_time":1701046039547},{"heart_rate":99.0,"start_time":1701046040547},{"heart_rate":99.0,"start_time":1701046041547},{"heart_rate":99.0,"start_time":1701046042547},{"heart_rate":100.0,"start_time":1701046043547},{"heart_rate":100.0,"start_time":1701046044548},{"heart_rate":100.0,"start_time":1701046045902},{"heart_rate":101.0,"start_time":1701046046902},{"heart_rate":101.0,"start_time":1701046047902},{"heart_rate":102.0,"start_time":1701046048902},{"heart_rate":102.0,"start_time":1701046049902},{"heart_rate":103.0,"start_time":1701046050902},{"heart_rate":103.0,"start_time":1701046051902},{"heart_rate":103.0,"start_time":1701046052902},{"heart_rate":104.0,"start_time":1701046053902},{"heart_rate":104.0,"start_time":1701046054902},{"heart_rate":104.0,"start_time":1701046055902},{"heart_rate":105.0,"start_time":1701046056902},{"heart_rate":105.0,"start_time":1701046057902},{"heart_rate":105.0,"start_time":1701046058902},{"heart_rate":104.0,"start_time":1701046060902},{"heart_rate":105.0,"start_time":1701046061902},{"heart_rate":105.0,"start_time":1701046062902},{"heart_rate":106.0,"start_time":1701046063902},{"heart_rate":106.0,"start_time":1701046064902},{"heart_rate":107.0,"start_time":1701046065902},{"heart_rate":107.0,"start_time":1701046067902},{"heart_rate":108.0,"start_time":1701046069902},{"heart_rate":109.0,"start_time":1701046070902},{"heart_rate":109.0,"start_time":1701046071902},{"heart_rate":110.0,"start_time":1701046072902},{"heart_rate":110.0,"start_time":1701046073902},{"heart_rate":111.0,"start_time":1701046074902},{"heart_rate":111.0,"start_time":1701046075902},{"heart_rate":111.0,"start_time":1701046076902},{"heart_rate":112.0,"start_time":1701046077902},{"heart_rate":111.0,"start_time":1701046078902},{"heart_rate":112.0,"start_time":1701046079902},{"heart_rate":113.0,"start_time":1701046080902},{"heart_rate":113.0,"start_time":1701046081902},{"heart_rate":113.0,"start_time":1701046082902},{"heart_rate":113.0,"start_time":1701046084785},{"heart_rate":113.0,"start_time":1701046085956},{"heart_rate":114.0,"start_time":1701046086956},{"heart_rate":114.0,"start_time":1701046087956},{"heart_rate":115.0,"start_time":1701046088956},{"heart_rate":115.0,"start_time":1701046089956},{"heart_rate":115.0,"start_time":1701046090956},{"heart_rate":115.0,"start_time":1701046091956},{"heart_rate":115.0,"start_time":1701046092956},{"heart_rate":115.0,"start_time":1701046093956},{"heart_rate":115.0,"start_time":1701046094956},{"heart_rate":115.0,"start_time":1701046095956},{"heart_rate":115.0,"start_time":1701046096956},{"heart_rate":116.0,"start_time":1701046097956},{"heart_rate":116.0,"start_time":1701046098956},{"heart_rate":115.0,"start_time":1701046099956},{"heart_rate":115.0,"start_time":1701046100956},{"heart_rate":115.0,"start_time":1701046101956},{"heart_rate":115.0,"start_time":1701046102956},{"heart_rate":115.0,"start_time":1701046103956},{"heart_rate":116.0,"start_time":1701046104956},{"heart_rate":116.0,"start_time":1701046105956},{"heart_rate":116.0,"start_time":1701046106956},{"heart_rate":116.0,"start_time":1701046107956},{"heart_rate":116.0,"start_time":1701046108956},{"heart_rate":116.0,"start_time":1701046109956},{"heart_rate":116.0,"start_time":1701046110956},{"heart_rate":116.0,"start_time":1701046111956},{"heart_rate":116.0,"start_time":1701046112956},{"heart_rate":116.0,"start_time":1701046113956},{"heart_rate":115.0,"start_time":1701046114956},{"heart_rate":115.0,"start_time":1701046115998},{"heart_rate":115.0,"start_time":1701046116998},{"heart_rate":115.0,"start_time":1701046117998},{"heart_rate":115.0,"start_time":1701046118998},{"heart_rate":116.0,"start_time":1701046119998},{"heart_rate":116.0,"start_time":1701046120998},{"heart_rate":117.0,"start_time":1701046121998},{"heart_rate":117.0,"start_time":1701046122998},{"heart_rate":118.0,"start_time":1701046123998},{"heart_rate":120.0,"start_time":1701046125998},{"heart_rate":120.0,"start_time":1701046125998},{"heart_rate":120.0,"start_time":1701046127000},{"heart_rate":120.0,"start_time":1701046128295},{"heart_rate":120.0,"start_time":1701046129295},{"heart_rate":120.0,"start_time":1701046130295},{"heart_rate":120.0,"start_time":1701046131295},{"heart_rate":120.0,"start_time":1701046132295},{"heart_rate":119.0,"start_time":1701046133295},{"heart_rate":119.0,"start_time":1701046134295},{"heart_rate":119.0,"start_time":1701046135295},{"heart_rate":119.0,"start_time":1701046136295},{"heart_rate":119.0,"start_time":1701046137295},{"heart_rate":118.0,"start_time":1701046138295},{"heart_rate":118.0,"start_time":1701046139295},{"heart_rate":117.0,"start_time":1701046140295},{"heart_rate":117.0,"start_time":1701046141295},{"heart_rate":116.0,"start_time":1701046142295},{"heart_rate":114.0,"start_time":1701046143295},{"heart_rate":114.0,"start_time":1701046144295},{"heart_rate":112.0,"start_time":1701046145295},{"heart_rate":108.0,"start_time":1701046146295},{"heart_rate":104.0,"start_time":1701046147295},{"heart_rate":100.0,"start_time":1701046148295},{"heart_rate":97.0,"start_time":1701046149295},{"heart_rate":95.0,"start_time":1701046150295},{"heart_rate":92.0,"start_time":1701046151295},{"heart_rate":90.0,"start_time":1701046152295},{"heart_rate":89.0,"start_time":1701046153295},{"heart_rate":88.0,"start_time":1701046154295},{"heart_rate":86.0,"start_time":1701046155295},{"heart_rate":85.0,"start_time":1701046156295},{"heart_rate":85.0,"start_time":1701046157295},{"heart_rate":84.0,"start_time":1701046158295},{"heart_rate":84.0,"start_time":1701046159295},{"heart_rate":83.0,"start_time":1701046160295},{"heart_rate":82.0,"start_time":1701046161295},{"heart_rate":81.0,"start_time":1701046162295},{"heart_rate":80.0,"start_time":1701046163295},{"heart_rate":79.0,"start_time":1701046164295},{"heart_rate":81.0,"start_time":1701046166286},{"heart_rate":81.0,"start_time":1701046167286},{"heart_rate":81.0,"start_time":1701046168286},{"cadence":48.0,"speed":1.2222222,"start_time":1701045282456},{"cadence":26.0,"speed":1.0833334,"start_time":1701045341455},{"cadence":100.0,"speed":1.6388888,"start_time":1701045401455},{"cadence":100.0,"speed":1.6388888,"start_time":1701045401455},{"cadence":94.0,"speed":1.1944444,"start_time":1701045461456},{"cadence":59.0,"speed":1.111111,"start_time":1701045521455},{"cadence":21.0,"speed":1.4722222,"start_time":1701045581455},{"cadence":96.0,"speed":1.1666666,"start_time":1701045641455},{"cadence":95.0,"speed":1.2738292,"start_time":1701045701456},{"cadence":96.0,"speed":1.0918334,"start_time":1701045761455},{"cadence":99.0,"speed":1.1259999,"start_time":1701045821455},{"cadence":101.0,"speed":1.160639,"start_time":1701045881456},{"cadence":101.0,"speed":1.160639,"start_time":1701045881455},{"cadence":40.0,"speed":1.1666666,"start_time":1701045941455},{"cadence":40.0,"speed":1.2710814,"start_time":1701046001455},{"cadence":42.0,"speed":1.3662168,"start_time":1701046061456},{"cadence":55.0,"speed":1.2188556,"start_time":1701046121455},{"cadence":55.0,"speed":1.2188556,"start_time":1701046121455}]