[{"heart_rate":56,"heart_rate_max":61,"heart_rate_min":55,"start_time":1700855940000,"end_time":1700855999000},{"heart_rate":70,"heart_rate_max":88,"heart_rate_min":58,"start_time":1700855880000,"end_time":1700855939000},{"heart_rate":55,"heart_rate_max":59,"heart_rate_min":54,"start_time":1700855820000,"end_time":1700855879000},{"heart_rate":54,"heart_rate_max":55,"heart_rate_min":53,"start_time":1700855760000,"end_time":1700855819000},{"heart_rate":54,"heart_rate_max":55,"heart_rate_min":53,"start_time":1700855700000,"end_time":1700855759000},{"heart_rate":53,"heart_rate_max":55,"heart_rate_min":52,"start_time":1700855640000,"end_time":1700855699000},{"heart_rate":50,"heart_rate_max":52,"heart_rate_min":49,"start_time":1700855580000,"end_time":1700855639000},{"heart_rate":50,"heart_rate_max":52,"heart_rate_min":49,"start_time":1700855520000,"end_time":1700855579000},{"heart_rate":50,"heart_rate_max":52,"heart_rate_min":49,"start_time":1700855460000,"end_time":1700855519000},{"heart_rate":50,"heart_rate_max":52,"heart_rate_min":50,"start_time":1700855400000,"end_time":1700855459000},{"heart_rate":51,"heart_rate_max":52,"heart_rate_min":50,"start_time":1700855340000,"end_time":1700855399000},{"heart_rate":50,"heart_rate_max":51,"heart_rate_min":50,"start_time":1700855280000,"end_time":1700855339000},{"heart_rate":51,"heart_rate_max":54,"heart_rate_min":50,"start_time":1700855220000,"end_time":1700855279000},{"heart_rate":50,"heart_rate_max":52,"heart_rate_min":50,"start_time":1700855160000,"end_time":1700855219000},{"heart_rate":50,"heart_rate_max":52,"heart_rate_min":49,"start_time":1700855100000,"end_time":1700855159000},{"heart_rate":50,"heart_rate_max":53,"heart_rate_min":48,"start_time":1700855040000,"end_time":1700855099000},{"heart_rate":52,"heart_rate_max":59,"heart_rate_min":50,"start_time":1700854980000,"end_time":1700855039000},{"heart_rate":51,"heart_rate_max":57,"heart_rate_min":49,"start_time":1700854920000,"end_time":1700854979000},{"heart_rate":51,"heart_rate_max":52,"heart_rate_min":51,"start_time":1700854860000,"end_time":1700854919000},{"heart_rate":51,"heart_rate_max":53,"heart_rate_min":50,"start_time":1700854800000,"end_time":1700854859000},{"heart_rate":50,"heart_rate_max":51,"heart_rate_min":49,"start_time":1700854740000,"end_time":1700854799000},{"heart_rate":51,"heart_rate_max":52,"heart_rate_min":49,"start_time":1700854680000,"end_time":1700854739000},{"heart_rate":51,"heart_rate_max":54,"heart_rate_min":49,"start_time":1700854620000,"end_time":1700854679000},{"heart_rate":53,"heart_rate_max":59,"heart_rate_min":49,"start_time":1700854560000,"end_time":1700854619000},{"heart_rate":50,"heart_rate_max":55,"heart_rate_min":49,"start_time":1700854500000,"end_time":1700854559000},{"heart_rate":51,"heart_rate_max":53,"heart_rate_min":49,"start_time":1700854440000,"end_time":1700854499000},{"heart_rate":52,"heart_rate_max":54,"heart_rate_min":51,"start_time":1700854380000,"end_time":1700854439000},{"heart_rate":51,"heart_rate_max":53,"heart_rate_min":49,"start_time":1700854320000,"end_time":1700854379000},{"heart_rate":50,"heart_rate_max":51,"heart_rate_min":49,"start_time":1700854260000,"end_time":1700854319000},{"heart_rate":50,"heart_rate_max":53,"heart_rate_min":50,"start_time":1700854200000,"end_time":1700854259000},{"heart_rate":49,"heart_rate_max":51,"heart_rate_min":48,"start_time":1700854140000,"end_time":1700854199000},{"heart_rate":54,"heart_rate_max":61,"heart_rate_min":50,"start_time":1700854080000,"end_time":1700854139000},{"heart_rate":52,"heart_rate_max":54,"heart_rate_min":50,"start_time":1700854020000,"end_time":1700854079000},{"heart_rate":52,"heart_rate_max":54,"heart_rate_min":51,"start_time":1700853960000,"end_time":1700854019000},{"heart_rate":58,"heart_rate_max":69,"heart_rate_min":53,"start_time":1700853900000,"end_time":1700853959000},{"heart_rate":55,"heart_rate_max":62,"heart_rate_min":51,"start_time":1700853840000,"end_time":1700853899000},{"heart_rate":53,"heart_rate_max":56,"heart_rate_min":52,"start_time":1700853780000,"end_time":1700853839000},{"heart_rate":54,"heart_rate_max":56,"heart_rate_min":54,"start_time":1700853720000,"end_time":1700853779000},{"heart_rate":53,"heart_rate_max":55,"heart_rate_min":52,"start_time":1700853660000,"end_time":1700853719000},{"heart_rate":55,"heart_rate_max":56,"heart_rate_min":53,"start_time":1700853600000,"end_time":1700853659000},{"heart_rate":54,"heart_rate_max":57,"heart_rate_min":53,"start_time":1700853540000,"end_time":1700853599000},{"heart_rate":55,"heart_rate_max":59,"heart_rate_min":54,"start_time":1700853480000,"end_time":1700853539000},{"heart_rate":62,"heart_rate_max":70,"heart_rate_min":57,"start_time":1700853420000,"end_time":1700853479000},{"heart_rate":56,"heart_rate_max":62,"heart_rate_min":56,"start_time":1700853360000,"end_time":1700853419000},{"heart_rate":55,"heart_rate_max":65,"heart_rate_min":51,"start_time":1700853300000,"end_time":1700853359000},{"heart_rate":54,"heart_rate_max":58,"heart_rate_min":52,"start_time":1700853240000,"end_time":1700853299000},{"heart_rate":52,"heart_rate_max":54,"heart_rate_min":51,"start_time":1700853180000,"end_time":1700853239000},{"heart_rate":52,"heart_rate_max":53,"heart_rate_min":51,"start_time":1700853120000,"end_time":1700853179000},{"heart_rate":52,"heart_rate_max":54,"heart_rate_min":51,"start_time":1700853060000,"end_time":1700853119000},{"heart_rate":52,"heart_rate_max":53,"heart_rate_min":52,"start_time":1700853000000,"end_time":1700853059000},{"heart_rate":51,"heart_rate_max":53,"heart_rate_min":51,"start_time":1700852940000,"end_time":1700852999000},{"heart_rate":52,"heart_rate_max":53,"heart_rate_min":51,"start_time":1700852880000,"end_time":1700852939000},{"heart_rate":51,"heart_rate_max":53,"heart_rate_min":50,"start_time":1700852820000,"end_time":1700852879000},{"heart_rate":51,"heart_rate_max":53,"heart_rate_min":51,"start_time":1700852760000,"end_time":1700852819000},{"heart_rate":51,"heart_rate_max":52,"heart_rate_min":51,"start_time":1700852700000,"end_time":1700852759000},{"heart_rate":51,"heart_rate_max":53,"heart_rate_min":51,"start_time":1700852640000,"end_time":1700852699000},{"heart_rate":52,"heart_rate_max":53,"heart_rate_min":51,"start_time":1700852580000,"end_time":1700852639000},{"heart_rate":51,"heart_rate_max":52,"heart_rate_min":50,"start_time":1700852520000,"end_time":1700852579000},{"heart_rate":51,"heart_rate_max":52,"heart_rate_min":50,"start_time":1700852460000,"end_time":1700852519000},{"heart_rate":50,"heart_rate_max":52,"heart_rate_min":49,"start_time":1700852400000,"end_time":1700852459000}]