[{"heart_rate":95,"heart_rate_max":99,"heart_rate_min":91,"start_time":1700989140000,"end_time":1700989199000},{"heart_rate":77,"heart_rate_max":84,"heart_rate_min":71,"start_time":1700989080000,"end_time":1700989139000},{"heart_rate":66,"heart_rate_max":76,"heart_rate_min":60,"start_time":1700989020000,"end_time":1700989079000},{"heart_rate":65,"heart_rate_max":73,"heart_rate_min":59,"start_time":1700988960000,"end_time":1700989019000},{"heart_rate":60,"heart_rate_max":66,"heart_rate_min":57,"start_time":1700988900000,"end_time":1700988959000},{"heart_rate":63,"heart_rate_max":67,"heart_rate_min":60,"start_time":1700988840000,"end_time":1700988899000},{"heart_rate":60,"heart_rate_max":68,"heart_rate_min":57,"start_time":1700988780000,"end_time":1700988839000},{"heart_rate":74,"heart_rate_max":95,"heart_rate_min":61,"start_time":1700988720000,"end_time":1700988779000},{"heart_rate":96,"heart_rate_max":99,"heart_rate_min":92,"start_time":1700988660000,"end_time":1700988719000},{"heart_rate":77,"heart_rate_max":93,"heart_rate_min":63,"start_time":1700988600000,"end_time":1700988659000},{"heart_rate":79,"heart_rate_max":95,"heart_rate_min":78,"start_time":1700988540000,"end_time":1700988599000},{"heart_rate":82,"heart_rate_max":85,"heart_rate_min":80,"start_time":1700988480000,"end_time":1700988539000},{"heart_rate":74,"heart_rate_max":82,"heart_rate_min":69,"start_time":1700988420000,"end_time":1700988479000},{"heart_rate":67,"heart_rate_max":70,"heart_rate_min":64,"start_time":1700988360000,"end_time":1700988419000},{"heart_rate":67,"heart_rate_max":74,"heart_rate_min":62,"start_time":1700988300000,"end_time":1700988359000},{"heart_rate":63,"heart_rate_max":73,"heart_rate_min":59,"start_time":1700988240000,"end_time":1700988299000},{"heart_rate":73,"heart_rate_max":79,"heart_rate_min":66,"start_time":1700988180000,"end_time":1700988239000},{"heart_rate":71,"heart_rate_max":78,"heart_rate_min":67,"start_time":1700988120000,"end_time":1700988179000},{"heart_rate":71,"heart_rate_max":77,"heart_rate_min":64,"start_time":1700988060000,"end_time":1700988119000},{"heart_rate":67,"heart_rate_max":71,"heart_rate_min":66,"start_time":1700988000000,"end_time":1700988059000},{"heart_rate":68,"heart_rate_max":72,"heart_rate_min":65,"start_time":1700987940000,"end_time":1700987999000},{"heart_rate":65,"heart_rate_max":80,"heart_rate_min":58,"start_time":1700987880000,"end_time":1700987939000},{"heart_rate":61,"heart_rate_max":66,"heart_rate_min":57,"start_time":1700987820000,"end_time":1700987879000},{"heart_rate":63,"heart_rate_max":71,"heart_rate_min":57,"start_time":1700987760000,"end_time":1700987819000},{"heart_rate":67,"heart_rate_max":71,"heart_rate_min":63,"start_time":1700987700000,"end_time":1700987759000},{"heart_rate":60,"heart_rate_max":62,"heart_rate_min":59,"start_time":1700987640000,"end_time":1700987699000},{"heart_rate":68,"heart_rate_max":68,"heart_rate_min":64,"start_time":1700987580000,"end_time":1700987639000},{"heart_rate":70,"heart_rate_max":75,"heart_rate_min":63,"start_time":1700987520000,"end_time":1700987579000},{"heart_rate":69,"heart_rate_max":76,"heart_rate_min":62,"start_time":1700987460000,"end_time":1700987519000},{"heart_rate":65,"heart_rate_max":72,"heart_rate_min":61,"start_time":1700987400000,"end_time":1700987459000},{"heart_rate":74,"heart_rate_max":80,"heart_rate_min":68,"start_time":1700987340000,"end_time":1700987399000},{"heart_rate":71,"heart_rate_max":76,"heart_rate_min":69,"start_time":1700987280000,"end_time":1700987339000},{"heart_rate":67,"heart_rate_max":74,"heart_rate_min":63,"start_time":1700987220000,"end_time":1700987279000},{"heart_rate":62,"heart_rate_max":80,"heart_rate_min":54,"start_time":1700987160000,"end_time":1700987219000},{"heart_rate":58,"heart_rate_max":62,"heart_rate_min":55,"start_time":1700987100000,"end_time":1700987159000},{"heart_rate":66,"heart_rate_max":74,"heart_rate_min":59,"start_time":1700987040000,"end_time":1700987099000},{"heart_rate":78,"heart_rate_max":82,"heart_rate_min":74,"start_time":1700986920000,"end_time":1700986979000},{"heart_rate":83,"heart_rate_max":89,"heart_rate_min":78,"start_time":1700986860000,"end_time":1700986919000},{"heart_rate":71,"heart_rate_max":82,"heart_rate_min":66,"start_time":1700986800000,"end_time":1700986859000},{"heart_rate":65,"heart_rate_max":75,"heart_rate_min":56,"start_time":1700986740000,"end_time":1700986799000},{"heart_rate":66,"heart_rate_max":76,"heart_rate_min":60,"start_time":1700986680000,"end_time":1700986739000},{"heart_rate":62,"heart_rate_max":65,"heart_rate_min":59,"start_time":1700986620000,"end_time":1700986679000},{"heart_rate":62,"heart_rate_max":70,"heart_rate_min":59,"start_time":1700986560000,"end_time":1700986619000},{"heart_rate":60,"heart_rate_max":65,"heart_rate_min":56,"start_time":1700986500000,"end_time":1700986559000},{"heart_rate":59,"heart_rate_max":64,"heart_rate_min":56,"start_time":1700986440000,"end_time":1700986499000},{"heart_rate":59,"heart_rate_max":68,"heart_rate_min":56,"start_time":1700986380000,"end_time":1700986439000},{"heart_rate":62,"heart_rate_max":86,"heart_rate_min":55,"start_time":1700986320000,"end_time":1700986379000},{"heart_rate":59,"heart_rate_max":63,"heart_rate_min":57,"start_time":1700986260000,"end_time":1700986319000},{"heart_rate":64,"heart_rate_max":75,"heart_rate_min":57,"start_time":1700986200000,"end_time":1700986259000},{"heart_rate":59,"heart_rate_max":65,"heart_rate_min":56,"start_time":1700986140000,"end_time":1700986199000},{"heart_rate":72,"heart_rate_max":81,"heart_rate_min":62,"start_time":1700986080000,"end_time":1700986139000},{"heart_rate":62,"heart_rate_max":64,"heart_rate_min":62,"start_time":1700986020000,"end_time":1700986079000},{"heart_rate":62,"heart_rate_max":64,"heart_rate_min":62,"start_time":1700985960000,"end_time":1700986019000},{"heart_rate":65,"heart_rate_max":76,"heart_rate_min":61,"start_time":1700985900000,"end_time":1700985959000},{"heart_rate":65,"heart_rate_max":77,"heart_rate_min":61,"start_time":1700985840000,"end_time":1700985899000},{"heart_rate":66,"heart_rate_max":71,"heart_rate_min":64,"start_time":1700985780000,"end_time":1700985839000},{"heart_rate":63,"heart_rate_max":70,"heart_rate_min":60,"start_time":1700985720000,"end_time":1700985779000},{"heart_rate":68,"heart_rate_max":75,"heart_rate_min":60,"start_time":1700985660000,"end_time":1700985719000},{"heart_rate":62,"heart_rate_max":67,"heart_rate_min":59,"start_time":1700985600000,"end_time":1700985659000}]