[{"heart_rate":52,"heart_rate_max":53,"heart_rate_min":52,"start_time":1701025140000,"end_time":1701025199000},{"heart_rate":52,"heart_rate_max":57,"heart_rate_min":52,"start_time":1701025080000,"end_time":1701025139000},{"heart_rate":54,"heart_rate_max":64,"heart_rate_min":50,"start_time":1701025020000,"end_time":1701025079000},{"heart_rate":51,"heart_rate_max":53,"heart_rate_min":51,"start_time":1701024960000,"end_time":1701025019000},{"heart_rate":51,"heart_rate_max":53,"heart_rate_min":50,"start_time":1701024900000,"end_time":1701024959000},{"heart_rate":50,"heart_rate_max":52,"heart_rate_min":49,"start_time":1701024840000,"end_time":1701024899000},{"heart_rate":50,"heart_rate_max":53,"heart_rate_min":49,"start_time":1701024780000,"end_time":1701024839000},{"heart_rate":50,"heart_rate_max":51,"heart_rate_min":49,"start_time":1701024720000,"end_time":1701024779000},{"heart_rate":51,"heart_rate_max":53,"heart_rate_min":50,"start_time":1701024660000,"end_time":1701024719000},{"heart_rate":52,"heart_rate_max":53,"heart_rate_min":51,"start_time":1701024600000,"end_time":1701024659000},{"heart_rate":52,"heart_rate_max":53,"heart_rate_min":51,"start_time":1701024540000,"end_time":1701024599000},{"heart_rate":50,"heart_rate_max":52,"heart_rate_min":50,"start_time":1701024480000,"end_time":1701024539000},{"heart_rate":52,"heart_rate_max":54,"heart_rate_min":51,"start_time":1701024420000,"end_time":1701024479000},{"heart_rate":55,"heart_rate_max":63,"heart_rate_min":50,"start_time":1701024360000,"end_time":1701024419000},{"heart_rate":53,"heart_rate_max":57,"heart_rate_min":53,"start_time":1701024300000,"end_time":1701024359000},{"heart_rate":53,"heart_rate_max":55,"heart_rate_min":53,"start_time":1701024240000,"end_time":1701024299000},{"heart_rate":52,"heart_rate_max":54,"heart_rate_min":52,"start_time":1701024180000,"end_time":1701024239000},{"heart_rate":53,"heart_rate_max":54,"heart_rate_min":53,"start_time":1701024120000,"end_time":1701024179000},{"heart_rate":52,"heart_rate_max":55,"heart_rate_min":51,"start_time":1701024060000,"end_time":1701024119000},{"heart_rate":52,"heart_rate_max":56,"heart_rate_min":51,"start_time":1701024000000,"end_time":1701024059000},{"heart_rate":51,"heart_rate_max":53,"heart_rate_min":50,"start_time":1701023940000,"end_time":1701023999000},{"heart_rate":51,"heart_rate_max":54,"heart_rate_min":49,"start_time":1701023880000,"end_time":1701023939000},{"heart_rate":50,"heart_rate_max":53,"heart_rate_min":49,"start_time":1701023820000,"end_time":1701023879000},{"heart_rate":52,"heart_rate_max":54,"heart_rate_min":50,"start_time":1701023760000,"end_time":1701023819000},{"heart_rate":50,"heart_rate_max":55,"heart_rate_min":48,"start_time":1701023700000,"end_time":1701023759000},{"heart_rate":57,"heart_rate_max":71,"heart_rate_min":47,"start_time":1701023640000,"end_time":1701023699000},{"heart_rate":55,"heart_rate_max":57,"heart_rate_min":54,"start_time":1701023160000,"end_time":1701023219000},{"heart_rate":57,"heart_rate_max":67,"heart_rate_min":53,"start_time":1701023100000,"end_time":1701023159000},{"heart_rate":51,"heart_rate_max":64,"heart_rate_min":49,"start_time":1701023040000,"end_time":1701023099000},{"heart_rate":49,"heart_rate_max":50,"heart_rate_min":48,"start_time":1701022980000,"end_time":1701023039000},{"heart_rate":48,"heart_rate_max":50,"heart_rate_min":48,"start_time":1701022920000,"end_time":1701022979000},{"heart_rate":49,"heart_rate_max":50,"heart_rate_min":48,"start_time":1701022860000,"end_time":1701022919000},{"heart_rate":48,"heart_rate_max":50,"heart_rate_min":47,"start_time":1701022800000,"end_time":1701022859000},{"heart_rate":48,"heart_rate_max":50,"heart_rate_min":47,"start_time":1701022740000,"end_time":1701022799000},{"heart_rate":48,"heart_rate_max":51,"heart_rate_min":46,"start_time":1701022680000,"end_time":1701022739000},{"heart_rate":48,"heart_rate_max":49,"heart_rate_min":47,"start_time":1701022620000,"end_time":1701022679000},{"heart_rate":48,"heart_rate_max":49,"heart_rate_min":48,"start_time":1701022560000,"end_time":1701022619000},{"heart_rate":51,"heart_rate_max":55,"heart_rate_min":48,"start_time":1701022500000,"end_time":1701022559000},{"heart_rate":48,"heart_rate_max":52,"heart_rate_min":48,"start_time":1701022440000,"end_time":1701022499000},{"heart_rate":48,"heart_rate_max":49,"heart_rate_min":48,"start_time":1701022380000,"end_time":1701022439000},{"heart_rate":48,"heart_rate_max":50,"heart_rate_min":48,"start_time":1701022320000,"end_time":1701022379000},{"heart_rate":48,"heart_rate_max":50,"heart_rate_min":48,"start_time":1701022260000,"end_time":1701022319000},{"heart_rate":48,"heart_rate_max":49,"heart_rate_min":47,"start_time":1701022200000,"end_time":1701022259000},{"heart_rate":48,"heart_rate_max":49,"heart_rate_min":47,"start_time":1701022140000,"end_time":1701022199000},{"heart_rate":48,"heart_rate_max":50,"heart_rate_min":46,"start_time":1701022080000,"end_time":1701022139000},{"heart_rate":47,"heart_rate_max":49,"heart_rate_min":46,"start_time":1701022020000,"end_time":1701022079000},{"heart_rate":48,"heart_rate_max":50,"heart_rate_min":46,"start_time":1701021960000,"end_time":1701022019000},{"heart_rate":48,"heart_rate_max":50,"heart_rate_min":48,"start_time":1701021900000,"end_time":1701021959000},{"heart_rate":48,"heart_rate_max":50,"heart_rate_min":46,"start_time":1701021840000,"end_time":1701021899000},{"heart_rate":48,"heart_rate_max":52,"heart_rate_min":46,"start_time":1701021780000,"end_time":1701021839000},{"heart_rate":48,"heart_rate_max":51,"heart_rate_min":47,"start_time":1701021720000,"end_time":1701021779000},{"heart_rate":56,"heart_rate_max":66,"heart_rate_min":50,"start_time":1701021660000,"end_time":1701021719000},{"heart_rate":51,"heart_rate_max":58,"heart_rate_min":50,"start_time":1701021600000,"end_time":1701021659000}]