[{"heart_rate":48,"heart_rate_max":50,"heart_rate_min":47,"start_time":1701017940000,"end_time":1701017999000},{"heart_rate":48,"heart_rate_max":50,"heart_rate_min":47,"start_time":1701017880000,"end_time":1701017939000},{"heart_rate":48,"heart_rate_max":50,"heart_rate_min":47,"start_time":1701017820000,"end_time":1701017879000},{"heart_rate":49,"heart_rate_max":51,"heart_rate_min":47,"start_time":1701017760000,"end_time":1701017819000},{"heart_rate":47,"heart_rate_max":51,"heart_rate_min":46,"start_time":1701017700000,"end_time":1701017759000},{"heart_rate":50,"heart_rate_max":53,"heart_rate_min":47,"start_time":1701017640000,"end_time":1701017699000},{"heart_rate":49,"heart_rate_max":51,"heart_rate_min":48,"start_time":1701017580000,"end_time":1701017639000},{"heart_rate":50,"heart_rate_max":53,"heart_rate_min":49,"start_time":1701017520000,"end_time":1701017579000},{"heart_rate":50,"heart_rate_max":52,"heart_rate_min":48,"start_time":1701017460000,"end_time":1701017519000},{"heart_rate":54,"heart_rate_max":59,"heart_rate_min":49,"start_time":1701017400000,"end_time":1701017459000},{"heart_rate":49,"heart_rate_max":55,"heart_rate_min":47,"start_time":1701017340000,"end_time":1701017399000},{"heart_rate":52,"heart_rate_max":59,"heart_rate_min":50,"start_time":1701017280000,"end_time":1701017339000},{"heart_rate":50,"heart_rate_max":51,"heart_rate_min":49,"start_time":1701017220000,"end_time":1701017279000},{"heart_rate":51,"heart_rate_max":52,"heart_rate_min":49,"start_time":1701017160000,"end_time":1701017219000},{"heart_rate":50,"heart_rate_max":52,"heart_rate_min":49,"start_time":1701017100000,"end_time":1701017159000},{"heart_rate":50,"heart_rate_max":53,"heart_rate_min":48,"start_time":1701017040000,"end_time":1701017099000},{"heart_rate":58,"heart_rate_max":71,"heart_rate_min":47,"start_time":1701016980000,"end_time":1701017039000},{"heart_rate":52,"heart_rate_max":57,"heart_rate_min":51,"start_time":1701016920000,"end_time":1701016979000},{"heart_rate":52,"heart_rate_max":54,"heart_rate_min":51,"start_time":1701016860000,"end_time":1701016919000},{"heart_rate":51,"heart_rate_max":53,"heart_rate_min":50,"start_time":1701016800000,"end_time":1701016859000},{"heart_rate":51,"heart_rate_max":53,"heart_rate_min":51,"start_time":1701016740000,"end_time":1701016799000},{"heart_rate":52,"heart_rate_max":53,"heart_rate_min":52,"start_time":1701016680000,"end_time":1701016739000},{"heart_rate":51,"heart_rate_max":53,"heart_rate_min":50,"start_time":1701016620000,"end_time":1701016679000},{"heart_rate":52,"heart_rate_max":56,"heart_rate_min":50,"start_time":1701016560000,"end_time":1701016619000},{"heart_rate":52,"heart_rate_max":54,"heart_rate_min":51,"start_time":1701016500000,"end_time":1701016559000},{"heart_rate":53,"heart_rate_max":56,"heart_rate_min":51,"start_time":1701016440000,"end_time":1701016499000},{"heart_rate":53,"heart_rate_max":55,"heart_rate_min":51,"start_time":1701016380000,"end_time":1701016439000},{"heart_rate":54,"heart_rate_max":55,"heart_rate_min":54,"start_time":1701016320000,"end_time":1701016379000},{"heart_rate":52,"heart_rate_max":54,"heart_rate_min":50,"start_time":1701016260000,"end_time":1701016319000},{"heart_rate":48,"heart_rate_max":50,"heart_rate_min":47,"start_time":1701016200000,"end_time":1701016259000},{"heart_rate":50,"heart_rate_max":55,"heart_rate_min":48,"start_time":1701016140000,"end_time":1701016199000},{"heart_rate":51,"heart_rate_max":56,"heart_rate_min":50,"start_time":1701016080000,"end_time":1701016139000},{"heart_rate":53,"heart_rate_max":58,"heart_rate_min":51,"start_time":1701016020000,"end_time":1701016079000},{"heart_rate":52,"heart_rate_max":57,"heart_rate_min":50,"start_time":1701015960000,"end_time":1701016019000},{"heart_rate":51,"heart_rate_max":52,"heart_rate_min":50,"start_time":1701015900000,"end_time":1701015959000},{"heart_rate":53,"heart_rate_max":56,"heart_rate_min":51,"start_time":1701015840000,"end_time":1701015899000},{"heart_rate":53,"heart_rate_max":57,"heart_rate_min":51,"start_time":1701015780000,"end_time":1701015839000},{"heart_rate":54,"heart_rate_max":56,"heart_rate_min":52,"start_time":1701015720000,"end_time":1701015779000},{"heart_rate":51,"heart_rate_max":58,"heart_rate_min":48,"start_time":1701015660000,"end_time":1701015719000},{"heart_rate":51,"heart_rate_max":55,"heart_rate_min":49,"start_time":1701015600000,"end_time":1701015659000},{"heart_rate":50,"heart_rate_max":54,"heart_rate_min":49,"start_time":1701015540000,"end_time":1701015599000},{"heart_rate":52,"heart_rate_max":58,"heart_rate_min":49,"start_time":1701015480000,"end_time":1701015539000},{"heart_rate":51,"heart_rate_max":54,"heart_rate_min":49,"start_time":1701015420000,"end_time":1701015479000},{"heart_rate":50,"heart_rate_max":52,"heart_rate_min":49,"start_time":1701015360000,"end_time":1701015419000},{"heart_rate":55,"heart_rate_max":62,"heart_rate_min":49,"start_time":1701015300000,"end_time":1701015359000},{"heart_rate":50,"heart_rate_max":59,"heart_rate_min":49,"start_time":1701015240000,"end_time":1701015299000},{"heart_rate":50,"heart_rate_max":55,"heart_rate_min":48,"start_time":1701015180000,"end_time":1701015239000},{"heart_rate":50,"heart_rate_max":52,"heart_rate_min":50,"start_time":1701015120000,"end_time":1701015179000},{"heart_rate":53,"heart_rate_max":55,"heart_rate_min":49,"start_time":1701015060000,"end_time":1701015119000},{"heart_rate":50,"heart_rate_max":51,"heart_rate_min":49,"start_time":1701015000000,"end_time":1701015059000},{"heart_rate":50,"heart_rate_max":55,"heart_rate_min":49,"start_time":1701014940000,"end_time":1701014999000},{"heart_rate":50,"heart_rate_max":53,"heart_rate_min":49,"start_time":1701014880000,"end_time":1701014939000},{"heart_rate":50,"heart_rate_max":54,"heart_rate_min":48,"start_time":1701014820000,"end_time":1701014879000},{"heart_rate":50,"heart_rate_max":52,"heart_rate_min":49,"start_time":1701014760000,"end_time":1701014819000},{"heart_rate":52,"heart_rate_max":56,"heart_rate_min":49,"start_time":1701014700000,"end_time":1701014759000},{"heart_rate":50,"heart_rate_max":51,"heart_rate_min":50,"start_time":1701014640000,"end_time":1701014699000},{"heart_rate":51,"heart_rate_max":52,"heart_rate_min":50,"start_time":1701014580000,"end_time":1701014639000},{"heart_rate":50,"heart_rate_max":52,"heart_rate_min":50,"start_time":1701014520000,"end_time":1701014579000},{"heart_rate":50,"heart_rate_max":51,"heart_rate_min":49,"start_time":1701014460000,"end_time":1701014519000},{"heart_rate":51,"heart_rate_max":52,"heart_rate_min":49,"start_time":1701014400000,"end_time":1701014459000}]