[{"heart_rate":80,"heart_rate_max":84,"heart_rate_min":77,"start_time":1700783940000,"end_time":1700783999000},{"heart_rate":82,"heart_rate_max":92,"heart_rate_min":78,"start_time":1700783880000,"end_time":1700783939000},{"heart_rate":90,"heart_rate_max":93,"heart_rate_min":83,"start_time":1700783820000,"end_time":1700783879000},{"heart_rate":87,"heart_rate_max":92,"heart_rate_min":85,"start_time":1700783760000,"end_time":1700783819000},{"heart_rate":86,"heart_rate_max":87,"heart_rate_min":86,"start_time":1700783700000,"end_time":1700783759000},{"heart_rate":86,"heart_rate_max":88,"heart_rate_min":85,"start_time":1700783640000,"end_time":1700783699000},{"heart_rate":85,"heart_rate_max":87,"heart_rate_min":85,"start_time":1700783580000,"end_time":1700783639000},{"heart_rate":85,"heart_rate_max":88,"heart_rate_min":83,"start_time":1700783520000,"end_time":1700783579000},{"heart_rate":89,"heart_rate_max":98,"heart_rate_min":82,"start_time":1700783460000,"end_time":1700783519000},{"heart_rate":94,"heart_rate_max":100,"heart_rate_min":89,"start_time":1700783400000,"end_time":1700783459000},{"heart_rate":85,"heart_rate_max":89,"heart_rate_min":82,"start_time":1700783340000,"end_time":1700783399000},{"heart_rate":81,"heart_rate_max":86,"heart_rate_min":79,"start_time":1700783280000,"end_time":1700783339000},{"heart_rate":82,"heart_rate_max":87,"heart_rate_min":78,"start_time":1700783220000,"end_time":1700783279000},{"heart_rate":68,"heart_rate_max":77,"heart_rate_min":52,"start_time":1700783160000,"end_time":1700783219000},{"heart_rate":77,"heart_rate_max":83,"heart_rate_min":74,"start_time":1700780820000,"end_time":1700780879000},{"heart_rate":85,"heart_rate_max":91,"heart_rate_min":77,"start_time":1700780760000,"end_time":1700780819000},{"heart_rate":89,"heart_rate_max":93,"heart_rate_min":85,"start_time":1700780700000,"end_time":1700780759000},{"heart_rate":89,"heart_rate_max":93,"heart_rate_min":86,"start_time":1700780640000,"end_time":1700780699000},{"heart_rate":85,"heart_rate_max":88,"heart_rate_min":83,"start_time":1700780580000,"end_time":1700780639000},{"heart_rate":82,"heart_rate_max":86,"heart_rate_min":78,"start_time":1700780520000,"end_time":1700780579000},{"heart_rate":84,"heart_rate_max":92,"heart_rate_min":82,"start_time":1700780460000,"end_time":1700780519000},{"heart_rate":94,"heart_rate_max":105,"heart_rate_min":85,"start_time":1700780400000,"end_time":1700780459000}]