[{"heart_rate":76,"heart_rate_max":78,"heart_rate_min":76,"start_time":1701134940000,"end_time":1701134999000},{"heart_rate":71,"heart_rate_max":80,"heart_rate_min":69,"start_time":1701134880000,"end_time":1701134939000},{"heart_rate":58,"heart_rate_max":68,"heart_rate_min":52,"start_time":1701134820000,"end_time":1701134879000},{"heart_rate":90,"heart_rate_max":91,"heart_rate_min":90,"start_time":1701133800000,"end_time":1701133859000},{"heart_rate":87,"heart_rate_max":92,"heart_rate_min":84,"start_time":1701133440000,"end_time":1701133499000},{"heart_rate":81,"heart_rate_max":97,"heart_rate_min":77,"start_time":1701133380000,"end_time":1701133439000}]