[{"heart_rate":69,"heart_rate_max":72,"heart_rate_min":68,"start_time":1700737140000,"end_time":1700737199000},{"heart_rate":68,"heart_rate_max":70,"heart_rate_min":65,"start_time":1700737080000,"end_time":1700737139000},{"heart_rate":69,"heart_rate_max":71,"heart_rate_min":66,"start_time":1700737020000,"end_time":1700737079000},{"heart_rate":70,"heart_rate_max":73,"heart_rate_min":68,"start_time":1700736960000,"end_time":1700737019000},{"heart_rate":70,"heart_rate_max":73,"heart_rate_min":69,"start_time":1700736900000,"end_time":1700736959000},{"heart_rate":72,"heart_rate_max":76,"heart_rate_min":69,"start_time":1700736840000,"end_time":1700736899000},{"heart_rate":75,"heart_rate_max":80,"heart_rate_min":71,"start_time":1700736780000,"end_time":1700736839000},{"heart_rate":79,"heart_rate_max":84,"heart_rate_min":75,"start_time":1700736720000,"end_time":1700736779000},{"heart_rate":76,"heart_rate_max":86,"heart_rate_min":72,"start_time":1700736660000,"end_time":1700736719000},{"heart_rate":94,"heart_rate_max":94,"heart_rate_min":94,"start_time":1700736600000,"end_time":1700736659000},{"heart_rate":81,"heart_rate_max":94,"heart_rate_min":75,"start_time":1700736540000,"end_time":1700736599000},{"heart_rate":81,"heart_rate_max":85,"heart_rate_min":77,"start_time":1700736480000,"end_time":1700736539000},{"heart_rate":87,"heart_rate_max":96,"heart_rate_min":83,"start_time":1700736420000,"end_time":1700736479000},{"heart_rate":87,"heart_rate_max":93,"heart_rate_min":83,"start_time":1700736360000,"end_time":1700736419000},{"heart_rate":81,"heart_rate_max":88,"heart_rate_min":78,"start_time":1700736300000,"end_time":1700736359000},{"heart_rate":82,"heart_rate_max":86,"heart_rate_min":78,"start_time":1700736240000,"end_time":1700736299000},{"heart_rate":83,"heart_rate_max":86,"heart_rate_min":82,"start_time":1700736180000,"end_time":1700736239000},{"heart_rate":81,"heart_rate_max":87,"heart_rate_min":77,"start_time":1700736120000,"end_time":1700736179000},{"heart_rate":82,"heart_rate_max":87,"heart_rate_min":80,"start_time":1700736060000,"end_time":1700736119000},{"heart_rate":86,"heart_rate_max":90,"heart_rate_min":83,"start_time":1700736000000,"end_time":1700736059000},{"heart_rate":84,"heart_rate_max":88,"heart_rate_min":82,"start_time":1700735940000,"end_time":1700735999000},{"heart_rate":87,"heart_rate_max":92,"heart_rate_min":82,"start_time":1700735880000,"end_time":1700735939000},{"heart_rate":81,"heart_rate_max":86,"heart_rate_min":79,"start_time":1700735820000,"end_time":1700735879000},{"heart_rate":79,"heart_rate_max":84,"heart_rate_min":75,"start_time":1700735760000,"end_time":1700735819000},{"heart_rate":80,"heart_rate_max":84,"heart_rate_min":76,"start_time":1700735700000,"end_time":1700735759000},{"heart_rate":85,"heart_rate_max":88,"heart_rate_min":82,"start_time":1700735640000,"end_time":1700735699000},{"heart_rate":76,"heart_rate_max":81,"heart_rate_min":73,"start_time":1700735580000,"end_time":1700735639000},{"heart_rate":78,"heart_rate_max":81,"heart_rate_min":76,"start_time":1700735520000,"end_time":1700735579000},{"heart_rate":82,"heart_rate_max":86,"heart_rate_min":79,"start_time":1700735460000,"end_time":1700735519000},{"heart_rate":82,"heart_rate_max":86,"heart_rate_min":80,"start_time":1700735400000,"end_time":1700735459000},{"heart_rate":84,"heart_rate_max":88,"heart_rate_min":81,"start_time":1700735340000,"end_time":1700735399000},{"heart_rate":81,"heart_rate_max":87,"heart_rate_min":76,"start_time":1700735280000,"end_time":1700735339000},{"heart_rate":77,"heart_rate_max":83,"heart_rate_min":74,"start_time":1700735220000,"end_time":1700735279000},{"heart_rate":77,"heart_rate_max":83,"heart_rate_min":71,"start_time":1700735160000,"end_time":1700735219000},{"heart_rate":72,"heart_rate_max":77,"heart_rate_min":71,"start_time":1700735100000,"end_time":1700735159000},{"heart_rate":74,"heart_rate_max":79,"heart_rate_min":72,"start_time":1700735040000,"end_time":1700735099000},{"heart_rate":74,"heart_rate_max":78,"heart_rate_min":73,"start_time":1700734980000,"end_time":1700735039000},{"heart_rate":73,"heart_rate_max":76,"heart_rate_min":73,"start_time":1700734920000,"end_time":1700734979000},{"heart_rate":74,"heart_rate_max":76,"heart_rate_min":73,"start_time":1700734860000,"end_time":1700734919000},{"heart_rate":74,"heart_rate_max":79,"heart_rate_min":71,"start_time":1700734740000,"end_time":1700734799000},{"heart_rate":74,"heart_rate_max":79,"heart_rate_min":70,"start_time":1700734680000,"end_time":1700734739000},{"heart_rate":74,"heart_rate_max":79,"heart_rate_min":70,"start_time":1700734620000,"end_time":1700734679000},{"heart_rate":78,"heart_rate_max":85,"heart_rate_min":74,"start_time":1700734560000,"end_time":1700734619000},{"heart_rate":76,"heart_rate_max":85,"heart_rate_min":73,"start_time":1700734500000,"end_time":1700734559000},{"heart_rate":73,"heart_rate_max":76,"heart_rate_min":72,"start_time":1700734440000,"end_time":1700734499000},{"heart_rate":72,"heart_rate_max":76,"heart_rate_min":71,"start_time":1700734380000,"end_time":1700734439000},{"heart_rate":72,"heart_rate_max":77,"heart_rate_min":70,"start_time":1700734320000,"end_time":1700734379000},{"heart_rate":71,"heart_rate_max":74,"heart_rate_min":70,"start_time":1700734260000,"end_time":1700734319000},{"heart_rate":76,"heart_rate_max":81,"heart_rate_min":73,"start_time":1700734200000,"end_time":1700734259000},{"heart_rate":73,"heart_rate_max":77,"heart_rate_min":71,"start_time":1700734140000,"end_time":1700734199000},{"heart_rate":74,"heart_rate_max":82,"heart_rate_min":71,"start_time":1700734080000,"end_time":1700734139000},{"heart_rate":77,"heart_rate_max":77,"heart_rate_min":77,"start_time":1700734020000,"end_time":1700734079000}]