[{"heart_rate":77,"heart_rate_max":87,"heart_rate_min":74,"start_time":1701043140000,"end_time":1701043199000},{"heart_rate":76,"heart_rate_max":81,"heart_rate_min":72,"start_time":1701043080000,"end_time":1701043139000},{"heart_rate":81,"heart_rate_max":84,"heart_rate_min":79,"start_time":1701043020000,"end_time":1701043079000},{"heart_rate":85,"heart_rate_max":91,"heart_rate_min":82,"start_time":1701042960000,"end_time":1701043019000},{"heart_rate":92,"heart_rate_max":98,"heart_rate_min":88,"start_time":1701042900000,"end_time":1701042959000},{"heart_rate":85,"heart_rate_max":91,"heart_rate_min":79,"start_time":1701042840000,"end_time":1701042899000},{"heart_rate":76,"heart_rate_max":79,"heart_rate_min":74,"start_time":1701042780000,"end_time":1701042839000},{"heart_rate":80,"heart_rate_max":84,"heart_rate_min":79,"start_time":1701042720000,"end_time":1701042779000},{"heart_rate":79,"heart_rate_max":85,"heart_rate_min":75,"start_time":1701042660000,"end_time":1701042719000},{"heart_rate":83,"heart_rate_max":85,"heart_rate_min":82,"start_time":1701042600000,"end_time":1701042659000},{"heart_rate":88,"heart_rate_max":95,"heart_rate_min":85,"start_time":1701042540000,"end_time":1701042599000},{"heart_rate":84,"heart_rate_max":88,"heart_rate_min":82,"start_time":1701042480000,"end_time":1701042539000},{"heart_rate":82,"heart_rate_max":89,"heart_rate_min":79,"start_time":1701042420000,"end_time":1701042479000},{"heart_rate":97,"heart_rate_max":98,"heart_rate_min":97,"start_time":1701042360000,"end_time":1701042419000},{"heart_rate":82,"heart_rate_max":87,"heart_rate_min":80,"start_time":1701042240000,"end_time":1701042299000},{"heart_rate":82,"heart_rate_max":86,"heart_rate_min":80,"start_time":1701042180000,"end_time":1701042239000},{"heart_rate":79,"heart_rate_max":84,"heart_rate_min":74,"start_time":1701042120000,"end_time":1701042179000},{"heart_rate":82,"heart_rate_max":85,"heart_rate_min":79,"start_time":1701042060000,"end_time":1701042119000},{"heart_rate":81,"heart_rate_max":87,"heart_rate_min":77,"start_time":1701042000000,"end_time":1701042059000},{"heart_rate":82,"heart_rate_max":85,"heart_rate_min":79,"start_time":1701041940000,"end_time":1701041999000},{"heart_rate":84,"heart_rate_max":88,"heart_rate_min":80,"start_time":1701041880000,"end_time":1701041939000},{"heart_rate":88,"heart_rate_max":91,"heart_rate_min":88,"start_time":1701041820000,"end_time":1701041879000},{"heart_rate":88,"heart_rate_max":91,"heart_rate_min":86,"start_time":1701041760000,"end_time":1701041819000},{"heart_rate":90,"heart_rate_max":94,"heart_rate_min":86,"start_time":1701041700000,"end_time":1701041759000},{"heart_rate":98,"heart_rate_max":109,"heart_rate_min":93,"start_time":1701041640000,"end_time":1701041699000},{"heart_rate":99,"heart_rate_max":109,"heart_rate_min":87,"start_time":1701041580000,"end_time":1701041639000},{"heart_rate":84,"heart_rate_max":88,"heart_rate_min":81,"start_time":1701041520000,"end_time":1701041579000},{"heart_rate":82,"heart_rate_max":89,"heart_rate_min":76,"start_time":1701041460000,"end_time":1701041519000},{"heart_rate":85,"heart_rate_max":92,"heart_rate_min":79,"start_time":1701041400000,"end_time":1701041459000},{"heart_rate":90,"heart_rate_max":91,"heart_rate_min":89,"start_time":1701041340000,"end_time":1701041399000}]