[{"heart_rate":88,"heart_rate_max":91,"heart_rate_min":85,"start_time":1700733000000,"end_time":1700733059000},{"heart_rate":70,"heart_rate_max":84,"heart_rate_min":67,"start_time":1700732940000,"end_time":1700732999000},{"heart_rate":69,"heart_rate_max":71,"heart_rate_min":69,"start_time":1700732880000,"end_time":1700732939000},{"heart_rate":77,"heart_rate_max":87,"heart_rate_min":74,"start_time":1700732760000,"end_time":1700732819000},{"heart_rate":76,"heart_rate_max":87,"heart_rate_min":73,"start_time":1700732700000,"end_time":1700732759000},{"heart_rate":77,"heart_rate_max":79,"heart_rate_min":74,"start_time":1700732640000,"end_time":1700732699000},{"heart_rate":73,"heart_rate_max":77,"heart_rate_min":70,"start_time":1700732580000,"end_time":1700732639000},{"heart_rate":76,"heart_rate_max":81,"heart_rate_min":71,"start_time":1700732520000,"end_time":1700732579000},{"heart_rate":78,"heart_rate_max":82,"heart_rate_min":76,"start_time":1700732460000,"end_time":1700732519000},{"heart_rate":94,"heart_rate_max":102,"heart_rate_min":81,"start_time":1700732400000,"end_time":1700732459000},{"heart_rate":100,"heart_rate_max":104,"heart_rate_min":97,"start_time":1700732340000,"end_time":1700732399000},{"heart_rate":99,"heart_rate_max":102,"heart_rate_min":96,"start_time":1700732280000,"end_time":1700732339000},{"heart_rate":91,"heart_rate_max":98,"heart_rate_min":82,"start_time":1700732220000,"end_time":1700732279000},{"heart_rate":83,"heart_rate_max":88,"heart_rate_min":78,"start_time":1700732160000,"end_time":1700732219000},{"heart_rate":80,"heart_rate_max":85,"heart_rate_min":77,"start_time":1700732100000,"end_time":1700732159000},{"heart_rate":80,"heart_rate_max":86,"heart_rate_min":75,"start_time":1700732040000,"end_time":1700732099000},{"heart_rate":69,"heart_rate_max":76,"heart_rate_min":61,"start_time":1700731980000,"end_time":1700732039000},{"heart_rate":64,"heart_rate_max":74,"heart_rate_min":59,"start_time":1700731920000,"end_time":1700731979000},{"heart_rate":63,"heart_rate_max":69,"heart_rate_min":60,"start_time":1700731860000,"end_time":1700731919000},{"heart_rate":68,"heart_rate_max":80,"heart_rate_min":59,"start_time":1700731800000,"end_time":1700731859000},{"heart_rate":67,"heart_rate_max":80,"heart_rate_min":57,"start_time":1700731740000,"end_time":1700731799000},{"heart_rate":58,"heart_rate_max":63,"heart_rate_min":55,"start_time":1700731680000,"end_time":1700731739000},{"heart_rate":60,"heart_rate_max":62,"heart_rate_min":58,"start_time":1700731620000,"end_time":1700731679000},{"heart_rate":60,"heart_rate_max":63,"heart_rate_min":58,"start_time":1700731560000,"end_time":1700731619000},{"heart_rate":58,"heart_rate_max":61,"heart_rate_min":57,"start_time":1700731500000,"end_time":1700731559000},{"heart_rate":62,"heart_rate_max":66,"heart_rate_min":60,"start_time":1700731440000,"end_time":1700731499000},{"heart_rate":60,"heart_rate_max":64,"heart_rate_min":58,"start_time":1700731380000,"end_time":1700731439000},{"heart_rate":61,"heart_rate_max":63,"heart_rate_min":60,"start_time":1700731320000,"end_time":1700731379000},{"heart_rate":62,"heart_rate_max":66,"heart_rate_min":58,"start_time":1700731260000,"end_time":1700731319000},{"heart_rate":65,"heart_rate_max":72,"heart_rate_min":60,"start_time":1700731200000,"end_time":1700731259000},{"heart_rate":63,"heart_rate_max":65,"heart_rate_min":62,"start_time":1700731140000,"end_time":1700731199000},{"heart_rate":63,"heart_rate_max":67,"heart_rate_min":62,"start_time":1700731080000,"end_time":1700731139000},{"heart_rate":61,"heart_rate_max":68,"heart_rate_min":57,"start_time":1700731020000,"end_time":1700731079000},{"heart_rate":62,"heart_rate_max":73,"heart_rate_min":58,"start_time":1700730960000,"end_time":1700731019000},{"heart_rate":65,"heart_rate_max":76,"heart_rate_min":59,"start_time":1700730900000,"end_time":1700730959000},{"heart_rate":61,"heart_rate_max":67,"heart_rate_min":59,"start_time":1700730840000,"end_time":1700730899000},{"heart_rate":62,"heart_rate_max":68,"heart_rate_min":59,"start_time":1700730780000,"end_time":1700730839000},{"heart_rate":74,"heart_rate_max":84,"heart_rate_min":60,"start_time":1700730720000,"end_time":1700730779000},{"heart_rate":82,"heart_rate_max":84,"heart_rate_min":82,"start_time":1700730660000,"end_time":1700730719000},{"heart_rate":88,"heart_rate_max":94,"heart_rate_min":86,"start_time":1700730480000,"end_time":1700730539000},{"heart_rate":77,"heart_rate_max":87,"heart_rate_min":72,"start_time":1700730420000,"end_time":1700730479000},{"heart_rate":85,"heart_rate_max":88,"heart_rate_min":80,"start_time":1700730360000,"end_time":1700730419000},{"heart_rate":86,"heart_rate_max":89,"heart_rate_min":85,"start_time":1700730300000,"end_time":1700730359000},{"heart_rate":79,"heart_rate_max":85,"heart_rate_min":76,"start_time":1700730240000,"end_time":1700730299000},{"heart_rate":78,"heart_rate_max":85,"heart_rate_min":75,"start_time":1700730180000,"end_time":1700730239000},{"heart_rate":85,"heart_rate_max":91,"heart_rate_min":82,"start_time":1700730120000,"end_time":1700730179000},{"heart_rate":80,"heart_rate_max":86,"heart_rate_min":75,"start_time":1700730060000,"end_time":1700730119000},{"heart_rate":78,"heart_rate_max":82,"heart_rate_min":75,"start_time":1700730000000,"end_time":1700730059000}]