[{"heart_rate":59,"heart_rate_max":63,"heart_rate_min":55,"start_time":1700812740000,"end_time":1700812799000},{"heart_rate":58,"heart_rate_max":64,"heart_rate_min":52,"start_time":1700812680000,"end_time":1700812739000},{"heart_rate":58,"heart_rate_max":62,"heart_rate_min":56,"start_time":1700812620000,"end_time":1700812679000},{"heart_rate":61,"heart_rate_max":68,"heart_rate_min":57,"start_time":1700812560000,"end_time":1700812619000},{"heart_rate":69,"heart_rate_max":76,"heart_rate_min":57,"start_time":1700812500000,"end_time":1700812559000},{"heart_rate":60,"heart_rate_max":63,"heart_rate_min":55,"start_time":1700812440000,"end_time":1700812499000},{"heart_rate":72,"heart_rate_max":80,"heart_rate_min":64,"start_time":1700812380000,"end_time":1700812439000},{"heart_rate":69,"heart_rate_max":76,"heart_rate_min":67,"start_time":1700812320000,"end_time":1700812379000},{"heart_rate":72,"heart_rate_max":80,"heart_rate_min":67,"start_time":1700812260000,"end_time":1700812319000},{"heart_rate":66,"heart_rate_max":69,"heart_rate_min":65,"start_time":1700812200000,"end_time":1700812259000},{"heart_rate":74,"heart_rate_max":82,"heart_rate_min":68,"start_time":1700812140000,"end_time":1700812199000},{"heart_rate":69,"heart_rate_max":74,"heart_rate_min":67,"start_time":1700812080000,"end_time":1700812139000},{"heart_rate":70,"heart_rate_max":76,"heart_rate_min":66,"start_time":1700812020000,"end_time":1700812079000},{"heart_rate":67,"heart_rate_max":71,"heart_rate_min":63,"start_time":1700811960000,"end_time":1700812019000},{"heart_rate":71,"heart_rate_max":78,"heart_rate_min":65,"start_time":1700811900000,"end_time":1700811959000},{"heart_rate":69,"heart_rate_max":78,"heart_rate_min":62,"start_time":1700811840000,"end_time":1700811899000},{"heart_rate":70,"heart_rate_max":79,"heart_rate_min":65,"start_time":1700811780000,"end_time":1700811839000},{"heart_rate":70,"heart_rate_max":79,"heart_rate_min":66,"start_time":1700811720000,"end_time":1700811779000},{"heart_rate":65,"heart_rate_max":69,"heart_rate_min":63,"start_time":1700811660000,"end_time":1700811719000},{"heart_rate":68,"heart_rate_max":74,"heart_rate_min":65,"start_time":1700811600000,"end_time":1700811659000},{"heart_rate":65,"heart_rate_max":69,"heart_rate_min":63,"start_time":1700811540000,"end_time":1700811599000},{"heart_rate":65,"heart_rate_max":70,"heart_rate_min":60,"start_time":1700811480000,"end_time":1700811539000},{"heart_rate":63,"heart_rate_max":67,"heart_rate_min":58,"start_time":1700811420000,"end_time":1700811479000},{"heart_rate":65,"heart_rate_max":72,"heart_rate_min":58,"start_time":1700811360000,"end_time":1700811419000},{"heart_rate":62,"heart_rate_max":66,"heart_rate_min":60,"start_time":1700811300000,"end_time":1700811359000},{"heart_rate":66,"heart_rate_max":73,"heart_rate_min":63,"start_time":1700811240000,"end_time":1700811299000},{"heart_rate":61,"heart_rate_max":67,"heart_rate_min":59,"start_time":1700811180000,"end_time":1700811239000},{"heart_rate":64,"heart_rate_max":70,"heart_rate_min":60,"start_time":1700811120000,"end_time":1700811179000},{"heart_rate":64,"heart_rate_max":69,"heart_rate_min":60,"start_time":1700811060000,"end_time":1700811119000},{"heart_rate":63,"heart_rate_max":68,"heart_rate_min":60,"start_time":1700811000000,"end_time":1700811059000},{"heart_rate":64,"heart_rate_max":69,"heart_rate_min":60,"start_time":1700810940000,"end_time":1700810999000},{"heart_rate":63,"heart_rate_max":68,"heart_rate_min":62,"start_time":1700810880000,"end_time":1700810939000},{"heart_rate":66,"heart_rate_max":75,"heart_rate_min":61,"start_time":1700810820000,"end_time":1700810879000},{"heart_rate":62,"heart_rate_max":66,"heart_rate_min":58,"start_time":1700810760000,"end_time":1700810819000},{"heart_rate":63,"heart_rate_max":71,"heart_rate_min":59,"start_time":1700810700000,"end_time":1700810759000},{"heart_rate":62,"heart_rate_max":65,"heart_rate_min":58,"start_time":1700810640000,"end_time":1700810699000},{"heart_rate":60,"heart_rate_max":65,"heart_rate_min":57,"start_time":1700810580000,"end_time":1700810639000},{"heart_rate":58,"heart_rate_max":61,"heart_rate_min":56,"start_time":1700810520000,"end_time":1700810579000},{"heart_rate":59,"heart_rate_max":62,"heart_rate_min":58,"start_time":1700810460000,"end_time":1700810519000},{"heart_rate":69,"heart_rate_max":79,"heart_rate_min":58,"start_time":1700810400000,"end_time":1700810459000},{"heart_rate":68,"heart_rate_max":74,"heart_rate_min":63,"start_time":1700810340000,"end_time":1700810399000},{"heart_rate":62,"heart_rate_max":64,"heart_rate_min":58,"start_time":1700810280000,"end_time":1700810339000},{"heart_rate":57,"heart_rate_max":60,"heart_rate_min":55,"start_time":1700810220000,"end_time":1700810279000},{"heart_rate":65,"heart_rate_max":73,"heart_rate_min":60,"start_time":1700810160000,"end_time":1700810219000},{"heart_rate":68,"heart_rate_max":75,"heart_rate_min":64,"start_time":1700810100000,"end_time":1700810159000},{"heart_rate":65,"heart_rate_max":77,"heart_rate_min":59,"start_time":1700810040000,"end_time":1700810099000},{"heart_rate":63,"heart_rate_max":67,"heart_rate_min":61,"start_time":1700809980000,"end_time":1700810039000},{"heart_rate":71,"heart_rate_max":82,"heart_rate_min":62,"start_time":1700809920000,"end_time":1700809979000},{"heart_rate":76,"heart_rate_max":88,"heart_rate_min":71,"start_time":1700809860000,"end_time":1700809919000},{"heart_rate":78,"heart_rate_max":88,"heart_rate_min":73,"start_time":1700809800000,"end_time":1700809859000},{"heart_rate":80,"heart_rate_max":86,"heart_rate_min":74,"start_time":1700809740000,"end_time":1700809799000},{"heart_rate":75,"heart_rate_max":86,"heart_rate_min":67,"start_time":1700809680000,"end_time":1700809739000},{"heart_rate":71,"heart_rate_max":78,"heart_rate_min":63,"start_time":1700809620000,"end_time":1700809679000},{"heart_rate":66,"heart_rate_max":71,"heart_rate_min":63,"start_time":1700809560000,"end_time":1700809619000},{"heart_rate":66,"heart_rate_max":72,"heart_rate_min":64,"start_time":1700809500000,"end_time":1700809559000},{"heart_rate":68,"heart_rate_max":73,"heart_rate_min":67,"start_time":1700809440000,"end_time":1700809499000},{"heart_rate":68,"heart_rate_max":83,"heart_rate_min":62,"start_time":1700809380000,"end_time":1700809439000},{"heart_rate":71,"heart_rate_max":83,"heart_rate_min":65,"start_time":1700809320000,"end_time":1700809379000},{"heart_rate":76,"heart_rate_max":83,"heart_rate_min":68,"start_time":1700809260000,"end_time":1700809319000},{"heart_rate":70,"heart_rate_max":75,"heart_rate_min":65,"start_time":1700809200000,"end_time":1700809259000}]