[{"heart_rate":53,"heart_rate_max":62,"heart_rate_min":50,"start_time":1701111540000,"end_time":1701111599000},{"heart_rate":51,"heart_rate_max":62,"heart_rate_min":49,"start_time":1701111480000,"end_time":1701111539000},{"heart_rate":53,"heart_rate_max":56,"heart_rate_min":50,"start_time":1701111420000,"end_time":1701111479000},{"heart_rate":52,"heart_rate_max":54,"heart_rate_min":51,"start_time":1701111360000,"end_time":1701111419000},{"heart_rate":52,"heart_rate_max":55,"heart_rate_min":49,"start_time":1701111300000,"end_time":1701111359000},{"heart_rate":51,"heart_rate_max":53,"heart_rate_min":49,"start_time":1701111240000,"end_time":1701111299000},{"heart_rate":57,"heart_rate_max":64,"heart_rate_min":53,"start_time":1701111180000,"end_time":1701111239000},{"heart_rate":56,"heart_rate_max":60,"heart_rate_min":54,"start_time":1701111120000,"end_time":1701111179000},{"heart_rate":53,"heart_rate_max":59,"heart_rate_min":49,"start_time":1701111060000,"end_time":1701111119000},{"heart_rate":50,"heart_rate_max":53,"heart_rate_min":49,"start_time":1701111000000,"end_time":1701111059000},{"heart_rate":49,"heart_rate_max":52,"heart_rate_min":48,"start_time":1701110940000,"end_time":1701110999000},{"heart_rate":50,"heart_rate_max":54,"heart_rate_min":49,"start_time":1701110880000,"end_time":1701110939000},{"heart_rate":49,"heart_rate_max":50,"heart_rate_min":49,"start_time":1701110820000,"end_time":1701110879000},{"heart_rate":50,"heart_rate_max":53,"heart_rate_min":48,"start_time":1701110760000,"end_time":1701110819000},{"heart_rate":50,"heart_rate_max":52,"heart_rate_min":49,"start_time":1701110700000,"end_time":1701110759000},{"heart_rate":49,"heart_rate_max":51,"heart_rate_min":49,"start_time":1701110640000,"end_time":1701110699000},{"heart_rate":51,"heart_rate_max":54,"heart_rate_min":49,"start_time":1701110580000,"end_time":1701110639000},{"heart_rate":49,"heart_rate_max":51,"heart_rate_min":49,"start_time":1701110520000,"end_time":1701110579000},{"heart_rate":49,"heart_rate_max":50,"heart_rate_min":49,"start_time":1701110460000,"end_time":1701110519000},{"heart_rate":50,"heart_rate_max":53,"heart_rate_min":48,"start_time":1701110400000,"end_time":1701110459000},{"heart_rate":50,"heart_rate_max":51,"heart_rate_min":49,"start_time":1701110340000,"end_time":1701110399000},{"heart_rate":49,"heart_rate_max":50,"heart_rate_min":48,"start_time":1701110280000,"end_time":1701110339000},{"heart_rate":49,"heart_rate_max":52,"heart_rate_min":48,"start_time":1701110220000,"end_time":1701110279000},{"heart_rate":51,"heart_rate_max":54,"heart_rate_min":49,"start_time":1701110160000,"end_time":1701110219000},{"heart_rate":50,"heart_rate_max":51,"heart_rate_min":48,"start_time":1701110100000,"end_time":1701110159000},{"heart_rate":50,"heart_rate_max":51,"heart_rate_min":49,"start_time":1701110040000,"end_time":1701110099000},{"heart_rate":51,"heart_rate_max":58,"heart_rate_min":50,"start_time":1701109980000,"end_time":1701110039000},{"heart_rate":53,"heart_rate_max":61,"heart_rate_min":49,"start_time":1701109920000,"end_time":1701109979000},{"heart_rate":48,"heart_rate_max":49,"heart_rate_min":48,"start_time":1701109860000,"end_time":1701109919000},{"heart_rate":49,"heart_rate_max":50,"heart_rate_min":48,"start_time":1701109800000,"end_time":1701109859000},{"heart_rate":48,"heart_rate_max":49,"heart_rate_min":47,"start_time":1701109740000,"end_time":1701109799000},{"heart_rate":48,"heart_rate_max":51,"heart_rate_min":48,"start_time":1701109680000,"end_time":1701109739000},{"heart_rate":50,"heart_rate_max":52,"heart_rate_min":49,"start_time":1701109620000,"end_time":1701109679000},{"heart_rate":49,"heart_rate_max":51,"heart_rate_min":49,"start_time":1701109560000,"end_time":1701109619000},{"heart_rate":48,"heart_rate_max":50,"heart_rate_min":47,"start_time":1701109500000,"end_time":1701109559000},{"heart_rate":57,"heart_rate_max":76,"heart_rate_min":47,"start_time":1701109440000,"end_time":1701109499000},{"heart_rate":52,"heart_rate_max":65,"heart_rate_min":50,"start_time":1701109380000,"end_time":1701109439000},{"heart_rate":50,"heart_rate_max":51,"heart_rate_min":48,"start_time":1701109320000,"end_time":1701109379000},{"heart_rate":49,"heart_rate_max":54,"heart_rate_min":47,"start_time":1701109260000,"end_time":1701109319000},{"heart_rate":49,"heart_rate_max":52,"heart_rate_min":49,"start_time":1701109200000,"end_time":1701109259000},{"heart_rate":49,"heart_rate_max":51,"heart_rate_min":48,"start_time":1701109140000,"end_time":1701109199000},{"heart_rate":48,"heart_rate_max":51,"heart_rate_min":47,"start_time":1701109080000,"end_time":1701109139000},{"heart_rate":48,"heart_rate_max":51,"heart_rate_min":46,"start_time":1701109020000,"end_time":1701109079000},{"heart_rate":48,"heart_rate_max":50,"heart_rate_min":47,"start_time":1701108960000,"end_time":1701109019000},{"heart_rate":48,"heart_rate_max":50,"heart_rate_min":48,"start_time":1701108900000,"end_time":1701108959000},{"heart_rate":49,"heart_rate_max":51,"heart_rate_min":48,"start_time":1701108840000,"end_time":1701108899000},{"heart_rate":49,"heart_rate_max":52,"heart_rate_min":48,"start_time":1701108780000,"end_time":1701108839000},{"heart_rate":49,"heart_rate_max":51,"heart_rate_min":49,"start_time":1701108720000,"end_time":1701108779000},{"heart_rate":48,"heart_rate_max":51,"heart_rate_min":46,"start_time":1701108660000,"end_time":1701108719000},{"heart_rate":50,"heart_rate_max":52,"heart_rate_min":48,"start_time":1701108600000,"end_time":1701108659000},{"heart_rate":50,"heart_rate_max":51,"heart_rate_min":48,"start_time":1701108540000,"end_time":1701108599000},{"heart_rate":51,"heart_rate_max":53,"heart_rate_min":48,"start_time":1701108480000,"end_time":1701108539000},{"heart_rate":49,"heart_rate_max":51,"heart_rate_min":48,"start_time":1701108420000,"end_time":1701108479000},{"heart_rate":50,"heart_rate_max":52,"heart_rate_min":49,"start_time":1701108360000,"end_time":1701108419000},{"heart_rate":50,"heart_rate_max":55,"heart_rate_min":48,"start_time":1701108300000,"end_time":1701108359000},{"heart_rate":51,"heart_rate_max":55,"heart_rate_min":49,"start_time":1701108240000,"end_time":1701108299000},{"heart_rate":54,"heart_rate_max":62,"heart_rate_min":50,"start_time":1701108180000,"end_time":1701108239000},{"heart_rate":55,"heart_rate_max":58,"heart_rate_min":51,"start_time":1701108120000,"end_time":1701108179000},{"heart_rate":52,"heart_rate_max":53,"heart_rate_min":52,"start_time":1701108060000,"end_time":1701108119000},{"heart_rate":51,"heart_rate_max":52,"heart_rate_min":51,"start_time":1701108000000,"end_time":1701108059000}]