[{"heart_rate":65,"heart_rate_max":66,"heart_rate_min":65,"start_time":1700959440000,"end_time":1700959499000},{"heart_rate":65,"heart_rate_max":67,"heart_rate_min":65,"start_time":1700959380000,"end_time":1700959439000},{"heart_rate":65,"heart_rate_max":67,"heart_rate_min":65,"start_time":1700959320000,"end_time":1700959379000},{"heart_rate":65,"heart_rate_max":66,"heart_rate_min":65,"start_time":1700959260000,"end_time":1700959319000},{"heart_rate":64,"heart_rate_max":67,"heart_rate_min":55,"start_time":1700959200000,"end_time":1700959259000},{"heart_rate":66,"heart_rate_max":67,"heart_rate_min":65,"start_time":1700959140000,"end_time":1700959199000},{"heart_rate":66,"heart_rate_max":68,"heart_rate_min":66,"start_time":1700959080000,"end_time":1700959139000},{"heart_rate":67,"heart_rate_max":69,"heart_rate_min":66,"start_time":1700959020000,"end_time":1700959079000},{"heart_rate":68,"heart_rate_max":69,"heart_rate_min":68,"start_time":1700958960000,"end_time":1700959019000},{"heart_rate":68,"heart_rate_max":69,"heart_rate_min":68,"start_time":1700958900000,"end_time":1700958959000},{"heart_rate":69,"heart_rate_max":70,"heart_rate_min":69,"start_time":1700958840000,"end_time":1700958899000},{"heart_rate":69,"heart_rate_max":70,"heart_rate_min":68,"start_time":1700958780000,"end_time":1700958839000},{"heart_rate":69,"heart_rate_max":71,"heart_rate_min":69,"start_time":1700958720000,"end_time":1700958779000},{"heart_rate":68,"heart_rate_max":71,"heart_rate_min":65,"start_time":1700958660000,"end_time":1700958719000},{"heart_rate":65,"heart_rate_max":67,"heart_rate_min":64,"start_time":1700958600000,"end_time":1700958659000},{"heart_rate":63,"heart_rate_max":66,"heart_rate_min":61,"start_time":1700958540000,"end_time":1700958599000},{"heart_rate":61,"heart_rate_max":63,"heart_rate_min":61,"start_time":1700958480000,"end_time":1700958539000},{"heart_rate":63,"heart_rate_max":64,"heart_rate_min":63,"start_time":1700958420000,"end_time":1700958479000},{"heart_rate":63,"heart_rate_max":64,"heart_rate_min":62,"start_time":1700958360000,"end_time":1700958419000},{"heart_rate":64,"heart_rate_max":65,"heart_rate_min":64,"start_time":1700958300000,"end_time":1700958359000},{"heart_rate":64,"heart_rate_max":65,"heart_rate_min":63,"start_time":1700958240000,"end_time":1700958299000},{"heart_rate":65,"heart_rate_max":69,"heart_rate_min":55,"start_time":1700958180000,"end_time":1700958239000},{"heart_rate":67,"heart_rate_max":70,"heart_rate_min":66,"start_time":1700958120000,"end_time":1700958179000},{"heart_rate":66,"heart_rate_max":68,"heart_rate_min":66,"start_time":1700958060000,"end_time":1700958119000},{"heart_rate":66,"heart_rate_max":67,"heart_rate_min":65,"start_time":1700958000000,"end_time":1700958059000},{"heart_rate":65,"heart_rate_max":67,"heart_rate_min":65,"start_time":1700957940000,"end_time":1700957999000},{"heart_rate":65,"heart_rate_max":66,"heart_rate_min":65,"start_time":1700957880000,"end_time":1700957939000},{"heart_rate":66,"heart_rate_max":67,"heart_rate_min":65,"start_time":1700957820000,"end_time":1700957879000},{"heart_rate":66,"heart_rate_max":68,"heart_rate_min":66,"start_time":1700957760000,"end_time":1700957819000},{"heart_rate":68,"heart_rate_max":70,"heart_rate_min":66,"start_time":1700957700000,"end_time":1700957759000},{"heart_rate":65,"heart_rate_max":69,"heart_rate_min":62,"start_time":1700957640000,"end_time":1700957699000},{"heart_rate":64,"heart_rate_max":67,"heart_rate_min":63,"start_time":1700957580000,"end_time":1700957639000},{"heart_rate":64,"heart_rate_max":66,"heart_rate_min":64,"start_time":1700957520000,"end_time":1700957579000},{"heart_rate":64,"heart_rate_max":65,"heart_rate_min":64,"start_time":1700957460000,"end_time":1700957519000},{"heart_rate":64,"heart_rate_max":65,"heart_rate_min":63,"start_time":1700957400000,"end_time":1700957459000},{"heart_rate":65,"heart_rate_max":66,"heart_rate_min":64,"start_time":1700957340000,"end_time":1700957399000},{"heart_rate":65,"heart_rate_max":66,"heart_rate_min":64,"start_time":1700957280000,"end_time":1700957339000},{"heart_rate":65,"heart_rate_max":66,"heart_rate_min":64,"start_time":1700957220000,"end_time":1700957279000},{"heart_rate":66,"heart_rate_max":67,"heart_rate_min":65,"start_time":1700957160000,"end_time":1700957219000},{"heart_rate":64,"heart_rate_max":66,"heart_rate_min":64,"start_time":1700957100000,"end_time":1700957159000},{"heart_rate":64,"heart_rate_max":66,"heart_rate_min":64,"start_time":1700957040000,"end_time":1700957099000},{"heart_rate":64,"heart_rate_max":65,"heart_rate_min":63,"start_time":1700956980000,"end_time":1700957039000},{"heart_rate":63,"heart_rate_max":65,"heart_rate_min":62,"start_time":1700956920000,"end_time":1700956979000},{"heart_rate":65,"heart_rate_max":68,"heart_rate_min":64,"start_time":1700956860000,"end_time":1700956919000},{"heart_rate":64,"heart_rate_max":68,"heart_rate_min":62,"start_time":1700956800000,"end_time":1700956859000}]