[{"heart_rate":51,"heart_rate_max":53,"heart_rate_min":51,"start_time":1700924340000,"end_time":1700924399000},{"heart_rate":52,"heart_rate_max":53,"heart_rate_min":52,"start_time":1700924280000,"end_time":1700924339000},{"heart_rate":52,"heart_rate_max":55,"heart_rate_min":51,"start_time":1700924220000,"end_time":1700924279000},{"heart_rate":51,"heart_rate_max":53,"heart_rate_min":49,"start_time":1700924160000,"end_time":1700924219000},{"heart_rate":51,"heart_rate_max":52,"heart_rate_min":51,"start_time":1700924100000,"end_time":1700924159000},{"heart_rate":51,"heart_rate_max":53,"heart_rate_min":50,"start_time":1700924040000,"end_time":1700924099000},{"heart_rate":52,"heart_rate_max":53,"heart_rate_min":51,"start_time":1700923980000,"end_time":1700924039000},{"heart_rate":51,"heart_rate_max":53,"heart_rate_min":50,"start_time":1700923920000,"end_time":1700923979000},{"heart_rate":52,"heart_rate_max":53,"heart_rate_min":52,"start_time":1700923860000,"end_time":1700923919000},{"heart_rate":52,"heart_rate_max":54,"heart_rate_min":51,"start_time":1700923800000,"end_time":1700923859000},{"heart_rate":52,"heart_rate_max":54,"heart_rate_min":51,"start_time":1700923740000,"end_time":1700923799000},{"heart_rate":52,"heart_rate_max":54,"heart_rate_min":51,"start_time":1700923680000,"end_time":1700923739000},{"heart_rate":52,"heart_rate_max":55,"heart_rate_min":52,"start_time":1700923620000,"end_time":1700923679000},{"heart_rate":54,"heart_rate_max":55,"heart_rate_min":53,"start_time":1700923560000,"end_time":1700923619000},{"heart_rate":56,"heart_rate_max":59,"heart_rate_min":54,"start_time":1700923500000,"end_time":1700923559000},{"heart_rate":56,"heart_rate_max":59,"heart_rate_min":54,"start_time":1700923440000,"end_time":1700923499000},{"heart_rate":56,"heart_rate_max":58,"heart_rate_min":55,"start_time":1700923380000,"end_time":1700923439000},{"heart_rate":59,"heart_rate_max":69,"heart_rate_min":56,"start_time":1700923320000,"end_time":1700923379000},{"heart_rate":57,"heart_rate_max":58,"heart_rate_min":56,"start_time":1700923260000,"end_time":1700923319000},{"heart_rate":58,"heart_rate_max":61,"heart_rate_min":54,"start_time":1700923200000,"end_time":1700923259000},{"heart_rate":54,"heart_rate_max":58,"heart_rate_min":52,"start_time":1700923140000,"end_time":1700923199000},{"heart_rate":56,"heart_rate_max":60,"heart_rate_min":52,"start_time":1700923080000,"end_time":1700923139000},{"heart_rate":53,"heart_rate_max":57,"heart_rate_min":50,"start_time":1700923020000,"end_time":1700923079000},{"heart_rate":53,"heart_rate_max":54,"heart_rate_min":52,"start_time":1700922960000,"end_time":1700923019000},{"heart_rate":55,"heart_rate_max":58,"heart_rate_min":53,"start_time":1700922900000,"end_time":1700922959000},{"heart_rate":59,"heart_rate_max":63,"heart_rate_min":55,"start_time":1700922840000,"end_time":1700922899000},{"heart_rate":60,"heart_rate_max":64,"heart_rate_min":59,"start_time":1700922780000,"end_time":1700922839000},{"heart_rate":60,"heart_rate_max":69,"heart_rate_min":58,"start_time":1700922720000,"end_time":1700922779000},{"heart_rate":63,"heart_rate_max":72,"heart_rate_min":60,"start_time":1700922660000,"end_time":1700922719000},{"heart_rate":65,"heart_rate_max":69,"heart_rate_min":61,"start_time":1700922600000,"end_time":1700922659000},{"heart_rate":61,"heart_rate_max":70,"heart_rate_min":51,"start_time":1700922540000,"end_time":1700922599000},{"heart_rate":49,"heart_rate_max":52,"heart_rate_min":48,"start_time":1700922480000,"end_time":1700922539000},{"heart_rate":49,"heart_rate_max":51,"heart_rate_min":48,"start_time":1700922420000,"end_time":1700922479000},{"heart_rate":50,"heart_rate_max":52,"heart_rate_min":49,"start_time":1700922360000,"end_time":1700922419000},{"heart_rate":51,"heart_rate_max":55,"heart_rate_min":49,"start_time":1700922300000,"end_time":1700922359000},{"heart_rate":49,"heart_rate_max":51,"heart_rate_min":49,"start_time":1700922240000,"end_time":1700922299000},{"heart_rate":50,"heart_rate_max":52,"heart_rate_min":50,"start_time":1700922180000,"end_time":1700922239000},{"heart_rate":51,"heart_rate_max":52,"heart_rate_min":50,"start_time":1700922120000,"end_time":1700922179000},{"heart_rate":49,"heart_rate_max":51,"heart_rate_min":48,"start_time":1700922060000,"end_time":1700922119000},{"heart_rate":50,"heart_rate_max":52,"heart_rate_min":49,"start_time":1700922000000,"end_time":1700922059000},{"heart_rate":50,"heart_rate_max":52,"heart_rate_min":49,"start_time":1700921940000,"end_time":1700921999000},{"heart_rate":51,"heart_rate_max":54,"heart_rate_min":51,"start_time":1700921880000,"end_time":1700921939000},{"heart_rate":51,"heart_rate_max":53,"heart_rate_min":48,"start_time":1700921820000,"end_time":1700921879000},{"heart_rate":49,"heart_rate_max":51,"heart_rate_min":48,"start_time":1700921760000,"end_time":1700921819000},{"heart_rate":50,"heart_rate_max":52,"heart_rate_min":49,"start_time":1700921700000,"end_time":1700921759000},{"heart_rate":50,"heart_rate_max":51,"heart_rate_min":49,"start_time":1700921640000,"end_time":1700921699000},{"heart_rate":50,"heart_rate_max":51,"heart_rate_min":50,"start_time":1700921580000,"end_time":1700921639000},{"heart_rate":50,"heart_rate_max":52,"heart_rate_min":49,"start_time":1700921520000,"end_time":1700921579000},{"heart_rate":51,"heart_rate_max":52,"heart_rate_min":50,"start_time":1700921460000,"end_time":1700921519000},{"heart_rate":51,"heart_rate_max":54,"heart_rate_min":50,"start_time":1700921400000,"end_time":1700921459000},{"heart_rate":51,"heart_rate_max":54,"heart_rate_min":50,"start_time":1700921340000,"end_time":1700921399000},{"heart_rate":50,"heart_rate_max":52,"heart_rate_min":50,"start_time":1700921280000,"end_time":1700921339000},{"heart_rate":51,"heart_rate_max":53,"heart_rate_min":51,"start_time":1700921220000,"end_time":1700921279000},{"heart_rate":52,"heart_rate_max":58,"heart_rate_min":50,"start_time":1700921160000,"end_time":1700921219000},{"heart_rate":55,"heart_rate_max":58,"heart_rate_min":54,"start_time":1700921100000,"end_time":1700921159000},{"heart_rate":56,"heart_rate_max":60,"heart_rate_min":52,"start_time":1700921040000,"end_time":1700921099000},{"heart_rate":55,"heart_rate_max":59,"heart_rate_min":53,"start_time":1700920980000,"end_time":1700921039000},{"heart_rate":59,"heart_rate_max":65,"heart_rate_min":56,"start_time":1700920920000,"end_time":1700920979000},{"heart_rate":58,"heart_rate_max":60,"heart_rate_min":52,"start_time":1700920860000,"end_time":1700920919000},{"heart_rate":53,"heart_rate_max":56,"heart_rate_min":52,"start_time":1700920800000,"end_time":1700920859000}]