[{"heart_rate":55,"heart_rate_max":60,"heart_rate_min":52,"start_time":1700920740000,"end_time":1700920799000},{"heart_rate":54,"heart_rate_max":58,"heart_rate_min":52,"start_time":1700920680000,"end_time":1700920739000},{"heart_rate":56,"heart_rate_max":64,"heart_rate_min":51,"start_time":1700920620000,"end_time":1700920679000},{"heart_rate":60,"heart_rate_max":71,"heart_rate_min":56,"start_time":1700920560000,"end_time":1700920619000},{"heart_rate":58,"heart_rate_max":62,"heart_rate_min":57,"start_time":1700920500000,"end_time":1700920559000},{"heart_rate":65,"heart_rate_max":74,"heart_rate_min":63,"start_time":1700920440000,"end_time":1700920499000},{"heart_rate":79,"heart_rate_max":89,"heart_rate_min":74,"start_time":1700920380000,"end_time":1700920439000},{"heart_rate":75,"heart_rate_max":85,"heart_rate_min":71,"start_time":1700920320000,"end_time":1700920379000},{"heart_rate":58,"heart_rate_max":75,"heart_rate_min":55,"start_time":1700920260000,"end_time":1700920319000},{"heart_rate":54,"heart_rate_max":60,"heart_rate_min":53,"start_time":1700920200000,"end_time":1700920259000},{"heart_rate":55,"heart_rate_max":59,"heart_rate_min":53,"start_time":1700920140000,"end_time":1700920199000},{"heart_rate":54,"heart_rate_max":56,"heart_rate_min":53,"start_time":1700920080000,"end_time":1700920139000},{"heart_rate":55,"heart_rate_max":57,"heart_rate_min":54,"start_time":1700920020000,"end_time":1700920079000},{"heart_rate":53,"heart_rate_max":55,"heart_rate_min":52,"start_time":1700919960000,"end_time":1700920019000},{"heart_rate":56,"heart_rate_max":61,"heart_rate_min":53,"start_time":1700919900000,"end_time":1700919959000},{"heart_rate":53,"heart_rate_max":55,"heart_rate_min":53,"start_time":1700919840000,"end_time":1700919899000},{"heart_rate":54,"heart_rate_max":60,"heart_rate_min":52,"start_time":1700919780000,"end_time":1700919839000},{"heart_rate":57,"heart_rate_max":58,"heart_rate_min":56,"start_time":1700919720000,"end_time":1700919779000},{"heart_rate":65,"heart_rate_max":70,"heart_rate_min":61,"start_time":1700919660000,"end_time":1700919719000},{"heart_rate":73,"heart_rate_max":79,"heart_rate_min":65,"start_time":1700919600000,"end_time":1700919659000},{"heart_rate":77,"heart_rate_max":84,"heart_rate_min":74,"start_time":1700919540000,"end_time":1700919599000},{"heart_rate":65,"heart_rate_max":81,"heart_rate_min":62,"start_time":1700919480000,"end_time":1700919539000},{"heart_rate":63,"heart_rate_max":67,"heart_rate_min":62,"start_time":1700919420000,"end_time":1700919479000},{"heart_rate":64,"heart_rate_max":67,"heart_rate_min":63,"start_time":1700919360000,"end_time":1700919419000},{"heart_rate":74,"heart_rate_max":81,"heart_rate_min":65,"start_time":1700919300000,"end_time":1700919359000},{"heart_rate":64,"heart_rate_max":70,"heart_rate_min":58,"start_time":1700919240000,"end_time":1700919299000},{"heart_rate":70,"heart_rate_max":84,"heart_rate_min":65,"start_time":1700919180000,"end_time":1700919239000}]