[{"heart_rate":75,"heart_rate_max":87,"heart_rate_min":69,"start_time":1700798340000,"end_time":1700798399000},{"heart_rate":68,"heart_rate_max":73,"heart_rate_min":64,"start_time":1700798280000,"end_time":1700798339000},{"heart_rate":66,"heart_rate_max":70,"heart_rate_min":63,"start_time":1700798220000,"end_time":1700798279000},{"heart_rate":66,"heart_rate_max":69,"heart_rate_min":62,"start_time":1700798160000,"end_time":1700798219000},{"heart_rate":65,"heart_rate_max":69,"heart_rate_min":62,"start_time":1700798100000,"end_time":1700798159000},{"heart_rate":66,"heart_rate_max":73,"heart_rate_min":60,"start_time":1700798040000,"end_time":1700798099000},{"heart_rate":66,"heart_rate_max":69,"heart_rate_min":66,"start_time":1700797980000,"end_time":1700798039000},{"heart_rate":68,"heart_rate_max":72,"heart_rate_min":66,"start_time":1700797920000,"end_time":1700797979000},{"heart_rate":68,"heart_rate_max":71,"heart_rate_min":66,"start_time":1700797860000,"end_time":1700797919000},{"heart_rate":67,"heart_rate_max":70,"heart_rate_min":65,"start_time":1700797800000,"end_time":1700797859000},{"heart_rate":65,"heart_rate_max":68,"heart_rate_min":63,"start_time":1700797740000,"end_time":1700797799000},{"heart_rate":65,"heart_rate_max":77,"heart_rate_min":60,"start_time":1700797680000,"end_time":1700797739000},{"heart_rate":63,"heart_rate_max":67,"heart_rate_min":61,"start_time":1700797620000,"end_time":1700797679000},{"heart_rate":68,"heart_rate_max":73,"heart_rate_min":65,"start_time":1700797560000,"end_time":1700797619000},{"heart_rate":72,"heart_rate_max":78,"heart_rate_min":68,"start_time":1700797500000,"end_time":1700797559000},{"heart_rate":64,"heart_rate_max":69,"heart_rate_min":60,"start_time":1700797440000,"end_time":1700797499000},{"heart_rate":62,"heart_rate_max":64,"heart_rate_min":60,"start_time":1700797380000,"end_time":1700797439000},{"heart_rate":64,"heart_rate_max":68,"heart_rate_min":59,"start_time":1700797320000,"end_time":1700797379000},{"heart_rate":71,"heart_rate_max":81,"heart_rate_min":65,"start_time":1700797260000,"end_time":1700797319000},{"heart_rate":73,"heart_rate_max":82,"heart_rate_min":67,"start_time":1700797200000,"end_time":1700797259000},{"heart_rate":73,"heart_rate_max":77,"heart_rate_min":69,"start_time":1700797140000,"end_time":1700797199000},{"heart_rate":71,"heart_rate_max":79,"heart_rate_min":66,"start_time":1700797080000,"end_time":1700797139000},{"heart_rate":66,"heart_rate_max":70,"heart_rate_min":65,"start_time":1700797020000,"end_time":1700797079000},{"heart_rate":67,"heart_rate_max":73,"heart_rate_min":63,"start_time":1700796960000,"end_time":1700797019000},{"heart_rate":65,"heart_rate_max":70,"heart_rate_min":62,"start_time":1700796900000,"end_time":1700796959000},{"heart_rate":63,"heart_rate_max":69,"heart_rate_min":57,"start_time":1700796840000,"end_time":1700796899000},{"heart_rate":62,"heart_rate_max":66,"heart_rate_min":60,"start_time":1700796780000,"end_time":1700796839000},{"heart_rate":65,"heart_rate_max":69,"heart_rate_min":62,"start_time":1700796720000,"end_time":1700796779000},{"heart_rate":68,"heart_rate_max":77,"heart_rate_min":62,"start_time":1700796660000,"end_time":1700796719000},{"heart_rate":68,"heart_rate_max":79,"heart_rate_min":64,"start_time":1700796600000,"end_time":1700796659000},{"heart_rate":63,"heart_rate_max":66,"heart_rate_min":63,"start_time":1700796540000,"end_time":1700796599000},{"heart_rate":65,"heart_rate_max":70,"heart_rate_min":63,"start_time":1700796480000,"end_time":1700796539000},{"heart_rate":67,"heart_rate_max":72,"heart_rate_min":64,"start_time":1700796420000,"end_time":1700796479000},{"heart_rate":68,"heart_rate_max":72,"heart_rate_min":65,"start_time":1700796360000,"end_time":1700796419000},{"heart_rate":66,"heart_rate_max":69,"heart_rate_min":64,"start_time":1700796300000,"end_time":1700796359000},{"heart_rate":64,"heart_rate_max":70,"heart_rate_min":58,"start_time":1700796240000,"end_time":1700796299000},{"heart_rate":70,"heart_rate_max":75,"heart_rate_min":68,"start_time":1700796180000,"end_time":1700796239000},{"heart_rate":67,"heart_rate_max":70,"heart_rate_min":64,"start_time":1700796120000,"end_time":1700796179000},{"heart_rate":66,"heart_rate_max":70,"heart_rate_min":64,"start_time":1700796060000,"end_time":1700796119000},{"heart_rate":67,"heart_rate_max":70,"heart_rate_min":65,"start_time":1700796000000,"end_time":1700796059000},{"heart_rate":67,"heart_rate_max":70,"heart_rate_min":65,"start_time":1700795940000,"end_time":1700795999000},{"heart_rate":69,"heart_rate_max":74,"heart_rate_min":63,"start_time":1700795880000,"end_time":1700795939000},{"heart_rate":68,"heart_rate_max":72,"heart_rate_min":65,"start_time":1700795820000,"end_time":1700795879000},{"heart_rate":68,"heart_rate_max":70,"heart_rate_min":67,"start_time":1700795760000,"end_time":1700795819000},{"heart_rate":72,"heart_rate_max":83,"heart_rate_min":67,"start_time":1700795700000,"end_time":1700795759000},{"heart_rate":69,"heart_rate_max":72,"heart_rate_min":68,"start_time":1700795640000,"end_time":1700795699000},{"heart_rate":70,"heart_rate_max":77,"heart_rate_min":67,"start_time":1700795580000,"end_time":1700795639000},{"heart_rate":78,"heart_rate_max":82,"heart_rate_min":76,"start_time":1700795520000,"end_time":1700795579000},{"heart_rate":87,"heart_rate_max":91,"heart_rate_min":83,"start_time":1700795460000,"end_time":1700795519000},{"heart_rate":77,"heart_rate_max":82,"heart_rate_min":73,"start_time":1700795400000,"end_time":1700795459000},{"heart_rate":79,"heart_rate_max":86,"heart_rate_min":76,"start_time":1700795340000,"end_time":1700795399000},{"heart_rate":79,"heart_rate_max":87,"heart_rate_min":72,"start_time":1700795280000,"end_time":1700795339000},{"heart_rate":77,"heart_rate_max":85,"heart_rate_min":73,"start_time":1700795220000,"end_time":1700795279000},{"heart_rate":74,"heart_rate_max":79,"heart_rate_min":69,"start_time":1700795160000,"end_time":1700795219000},{"heart_rate":72,"heart_rate_max":72,"heart_rate_min":72,"start_time":1700795100000,"end_time":1700795159000},{"heart_rate":78,"heart_rate_max":83,"heart_rate_min":73,"start_time":1700795040000,"end_time":1700795099000},{"heart_rate":74,"heart_rate_max":82,"heart_rate_min":70,"start_time":1700794980000,"end_time":1700795039000},{"heart_rate":73,"heart_rate_max":80,"heart_rate_min":70,"start_time":1700794920000,"end_time":1700794979000},{"heart_rate":70,"heart_rate_max":73,"heart_rate_min":68,"start_time":1700794860000,"end_time":1700794919000},{"heart_rate":70,"heart_rate_max":76,"heart_rate_min":68,"start_time":1700794800000,"end_time":1700794859000}]