[{"elapsed_time":961,"segment":1,"source_type":4,"start_time":1700864000711},{"elapsed_time":1961,"segment":1,"source_type":4,"start_time":1700864001711},{"elapsed_time":2961,"segment":1,"source_type":4,"start_time":1700864002711},{"elapsed_time":3961,"segment":1,"source_type":4,"start_time":1700864003711},{"elapsed_time":4961,"segment":1,"source_type":4,"start_time":1700864004711},{"elapsed_time":5961,"segment":1,"source_type":4,"start_time":1700864005711},{"elapsed_time":6961,"segment":1,"source_type":4,"start_time":1700864006711},{"elapsed_time":7961,"segment":1,"source_type":4,"start_time":1700864007711},{"elapsed_time":8961,"segment":1,"source_type":4,"start_time":1700864008711},{"elapsed_time":9961,"segment":1,"source_type":4,"start_time":1700864009711},{"elapsed_time":10961,"segment":1,"source_type":4,"start_time":1700864010711},{"elapsed_time":11960,"segment":1,"source_type":4,"start_time":1700864011710},{"elapsed_time":12961,"segment":1,"source_type":4,"start_time":1700864012711},{"elapsed_time":13961,"segment":1,"source_type":4,"start_time":1700864013711},{"elapsed_time":14961,"segment":1,"source_type":4,"start_time":1700864014711},{"elapsed_time":15961,"segment":1,"source_type":4,"start_time":1700864015711},{"elapsed_time":16961,"segment":1,"source_type":4,"start_time":1700864016711},{"elapsed_time":17961,"segment":1,"source_type":4,"start_time":1700864017711},{"elapsed_time":18961,"segment":1,"source_type":4,"start_time":1700864018711},{"elapsed_time":19961,"segment":1,"source_type":4,"start_time":1700864019711},{"elapsed_time":20961,"segment":1,"source_type":4,"start_time":1700864020711},{"elapsed_time":21961,"segment":1,"source_type":4,"start_time":1700864021711},{"elapsed_time":22961,"segment":1,"source_type":4,"start_time":1700864022711},{"elapsed_time":23961,"segment":1,"source_type":4,"start_time":1700864023711},{"elapsed_time":24961,"segment":1,"source_type":4,"start_time":1700864024711},{"elapsed_time":25961,"segment":1,"source_type":4,"start_time":1700864025711},{"elapsed_time":26961,"segment":1,"source_type":4,"start_time":1700864026711},{"elapsed_time":27961,"segment":1,"source_type":4,"start_time":1700864027711},{"elapsed_time":28962,"segment":1,"source_type":4,"start_time":1700864028712},{"elapsed_time":29961,"segment":1,"source_type":4,"start_time":1700864029711},{"elapsed_time":30961,"segment":1,"source_type":4,"start_time":1700864030711},{"elapsed_time":31961,"segment":1,"source_type":4,"start_time":1700864031711},{"elapsed_time":32961,"segment":1,"source_type":4,"start_time":1700864032711},{"elapsed_time":33961,"segment":1,"source_type":4,"start_time":1700864033711},{"elapsed_time":34961,"segment":1,"source_type":4,"start_time":1700864034711},{"elapsed_time":35960,"segment":1,"source_type":4,"start_time":1700864035710},{"elapsed_time":36961,"segment":1,"source_type":4,"start_time":1700864036711},{"elapsed_time":37961,"segment":1,"source_type":4,"start_time":1700864037711},{"elapsed_time":38961,"segment":1,"source_type":4,"start_time":1700864038711},{"elapsed_time":39961,"segment":1,"source_type":4,"start_time":1700864039711},{"elapsed_time":40961,"segment":1,"source_type":4,"start_time":1700864040711},{"elapsed_time":41961,"segment":1,"source_type":4,"start_time":1700864041711},{"elapsed_time":42961,"segment":1,"source_type":4,"start_time":1700864042711},{"elapsed_time":43961,"segment":1,"source_type":4,"start_time":1700864043711},{"elapsed_time":44961,"segment":1,"source_type":4,"start_time":1700864044711},{"elapsed_time":45961,"segment":1,"source_type":4,"start_time":1700864045711},{"elapsed_time":46961,"segment":1,"source_type":4,"start_time":1700864046711},{"elapsed_time":47961,"segment":1,"source_type":4,"start_time":1700864047711},{"elapsed_time":48961,"segment":1,"source_type":4,"start_time":1700864048711},{"elapsed_time":49961,"segment":1,"source_type":4,"start_time":1700864049711},{"elapsed_time":50961,"segment":1,"source_type":4,"start_time":1700864050711},{"elapsed_time":51961,"segment":1,"source_type":4,"start_time":1700864051711},{"elapsed_time":52960,"segment":1,"source_type":4,"start_time":1700864052710},{"elapsed_time":53961,"segment":1,"source_type":4,"start_time":1700864053711},{"elapsed_time":54961,"segment":1,"source_type":4,"start_time":1700864054711},{"elapsed_time":55961,"segment":1,"source_type":4,"start_time":1700864055711},{"elapsed_time":56961,"segment":1,"source_type":4,"start_time":1700864056711},{"elapsed_time":57961,"segment":1,"source_type":4,"start_time":1700864057711},{"elapsed_time":58961,"segment":1,"source_type":4,"start_time":1700864058711},{"elapsed_time":59961,"segment":1,"source_type":4,"start_time":1700864059711},{"elapsed_time":60961,"segment":1,"source_type":4,"start_time":1700864060711},{"elapsed_time":61961,"segment":1,"source_type":4,"start_time":1700864061711},{"elapsed_time":62961,"segment":1,"source_type":4,"start_time":1700864062711},{"elapsed_time":63961,"segment":1,"source_type":4,"start_time":1700864063711},{"elapsed_time":64961,"segment":1,"source_type":4,"start_time":1700864064711},{"elapsed_time":65961,"segment":1,"source_type":4,"start_time":1700864065711},{"elapsed_time":66961,"segment":1,"source_type":4,"start_time":1700864066711},{"elapsed_time":67962,"segment":1,"source_type":4,"start_time":1700864067712},{"elapsed_time":68961,"segment":1,"source_type":4,"start_time":1700864068711},{"elapsed_time":69961,"segment":1,"source_type":4,"start_time":1700864069711},{"elapsed_time":70961,"segment":1,"source_type":4,"start_time":1700864070711},{"elapsed_time":71961,"segment":1,"source_type":4,"start_time":1700864071711},{"elapsed_time":72961,"segment":1,"source_type":4,"start_time":1700864072711},{"elapsed_time":73961,"segment":1,"source_type":4,"start_time":1700864073711},{"elapsed_time":74961,"segment":1,"source_type":4,"start_time":1700864074711},{"elapsed_time":75961,"segment":1,"source_type":4,"start_time":1700864075711},{"elapsed_time":76961,"segment":1,"source_type":4,"start_time":1700864076711},{"elapsed_time":77961,"segment":1,"source_type":4,"start_time":1700864077711},{"elapsed_time":78961,"segment":1,"source_type":4,"start_time":1700864078711},{"elapsed_time":79961,"segment":1,"source_type":4,"start_time":1700864079711},{"elapsed_time":80961,"segment":1,"source_type":4,"start_time":1700864080711},{"elapsed_time":81961,"segment":1,"source_type":4,"start_time":1700864081711},{"elapsed_time":82961,"segment":1,"source_type":4,"start_time":1700864082711},{"elapsed_time":83961,"segment":1,"source_type":4,"start_time":1700864083711},{"elapsed_time":84961,"segment":1,"source_type":4,"start_time":1700864084711},{"elapsed_time":85961,"segment":1,"source_type":4,"start_time":1700864085711},{"elapsed_time":86961,"segment":1,"source_type":4,"start_time":1700864086711},{"elapsed_time":87961,"segment":1,"source_type":4,"start_time":1700864087711},{"elapsed_time":88961,"segment":1,"source_type":4,"start_time":1700864088711},{"elapsed_time":89961,"segment":1,"source_type":4,"start_time":1700864089711},{"elapsed_time":90961,"segment":1,"source_type":4,"start_time":1700864090711},{"elapsed_time":91961,"segment":1,"source_type":4,"start_time":1700864091711},{"elapsed_time":92961,"segment":1,"source_type":4,"start_time":1700864092711},{"elapsed_time":93961,"segment":1,"source_type":4,"start_time":1700864093711},{"elapsed_time":94962,"segment":1,"source_type":4,"start_time":1700864094712},{"elapsed_time":95961,"segment":1,"source_type":4,"start_time":1700864095711},{"elapsed_time":96961,"segment":1,"source_type":4,"start_time":1700864096711},{"elapsed_time":97961,"segment":1,"source_type":4,"start_time":1700864097711},{"elapsed_time":98961,"segment":1,"source_type":4,"start_time":1700864098711},{"elapsed_time":99961,"segment":1,"source_type":4,"start_time":1700864099711},{"elapsed_time":100961,"segment":1,"source_type":4,"start_time":1700864100711},{"elapsed_time":101961,"segment":1,"source_type":4,"start_time":1700864101711},{"elapsed_time":102961,"segment":1,"source_type":4,"start_time":1700864102711},{"elapsed_time":103961,"segment":1,"source_type":4,"start_time":1700864103711},{"elapsed_time":104961,"segment":1,"source_type":4,"start_time":1700864104711},{"elapsed_time":105962,"segment":1,"source_type":4,"start_time":1700864105712},{"elapsed_time":106961,"segment":1,"source_type":4,"start_time":1700864106711},{"elapsed_time":107961,"segment":1,"source_type":4,"start_time":1700864107711},{"elapsed_time":108961,"segment":1,"source_type":4,"start_time":1700864108711},{"elapsed_time":109961,"segment":1,"source_type":4,"start_time":1700864109711},{"elapsed_time":110961,"segment":1,"source_type":4,"start_time":1700864110711},{"elapsed_time":111961,"segment":1,"source_type":4,"start_time":1700864111711},{"elapsed_time":112961,"segment":1,"source_type":4,"start_time":1700864112711},{"elapsed_time":113961,"segment":1,"source_type":4,"start_time":1700864113711},{"elapsed_time":114961,"segment":1,"source_type":4,"start_time":1700864114711},{"elapsed_time":115961,"segment":1,"source_type":4,"start_time":1700864115711},{"elapsed_time":116961,"segment":1,"source_type":4,"start_time":1700864116711},{"elapsed_time":117961,"segment":1,"source_type":4,"start_time":1700864117711},{"elapsed_time":118961,"segment":1,"source_type":4,"start_time":1700864118711},{"elapsed_time":119961,"segment":1,"source_type":4,"start_time":1700864119711},{"elapsed_time":120961,"segment":1,"source_type":4,"start_time":1700864120711},{"elapsed_time":121961,"segment":1,"source_type":4,"start_time":1700864121711},{"elapsed_time":122961,"segment":1,"source_type":4,"start_time":1700864122711},{"elapsed_time":123961,"segment":1,"source_type":4,"start_time":1700864123711},{"elapsed_time":124961,"segment":1,"source_type":4,"start_time":1700864124711},{"elapsed_time":125961,"segment":1,"source_type":4,"start_time":1700864125711},{"elapsed_time":126961,"segment":1,"source_type":4,"start_time":1700864126711},{"elapsed_time":127961,"segment":1,"source_type":4,"start_time":1700864127711},{"elapsed_time":128961,"segment":1,"source_type":4,"start_time":1700864128711},{"elapsed_time":129961,"segment":1,"source_type":4,"start_time":1700864129711},{"elapsed_time":130961,"segment":1,"source_type":4,"start_time":1700864130711},{"elapsed_time":131960,"segment":1,"source_type":4,"start_time":1700864131710},{"elapsed_time":132961,"segment":1,"source_type":4,"start_time":1700864132711},{"elapsed_time":133961,"segment":1,"source_type":4,"start_time":1700864133711},{"elapsed_time":134961,"segment":1,"source_type":4,"start_time":1700864134711},{"elapsed_time":135961,"segment":1,"source_type":4,"start_time":1700864135711},{"elapsed_time":136961,"segment":1,"source_type":4,"start_time":1700864136711},{"elapsed_time":137961,"segment":1,"source_type":4,"start_time":1700864137711},{"elapsed_time":138961,"segment":1,"source_type":4,"start_time":1700864138711},{"elapsed_time":139961,"segment":1,"source_type":4,"start_time":1700864139711},{"elapsed_time":140961,"segment":1,"source_type":4,"start_time":1700864140711},{"elapsed_time":141961,"segment":1,"source_type":4,"start_time":1700864141711},{"elapsed_time":142961,"segment":1,"source_type":4,"start_time":1700864142711},{"elapsed_time":143961,"segment":1,"source_type":4,"start_time":1700864143711},{"elapsed_time":144961,"segment":1,"source_type":4,"start_time":1700864144711},{"elapsed_time":145961,"segment":1,"source_type":4,"start_time":1700864145711},{"elapsed_time":146961,"segment":1,"source_type":4,"start_time":1700864146711},{"elapsed_time":164245,"segment":1,"source_type":4,"start_time":1700864163995},{"elapsed_time":165245,"segment":1,"source_type":4,"start_time":1700864164995},{"elapsed_time":166245,"segment":1,"source_type":4,"start_time":1700864165995},{"elapsed_time":167245,"segment":1,"source_type":4,"start_time":1700864166995},{"elapsed_time":168245,"segment":1,"source_type":4,"start_time":1700864167995},{"elapsed_time":169245,"segment":1,"source_type":4,"start_time":1700864168995},{"elapsed_time":170245,"segment":1,"source_type":4,"start_time":1700864169995},{"elapsed_time":171245,"segment":1,"source_type":4,"start_time":1700864170995},{"elapsed_time":172245,"segment":1,"source_type":4,"start_time":1700864171995},{"elapsed_time":173245,"segment":1,"source_type":4,"start_time":1700864172995},{"elapsed_time":174245,"segment":1,"source_type":4,"start_time":1700864173995},{"elapsed_time":175245,"segment":1,"source_type":4,"start_time":1700864174995},{"elapsed_time":176245,"segment":1,"source_type":4,"start_time":1700864175995},{"elapsed_time":177245,"segment":1,"source_type":4,"start_time":1700864176995},{"elapsed_time":178245,"segment":1,"source_type":4,"start_time":1700864177995},{"elapsed_time":179245,"segment":1,"source_type":4,"start_time":1700864178995},{"elapsed_time":180245,"segment":1,"source_type":4,"start_time":1700864179995},{"elapsed_time":181245,"segment":1,"source_type":4,"start_time":1700864180995},{"elapsed_time":182245,"segment":1,"source_type":4,"start_time":1700864181995},{"elapsed_time":183245,"segment":1,"source_type":4,"start_time":1700864182995},{"elapsed_time":184245,"segment":1,"source_type":4,"start_time":1700864183995},{"elapsed_time":185245,"segment":1,"source_type":4,"start_time":1700864184995},{"elapsed_time":186245,"segment":1,"source_type":4,"start_time":1700864185995},{"elapsed_time":187245,"segment":1,"source_type":4,"start_time":1700864186995},{"elapsed_time":188245,"segment":1,"source_type":4,"start_time":1700864187995},{"elapsed_time":189245,"segment":1,"source_type":4,"start_time":1700864188995},{"elapsed_time":190245,"segment":1,"source_type":4,"start_time":1700864189995},{"elapsed_time":191245,"segment":1,"source_type":4,"start_time":1700864190995},{"elapsed_time":192245,"segment":1,"source_type":4,"start_time":1700864191995},{"elapsed_time":193245,"segment":1,"source_type":4,"start_time":1700864192995},{"elapsed_time":194245,"segment":1,"source_type":4,"start_time":1700864193995},{"elapsed_time":195245,"segment":1,"source_type":4,"start_time":1700864194995},{"elapsed_time":196245,"segment":1,"source_type":4,"start_time":1700864195995},{"elapsed_time":197245,"segment":1,"source_type":4,"start_time":1700864196995},{"elapsed_time":198245,"segment":1,"source_type":4,"start_time":1700864197995},{"elapsed_time":199245,"segment":1,"source_type":4,"start_time":1700864198995},{"elapsed_time":200245,"segment":1,"source_type":4,"start_time":1700864199995},{"elapsed_time":201245,"segment":1,"source_type":4,"start_time":1700864200995},{"elapsed_time":202245,"segment":1,"source_type":4,"start_time":1700864201995},{"elapsed_time":203245,"segment":1,"source_type":4,"start_time":1700864202995},{"elapsed_time":204245,"segment":1,"source_type":4,"start_time":1700864203995},{"elapsed_time":205245,"segment":1,"source_type":4,"start_time":1700864204995},{"elapsed_time":206245,"segment":1,"source_type":4,"start_time":1700864205995},{"elapsed_time":207245,"segment":1,"source_type":4,"start_time":1700864206995},{"elapsed_time":208245,"segment":1,"source_type":4,"start_time":1700864207995},{"elapsed_time":209245,"segment":1,"source_type":4,"start_time":1700864208995},{"elapsed_time":210245,"segment":1,"source_type":4,"start_time":1700864209995},{"elapsed_time":211245,"segment":1,"source_type":4,"start_time":1700864210995},{"elapsed_time":212245,"segment":1,"source_type":4,"start_time":1700864211995},{"elapsed_time":213245,"segment":1,"source_type":4,"start_time":1700864212995},{"elapsed_time":214245,"segment":1,"source_type":4,"start_time":1700864213995},{"elapsed_time":215245,"segment":1,"source_type":4,"start_time":1700864214995},{"elapsed_time":216245,"segment":1,"source_type":4,"start_time":1700864215995},{"elapsed_time":217245,"segment":1,"source_type":4,"start_time":1700864216995},{"elapsed_time":218245,"segment":1,"source_type":4,"start_time":1700864217995},{"elapsed_time":219245,"segment":1,"source_type":4,"start_time":1700864218995},{"elapsed_time":220245,"segment":1,"source_type":4,"start_time":1700864219995},{"elapsed_time":221245,"segment":1,"source_type":4,"start_time":1700864220995},{"elapsed_time":222245,"segment":1,"source_type":4,"start_time":1700864221995},{"elapsed_time":223245,"segment":1,"source_type":4,"start_time":1700864222995},{"elapsed_time":224245,"segment":1,"source_type":4,"start_time":1700864223995},{"elapsed_time":225245,"segment":1,"source_type":4,"start_time":1700864224995},{"elapsed_time":226245,"segment":1,"source_type":4,"start_time":1700864225995},{"elapsed_time":227245,"segment":1,"source_type":4,"start_time":1700864226995},{"elapsed_time":228245,"segment":1,"source_type":4,"start_time":1700864227995},{"elapsed_time":229245,"segment":1,"source_type":4,"start_time":1700864228995},{"elapsed_time":230245,"segment":1,"source_type":4,"start_time":1700864229995},{"elapsed_time":231245,"segment":1,"source_type":4,"start_time":1700864230995},{"elapsed_time":232245,"segment":1,"source_type":4,"start_time":1700864231995},{"elapsed_time":233245,"segment":1,"source_type":4,"start_time":1700864232995},{"elapsed_time":234245,"segment":1,"source_type":4,"start_time":1700864233995},{"elapsed_time":235245,"segment":1,"source_type":4,"start_time":1700864234995},{"elapsed_time":236245,"segment":1,"source_type":4,"start_time":1700864235995},{"elapsed_time":237245,"segment":1,"source_type":4,"start_time":1700864236995},{"elapsed_time":238245,"segment":1,"source_type":4,"start_time":1700864237995},{"elapsed_time":239245,"segment":1,"source_type":4,"start_time":1700864238995},{"elapsed_time":240245,"segment":1,"source_type":4,"start_time":1700864239995},{"elapsed_time":241245,"segment":1,"source_type":4,"start_time":1700864240995},{"elapsed_time":242245,"segment":1,"source_type":4,"start_time":1700864241995},{"elapsed_time":243245,"segment":1,"source_type":4,"start_time":1700864242995},{"elapsed_time":244245,"segment":1,"source_type":4,"start_time":1700864243995},{"elapsed_time":245245,"segment":1,"source_type":4,"start_time":1700864244995},{"elapsed_time":246245,"segment":1,"source_type":4,"start_time":1700864245995},{"elapsed_time":247245,"segment":1,"source_type":4,"start_time":1700864246995},{"elapsed_time":248245,"segment":1,"source_type":4,"start_time":1700864247995},{"elapsed_time":249245,"segment":1,"source_type":4,"start_time":1700864248995},{"elapsed_time":250245,"segment":1,"source_type":4,"start_time":1700864249995},{"elapsed_time":251245,"segment":1,"source_type":4,"start_time":1700864250995},{"elapsed_time":252245,"segment":1,"source_type":4,"start_time":1700864251995},{"elapsed_time":253245,"segment":1,"source_type":4,"start_time":1700864252995},{"elapsed_time":254245,"segment":1,"source_type":4,"start_time":1700864253995},{"elapsed_time":255245,"segment":1,"source_type":4,"start_time":1700864254995},{"elapsed_time":256245,"segment":1,"source_type":4,"start_time":1700864255995},{"elapsed_time":257245,"segment":1,"source_type":4,"start_time":1700864256995},{"elapsed_time":258245,"segment":1,"source_type":4,"start_time":1700864257995},{"elapsed_time":259245,"segment":1,"source_type":4,"start_time":1700864258995},{"elapsed_time":260245,"segment":1,"source_type":4,"start_time":1700864259995},{"elapsed_time":261245,"segment":1,"source_type":4,"start_time":1700864260995},{"elapsed_time":262245,"segment":1,"source_type":4,"start_time":1700864261995},{"elapsed_time":263245,"segment":1,"source_type":4,"start_time":1700864262995},{"elapsed_time":264245,"segment":1,"source_type":4,"start_time":1700864263995},{"elapsed_time":265245,"segment":1,"source_type":4,"start_time":1700864264995},{"elapsed_time":266245,"segment":1,"source_type":4,"start_time":1700864265995},{"elapsed_time":267245,"segment":1,"source_type":4,"start_time":1700864266995},{"elapsed_time":268245,"segment":1,"source_type":4,"start_time":1700864267995},{"elapsed_time":269245,"segment":1,"source_type":4,"start_time":1700864268995},{"elapsed_time":270245,"segment":1,"source_type":4,"start_time":1700864269995},{"elapsed_time":271245,"segment":1,"source_type":4,"start_time":1700864270995},{"elapsed_time":272245,"segment":1,"source_type":4,"start_time":1700864271995},{"elapsed_time":273245,"segment":1,"source_type":4,"start_time":1700864272995},{"elapsed_time":274245,"segment":1,"source_type":4,"start_time":1700864273995},{"elapsed_time":275245,"segment":1,"source_type":4,"start_time":1700864274995},{"elapsed_time":276245,"segment":1,"source_type":4,"start_time":1700864275995},{"elapsed_time":277245,"segment":1,"source_type":4,"start_time":1700864276995},{"elapsed_time":278245,"segment":1,"source_type":4,"start_time":1700864277995},{"elapsed_time":279245,"segment":1,"source_type":4,"start_time":1700864278995},{"elapsed_time":280245,"segment":1,"source_type":4,"start_time":1700864279995},{"elapsed_time":281245,"segment":1,"source_type":4,"start_time":1700864280995},{"elapsed_time":282245,"segment":1,"source_type":4,"start_time":1700864281995},{"elapsed_time":283245,"segment":1,"source_type":4,"start_time":1700864282995},{"elapsed_time":283245,"segment":1,"source_type":4,"start_time":1700864282995},{"elapsed_time":284245,"segment":1,"source_type":4,"start_time":1700864283995},{"elapsed_time":285245,"segment":1,"source_type":4,"start_time":1700864284995},{"elapsed_time":286245,"segment":1,"source_type":4,"start_time":1700864285995},{"elapsed_time":287245,"segment":1,"source_type":4,"start_time":1700864286995},{"elapsed_time":288245,"segment":1,"source_type":4,"start_time":1700864287995},{"elapsed_time":289245,"segment":1,"source_type":4,"start_time":1700864288995},{"elapsed_time":290245,"segment":1,"source_type":4,"start_time":1700864289995},{"elapsed_time":291245,"segment":1,"source_type":4,"start_time":1700864290995},{"elapsed_time":292245,"segment":1,"source_type":4,"start_time":1700864291995},{"elapsed_time":293245,"segment":1,"source_type":4,"start_time":1700864292995},{"elapsed_time":294245,"segment":1,"source_type":4,"start_time":1700864293995},{"elapsed_time":295245,"segment":1,"source_type":4,"start_time":1700864294995},{"elapsed_time":296245,"segment":1,"source_type":4,"start_time":1700864295995},{"elapsed_time":297245,"segment":1,"source_type":4,"start_time":1700864296995},{"elapsed_time":298245,"segment":1,"source_type":4,"start_time":1700864297995},{"elapsed_time":299245,"segment":1,"source_type":4,"start_time":1700864298995},{"elapsed_time":300245,"segment":1,"source_type":4,"start_time":1700864299995},{"elapsed_time":301245,"segment":1,"source_type":4,"start_time":1700864300995},{"elapsed_time":302245,"segment":1,"source_type":4,"start_time":1700864301995},{"elapsed_time":303245,"segment":1,"source_type":4,"start_time":1700864302995},{"elapsed_time":304245,"segment":1,"source_type":4,"start_time":1700864303995},{"elapsed_time":305245,"segment":1,"source_type":4,"start_time":1700864304995},{"elapsed_time":306245,"segment":1,"source_type":4,"start_time":1700864305995},{"elapsed_time":307245,"segment":1,"source_type":4,"start_time":1700864306995},{"elapsed_time":308245,"segment":1,"source_type":4,"start_time":1700864307995},{"elapsed_time":309245,"segment":1,"source_type":4,"start_time":1700864308995},{"elapsed_time":310245,"segment":1,"source_type":4,"start_time":1700864309995},{"elapsed_time":311245,"segment":1,"source_type":4,"start_time":1700864310995},{"elapsed_time":312245,"segment":1,"source_type":4,"start_time":1700864311995},{"elapsed_time":313245,"segment":1,"source_type":4,"start_time":1700864312995},{"elapsed_time":314245,"segment":1,"source_type":4,"start_time":1700864313995},{"elapsed_time":315245,"segment":1,"source_type":4,"start_time":1700864314995},{"elapsed_time":316245,"segment":1,"source_type":4,"start_time":1700864315995},{"elapsed_time":317245,"segment":1,"source_type":4,"start_time":1700864316995},{"elapsed_time":318245,"segment":1,"source_type":4,"start_time":1700864317995},{"elapsed_time":319245,"segment":1,"source_type":4,"start_time":1700864318995},{"elapsed_time":320245,"segment":1,"source_type":4,"start_time":1700864319995},{"elapsed_time":321245,"segment":1,"source_type":4,"start_time":1700864320995},{"elapsed_time":322245,"segment":1,"source_type":4,"start_time":1700864321995},{"elapsed_time":323245,"segment":1,"source_type":4,"start_time":1700864322995},{"elapsed_time":324245,"segment":1,"source_type":4,"start_time":1700864323995},{"elapsed_time":325245,"segment":1,"source_type":4,"start_time":1700864324995},{"elapsed_time":326245,"segment":1,"source_type":4,"start_time":1700864325995},{"elapsed_time":327245,"segment":1,"source_type":4,"start_time":1700864326995},{"elapsed_time":328245,"segment":1,"source_type":4,"start_time":1700864327995},{"elapsed_time":329245,"segment":1,"source_type":4,"start_time":1700864328995},{"elapsed_time":330245,"segment":1,"source_type":4,"start_time":1700864329995},{"elapsed_time":331245,"segment":1,"source_type":4,"start_time":1700864330995},{"elapsed_time":332245,"segment":1,"source_type":4,"start_time":1700864331995},{"elapsed_time":333245,"segment":1,"source_type":4,"start_time":1700864332995},{"elapsed_time":334245,"segment":1,"source_type":4,"start_time":1700864333995},{"elapsed_time":335245,"segment":1,"source_type":4,"start_time":1700864334995},{"elapsed_time":336245,"segment":1,"source_type":4,"start_time":1700864335995},{"elapsed_time":337245,"segment":1,"source_type":4,"start_time":1700864336995},{"elapsed_time":338245,"segment":1,"source_type":4,"start_time":1700864337995},{"elapsed_time":339245,"segment":1,"source_type":4,"start_time":1700864338995},{"elapsed_time":340245,"segment":1,"source_type":4,"start_time":1700864339995},{"elapsed_time":341245,"segment":1,"source_type":4,"start_time":1700864340995},{"elapsed_time":342245,"segment":1,"source_type":4,"start_time":1700864341995},{"elapsed_time":343245,"segment":1,"source_type":4,"start_time":1700864342995},{"elapsed_time":344245,"segment":1,"source_type":4,"start_time":1700864343995},{"elapsed_time":345245,"segment":1,"source_type":4,"start_time":1700864344995},{"elapsed_time":346245,"segment":1,"source_type":4,"start_time":1700864345995},{"elapsed_time":347245,"segment":1,"source_type":4,"start_time":1700864346995},{"elapsed_time":348245,"segment":1,"source_type":4,"start_time":1700864347995},{"elapsed_time":349245,"segment":1,"source_type":4,"start_time":1700864348995},{"elapsed_time":350245,"segment":1,"source_type":4,"start_time":1700864349995},{"elapsed_time":351245,"segment":1,"source_type":4,"start_time":1700864350995},{"elapsed_time":352245,"segment":1,"source_type":4,"start_time":1700864351995},{"elapsed_time":353245,"segment":1,"source_type":4,"start_time":1700864352995},{"elapsed_time":354245,"segment":1,"source_type":4,"start_time":1700864353995},{"elapsed_time":355245,"segment":1,"source_type":4,"start_time":1700864354995},{"elapsed_time":356245,"segment":1,"source_type":4,"start_time":1700864355995},{"elapsed_time":357245,"segment":1,"source_type":4,"start_time":1700864356995},{"elapsed_time":358245,"segment":1,"source_type":4,"start_time":1700864357995},{"elapsed_time":359245,"segment":1,"source_type":4,"start_time":1700864358995},{"elapsed_time":360245,"segment":1,"source_type":4,"start_time":1700864359995},{"elapsed_time":362245,"segment":1,"source_type":4,"start_time":1700864361995},{"elapsed_time":363247,"segment":1,"source_type":4,"start_time":1700864362997},{"elapsed_time":364739,"segment":1,"source_type":4,"start_time":1700864364489},{"elapsed_time":365739,"segment":1,"source_type":4,"start_time":1700864365489},{"elapsed_time":366739,"segment":1,"source_type":4,"start_time":1700864366489},{"elapsed_time":367739,"segment":1,"source_type":4,"start_time":1700864367489},{"elapsed_time":368739,"segment":1,"source_type":4,"start_time":1700864368489},{"elapsed_time":369739,"segment":1,"source_type":4,"start_time":1700864369489},{"elapsed_time":370739,"segment":1,"source_type":4,"start_time":1700864370489},{"elapsed_time":371739,"segment":1,"source_type":4,"start_time":1700864371489},{"elapsed_time":372739,"segment":1,"source_type":4,"start_time":1700864372489},{"elapsed_time":373739,"segment":1,"source_type":4,"start_time":1700864373489},{"elapsed_time":374739,"segment":1,"source_type":4,"start_time":1700864374489},{"elapsed_time":375739,"segment":1,"source_type":4,"start_time":1700864375489},{"elapsed_time":376739,"segment":1,"source_type":4,"start_time":1700864376489},{"elapsed_time":377739,"segment":1,"source_type":4,"start_time":1700864377489},{"elapsed_time":378739,"segment":1,"source_type":4,"start_time":1700864378489},{"elapsed_time":379739,"segment":1,"source_type":4,"start_time":1700864379489},{"elapsed_time":380739,"segment":1,"source_type":4,"start_time":1700864380489},{"elapsed_time":381739,"segment":1,"source_type":4,"start_time":1700864381489},{"elapsed_time":382739,"segment":1,"source_type":4,"start_time":1700864382489},{"elapsed_time":383739,"segment":1,"source_type":4,"start_time":1700864383489},{"elapsed_time":384739,"segment":1,"source_type":4,"start_time":1700864384489},{"elapsed_time":385739,"segment":1,"source_type":4,"start_time":1700864385489},{"elapsed_time":386739,"segment":1,"source_type":4,"start_time":1700864386489},{"elapsed_time":387739,"segment":1,"source_type":4,"start_time":1700864387489},{"elapsed_time":388739,"segment":1,"source_type":4,"start_time":1700864388489},{"elapsed_time":389739,"segment":1,"source_type":4,"start_time":1700864389489},{"elapsed_time":390739,"segment":1,"source_type":4,"start_time":1700864390489},{"elapsed_time":391739,"segment":1,"source_type":4,"start_time":1700864391489},{"elapsed_time":392739,"segment":1,"source_type":4,"start_time":1700864392489},{"elapsed_time":393739,"segment":1,"source_type":4,"start_time":1700864393489},{"elapsed_time":394739,"segment":1,"source_type":4,"start_time":1700864394489},{"elapsed_time":395739,"segment":1,"source_type":4,"start_time":1700864395489},{"elapsed_time":396739,"segment":1,"source_type":4,"start_time":1700864396489},{"elapsed_time":397739,"segment":1,"source_type":4,"start_time":1700864397489},{"elapsed_time":398739,"segment":1,"source_type":4,"start_time":1700864398489},{"elapsed_time":399739,"segment":1,"source_type":4,"start_time":1700864399489},{"elapsed_time":400739,"segment":1,"source_type":4,"start_time":1700864400489},{"elapsed_time":401739,"segment":1,"source_type":4,"start_time":1700864401489},{"elapsed_time":402739,"segment":1,"source_type":4,"start_time":1700864402489},{"elapsed_time":403739,"segment":1,"source_type":4,"start_time":1700864403489},{"elapsed_time":404739,"segment":1,"source_type":4,"start_time":1700864404489},{"elapsed_time":405739,"segment":1,"source_type":4,"start_time":1700864405489},{"elapsed_time":406739,"segment":1,"source_type":4,"start_time":1700864406489},{"elapsed_time":407739,"segment":1,"source_type":4,"start_time":1700864407489},{"elapsed_time":408739,"segment":1,"source_type":4,"start_time":1700864408489},{"elapsed_time":409739,"segment":1,"source_type":4,"start_time":1700864409489},{"elapsed_time":410739,"segment":1,"source_type":4,"start_time":1700864410489},{"elapsed_time":411739,"segment":1,"source_type":4,"start_time":1700864411489},{"elapsed_time":412739,"segment":1,"source_type":4,"start_time":1700864412489},{"elapsed_time":413739,"segment":1,"source_type":4,"start_time":1700864413489},{"elapsed_time":414739,"segment":1,"source_type":4,"start_time":1700864414489},{"elapsed_time":415739,"segment":1,"source_type":4,"start_time":1700864415489},{"elapsed_time":416739,"segment":1,"source_type":4,"start_time":1700864416489},{"elapsed_time":417739,"segment":1,"source_type":4,"start_time":1700864417489},{"elapsed_time":418739,"segment":1,"source_type":4,"start_time":1700864418489},{"elapsed_time":419739,"segment":1,"source_type":4,"start_time":1700864419489},{"elapsed_time":420739,"segment":1,"source_type":4,"start_time":1700864420489},{"elapsed_time":421739,"segment":1,"source_type":4,"start_time":1700864421489},{"elapsed_time":422739,"segment":1,"source_type":4,"start_time":1700864422489},{"elapsed_time":423739,"segment":1,"source_type":4,"start_time":1700864423489},{"elapsed_time":424739,"segment":1,"source_type":4,"start_time":1700864424489},{"elapsed_time":425739,"segment":1,"source_type":4,"start_time":1700864425489},{"elapsed_time":426739,"segment":1,"source_type":4,"start_time":1700864426489},{"elapsed_time":427739,"segment":1,"source_type":4,"start_time":1700864427489},{"elapsed_time":428739,"segment":1,"source_type":4,"start_time":1700864428489},{"elapsed_time":429739,"segment":1,"source_type":4,"start_time":1700864429489},{"elapsed_time":430739,"segment":1,"source_type":4,"start_time":1700864430489},{"elapsed_time":431739,"segment":1,"source_type":4,"start_time":1700864431489},{"elapsed_time":432739,"segment":1,"source_type":4,"start_time":1700864432489},{"elapsed_time":433739,"segment":1,"source_type":4,"start_time":1700864433489},{"elapsed_time":434739,"segment":1,"source_type":4,"start_time":1700864434489},{"elapsed_time":435739,"segment":1,"source_type":4,"start_time":1700864435489},{"elapsed_time":436739,"segment":1,"source_type":4,"start_time":1700864436489},{"elapsed_time":437739,"segment":1,"source_type":4,"start_time":1700864437489},{"elapsed_time":438739,"segment":1,"source_type":4,"start_time":1700864438489},{"elapsed_time":439739,"segment":1,"source_type":4,"start_time":1700864439489},{"elapsed_time":440739,"segment":1,"source_type":4,"start_time":1700864440489},{"elapsed_time":441739,"segment":1,"source_type":4,"start_time":1700864441489},{"elapsed_time":442739,"segment":1,"source_type":4,"start_time":1700864442489},{"elapsed_time":443739,"segment":1,"source_type":4,"start_time":1700864443489},{"elapsed_time":444739,"segment":1,"source_type":4,"start_time":1700864444489},{"elapsed_time":445739,"segment":1,"source_type":4,"start_time":1700864445489},{"elapsed_time":446739,"segment":1,"source_type":4,"start_time":1700864446489},{"elapsed_time":447739,"segment":1,"source_type":4,"start_time":1700864447489},{"elapsed_time":448744,"segment":1,"source_type":4,"start_time":1700864448494},{"elapsed_time":449744,"segment":1,"source_type":4,"start_time":1700864449494},{"elapsed_time":450747,"segment":1,"source_type":4,"start_time":1700864450497},{"elapsed_time":451747,"segment":1,"source_type":4,"start_time":1700864451497},{"elapsed_time":452759,"segment":1,"source_type":4,"start_time":1700864452509},{"elapsed_time":453759,"segment":1,"source_type":4,"start_time":1700864453509},{"elapsed_time":455633,"segment":1,"source_type":4,"start_time":1700864455383},{"elapsed_time":456633,"segment":1,"source_type":4,"start_time":1700864456383},{"elapsed_time":457633,"segment":1,"source_type":4,"start_time":1700864457383},{"elapsed_time":458633,"segment":1,"source_type":4,"start_time":1700864458383},{"elapsed_time":459633,"segment":1,"source_type":4,"start_time":1700864459383},{"elapsed_time":460633,"segment":1,"source_type":4,"start_time":1700864460383},{"elapsed_time":461633,"segment":1,"source_type":4,"start_time":1700864461383},{"elapsed_time":462633,"segment":1,"source_type":4,"start_time":1700864462383},{"elapsed_time":463633,"segment":1,"source_type":4,"start_time":1700864463383},{"elapsed_time":464633,"segment":1,"source_type":4,"start_time":1700864464383},{"elapsed_time":465633,"segment":1,"source_type":4,"start_time":1700864465383},{"elapsed_time":466633,"segment":1,"source_type":4,"start_time":1700864466383},{"elapsed_time":467633,"segment":1,"source_type":4,"start_time":1700864467383},{"elapsed_time":468633,"segment":1,"source_type":4,"start_time":1700864468383},{"elapsed_time":469633,"segment":1,"source_type":4,"start_time":1700864469383},{"elapsed_time":470633,"segment":1,"source_type":4,"start_time":1700864470383},{"elapsed_time":471633,"segment":1,"source_type":4,"start_time":1700864471383},{"elapsed_time":472633,"segment":1,"source_type":4,"start_time":1700864472383},{"elapsed_time":473633,"segment":1,"source_type":4,"start_time":1700864473383},{"elapsed_time":474633,"segment":1,"source_type":4,"start_time":1700864474383},{"elapsed_time":475633,"segment":1,"source_type":4,"start_time":1700864475383},{"elapsed_time":476633,"segment":1,"source_type":4,"start_time":1700864476383},{"elapsed_time":477633,"segment":1,"source_type":4,"start_time":1700864477383},{"elapsed_time":478633,"segment":1,"source_type":4,"start_time":1700864478383},{"elapsed_time":479633,"segment":1,"source_type":4,"start_time":1700864479383},{"elapsed_time":480633,"segment":1,"source_type":4,"start_time":1700864480383},{"elapsed_time":481633,"segment":1,"source_type":4,"start_time":1700864481383},{"elapsed_time":482633,"segment":1,"source_type":4,"start_time":1700864482383},{"elapsed_time":483633,"segment":1,"source_type":4,"start_time":1700864483383},{"elapsed_time":484633,"segment":1,"source_type":4,"start_time":1700864484383},{"elapsed_time":485633,"segment":1,"source_type":4,"start_time":1700864485383},{"elapsed_time":486633,"segment":1,"source_type":4,"start_time":1700864486383},{"elapsed_time":487633,"segment":1,"source_type":4,"start_time":1700864487383},{"elapsed_time":488633,"segment":1,"source_type":4,"start_time":1700864488383},{"elapsed_time":489633,"segment":1,"source_type":4,"start_time":1700864489383},{"elapsed_time":490633,"segment":1,"source_type":4,"start_time":1700864490383},{"elapsed_time":491633,"segment":1,"source_type":4,"start_time":1700864491383},{"elapsed_time":492633,"segment":1,"source_type":4,"start_time":1700864492383},{"elapsed_time":493633,"segment":1,"source_type":4,"start_time":1700864493383},{"elapsed_time":494633,"segment":1,"source_type":4,"start_time":1700864494383},{"elapsed_time":495633,"segment":1,"source_type":4,"start_time":1700864495383},{"elapsed_time":496633,"segment":1,"source_type":4,"start_time":1700864496383},{"elapsed_time":497633,"segment":1,"source_type":4,"start_time":1700864497383},{"elapsed_time":498633,"segment":1,"source_type":4,"start_time":1700864498383},{"elapsed_time":499633,"segment":1,"source_type":4,"start_time":1700864499383},{"elapsed_time":500633,"segment":1,"source_type":4,"start_time":1700864500383},{"elapsed_time":501633,"segment":1,"source_type":4,"start_time":1700864501383},{"elapsed_time":502633,"segment":1,"source_type":4,"start_time":1700864502383},{"elapsed_time":503633,"segment":1,"source_type":4,"start_time":1700864503383},{"elapsed_time":504633,"segment":1,"source_type":4,"start_time":1700864504383},{"elapsed_time":505633,"segment":1,"source_type":4,"start_time":1700864505383},{"elapsed_time":506633,"segment":1,"source_type":4,"start_time":1700864506383},{"elapsed_time":507633,"segment":1,"source_type":4,"start_time":1700864507383},{"elapsed_time":508633,"segment":1,"source_type":4,"start_time":1700864508383},{"elapsed_time":509633,"segment":1,"source_type":4,"start_time":1700864509383},{"elapsed_time":510633,"segment":1,"source_type":4,"start_time":1700864510383},{"elapsed_time":511633,"segment":1,"source_type":4,"start_time":1700864511383},{"elapsed_time":512633,"segment":1,"source_type":4,"start_time":1700864512383},{"elapsed_time":513633,"segment":1,"source_type":4,"start_time":1700864513383},{"elapsed_time":514633,"segment":1,"source_type":4,"start_time":1700864514383},{"elapsed_time":515633,"segment":1,"source_type":4,"start_time":1700864515383},{"elapsed_time":516633,"segment":1,"source_type":4,"start_time":1700864516383},{"elapsed_time":517633,"segment":1,"source_type":4,"start_time":1700864517383},{"elapsed_time":518633,"segment":1,"source_type":4,"start_time":1700864518383},{"elapsed_time":519633,"segment":1,"source_type":4,"start_time":1700864519383},{"elapsed_time":520633,"segment":1,"source_type":4,"start_time":1700864520383},{"elapsed_time":521633,"segment":1,"source_type":4,"start_time":1700864521383},{"elapsed_time":522633,"segment":1,"source_type":4,"start_time":1700864522383},{"elapsed_time":523633,"segment":1,"source_type":4,"start_time":1700864523383},{"elapsed_time":524633,"segment":1,"source_type":4,"start_time":1700864524383},{"elapsed_time":525633,"segment":1,"source_type":4,"start_time":1700864525383},{"elapsed_time":526633,"segment":1,"source_type":4,"start_time":1700864526383},{"elapsed_time":527633,"segment":1,"source_type":4,"start_time":1700864527383},{"elapsed_time":528633,"segment":1,"source_type":4,"start_time":1700864528383},{"elapsed_time":529633,"segment":1,"source_type":4,"start_time":1700864529383},{"elapsed_time":530633,"segment":1,"source_type":4,"start_time":1700864530383},{"elapsed_time":531633,"segment":1,"source_type":4,"start_time":1700864531383},{"elapsed_time":532633,"segment":1,"source_type":4,"start_time":1700864532383},{"elapsed_time":533633,"segment":1,"source_type":4,"start_time":1700864533383},{"elapsed_time":534633,"segment":1,"source_type":4,"start_time":1700864534383},{"elapsed_time":535633,"segment":1,"source_type":4,"start_time":1700864535383},{"elapsed_time":536633,"segment":1,"source_type":4,"start_time":1700864536383},{"elapsed_time":537633,"segment":1,"source_type":4,"start_time":1700864537383},{"elapsed_time":538633,"segment":1,"source_type":4,"start_time":1700864538383},{"elapsed_time":539633,"segment":1,"source_type":4,"start_time":1700864539383},{"elapsed_time":540633,"segment":1,"source_type":4,"start_time":1700864540383},{"elapsed_time":541633,"segment":1,"source_type":4,"start_time":1700864541383},{"elapsed_time":542633,"segment":1,"source_type":4,"start_time":1700864542383},{"elapsed_time":543633,"segment":1,"source_type":4,"start_time":1700864543383},{"elapsed_time":544633,"segment":1,"source_type":4,"start_time":1700864544383},{"elapsed_time":545633,"segment":1,"source_type":4,"start_time":1700864545383},{"elapsed_time":546633,"segment":1,"source_type":4,"start_time":1700864546383},{"elapsed_time":547633,"segment":1,"source_type":4,"start_time":1700864547383},{"elapsed_time":548633,"segment":1,"source_type":4,"start_time":1700864548383},{"elapsed_time":549633,"segment":1,"source_type":4,"start_time":1700864549383},{"elapsed_time":550633,"segment":1,"source_type":4,"start_time":1700864550383},{"elapsed_time":551633,"segment":1,"source_type":4,"start_time":1700864551383},{"elapsed_time":552633,"segment":1,"source_type":4,"start_time":1700864552383},{"elapsed_time":553633,"segment":1,"source_type":4,"start_time":1700864553383},{"elapsed_time":554633,"segment":1,"source_type":4,"start_time":1700864554383},{"elapsed_time":555633,"segment":1,"source_type":4,"start_time":1700864555383},{"elapsed_time":556633,"segment":1,"source_type":4,"start_time":1700864556383},{"elapsed_time":557633,"segment":1,"source_type":4,"start_time":1700864557383},{"elapsed_time":558633,"segment":1,"source_type":4,"start_time":1700864558383},{"elapsed_time":559633,"segment":1,"source_type":4,"start_time":1700864559383},{"elapsed_time":560633,"segment":1,"source_type":4,"start_time":1700864560383},{"elapsed_time":561633,"segment":1,"source_type":4,"start_time":1700864561383},{"elapsed_time":562633,"segment":1,"source_type":4,"start_time":1700864562383},{"elapsed_time":563633,"segment":1,"source_type":4,"start_time":1700864563383},{"elapsed_time":564633,"segment":1,"source_type":4,"start_time":1700864564383},{"elapsed_time":565633,"segment":1,"source_type":4,"start_time":1700864565383},{"elapsed_time":566633,"segment":1,"source_type":4,"start_time":1700864566383},{"elapsed_time":567633,"segment":1,"source_type":4,"start_time":1700864567383},{"elapsed_time":568633,"segment":1,"source_type":4,"start_time":1700864568383},{"elapsed_time":569633,"segment":1,"source_type":4,"start_time":1700864569383},{"elapsed_time":570633,"segment":1,"source_type":4,"start_time":1700864570383},{"elapsed_time":571633,"segment":1,"source_type":4,"start_time":1700864571383},{"elapsed_time":572633,"segment":1,"source_type":4,"start_time":1700864572383},{"elapsed_time":573633,"segment":1,"source_type":4,"start_time":1700864573383},{"elapsed_time":574633,"segment":1,"source_type":4,"start_time":1700864574383},{"elapsed_time":575633,"segment":1,"source_type":4,"start_time":1700864575383},{"elapsed_time":576633,"segment":1,"source_type":4,"start_time":1700864576383},{"elapsed_time":577633,"segment":1,"source_type":4,"start_time":1700864577383},{"elapsed_time":578633,"segment":1,"source_type":4,"start_time":1700864578383},{"elapsed_time":579633,"segment":1,"source_type":4,"start_time":1700864579383},{"elapsed_time":580633,"segment":1,"source_type":4,"start_time":1700864580383},{"elapsed_time":581633,"segment":1,"source_type":4,"start_time":1700864581383},{"elapsed_time":582633,"segment":1,"source_type":4,"start_time":1700864582383},{"elapsed_time":583633,"segment":1,"source_type":4,"start_time":1700864583383},{"elapsed_time":584633,"segment":1,"source_type":4,"start_time":1700864584383},{"elapsed_time":585633,"segment":1,"source_type":4,"start_time":1700864585383},{"elapsed_time":586633,"segment":1,"source_type":4,"start_time":1700864586383},{"elapsed_time":587633,"segment":1,"source_type":4,"start_time":1700864587383},{"elapsed_time":588634,"segment":1,"source_type":4,"start_time":1700864588383},{"elapsed_time":589634,"segment":1,"source_type":4,"start_time":1700864589383},{"elapsed_time":590634,"segment":1,"source_type":4,"start_time":1700864590383},{"elapsed_time":591634,"segment":1,"source_type":4,"start_time":1700864591383},{"elapsed_time":592634,"segment":1,"source_type":4,"start_time":1700864592383},{"elapsed_time":593634,"segment":1,"source_type":4,"start_time":1700864593383},{"elapsed_time":594633,"segment":1,"source_type":4,"start_time":1700864594383},{"elapsed_time":595633,"segment":1,"source_type":4,"start_time":1700864595383},{"elapsed_time":596633,"segment":1,"source_type":4,"start_time":1700864596383},{"elapsed_time":597633,"segment":1,"source_type":4,"start_time":1700864597383},{"elapsed_time":598633,"segment":1,"source_type":4,"start_time":1700864598383},{"elapsed_time":599633,"segment":1,"source_type":4,"start_time":1700864599383},{"elapsed_time":600633,"segment":1,"source_type":4,"start_time":1700864600383},{"elapsed_time":601633,"segment":1,"source_type":4,"start_time":1700864601383},{"elapsed_time":602649,"segment":1,"source_type":4,"start_time":1700864602399},{"elapsed_time":603649,"segment":1,"source_type":4,"start_time":1700864603399},{"elapsed_time":604649,"segment":1,"source_type":4,"start_time":1700864604399},{"elapsed_time":605649,"segment":1,"source_type":4,"start_time":1700864605399},{"elapsed_time":606649,"segment":1,"source_type":4,"start_time":1700864606399},{"elapsed_time":607649,"segment":1,"source_type":4,"start_time":1700864607399},{"elapsed_time":608651,"segment":1,"source_type":4,"start_time":1700864608401},{"elapsed_time":609654,"segment":1,"source_type":4,"start_time":1700864609404},{"elapsed_time":610655,"segment":1,"source_type":4,"start_time":1700864610405},{"elapsed_time":611657,"segment":1,"source_type":4,"start_time":1700864611407},{"elapsed_time":612659,"segment":1,"source_type":4,"start_time":1700864612409},{"elapsed_time":613750,"segment":1,"source_type":4,"start_time":1700864613500},{"elapsed_time":614750,"segment":1,"source_type":4,"start_time":1700864614500},{"elapsed_time":615750,"segment":1,"source_type":4,"start_time":1700864615500},{"elapsed_time":616750,"segment":1,"source_type":4,"start_time":1700864616500},{"elapsed_time":617750,"segment":1,"source_type":4,"start_time":1700864617500},{"elapsed_time":618750,"segment":1,"source_type":4,"start_time":1700864618500},{"elapsed_time":619750,"segment":1,"source_type":4,"start_time":1700864619500},{"elapsed_time":620750,"segment":1,"source_type":4,"start_time":1700864620500},{"elapsed_time":621750,"segment":1,"source_type":4,"start_time":1700864621500},{"elapsed_time":622750,"segment":1,"source_type":4,"start_time":1700864622500},{"elapsed_time":623750,"segment":1,"source_type":4,"start_time":1700864623500},{"elapsed_time":624750,"segment":1,"source_type":4,"start_time":1700864624500},{"elapsed_time":625750,"segment":1,"source_type":4,"start_time":1700864625500},{"elapsed_time":626750,"segment":1,"source_type":4,"start_time":1700864626500},{"elapsed_time":627750,"segment":1,"source_type":4,"start_time":1700864627500},{"elapsed_time":628750,"segment":1,"source_type":4,"start_time":1700864628500},{"elapsed_time":629752,"segment":1,"source_type":4,"start_time":1700864629502},{"elapsed_time":630832,"segment":1,"source_type":4,"start_time":1700864630582},{"elapsed_time":631832,"segment":1,"source_type":4,"start_time":1700864631582},{"elapsed_time":632832,"segment":1,"source_type":4,"start_time":1700864632582},{"elapsed_time":633832,"segment":1,"source_type":4,"start_time":1700864633582},{"elapsed_time":634832,"segment":1,"source_type":4,"start_time":1700864634582},{"elapsed_time":635832,"segment":1,"source_type":4,"start_time":1700864635582},{"elapsed_time":636832,"segment":1,"source_type":4,"start_time":1700864636582},{"elapsed_time":637832,"segment":1,"source_type":4,"start_time":1700864637582},{"elapsed_time":638832,"segment":1,"source_type":4,"start_time":1700864638582},{"elapsed_time":639832,"segment":1,"source_type":4,"start_time":1700864639582},{"elapsed_time":640832,"segment":1,"source_type":4,"start_time":1700864640582},{"elapsed_time":641832,"segment":1,"source_type":4,"start_time":1700864641582},{"elapsed_time":642832,"segment":1,"source_type":4,"start_time":1700864642582},{"elapsed_time":643832,"segment":1,"source_type":4,"start_time":1700864643582},{"elapsed_time":644832,"segment":1,"source_type":4,"start_time":1700864644582},{"elapsed_time":645832,"segment":1,"source_type":4,"start_time":1700864645582},{"elapsed_time":646832,"segment":1,"source_type":4,"start_time":1700864646582},{"elapsed_time":647836,"segment":1,"source_type":4,"start_time":1700864647586},{"elapsed_time":648836,"segment":1,"source_type":4,"start_time":1700864648586},{"elapsed_time":650013,"segment":1,"source_type":4,"start_time":1700864649763},{"elapsed_time":651013,"segment":1,"source_type":4,"start_time":1700864650763},{"elapsed_time":652013,"segment":1,"source_type":4,"start_time":1700864651763},{"elapsed_time":653013,"segment":1,"source_type":4,"start_time":1700864652763},{"elapsed_time":654013,"segment":1,"source_type":4,"start_time":1700864653763},{"elapsed_time":655013,"segment":1,"source_type":4,"start_time":1700864654763},{"elapsed_time":656013,"segment":1,"source_type":4,"start_time":1700864655763},{"elapsed_time":657013,"segment":1,"source_type":4,"start_time":1700864656763},{"elapsed_time":658013,"segment":1,"source_type":4,"start_time":1700864657763},{"elapsed_time":659013,"segment":1,"source_type":4,"start_time":1700864658763},{"elapsed_time":660013,"segment":1,"source_type":4,"start_time":1700864659763},{"elapsed_time":661013,"segment":1,"source_type":4,"start_time":1700864660763},{"elapsed_time":662013,"segment":1,"source_type":4,"start_time":1700864661763},{"elapsed_time":663013,"segment":1,"source_type":4,"start_time":1700864662763},{"elapsed_time":664013,"segment":1,"source_type":4,"start_time":1700864663763},{"elapsed_time":665013,"segment":1,"source_type":4,"start_time":1700864664763},{"elapsed_time":666013,"segment":1,"source_type":4,"start_time":1700864665763},{"elapsed_time":667013,"segment":1,"source_type":4,"start_time":1700864666763},{"elapsed_time":668014,"segment":1,"source_type":4,"start_time":1700864667763},{"elapsed_time":669014,"segment":1,"source_type":4,"start_time":1700864668763},{"elapsed_time":670014,"segment":1,"source_type":4,"start_time":1700864669763},{"elapsed_time":671014,"segment":1,"source_type":4,"start_time":1700864670763},{"elapsed_time":672014,"segment":1,"source_type":4,"start_time":1700864671763},{"elapsed_time":673014,"segment":1,"source_type":4,"start_time":1700864672763},{"elapsed_time":674014,"segment":1,"source_type":4,"start_time":1700864673763},{"elapsed_time":675013,"segment":1,"source_type":4,"start_time":1700864674763},{"elapsed_time":676013,"segment":1,"source_type":4,"start_time":1700864675763},{"elapsed_time":677013,"segment":1,"source_type":4,"start_time":1700864676763},{"elapsed_time":678013,"segment":1,"source_type":4,"start_time":1700864677763},{"elapsed_time":679013,"segment":1,"source_type":4,"start_time":1700864678763},{"elapsed_time":680013,"segment":1,"source_type":4,"start_time":1700864679763},{"elapsed_time":681013,"segment":1,"source_type":4,"start_time":1700864680763},{"elapsed_time":682013,"segment":1,"source_type":4,"start_time":1700864681763},{"elapsed_time":683013,"segment":1,"source_type":4,"start_time":1700864682763},{"elapsed_time":684015,"segment":1,"source_type":4,"start_time":1700864683765},{"elapsed_time":685036,"segment":1,"source_type":4,"start_time":1700864684786},{"elapsed_time":686036,"segment":1,"source_type":4,"start_time":1700864685786},{"elapsed_time":687036,"segment":1,"source_type":4,"start_time":1700864686786},{"elapsed_time":688036,"segment":1,"source_type":4,"start_time":1700864687786},{"elapsed_time":689036,"segment":1,"source_type":4,"start_time":1700864688786},{"elapsed_time":690036,"segment":1,"source_type":4,"start_time":1700864689786},{"elapsed_time":691039,"segment":1,"source_type":4,"start_time":1700864690789},{"elapsed_time":692041,"segment":1,"source_type":4,"start_time":1700864691791},{"elapsed_time":693042,"segment":1,"source_type":4,"start_time":1700864692792},{"elapsed_time":694045,"segment":1,"source_type":4,"start_time":1700864693795},{"elapsed_time":697498,"segment":1,"source_type":4,"start_time":1700864697248},{"elapsed_time":698498,"segment":1,"source_type":4,"start_time":1700864698248},{"elapsed_time":699498,"segment":1,"source_type":4,"start_time":1700864699248},{"elapsed_time":700498,"segment":1,"source_type":4,"start_time":1700864700248},{"elapsed_time":701498,"segment":1,"source_type":4,"start_time":1700864701248},{"elapsed_time":702498,"segment":1,"source_type":4,"start_time":1700864702248},{"elapsed_time":703498,"segment":1,"source_type":4,"start_time":1700864703248},{"elapsed_time":704498,"segment":1,"source_type":4,"start_time":1700864704248},{"elapsed_time":705498,"segment":1,"source_type":4,"start_time":1700864705248},{"elapsed_time":706498,"segment":1,"source_type":4,"start_time":1700864706248},{"elapsed_time":707498,"segment":1,"source_type":4,"start_time":1700864707248},{"elapsed_time":708498,"segment":1,"source_type":4,"start_time":1700864708248},{"elapsed_time":709498,"segment":1,"source_type":4,"start_time":1700864709248},{"elapsed_time":710498,"segment":1,"source_type":4,"start_time":1700864710248},{"elapsed_time":711498,"segment":1,"source_type":4,"start_time":1700864711248},{"elapsed_time":712498,"segment":1,"source_type":4,"start_time":1700864712248},{"elapsed_time":713498,"segment":1,"source_type":4,"start_time":1700864713248},{"elapsed_time":714498,"segment":1,"source_type":4,"start_time":1700864714248},{"elapsed_time":715498,"segment":1,"source_type":4,"start_time":1700864715248},{"elapsed_time":716498,"segment":1,"source_type":4,"start_time":1700864716248},{"elapsed_time":717498,"segment":1,"source_type":4,"start_time":1700864717248},{"elapsed_time":718498,"segment":1,"source_type":4,"start_time":1700864718248},{"elapsed_time":719498,"segment":1,"source_type":4,"start_time":1700864719248},{"elapsed_time":720498,"segment":1,"source_type":4,"start_time":1700864720248},{"elapsed_time":721498,"segment":1,"source_type":4,"start_time":1700864721248},{"elapsed_time":722498,"segment":1,"source_type":4,"start_time":1700864722248},{"elapsed_time":723498,"segment":1,"source_type":4,"start_time":1700864723248},{"elapsed_time":724498,"segment":1,"source_type":4,"start_time":1700864724248},{"elapsed_time":725498,"segment":1,"source_type":4,"start_time":1700864725248},{"elapsed_time":726498,"segment":1,"source_type":4,"start_time":1700864726248},{"elapsed_time":727498,"segment":1,"source_type":4,"start_time":1700864727248},{"elapsed_time":728498,"segment":1,"source_type":4,"start_time":1700864728248},{"elapsed_time":729498,"segment":1,"source_type":4,"start_time":1700864729248},{"elapsed_time":730498,"segment":1,"source_type":4,"start_time":1700864730248},{"elapsed_time":731498,"segment":1,"source_type":4,"start_time":1700864731248},{"elapsed_time":732498,"segment":1,"source_type":4,"start_time":1700864732248},{"elapsed_time":733498,"segment":1,"source_type":4,"start_time":1700864733248},{"elapsed_time":734498,"segment":1,"source_type":4,"start_time":1700864734248},{"elapsed_time":735498,"segment":1,"source_type":4,"start_time":1700864735248},{"elapsed_time":736498,"segment":1,"source_type":4,"start_time":1700864736248},{"elapsed_time":737498,"segment":1,"source_type":4,"start_time":1700864737248},{"elapsed_time":738498,"segment":1,"source_type":4,"start_time":1700864738248},{"elapsed_time":739498,"segment":1,"source_type":4,"start_time":1700864739248},{"elapsed_time":740498,"segment":1,"source_type":4,"start_time":1700864740248},{"elapsed_time":741498,"segment":1,"source_type":4,"start_time":1700864741248},{"elapsed_time":742498,"segment":1,"source_type":4,"start_time":1700864742248},{"elapsed_time":743498,"segment":1,"source_type":4,"start_time":1700864743248},{"elapsed_time":744498,"segment":1,"source_type":4,"start_time":1700864744248},{"elapsed_time":745498,"segment":1,"source_type":4,"start_time":1700864745248},{"elapsed_time":746498,"segment":1,"source_type":4,"start_time":1700864746248},{"elapsed_time":747498,"segment":1,"source_type":4,"start_time":1700864747248},{"elapsed_time":748498,"segment":1,"source_type":4,"start_time":1700864748248},{"elapsed_time":749498,"segment":1,"source_type":4,"start_time":1700864749248},{"elapsed_time":750498,"segment":1,"source_type":4,"start_time":1700864750248},{"elapsed_time":751498,"segment":1,"source_type":4,"start_time":1700864751248},{"elapsed_time":752498,"segment":1,"source_type":4,"start_time":1700864752248},{"elapsed_time":753498,"segment":1,"source_type":4,"start_time":1700864753248},{"elapsed_time":754498,"segment":1,"source_type":4,"start_time":1700864754248},{"elapsed_time":755498,"segment":1,"source_type":4,"start_time":1700864755248},{"elapsed_time":756498,"segment":1,"source_type":4,"start_time":1700864756248},{"elapsed_time":757498,"segment":1,"source_type":4,"start_time":1700864757248},{"elapsed_time":758498,"segment":1,"source_type":4,"start_time":1700864758248},{"elapsed_time":759498,"segment":1,"source_type":4,"start_time":1700864759248},{"elapsed_time":760498,"segment":1,"source_type":4,"start_time":1700864760248},{"elapsed_time":761498,"segment":1,"source_type":4,"start_time":1700864761248},{"elapsed_time":762498,"segment":1,"source_type":4,"start_time":1700864762248},{"elapsed_time":763498,"segment":1,"source_type":4,"start_time":1700864763248},{"elapsed_time":764498,"segment":1,"source_type":4,"start_time":1700864764248},{"elapsed_time":765498,"segment":1,"source_type":4,"start_time":1700864765248},{"elapsed_time":766498,"segment":1,"source_type":4,"start_time":1700864766248},{"elapsed_time":767498,"segment":1,"source_type":4,"start_time":1700864767248},{"elapsed_time":768498,"segment":1,"source_type":4,"start_time":1700864768248},{"elapsed_time":769498,"segment":1,"source_type":4,"start_time":1700864769248},{"elapsed_time":770498,"segment":1,"source_type":4,"start_time":1700864770248},{"elapsed_time":771498,"segment":1,"source_type":4,"start_time":1700864771248},{"elapsed_time":772498,"segment":1,"source_type":4,"start_time":1700864772248},{"elapsed_time":773498,"segment":1,"source_type":4,"start_time":1700864773248},{"elapsed_time":774498,"segment":1,"source_type":4,"start_time":1700864774248},{"elapsed_time":775498,"segment":1,"source_type":4,"start_time":1700864775248},{"elapsed_time":776498,"segment":1,"source_type":4,"start_time":1700864776248},{"elapsed_time":777498,"segment":1,"source_type":4,"start_time":1700864777248},{"elapsed_time":778498,"segment":1,"source_type":4,"start_time":1700864778248},{"elapsed_time":779498,"segment":1,"source_type":4,"start_time":1700864779248},{"elapsed_time":780498,"segment":1,"source_type":4,"start_time":1700864780248},{"elapsed_time":781498,"segment":1,"source_type":4,"start_time":1700864781248},{"elapsed_time":782498,"segment":1,"source_type":4,"start_time":1700864782248},{"elapsed_time":783498,"segment":1,"source_type":4,"start_time":1700864783248},{"elapsed_time":784498,"segment":1,"source_type":4,"start_time":1700864784248},{"elapsed_time":785498,"segment":1,"source_type":4,"start_time":1700864785248},{"elapsed_time":786498,"segment":1,"source_type":4,"start_time":1700864786248},{"elapsed_time":787498,"segment":1,"source_type":4,"start_time":1700864787248},{"elapsed_time":788498,"segment":1,"source_type":4,"start_time":1700864788248},{"elapsed_time":789498,"segment":1,"source_type":4,"start_time":1700864789248},{"elapsed_time":790498,"segment":1,"source_type":4,"start_time":1700864790248},{"elapsed_time":791498,"segment":1,"source_type":4,"start_time":1700864791248},{"elapsed_time":792498,"segment":1,"source_type":4,"start_time":1700864792248},{"elapsed_time":793498,"segment":1,"source_type":4,"start_time":1700864793248},{"elapsed_time":794498,"segment":1,"source_type":4,"start_time":1700864794248},{"elapsed_time":795498,"segment":1,"source_type":4,"start_time":1700864795248},{"elapsed_time":796498,"segment":1,"source_type":4,"start_time":1700864796248},{"elapsed_time":797498,"segment":1,"source_type":4,"start_time":1700864797248},{"elapsed_time":798498,"segment":1,"source_type":4,"start_time":1700864798248},{"elapsed_time":799498,"segment":1,"source_type":4,"start_time":1700864799248},{"elapsed_time":800498,"segment":1,"source_type":4,"start_time":1700864800248},{"elapsed_time":801498,"segment":1,"source_type":4,"start_time":1700864801248},{"elapsed_time":802498,"segment":1,"source_type":4,"start_time":1700864802248},{"elapsed_time":803498,"segment":1,"source_type":4,"start_time":1700864803248},{"elapsed_time":804498,"segment":1,"source_type":4,"start_time":1700864804248},{"elapsed_time":805498,"segment":1,"source_type":4,"start_time":1700864805248},{"elapsed_time":806498,"segment":1,"source_type":4,"start_time":1700864806248},{"elapsed_time":807498,"segment":1,"source_type":4,"start_time":1700864807248},{"elapsed_time":808498,"segment":1,"source_type":4,"start_time":1700864808248},{"elapsed_time":809498,"segment":1,"source_type":4,"start_time":1700864809248},{"elapsed_time":810498,"segment":1,"source_type":4,"start_time":1700864810248},{"elapsed_time":811498,"segment":1,"source_type":4,"start_time":1700864811248},{"elapsed_time":812498,"segment":1,"source_type":4,"start_time":1700864812248},{"elapsed_time":813498,"segment":1,"source_type":4,"start_time":1700864813248},{"elapsed_time":814498,"segment":1,"source_type":4,"start_time":1700864814248},{"elapsed_time":815498,"segment":1,"source_type":4,"start_time":1700864815248},{"elapsed_time":816498,"segment":1,"source_type":4,"start_time":1700864816248},{"elapsed_time":817498,"segment":1,"source_type":4,"start_time":1700864817248},{"elapsed_time":818498,"segment":1,"source_type":4,"start_time":1700864818248},{"elapsed_time":819498,"segment":1,"source_type":4,"start_time":1700864819248},{"elapsed_time":820498,"segment":1,"source_type":4,"start_time":1700864820248},{"elapsed_time":821498,"segment":1,"source_type":4,"start_time":1700864821248},{"elapsed_time":822498,"segment":1,"source_type":4,"start_time":1700864822248},{"elapsed_time":823498,"segment":1,"source_type":4,"start_time":1700864823248},{"elapsed_time":824499,"segment":1,"source_type":4,"start_time":1700864824248},{"elapsed_time":825499,"segment":1,"source_type":4,"start_time":1700864825248},{"elapsed_time":826499,"segment":1,"source_type":4,"start_time":1700864826248},{"elapsed_time":827499,"segment":1,"source_type":4,"start_time":1700864827248},{"elapsed_time":828499,"segment":1,"source_type":4,"start_time":1700864828248},{"elapsed_time":829499,"segment":1,"source_type":4,"start_time":1700864829248},{"elapsed_time":830498,"segment":1,"source_type":4,"start_time":1700864830248},{"elapsed_time":831498,"segment":1,"source_type":4,"start_time":1700864831248},{"elapsed_time":832498,"segment":1,"source_type":4,"start_time":1700864832248},{"elapsed_time":833498,"segment":1,"source_type":4,"start_time":1700864833248},{"elapsed_time":834498,"segment":1,"source_type":4,"start_time":1700864834248},{"elapsed_time":835498,"segment":1,"source_type":4,"start_time":1700864835248},{"elapsed_time":836498,"segment":1,"source_type":4,"start_time":1700864836248},{"elapsed_time":837498,"segment":1,"source_type":4,"start_time":1700864837248},{"elapsed_time":838498,"segment":1,"source_type":4,"start_time":1700864838248},{"elapsed_time":839498,"segment":1,"source_type":4,"start_time":1700864839248},{"elapsed_time":840498,"segment":1,"source_type":4,"start_time":1700864840248},{"elapsed_time":841498,"segment":1,"source_type":4,"start_time":1700864841248},{"elapsed_time":842498,"segment":1,"source_type":4,"start_time":1700864842248},{"elapsed_time":843498,"segment":1,"source_type":4,"start_time":1700864843248},{"elapsed_time":844498,"segment":1,"source_type":4,"start_time":1700864844248},{"elapsed_time":845498,"segment":1,"source_type":4,"start_time":1700864845248},{"elapsed_time":846498,"segment":1,"source_type":4,"start_time":1700864846248},{"elapsed_time":847498,"segment":1,"source_type":4,"start_time":1700864847248},{"elapsed_time":848498,"segment":1,"source_type":4,"start_time":1700864848248},{"elapsed_time":849498,"segment":1,"source_type":4,"start_time":1700864849248},{"elapsed_time":850498,"segment":1,"source_type":4,"start_time":1700864850248},{"elapsed_time":851498,"segment":1,"source_type":4,"start_time":1700864851248},{"elapsed_time":852498,"segment":1,"source_type":4,"start_time":1700864852248},{"elapsed_time":853498,"segment":1,"source_type":4,"start_time":1700864853248},{"elapsed_time":854498,"segment":1,"source_type":4,"start_time":1700864854248},{"elapsed_time":855498,"segment":1,"source_type":4,"start_time":1700864855248},{"elapsed_time":856498,"segment":1,"source_type":4,"start_time":1700864856248},{"elapsed_time":857498,"segment":1,"source_type":4,"start_time":1700864857248},{"elapsed_time":858498,"segment":1,"source_type":4,"start_time":1700864858248},{"elapsed_time":859498,"segment":1,"source_type":4,"start_time":1700864859248},{"elapsed_time":860498,"segment":1,"source_type":4,"start_time":1700864860248},{"elapsed_time":861498,"segment":1,"source_type":4,"start_time":1700864861248},{"elapsed_time":862498,"segment":1,"source_type":4,"start_time":1700864862248},{"elapsed_time":863498,"segment":1,"source_type":4,"start_time":1700864863248},{"elapsed_time":864498,"segment":1,"source_type":4,"start_time":1700864864248},{"elapsed_time":865498,"segment":1,"source_type":4,"start_time":1700864865248},{"elapsed_time":866498,"segment":1,"source_type":4,"start_time":1700864866248},{"elapsed_time":867498,"segment":1,"source_type":4,"start_time":1700864867248},{"elapsed_time":868498,"segment":1,"source_type":4,"start_time":1700864868248},{"elapsed_time":869498,"segment":1,"source_type":4,"start_time":1700864869248},{"elapsed_time":870498,"segment":1,"source_type":4,"start_time":1700864870248},{"elapsed_time":871498,"segment":1,"source_type":4,"start_time":1700864871248},{"elapsed_time":872498,"segment":1,"source_type":4,"start_time":1700864872248},{"elapsed_time":873498,"segment":1,"source_type":4,"start_time":1700864873248},{"elapsed_time":874498,"segment":1,"source_type":4,"start_time":1700864874248},{"elapsed_time":875498,"segment":1,"source_type":4,"start_time":1700864875248},{"elapsed_time":876498,"segment":1,"source_type":4,"start_time":1700864876248},{"elapsed_time":877498,"segment":1,"source_type":4,"start_time":1700864877248},{"elapsed_time":878498,"segment":1,"source_type":4,"start_time":1700864878248},{"elapsed_time":879498,"segment":1,"source_type":4,"start_time":1700864879248},{"elapsed_time":880498,"segment":1,"source_type":4,"start_time":1700864880248},{"elapsed_time":881498,"segment":1,"source_type":4,"start_time":1700864881248},{"elapsed_time":882498,"segment":1,"source_type":4,"start_time":1700864882248},{"elapsed_time":883498,"segment":1,"source_type":4,"start_time":1700864883248},{"elapsed_time":884498,"segment":1,"source_type":4,"start_time":1700864884248},{"elapsed_time":885498,"segment":1,"source_type":4,"start_time":1700864885248},{"elapsed_time":886498,"segment":1,"source_type":4,"start_time":1700864886248},{"elapsed_time":887498,"segment":1,"source_type":4,"start_time":1700864887248},{"elapsed_time":888498,"segment":1,"source_type":4,"start_time":1700864888248},{"elapsed_time":889498,"segment":1,"source_type":4,"start_time":1700864889248},{"elapsed_time":890498,"segment":1,"source_type":4,"start_time":1700864890248},{"elapsed_time":891498,"segment":1,"source_type":4,"start_time":1700864891248},{"elapsed_time":892498,"segment":1,"source_type":4,"start_time":1700864892248},{"elapsed_time":893498,"segment":1,"source_type":4,"start_time":1700864893248},{"elapsed_time":894498,"segment":1,"source_type":4,"start_time":1700864894248},{"elapsed_time":895498,"segment":1,"source_type":4,"start_time":1700864895248},{"elapsed_time":896498,"segment":1,"source_type":4,"start_time":1700864896248},{"elapsed_time":897498,"segment":1,"source_type":4,"start_time":1700864897248},{"elapsed_time":898498,"segment":1,"source_type":4,"start_time":1700864898248},{"elapsed_time":899498,"segment":1,"source_type":4,"start_time":1700864899248},{"elapsed_time":900498,"segment":1,"source_type":4,"start_time":1700864900248},{"elapsed_time":901498,"segment":1,"source_type":4,"start_time":1700864901248},{"elapsed_time":902498,"segment":1,"source_type":4,"start_time":1700864902248},{"elapsed_time":903498,"segment":1,"source_type":4,"start_time":1700864903248},{"elapsed_time":904498,"segment":1,"source_type":4,"start_time":1700864904248},{"elapsed_time":905498,"segment":1,"source_type":4,"start_time":1700864905248},{"elapsed_time":906498,"segment":1,"source_type":4,"start_time":1700864906248},{"elapsed_time":907498,"segment":1,"source_type":4,"start_time":1700864907248},{"elapsed_time":908498,"segment":1,"source_type":4,"start_time":1700864908248},{"elapsed_time":909498,"segment":1,"source_type":4,"start_time":1700864909248},{"elapsed_time":910498,"segment":1,"source_type":4,"start_time":1700864910248},{"elapsed_time":911498,"segment":1,"source_type":4,"start_time":1700864911248},{"elapsed_time":912498,"segment":1,"source_type":4,"start_time":1700864912248},{"elapsed_time":913498,"segment":1,"source_type":4,"start_time":1700864913248},{"elapsed_time":914498,"segment":1,"source_type":4,"start_time":1700864914248},{"elapsed_time":915498,"segment":1,"source_type":4,"start_time":1700864915248},{"elapsed_time":916498,"segment":1,"source_type":4,"start_time":1700864916248},{"elapsed_time":917498,"segment":1,"source_type":4,"start_time":1700864917248},{"elapsed_time":918498,"segment":1,"source_type":4,"start_time":1700864918248},{"elapsed_time":919498,"segment":1,"source_type":4,"start_time":1700864919248},{"elapsed_time":920498,"segment":1,"source_type":4,"start_time":1700864920248},{"elapsed_time":921498,"segment":1,"source_type":4,"start_time":1700864921248},{"elapsed_time":922498,"segment":1,"source_type":4,"start_time":1700864922248},{"elapsed_time":923498,"segment":1,"source_type":4,"start_time":1700864923248},{"elapsed_time":924498,"segment":1,"source_type":4,"start_time":1700864924248},{"elapsed_time":925498,"segment":1,"source_type":4,"start_time":1700864925248},{"elapsed_time":926498,"segment":1,"source_type":4,"start_time":1700864926248},{"elapsed_time":927498,"segment":1,"source_type":4,"start_time":1700864927248},{"elapsed_time":928498,"segment":1,"source_type":4,"start_time":1700864928248},{"elapsed_time":929498,"segment":1,"source_type":4,"start_time":1700864929248},{"elapsed_time":930498,"segment":1,"source_type":4,"start_time":1700864930248},{"elapsed_time":931498,"segment":1,"source_type":4,"start_time":1700864931248},{"elapsed_time":932498,"segment":1,"source_type":4,"start_time":1700864932248},{"elapsed_time":933498,"segment":1,"source_type":4,"start_time":1700864933248},{"elapsed_time":934498,"segment":1,"source_type":4,"start_time":1700864934248},{"elapsed_time":935498,"segment":1,"source_type":4,"start_time":1700864935248},{"elapsed_time":936498,"segment":1,"source_type":4,"start_time":1700864936248},{"elapsed_time":937498,"segment":1,"source_type":4,"start_time":1700864937248},{"elapsed_time":938498,"segment":1,"source_type":4,"start_time":1700864938248},{"elapsed_time":939498,"segment":1,"source_type":4,"start_time":1700864939248},{"elapsed_time":940498,"segment":1,"source_type":4,"start_time":1700864940248},{"elapsed_time":941498,"segment":1,"source_type":4,"start_time":1700864941248},{"elapsed_time":942498,"segment":1,"source_type":4,"start_time":1700864942248},{"elapsed_time":943498,"segment":1,"source_type":4,"start_time":1700864943248},{"elapsed_time":944498,"segment":1,"source_type":4,"start_time":1700864944248},{"elapsed_time":945498,"segment":1,"source_type":4,"start_time":1700864945248},{"elapsed_time":946498,"segment":1,"source_type":4,"start_time":1700864946248},{"elapsed_time":947498,"segment":1,"source_type":4,"start_time":1700864947248},{"elapsed_time":948498,"segment":1,"source_type":4,"start_time":1700864948248},{"elapsed_time":949498,"segment":1,"source_type":4,"start_time":1700864949248},{"elapsed_time":950498,"segment":1,"source_type":4,"start_time":1700864950248},{"elapsed_time":951498,"segment":1,"source_type":4,"start_time":1700864951248},{"elapsed_time":952498,"segment":1,"source_type":4,"start_time":1700864952248},{"elapsed_time":953498,"segment":1,"source_type":4,"start_time":1700864953248},{"elapsed_time":954498,"segment":1,"source_type":4,"start_time":1700864954248},{"elapsed_time":955498,"segment":1,"source_type":4,"start_time":1700864955248},{"elapsed_time":956498,"segment":1,"source_type":4,"start_time":1700864956248},{"elapsed_time":957498,"segment":1,"source_type":4,"start_time":1700864957248},{"elapsed_time":958498,"segment":1,"source_type":4,"start_time":1700864958248},{"elapsed_time":959498,"segment":1,"source_type":4,"start_time":1700864959248},{"elapsed_time":960498,"segment":1,"source_type":4,"start_time":1700864960248},{"elapsed_time":961498,"segment":1,"source_type":4,"start_time":1700864961248},{"elapsed_time":962498,"segment":1,"source_type":4,"start_time":1700864962248},{"elapsed_time":963498,"segment":1,"source_type":4,"start_time":1700864963248},{"elapsed_time":964498,"segment":1,"source_type":4,"start_time":1700864964248},{"elapsed_time":965498,"segment":1,"source_type":4,"start_time":1700864965248},{"elapsed_time":966498,"segment":1,"source_type":4,"start_time":1700864966248},{"elapsed_time":967498,"segment":1,"source_type":4,"start_time":1700864967248},{"elapsed_time":968498,"segment":1,"source_type":4,"start_time":1700864968248},{"elapsed_time":969498,"segment":1,"source_type":4,"start_time":1700864969248},{"elapsed_time":970498,"segment":1,"source_type":4,"start_time":1700864970248},{"elapsed_time":971498,"segment":1,"source_type":4,"start_time":1700864971248},{"elapsed_time":972498,"segment":1,"source_type":4,"start_time":1700864972248},{"elapsed_time":973498,"segment":1,"source_type":4,"start_time":1700864973248},{"elapsed_time":974498,"segment":1,"source_type":4,"start_time":1700864974248},{"elapsed_time":975498,"segment":1,"source_type":4,"start_time":1700864975248},{"elapsed_time":976498,"segment":1,"source_type":4,"start_time":1700864976248},{"elapsed_time":977498,"segment":1,"source_type":4,"start_time":1700864977248},{"elapsed_time":978498,"segment":1,"source_type":4,"start_time":1700864978248},{"elapsed_time":979498,"segment":1,"source_type":4,"start_time":1700864979248},{"elapsed_time":980498,"segment":1,"source_type":4,"start_time":1700864980248},{"elapsed_time":981498,"segment":1,"source_type":4,"start_time":1700864981248},{"elapsed_time":982498,"segment":1,"source_type":4,"start_time":1700864982248},{"elapsed_time":983498,"segment":1,"source_type":4,"start_time":1700864983248},{"elapsed_time":984498,"segment":1,"source_type":4,"start_time":1700864984248},{"elapsed_time":985498,"segment":1,"source_type":4,"start_time":1700864985248},{"elapsed_time":986498,"segment":1,"source_type":4,"start_time":1700864986248},{"elapsed_time":987498,"segment":1,"source_type":4,"start_time":1700864987248},{"elapsed_time":988498,"segment":1,"source_type":4,"start_time":1700864988248},{"elapsed_time":989498,"segment":1,"source_type":4,"start_time":1700864989248},{"elapsed_time":990498,"segment":1,"source_type":4,"start_time":1700864990248},{"elapsed_time":991498,"segment":1,"source_type":4,"start_time":1700864991248},{"elapsed_time":992498,"segment":1,"source_type":4,"start_time":1700864992248},{"elapsed_time":993498,"segment":1,"source_type":4,"start_time":1700864993248},{"elapsed_time":994498,"segment":1,"source_type":4,"start_time":1700864994248},{"elapsed_time":995498,"segment":1,"source_type":4,"start_time":1700864995248},{"elapsed_time":996498,"segment":1,"source_type":4,"start_time":1700864996248},{"elapsed_time":997498,"segment":1,"source_type":4,"start_time":1700864997248},{"elapsed_time":998498,"segment":1,"source_type":4,"start_time":1700864998248},{"elapsed_time":999498,"segment":1,"source_type":4,"start_time":1700864999248},{"elapsed_time":1000498,"segment":1,"source_type":4,"start_time":1700865000248},{"elapsed_time":1001498,"segment":1,"source_type":4,"start_time":1700865001248},{"elapsed_time":1002498,"segment":1,"source_type":4,"start_time":1700865002248},{"elapsed_time":1003498,"segment":1,"source_type":4,"start_time":1700865003248},{"elapsed_time":1004498,"segment":1,"source_type":4,"start_time":1700865004248},{"elapsed_time":1005498,"segment":1,"source_type":4,"start_time":1700865005248},{"elapsed_time":1006498,"segment":1,"source_type":4,"start_time":1700865006248},{"elapsed_time":1007498,"segment":1,"source_type":4,"start_time":1700865007248},{"elapsed_time":1008498,"segment":1,"source_type":4,"start_time":1700865008248},{"elapsed_time":1009498,"segment":1,"source_type":4,"start_time":1700865009248},{"elapsed_time":1010498,"segment":1,"source_type":4,"start_time":1700865010248},{"elapsed_time":1011498,"segment":1,"source_type":4,"start_time":1700865011248},{"elapsed_time":1012498,"segment":1,"source_type":4,"start_time":1700865012248},{"elapsed_time":1013498,"segment":1,"source_type":4,"start_time":1700865013248},{"elapsed_time":1014499,"segment":1,"source_type":4,"start_time":1700865014248},{"elapsed_time":1015499,"segment":1,"source_type":4,"start_time":1700865015248},{"elapsed_time":1016499,"segment":1,"source_type":4,"start_time":1700865016248},{"elapsed_time":1017499,"segment":1,"source_type":4,"start_time":1700865017248},{"elapsed_time":1018499,"segment":1,"source_type":4,"start_time":1700865018248},{"elapsed_time":1019499,"segment":1,"source_type":4,"start_time":1700865019248},{"elapsed_time":1020499,"segment":1,"source_type":4,"start_time":1700865020248},{"elapsed_time":1021498,"segment":1,"source_type":4,"start_time":1700865021248},{"elapsed_time":1022498,"segment":1,"source_type":4,"start_time":1700865022248},{"elapsed_time":1023498,"segment":1,"source_type":4,"start_time":1700865023248},{"elapsed_time":1024498,"segment":1,"source_type":4,"start_time":1700865024248},{"elapsed_time":1025498,"segment":1,"source_type":4,"start_time":1700865025248},{"elapsed_time":1026498,"segment":1,"source_type":4,"start_time":1700865026248},{"elapsed_time":1027498,"segment":1,"source_type":4,"start_time":1700865027248},{"elapsed_time":1028498,"segment":1,"source_type":4,"start_time":1700865028248},{"elapsed_time":1029498,"segment":1,"source_type":4,"start_time":1700865029248},{"elapsed_time":1030498,"segment":1,"source_type":4,"start_time":1700865030248},{"elapsed_time":1031498,"segment":1,"source_type":4,"start_time":1700865031248},{"elapsed_time":1032498,"segment":1,"source_type":4,"start_time":1700865032248},{"elapsed_time":1033498,"segment":1,"source_type":4,"start_time":1700865033248},{"elapsed_time":1034498,"segment":1,"source_type":4,"start_time":1700865034248},{"elapsed_time":1035498,"segment":1,"source_type":4,"start_time":1700865035248},{"elapsed_time":1036498,"segment":1,"source_type":4,"start_time":1700865036248},{"elapsed_time":1037498,"segment":1,"source_type":4,"start_time":1700865037248},{"elapsed_time":1038498,"segment":1,"source_type":4,"start_time":1700865038248},{"elapsed_time":1039498,"segment":1,"source_type":4,"start_time":1700865039248},{"elapsed_time":1040498,"segment":1,"source_type":4,"start_time":1700865040248},{"elapsed_time":1041498,"segment":1,"source_type":4,"start_time":1700865041248},{"elapsed_time":1042498,"segment":1,"source_type":4,"start_time":1700865042248},{"elapsed_time":1043498,"segment":1,"source_type":4,"start_time":1700865043248},{"elapsed_time":1044498,"segment":1,"source_type":4,"start_time":1700865044248},{"elapsed_time":1045498,"segment":1,"source_type":4,"start_time":1700865045248},{"elapsed_time":1046498,"segment":1,"source_type":4,"start_time":1700865046248},{"elapsed_time":1047498,"segment":1,"source_type":4,"start_time":1700865047248},{"elapsed_time":1048498,"segment":1,"source_type":4,"start_time":1700865048248},{"elapsed_time":1049498,"segment":1,"source_type":4,"start_time":1700865049248},{"elapsed_time":1050498,"segment":1,"source_type":4,"start_time":1700865050248},{"elapsed_time":1051498,"segment":1,"source_type":4,"start_time":1700865051248},{"elapsed_time":1052498,"segment":1,"source_type":4,"start_time":1700865052248},{"elapsed_time":1053498,"segment":1,"source_type":4,"start_time":1700865053248},{"elapsed_time":1054498,"segment":1,"source_type":4,"start_time":1700865054248},{"elapsed_time":1055498,"segment":1,"source_type":4,"start_time":1700865055248},{"elapsed_time":1056498,"segment":1,"source_type":4,"start_time":1700865056248},{"elapsed_time":1057498,"segment":1,"source_type":4,"start_time":1700865057248},{"elapsed_time":1058498,"segment":1,"source_type":4,"start_time":1700865058248},{"elapsed_time":1059498,"segment":1,"source_type":4,"start_time":1700865059248},{"elapsed_time":1060498,"segment":1,"source_type":4,"start_time":1700865060248},{"elapsed_time":1061498,"segment":1,"source_type":4,"start_time":1700865061248},{"elapsed_time":1062498,"segment":1,"source_type":4,"start_time":1700865062248},{"elapsed_time":1063498,"segment":1,"source_type":4,"start_time":1700865063248},{"elapsed_time":1064498,"segment":1,"source_type":4,"start_time":1700865064248},{"elapsed_time":1065498,"segment":1,"source_type":4,"start_time":1700865065248},{"elapsed_time":1066498,"segment":1,"source_type":4,"start_time":1700865066248},{"elapsed_time":1067498,"segment":1,"source_type":4,"start_time":1700865067248},{"elapsed_time":1068498,"segment":1,"source_type":4,"start_time":1700865068248},{"elapsed_time":1069498,"segment":1,"source_type":4,"start_time":1700865069248},{"elapsed_time":1070498,"segment":1,"source_type":4,"start_time":1700865070248},{"elapsed_time":1071498,"segment":1,"source_type":4,"start_time":1700865071248},{"elapsed_time":1072498,"segment":1,"source_type":4,"start_time":1700865072248},{"elapsed_time":1073498,"segment":1,"source_type":4,"start_time":1700865073248},{"elapsed_time":1074498,"segment":1,"source_type":4,"start_time":1700865074248},{"elapsed_time":1075498,"segment":1,"source_type":4,"start_time":1700865075248},{"elapsed_time":1076498,"segment":1,"source_type":4,"start_time":1700865076248},{"elapsed_time":1077498,"segment":1,"source_type":4,"start_time":1700865077248},{"elapsed_time":1078498,"segment":1,"source_type":4,"start_time":1700865078248},{"elapsed_time":1079498,"segment":1,"source_type":4,"start_time":1700865079248},{"elapsed_time":1080498,"segment":1,"source_type":4,"start_time":1700865080248},{"elapsed_time":1081498,"segment":1,"source_type":4,"start_time":1700865081248},{"elapsed_time":1082498,"segment":1,"source_type":4,"start_time":1700865082248},{"elapsed_time":1083498,"segment":1,"source_type":4,"start_time":1700865083248},{"elapsed_time":1084498,"segment":1,"source_type":4,"start_time":1700865084248},{"elapsed_time":1085498,"segment":1,"source_type":4,"start_time":1700865085248},{"elapsed_time":1086498,"segment":1,"source_type":4,"start_time":1700865086248},{"elapsed_time":1087498,"segment":1,"source_type":4,"start_time":1700865087248},{"elapsed_time":1088498,"segment":1,"source_type":4,"start_time":1700865088248},{"elapsed_time":1089498,"segment":1,"source_type":4,"start_time":1700865089248},{"elapsed_time":1090498,"segment":1,"source_type":4,"start_time":1700865090248},{"elapsed_time":1091498,"segment":1,"source_type":4,"start_time":1700865091248},{"elapsed_time":1092498,"segment":1,"source_type":4,"start_time":1700865092248},{"elapsed_time":1093498,"segment":1,"source_type":4,"start_time":1700865093248},{"elapsed_time":1094498,"segment":1,"source_type":4,"start_time":1700865094248},{"elapsed_time":1095498,"segment":1,"source_type":4,"start_time":1700865095248},{"elapsed_time":1096498,"segment":1,"source_type":4,"start_time":1700865096248},{"elapsed_time":1097498,"segment":1,"source_type":4,"start_time":1700865097248},{"elapsed_time":1098498,"segment":1,"source_type":4,"start_time":1700865098248},{"elapsed_time":1099498,"segment":1,"source_type":4,"start_time":1700865099248},{"elapsed_time":1100498,"segment":1,"source_type":4,"start_time":1700865100248},{"elapsed_time":1101498,"segment":1,"source_type":4,"start_time":1700865101248},{"elapsed_time":1102498,"segment":1,"source_type":4,"start_time":1700865102248},{"elapsed_time":1103498,"segment":1,"source_type":4,"start_time":1700865103248},{"elapsed_time":1104498,"segment":1,"source_type":4,"start_time":1700865104248},{"elapsed_time":1105498,"segment":1,"source_type":4,"start_time":1700865105248},{"elapsed_time":1106498,"segment":1,"source_type":4,"start_time":1700865106248},{"elapsed_time":1107498,"segment":1,"source_type":4,"start_time":1700865107248},{"elapsed_time":1108498,"segment":1,"source_type":4,"start_time":1700865108248},{"elapsed_time":1110262,"segment":1,"source_type":4,"start_time":1700865110012},{"elapsed_time":1111728,"segment":1,"source_type":4,"start_time":1700865111478},{"elapsed_time":1112728,"segment":1,"source_type":4,"start_time":1700865112478},{"elapsed_time":1116728,"segment":1,"source_type":4,"start_time":1700865116478},{"elapsed_time":1117728,"segment":1,"source_type":4,"start_time":1700865117478},{"elapsed_time":1118728,"segment":1,"source_type":4,"start_time":1700865118478},{"elapsed_time":1119728,"segment":1,"source_type":4,"start_time":1700865119478},{"elapsed_time":1120728,"segment":1,"source_type":4,"start_time":1700865120478},{"elapsed_time":1121728,"segment":1,"source_type":4,"start_time":1700865121478},{"elapsed_time":1122728,"segment":1,"source_type":4,"start_time":1700865122478},{"elapsed_time":1123728,"segment":1,"source_type":4,"start_time":1700865123478},{"elapsed_time":1124728,"segment":1,"source_type":4,"start_time":1700865124478},{"elapsed_time":1125728,"segment":1,"source_type":4,"start_time":1700865125478},{"elapsed_time":1126728,"segment":1,"source_type":4,"start_time":1700865126478},{"elapsed_time":1127728,"segment":1,"source_type":4,"start_time":1700865127478},{"elapsed_time":1128728,"segment":1,"source_type":4,"start_time":1700865128478},{"elapsed_time":1129728,"segment":1,"source_type":4,"start_time":1700865129478},{"elapsed_time":1000,"segment":1,"source_type":4,"start_time":1700864000750},{"elapsed_time":60000,"segment":1,"source_type":4,"start_time":1700864059750},{"elapsed_time":120000,"segment":1,"source_type":4,"start_time":1700864119750},{"elapsed_time":180000,"segment":1,"source_type":4,"start_time":1700864179750},{"elapsed_time":240000,"segment":1,"source_type":4,"start_time":1700864239750},{"elapsed_time":300000,"segment":1,"source_type":4,"start_time":1700864299750},{"elapsed_time":360000,"segment":1,"source_type":4,"start_time":1700864359750},{"elapsed_time":420000,"segment":1,"source_type":4,"start_time":1700864419750},{"elapsed_time":420000,"segment":1,"source_type":4,"start_time":1700864419750},{"elapsed_time":420000,"segment":1,"source_type":4,"start_time":1700864419750},{"elapsed_time":480000,"segment":1,"source_type":4,"start_time":1700864479750},{"elapsed_time":540000,"segment":1,"source_type":4,"start_time":1700864539750},{"elapsed_time":600000,"segment":1,"source_type":4,"start_time":1700864599750},{"elapsed_time":660000,"segment":1,"source_type":4,"start_time":1700864659749},{"elapsed_time":720000,"segment":1,"source_type":4,"start_time":1700864719750},{"elapsed_time":780000,"segment":1,"source_type":4,"start_time":1700864779750},{"elapsed_time":840000,"segment":1,"source_type":4,"start_time":1700864839750},{"elapsed_time":900000,"segment":1,"source_type":4,"start_time":1700864899750},{"elapsed_time":960000,"segment":1,"source_type":4,"start_time":1700864959750},{"elapsed_time":1020000,"segment":1,"source_type":4,"start_time":1700865019750},{"elapsed_time":1080000,"segment":1,"source_type":4,"start_time":1700865079750},{"elapsed_time":1080000,"segment":1,"source_type":4,"start_time":1700865079750}]