[{"heart_rate":80.0,"start_time":1700864000711},{"heart_rate":80.0,"start_time":1700864001711},{"heart_rate":81.0,"start_time":1700864002711},{"heart_rate":81.0,"start_time":1700864003711},{"heart_rate":81.0,"start_time":1700864004711},{"heart_rate":80.0,"start_time":1700864005711},{"heart_rate":79.0,"start_time":1700864006711},{"heart_rate":79.0,"start_time":1700864007711},{"heart_rate":81.0,"start_time":1700864008711},{"heart_rate":81.0,"start_time":1700864009711},{"heart_rate":80.0,"start_time":1700864010711},{"heart_rate":79.0,"start_time":1700864011710},{"heart_rate":80.0,"start_time":1700864012711},{"heart_rate":81.0,"start_time":1700864013711},{"heart_rate":82.0,"start_time":1700864014711},{"heart_rate":83.0,"start_time":1700864015711},{"heart_rate":83.0,"start_time":1700864016711},{"heart_rate":85.0,"start_time":1700864017711},{"heart_rate":84.0,"start_time":1700864018711},{"heart_rate":82.0,"start_time":1700864019711},{"heart_rate":83.0,"start_time":1700864020711},{"heart_rate":83.0,"start_time":1700864021711},{"heart_rate":86.0,"start_time":1700864022711},{"heart_rate":86.0,"start_time":1700864023711},{"heart_rate":84.0,"start_time":1700864024711},{"heart_rate":86.0,"start_time":1700864025711},{"heart_rate":86.0,"start_time":1700864026711},{"heart_rate":87.0,"start_time":1700864027711},{"heart_rate":88.0,"start_time":1700864028712},{"heart_rate":87.0,"start_time":1700864029711},{"heart_rate":87.0,"start_time":1700864030711},{"heart_rate":87.0,"start_time":1700864031711},{"heart_rate":87.0,"start_time":1700864032711},{"heart_rate":86.0,"start_time":1700864033711},{"heart_rate":86.0,"start_time":1700864034711},{"heart_rate":86.0,"start_time":1700864035710},{"heart_rate":85.0,"start_time":1700864036711},{"heart_rate":86.0,"start_time":1700864037711},{"heart_rate":85.0,"start_time":1700864038711},{"heart_rate":86.0,"start_time":1700864039711},{"heart_rate":86.0,"start_time":1700864040711},{"heart_rate":85.0,"start_time":1700864041711},{"heart_rate":84.0,"start_time":1700864042711},{"heart_rate":84.0,"start_time":1700864043711},{"heart_rate":84.0,"start_time":1700864044711},{"heart_rate":84.0,"start_time":1700864045711},{"heart_rate":84.0,"start_time":1700864046711},{"heart_rate":84.0,"start_time":1700864047711},{"heart_rate":84.0,"start_time":1700864048711},{"heart_rate":85.0,"start_time":1700864049711},{"heart_rate":85.0,"start_time":1700864050711},{"heart_rate":84.0,"start_time":1700864051711},{"heart_rate":84.0,"start_time":1700864052710},{"heart_rate":84.0,"start_time":1700864053711},{"heart_rate":84.0,"start_time":1700864054711},{"heart_rate":84.0,"start_time":1700864055711},{"heart_rate":83.0,"start_time":1700864056711},{"heart_rate":82.0,"start_time":1700864057711},{"heart_rate":82.0,"start_time":1700864058711},{"heart_rate":82.0,"start_time":1700864059711},{"heart_rate":82.0,"start_time":1700864060711},{"heart_rate":82.0,"start_time":1700864061711},{"heart_rate":82.0,"start_time":1700864062711},{"heart_rate":82.0,"start_time":1700864063711},{"heart_rate":82.0,"start_time":1700864064711},{"heart_rate":82.0,"start_time":1700864065711},{"heart_rate":82.0,"start_time":1700864066711},{"heart_rate":81.0,"start_time":1700864067712},{"heart_rate":81.0,"start_time":1700864068711},{"heart_rate":81.0,"start_time":1700864069711},{"heart_rate":81.0,"start_time":1700864070711},{"heart_rate":81.0,"start_time":1700864071711},{"heart_rate":80.0,"start_time":1700864072711},{"heart_rate":80.0,"start_time":1700864073711},{"heart_rate":80.0,"start_time":1700864074711},{"heart_rate":81.0,"start_time":1700864075711},{"heart_rate":80.0,"start_time":1700864076711},{"heart_rate":80.0,"start_time":1700864077711},{"heart_rate":80.0,"start_time":1700864078711},{"heart_rate":80.0,"start_time":1700864079711},{"heart_rate":80.0,"start_time":1700864080711},{"heart_rate":80.0,"start_time":1700864081711},{"heart_rate":80.0,"start_time":1700864082711},{"heart_rate":80.0,"start_time":1700864083711},{"heart_rate":79.0,"start_time":1700864084711},{"heart_rate":80.0,"start_time":1700864085711},{"heart_rate":80.0,"start_time":1700864086711},{"heart_rate":80.0,"start_time":1700864087711},{"heart_rate":80.0,"start_time":1700864088711},{"heart_rate":80.0,"start_time":1700864089711},{"heart_rate":79.0,"start_time":1700864090711},{"heart_rate":79.0,"start_time":1700864091711},{"heart_rate":78.0,"start_time":1700864092711},{"heart_rate":78.0,"start_time":1700864093711},{"heart_rate":78.0,"start_time":1700864094712},{"heart_rate":78.0,"start_time":1700864095711},{"heart_rate":78.0,"start_time":1700864096711},{"heart_rate":78.0,"start_time":1700864097711},{"heart_rate":78.0,"start_time":1700864098711},{"heart_rate":78.0,"start_time":1700864099711},{"heart_rate":78.0,"start_time":1700864100711},{"heart_rate":78.0,"start_time":1700864101711},{"heart_rate":78.0,"start_time":1700864102711},{"heart_rate":78.0,"start_time":1700864103711},{"heart_rate":78.0,"start_time":1700864104711},{"heart_rate":78.0,"start_time":1700864105712},{"heart_rate":78.0,"start_time":1700864106711},{"heart_rate":78.0,"start_time":1700864107711},{"heart_rate":78.0,"start_time":1700864108711},{"heart_rate":78.0,"start_time":1700864109711},{"heart_rate":78.0,"start_time":1700864110711},{"heart_rate":78.0,"start_time":1700864111711},{"heart_rate":78.0,"start_time":1700864112711},{"heart_rate":78.0,"start_time":1700864113711},{"heart_rate":78.0,"start_time":1700864114711},{"heart_rate":78.0,"start_time":1700864115711},{"heart_rate":78.0,"start_time":1700864116711},{"heart_rate":78.0,"start_time":1700864117711},{"heart_rate":79.0,"start_time":1700864118711},{"heart_rate":79.0,"start_time":1700864119711},{"heart_rate":79.0,"start_time":1700864120711},{"heart_rate":79.0,"start_time":1700864121711},{"heart_rate":80.0,"start_time":1700864122711},{"heart_rate":80.0,"start_time":1700864123711},{"heart_rate":80.0,"start_time":1700864124711},{"heart_rate":79.0,"start_time":1700864125711},{"heart_rate":80.0,"start_time":1700864126711},{"heart_rate":79.0,"start_time":1700864127711},{"heart_rate":79.0,"start_time":1700864128711},{"heart_rate":80.0,"start_time":1700864129711},{"heart_rate":80.0,"start_time":1700864130711},{"heart_rate":80.0,"start_time":1700864131710},{"heart_rate":81.0,"start_time":1700864132711},{"heart_rate":81.0,"start_time":1700864133711},{"heart_rate":81.0,"start_time":1700864134711},{"heart_rate":81.0,"start_time":1700864135711},{"heart_rate":80.0,"start_time":1700864136711},{"heart_rate":80.0,"start_time":1700864137711},{"heart_rate":80.0,"start_time":1700864138711},{"heart_rate":80.0,"start_time":1700864139711},{"heart_rate":80.0,"start_time":1700864140711},{"heart_rate":80.0,"start_time":1700864141711},{"heart_rate":80.0,"start_time":1700864142711},{"heart_rate":80.0,"start_time":1700864143711},{"heart_rate":79.0,"start_time":1700864144711},{"heart_rate":80.0,"start_time":1700864145711},{"heart_rate":80.0,"start_time":1700864146711},{"heart_rate":147.0,"start_time":1700864163995},{"heart_rate":147.0,"start_time":1700864164995},{"heart_rate":148.0,"start_time":1700864165995},{"heart_rate":148.0,"start_time":1700864166995},{"heart_rate":148.0,"start_time":1700864167995},{"heart_rate":148.0,"start_time":1700864168995},{"heart_rate":148.0,"start_time":1700864169995},{"heart_rate":147.0,"start_time":1700864170995},{"heart_rate":147.0,"start_time":1700864171995},{"heart_rate":148.0,"start_time":1700864172995},{"heart_rate":148.0,"start_time":1700864173995},{"heart_rate":149.0,"start_time":1700864174995},{"heart_rate":149.0,"start_time":1700864175995},{"heart_rate":150.0,"start_time":1700864176995},{"heart_rate":150.0,"start_time":1700864177995},{"heart_rate":150.0,"start_time":1700864178995},{"heart_rate":150.0,"start_time":1700864179995},{"heart_rate":150.0,"start_time":1700864180995},{"heart_rate":150.0,"start_time":1700864181995},{"heart_rate":149.0,"start_time":1700864182995},{"heart_rate":149.0,"start_time":1700864183995},{"heart_rate":149.0,"start_time":1700864184995},{"heart_rate":149.0,"start_time":1700864185995},{"heart_rate":149.0,"start_time":1700864186995},{"heart_rate":150.0,"start_time":1700864187995},{"heart_rate":150.0,"start_time":1700864188995},{"heart_rate":150.0,"start_time":1700864189995},{"heart_rate":150.0,"start_time":1700864190995},{"heart_rate":150.0,"start_time":1700864191995},{"heart_rate":150.0,"start_time":1700864192995},{"heart_rate":150.0,"start_time":1700864193995},{"heart_rate":150.0,"start_time":1700864194995},{"heart_rate":150.0,"start_time":1700864195995},{"heart_rate":151.0,"start_time":1700864196995},{"heart_rate":151.0,"start_time":1700864197995},{"heart_rate":151.0,"start_time":1700864198995},{"heart_rate":151.0,"start_time":1700864199995},{"heart_rate":151.0,"start_time":1700864200995},{"heart_rate":151.0,"start_time":1700864201995},{"heart_rate":151.0,"start_time":1700864202995},{"heart_rate":151.0,"start_time":1700864203995},{"heart_rate":151.0,"start_time":1700864204995},{"heart_rate":151.0,"start_time":1700864205995},{"heart_rate":151.0,"start_time":1700864206995},{"heart_rate":151.0,"start_time":1700864207995},{"heart_rate":152.0,"start_time":1700864208995},{"heart_rate":152.0,"start_time":1700864209995},{"heart_rate":152.0,"start_time":1700864210995},{"heart_rate":152.0,"start_time":1700864211995},{"heart_rate":152.0,"start_time":1700864212995},{"heart_rate":152.0,"start_time":1700864213995},{"heart_rate":152.0,"start_time":1700864214995},{"heart_rate":151.0,"start_time":1700864215995},{"heart_rate":151.0,"start_time":1700864216995},{"heart_rate":150.0,"start_time":1700864217995},{"heart_rate":150.0,"start_time":1700864218995},{"heart_rate":150.0,"start_time":1700864219995},{"heart_rate":149.0,"start_time":1700864220995},{"heart_rate":149.0,"start_time":1700864221995},{"heart_rate":149.0,"start_time":1700864222995},{"heart_rate":149.0,"start_time":1700864223995},{"heart_rate":148.0,"start_time":1700864224995},{"heart_rate":148.0,"start_time":1700864225995},{"heart_rate":148.0,"start_time":1700864226995},{"heart_rate":147.0,"start_time":1700864227995},{"heart_rate":147.0,"start_time":1700864228995},{"heart_rate":147.0,"start_time":1700864229995},{"heart_rate":147.0,"start_time":1700864230995},{"heart_rate":147.0,"start_time":1700864231995},{"heart_rate":147.0,"start_time":1700864232995},{"heart_rate":147.0,"start_time":1700864233995},{"heart_rate":147.0,"start_time":1700864234995},{"heart_rate":147.0,"start_time":1700864235995},{"heart_rate":147.0,"start_time":1700864236995},{"heart_rate":147.0,"start_time":1700864237995},{"heart_rate":147.0,"start_time":1700864238995},{"heart_rate":147.0,"start_time":1700864239995},{"heart_rate":146.0,"start_time":1700864240995},{"heart_rate":146.0,"start_time":1700864241995},{"heart_rate":146.0,"start_time":1700864242995},{"heart_rate":146.0,"start_time":1700864243995},{"heart_rate":146.0,"start_time":1700864244995},{"heart_rate":146.0,"start_time":1700864245995},{"heart_rate":146.0,"start_time":1700864246995},{"heart_rate":146.0,"start_time":1700864247995},{"heart_rate":147.0,"start_time":1700864248995},{"heart_rate":147.0,"start_time":1700864249995},{"heart_rate":148.0,"start_time":1700864250995},{"heart_rate":149.0,"start_time":1700864251995},{"heart_rate":149.0,"start_time":1700864252995},{"heart_rate":149.0,"start_time":1700864253995},{"heart_rate":149.0,"start_time":1700864254995},{"heart_rate":150.0,"start_time":1700864255995},{"heart_rate":150.0,"start_time":1700864256995},{"heart_rate":150.0,"start_time":1700864257995},{"heart_rate":150.0,"start_time":1700864258995},{"heart_rate":150.0,"start_time":1700864259995},{"heart_rate":150.0,"start_time":1700864260995},{"heart_rate":150.0,"start_time":1700864261995},{"heart_rate":149.0,"start_time":1700864262995},{"heart_rate":149.0,"start_time":1700864263995},{"heart_rate":149.0,"start_time":1700864264995},{"heart_rate":150.0,"start_time":1700864265995},{"heart_rate":150.0,"start_time":1700864266995},{"heart_rate":150.0,"start_time":1700864267995},{"heart_rate":151.0,"start_time":1700864268995},{"heart_rate":151.0,"start_time":1700864269995},{"heart_rate":151.0,"start_time":1700864270995},{"heart_rate":151.0,"start_time":1700864271995},{"heart_rate":151.0,"start_time":1700864272995},{"heart_rate":151.0,"start_time":1700864273995},{"heart_rate":151.0,"start_time":1700864274995},{"heart_rate":151.0,"start_time":1700864275995},{"heart_rate":151.0,"start_time":1700864276995},{"heart_rate":151.0,"start_time":1700864277995},{"heart_rate":152.0,"start_time":1700864278995},{"heart_rate":152.0,"start_time":1700864279995},{"heart_rate":153.0,"start_time":1700864280995},{"heart_rate":153.0,"start_time":1700864281995},{"heart_rate":154.0,"start_time":1700864282995},{"heart_rate":154.0,"start_time":1700864282995},{"heart_rate":154.0,"start_time":1700864283995},{"heart_rate":154.0,"start_time":1700864284995},{"heart_rate":154.0,"start_time":1700864285995},{"heart_rate":154.0,"start_time":1700864286995},{"heart_rate":154.0,"start_time":1700864287995},{"heart_rate":153.0,"start_time":1700864288995},{"heart_rate":153.0,"start_time":1700864289995},{"heart_rate":153.0,"start_time":1700864290995},{"heart_rate":153.0,"start_time":1700864291995},{"heart_rate":153.0,"start_time":1700864292995},{"heart_rate":152.0,"start_time":1700864293995},{"heart_rate":152.0,"start_time":1700864294995},{"heart_rate":151.0,"start_time":1700864295995},{"heart_rate":151.0,"start_time":1700864296995},{"heart_rate":150.0,"start_time":1700864297995},{"heart_rate":150.0,"start_time":1700864298995},{"heart_rate":150.0,"start_time":1700864299995},{"heart_rate":150.0,"start_time":1700864300995},{"heart_rate":150.0,"start_time":1700864301995},{"heart_rate":149.0,"start_time":1700864302995},{"heart_rate":149.0,"start_time":1700864303995},{"heart_rate":149.0,"start_time":1700864304995},{"heart_rate":148.0,"start_time":1700864305995},{"heart_rate":148.0,"start_time":1700864306995},{"heart_rate":147.0,"start_time":1700864307995},{"heart_rate":147.0,"start_time":1700864308995},{"heart_rate":146.0,"start_time":1700864309995},{"heart_rate":146.0,"start_time":1700864310995},{"heart_rate":145.0,"start_time":1700864311995},{"heart_rate":144.0,"start_time":1700864312995},{"heart_rate":144.0,"start_time":1700864313995},{"heart_rate":143.0,"start_time":1700864314995},{"heart_rate":142.0,"start_time":1700864315995},{"heart_rate":142.0,"start_time":1700864316995},{"heart_rate":142.0,"start_time":1700864317995},{"heart_rate":141.0,"start_time":1700864318995},{"heart_rate":141.0,"start_time":1700864319995},{"heart_rate":141.0,"start_time":1700864320995},{"heart_rate":141.0,"start_time":1700864321995},{"heart_rate":140.0,"start_time":1700864322995},{"heart_rate":140.0,"start_time":1700864323995},{"heart_rate":139.0,"start_time":1700864324995},{"heart_rate":139.0,"start_time":1700864325995},{"heart_rate":139.0,"start_time":1700864326995},{"heart_rate":138.0,"start_time":1700864327995},{"heart_rate":138.0,"start_time":1700864328995},{"heart_rate":137.0,"start_time":1700864329995},{"heart_rate":137.0,"start_time":1700864330995},{"heart_rate":136.0,"start_time":1700864331995},{"heart_rate":135.0,"start_time":1700864332995},{"heart_rate":135.0,"start_time":1700864333995},{"heart_rate":134.0,"start_time":1700864334995},{"heart_rate":134.0,"start_time":1700864335995},{"heart_rate":134.0,"start_time":1700864336995},{"heart_rate":134.0,"start_time":1700864337995},{"heart_rate":134.0,"start_time":1700864338995},{"heart_rate":134.0,"start_time":1700864339995},{"heart_rate":134.0,"start_time":1700864340995},{"heart_rate":134.0,"start_time":1700864341995},{"heart_rate":133.0,"start_time":1700864342995},{"heart_rate":133.0,"start_time":1700864343995},{"heart_rate":133.0,"start_time":1700864344995},{"heart_rate":133.0,"start_time":1700864345995},{"heart_rate":133.0,"start_time":1700864346995},{"heart_rate":132.0,"start_time":1700864347995},{"heart_rate":132.0,"start_time":1700864348995},{"heart_rate":131.0,"start_time":1700864349995},{"heart_rate":129.0,"start_time":1700864350995},{"heart_rate":128.0,"start_time":1700864351995},{"heart_rate":127.0,"start_time":1700864352995},{"heart_rate":125.0,"start_time":1700864353995},{"heart_rate":124.0,"start_time":1700864354995},{"heart_rate":123.0,"start_time":1700864355995},{"heart_rate":122.0,"start_time":1700864356995},{"heart_rate":121.0,"start_time":1700864357995},{"heart_rate":121.0,"start_time":1700864358995},{"heart_rate":120.0,"start_time":1700864359995},{"heart_rate":120.0,"start_time":1700864361995},{"heart_rate":119.0,"start_time":1700864362997},{"heart_rate":119.0,"start_time":1700864364489},{"heart_rate":119.0,"start_time":1700864365489},{"heart_rate":119.0,"start_time":1700864366489},{"heart_rate":119.0,"start_time":1700864367489},{"heart_rate":118.0,"start_time":1700864368489},{"heart_rate":118.0,"start_time":1700864369489},{"heart_rate":118.0,"start_time":1700864370489},{"heart_rate":117.0,"start_time":1700864371489},{"heart_rate":117.0,"start_time":1700864372489},{"heart_rate":117.0,"start_time":1700864373489},{"heart_rate":117.0,"start_time":1700864374489},{"heart_rate":117.0,"start_time":1700864375489},{"heart_rate":116.0,"start_time":1700864376489},{"heart_rate":116.0,"start_time":1700864377489},{"heart_rate":116.0,"start_time":1700864378489},{"heart_rate":116.0,"start_time":1700864379489},{"heart_rate":115.0,"start_time":1700864380489},{"heart_rate":115.0,"start_time":1700864381489},{"heart_rate":115.0,"start_time":1700864382489},{"heart_rate":114.0,"start_time":1700864383489},{"heart_rate":114.0,"start_time":1700864384489},{"heart_rate":114.0,"start_time":1700864385489},{"heart_rate":114.0,"start_time":1700864386489},{"heart_rate":114.0,"start_time":1700864387489},{"heart_rate":114.0,"start_time":1700864388489},{"heart_rate":114.0,"start_time":1700864389489},{"heart_rate":114.0,"start_time":1700864390489},{"heart_rate":114.0,"start_time":1700864391489},{"heart_rate":114.0,"start_time":1700864392489},{"heart_rate":114.0,"start_time":1700864393489},{"heart_rate":114.0,"start_time":1700864394489},{"heart_rate":114.0,"start_time":1700864395489},{"heart_rate":114.0,"start_time":1700864396489},{"heart_rate":114.0,"start_time":1700864397489},{"heart_rate":114.0,"start_time":1700864398489},{"heart_rate":114.0,"start_time":1700864399489},{"heart_rate":114.0,"start_time":1700864400489},{"heart_rate":114.0,"start_time":1700864401489},{"heart_rate":114.0,"start_time":1700864402489},{"heart_rate":114.0,"start_time":1700864403489},{"heart_rate":114.0,"start_time":1700864404489},{"heart_rate":114.0,"start_time":1700864405489},{"heart_rate":114.0,"start_time":1700864406489},{"heart_rate":113.0,"start_time":1700864407489},{"heart_rate":113.0,"start_time":1700864408489},{"heart_rate":113.0,"start_time":1700864409489},{"heart_rate":113.0,"start_time":1700864410489},{"heart_rate":113.0,"start_time":1700864411489},{"heart_rate":113.0,"start_time":1700864412489},{"heart_rate":112.0,"start_time":1700864413489},{"heart_rate":112.0,"start_time":1700864414489},{"heart_rate":112.0,"start_time":1700864415489},{"heart_rate":112.0,"start_time":1700864416489},{"heart_rate":112.0,"start_time":1700864417489},{"heart_rate":112.0,"start_time":1700864418489},{"heart_rate":112.0,"start_time":1700864419489},{"heart_rate":112.0,"start_time":1700864420489},{"heart_rate":112.0,"start_time":1700864421489},{"heart_rate":113.0,"start_time":1700864422489},{"heart_rate":113.0,"start_time":1700864423489},{"heart_rate":113.0,"start_time":1700864424489},{"heart_rate":114.0,"start_time":1700864425489},{"heart_rate":114.0,"start_time":1700864426489},{"heart_rate":114.0,"start_time":1700864427489},{"heart_rate":114.0,"start_time":1700864428489},{"heart_rate":114.0,"start_time":1700864429489},{"heart_rate":114.0,"start_time":1700864430489},{"heart_rate":114.0,"start_time":1700864431489},{"heart_rate":114.0,"start_time":1700864432489},{"heart_rate":114.0,"start_time":1700864433489},{"heart_rate":114.0,"start_time":1700864434489},{"heart_rate":114.0,"start_time":1700864435489},{"heart_rate":114.0,"start_time":1700864436489},{"heart_rate":114.0,"start_time":1700864437489},{"heart_rate":114.0,"start_time":1700864438489},{"heart_rate":114.0,"start_time":1700864439489},{"heart_rate":115.0,"start_time":1700864440489},{"heart_rate":115.0,"start_time":1700864441489},{"heart_rate":115.0,"start_time":1700864442489},{"heart_rate":115.0,"start_time":1700864443489},{"heart_rate":115.0,"start_time":1700864444489},{"heart_rate":115.0,"start_time":1700864445489},{"heart_rate":115.0,"start_time":1700864446489},{"heart_rate":115.0,"start_time":1700864447489},{"heart_rate":115.0,"start_time":1700864448494},{"heart_rate":115.0,"start_time":1700864449494},{"heart_rate":115.0,"start_time":1700864450497},{"heart_rate":116.0,"start_time":1700864451497},{"heart_rate":116.0,"start_time":1700864452509},{"heart_rate":117.0,"start_time":1700864453509},{"heart_rate":118.0,"start_time":1700864455383},{"heart_rate":119.0,"start_time":1700864456383},{"heart_rate":121.0,"start_time":1700864457383},{"heart_rate":122.0,"start_time":1700864458383},{"heart_rate":123.0,"start_time":1700864459383},{"heart_rate":123.0,"start_time":1700864460383},{"heart_rate":124.0,"start_time":1700864461383},{"heart_rate":125.0,"start_time":1700864462383},{"heart_rate":125.0,"start_time":1700864463383},{"heart_rate":125.0,"start_time":1700864464383},{"heart_rate":125.0,"start_time":1700864465383},{"heart_rate":125.0,"start_time":1700864466383},{"heart_rate":125.0,"start_time":1700864467383},{"heart_rate":125.0,"start_time":1700864468383},{"heart_rate":125.0,"start_time":1700864469383},{"heart_rate":125.0,"start_time":1700864470383},{"heart_rate":124.0,"start_time":1700864471383},{"heart_rate":124.0,"start_time":1700864472383},{"heart_rate":123.0,"start_time":1700864473383},{"heart_rate":122.0,"start_time":1700864474383},{"heart_rate":121.0,"start_time":1700864475383},{"heart_rate":121.0,"start_time":1700864476383},{"heart_rate":121.0,"start_time":1700864477383},{"heart_rate":120.0,"start_time":1700864478383},{"heart_rate":120.0,"start_time":1700864479383},{"heart_rate":119.0,"start_time":1700864480383},{"heart_rate":119.0,"start_time":1700864481383},{"heart_rate":118.0,"start_time":1700864482383},{"heart_rate":117.0,"start_time":1700864483383},{"heart_rate":116.0,"start_time":1700864484383},{"heart_rate":115.0,"start_time":1700864485383},{"heart_rate":114.0,"start_time":1700864486383},{"heart_rate":113.0,"start_time":1700864487383},{"heart_rate":112.0,"start_time":1700864488383},{"heart_rate":111.0,"start_time":1700864489383},{"heart_rate":110.0,"start_time":1700864490383},{"heart_rate":110.0,"start_time":1700864491383},{"heart_rate":109.0,"start_time":1700864492383},{"heart_rate":108.0,"start_time":1700864493383},{"heart_rate":108.0,"start_time":1700864494383},{"heart_rate":107.0,"start_time":1700864495383},{"heart_rate":107.0,"start_time":1700864496383},{"heart_rate":106.0,"start_time":1700864497383},{"heart_rate":105.0,"start_time":1700864498383},{"heart_rate":105.0,"start_time":1700864499383},{"heart_rate":105.0,"start_time":1700864500383},{"heart_rate":105.0,"start_time":1700864501383},{"heart_rate":105.0,"start_time":1700864502383},{"heart_rate":105.0,"start_time":1700864503383},{"heart_rate":105.0,"start_time":1700864504383},{"heart_rate":105.0,"start_time":1700864505383},{"heart_rate":105.0,"start_time":1700864506383},{"heart_rate":104.0,"start_time":1700864507383},{"heart_rate":104.0,"start_time":1700864508383},{"heart_rate":103.0,"start_time":1700864509383},{"heart_rate":103.0,"start_time":1700864510383},{"heart_rate":102.0,"start_time":1700864511383},{"heart_rate":101.0,"start_time":1700864512383},{"heart_rate":99.0,"start_time":1700864513383},{"heart_rate":98.0,"start_time":1700864514383},{"heart_rate":97.0,"start_time":1700864515383},{"heart_rate":96.0,"start_time":1700864516383},{"heart_rate":95.0,"start_time":1700864517383},{"heart_rate":95.0,"start_time":1700864518383},{"heart_rate":94.0,"start_time":1700864519383},{"heart_rate":94.0,"start_time":1700864520383},{"heart_rate":93.0,"start_time":1700864521383},{"heart_rate":93.0,"start_time":1700864522383},{"heart_rate":93.0,"start_time":1700864523383},{"heart_rate":93.0,"start_time":1700864524383},{"heart_rate":93.0,"start_time":1700864525383},{"heart_rate":93.0,"start_time":1700864526383},{"heart_rate":93.0,"start_time":1700864527383},{"heart_rate":93.0,"start_time":1700864528383},{"heart_rate":93.0,"start_time":1700864529383},{"heart_rate":93.0,"start_time":1700864530383},{"heart_rate":93.0,"start_time":1700864531383},{"heart_rate":93.0,"start_time":1700864532383},{"heart_rate":93.0,"start_time":1700864533383},{"heart_rate":93.0,"start_time":1700864534383},{"heart_rate":93.0,"start_time":1700864535383},{"heart_rate":93.0,"start_time":1700864536383},{"heart_rate":93.0,"start_time":1700864537383},{"heart_rate":93.0,"start_time":1700864538383},{"heart_rate":93.0,"start_time":1700864539383},{"heart_rate":94.0,"start_time":1700864540383},{"heart_rate":94.0,"start_time":1700864541383},{"heart_rate":94.0,"start_time":1700864542383},{"heart_rate":94.0,"start_time":1700864543383},{"heart_rate":94.0,"start_time":1700864544383},{"heart_rate":95.0,"start_time":1700864545383},{"heart_rate":95.0,"start_time":1700864546383},{"heart_rate":95.0,"start_time":1700864547383},{"heart_rate":95.0,"start_time":1700864548383},{"heart_rate":95.0,"start_time":1700864549383},{"heart_rate":95.0,"start_time":1700864550383},{"heart_rate":95.0,"start_time":1700864551383},{"heart_rate":95.0,"start_time":1700864552383},{"heart_rate":95.0,"start_time":1700864553383},{"heart_rate":95.0,"start_time":1700864554383},{"heart_rate":95.0,"start_time":1700864555383},{"heart_rate":95.0,"start_time":1700864556383},{"heart_rate":95.0,"start_time":1700864557383},{"heart_rate":94.0,"start_time":1700864558383},{"heart_rate":94.0,"start_time":1700864559383},{"heart_rate":94.0,"start_time":1700864560383},{"heart_rate":94.0,"start_time":1700864561383},{"heart_rate":94.0,"start_time":1700864562383},{"heart_rate":94.0,"start_time":1700864563383},{"heart_rate":94.0,"start_time":1700864564383},{"heart_rate":94.0,"start_time":1700864565383},{"heart_rate":94.0,"start_time":1700864566383},{"heart_rate":94.0,"start_time":1700864567383},{"heart_rate":95.0,"start_time":1700864568383},{"heart_rate":95.0,"start_time":1700864569383},{"heart_rate":95.0,"start_time":1700864570383},{"heart_rate":95.0,"start_time":1700864571383},{"heart_rate":95.0,"start_time":1700864572383},{"heart_rate":95.0,"start_time":1700864573383},{"heart_rate":95.0,"start_time":1700864574383},{"heart_rate":95.0,"start_time":1700864575383},{"heart_rate":95.0,"start_time":1700864576383},{"heart_rate":95.0,"start_time":1700864577383},{"heart_rate":95.0,"start_time":1700864578383},{"heart_rate":95.0,"start_time":1700864579383},{"heart_rate":95.0,"start_time":1700864580383},{"heart_rate":94.0,"start_time":1700864581383},{"heart_rate":94.0,"start_time":1700864582383},{"heart_rate":94.0,"start_time":1700864583383},{"heart_rate":94.0,"start_time":1700864584383},{"heart_rate":94.0,"start_time":1700864585383},{"heart_rate":94.0,"start_time":1700864586383},{"heart_rate":94.0,"start_time":1700864587383},{"heart_rate":94.0,"start_time":1700864588383},{"heart_rate":94.0,"start_time":1700864589383},{"heart_rate":94.0,"start_time":1700864590383},{"heart_rate":93.0,"start_time":1700864591383},{"heart_rate":93.0,"start_time":1700864592383},{"heart_rate":93.0,"start_time":1700864593383},{"heart_rate":93.0,"start_time":1700864594383},{"heart_rate":93.0,"start_time":1700864595383},{"heart_rate":93.0,"start_time":1700864596383},{"heart_rate":93.0,"start_time":1700864597383},{"heart_rate":93.0,"start_time":1700864598383},{"heart_rate":93.0,"start_time":1700864599383},{"heart_rate":93.0,"start_time":1700864600383},{"heart_rate":93.0,"start_time":1700864601383},{"heart_rate":93.0,"start_time":1700864602399},{"heart_rate":93.0,"start_time":1700864603399},{"heart_rate":93.0,"start_time":1700864604399},{"heart_rate":92.0,"start_time":1700864605399},{"heart_rate":92.0,"start_time":1700864606399},{"heart_rate":92.0,"start_time":1700864607399},{"heart_rate":92.0,"start_time":1700864608401},{"heart_rate":92.0,"start_time":1700864609404},{"heart_rate":92.0,"start_time":1700864610405},{"heart_rate":92.0,"start_time":1700864611407},{"heart_rate":91.0,"start_time":1700864612409},{"heart_rate":91.0,"start_time":1700864613500},{"heart_rate":91.0,"start_time":1700864614500},{"heart_rate":91.0,"start_time":1700864615500},{"heart_rate":90.0,"start_time":1700864616500},{"heart_rate":90.0,"start_time":1700864617500},{"heart_rate":90.0,"start_time":1700864618500},{"heart_rate":90.0,"start_time":1700864619500},{"heart_rate":90.0,"start_time":1700864620500},{"heart_rate":90.0,"start_time":1700864621500},{"heart_rate":90.0,"start_time":1700864622500},{"heart_rate":90.0,"start_time":1700864623500},{"heart_rate":90.0,"start_time":1700864624500},{"heart_rate":90.0,"start_time":1700864625500},{"heart_rate":90.0,"start_time":1700864626500},{"heart_rate":90.0,"start_time":1700864627500},{"heart_rate":90.0,"start_time":1700864628500},{"heart_rate":90.0,"start_time":1700864629502},{"heart_rate":90.0,"start_time":1700864630582},{"heart_rate":91.0,"start_time":1700864631582},{"heart_rate":91.0,"start_time":1700864632582},{"heart_rate":92.0,"start_time":1700864633582},{"heart_rate":92.0,"start_time":1700864634582},{"heart_rate":93.0,"start_time":1700864635582},{"heart_rate":93.0,"start_time":1700864636582},{"heart_rate":93.0,"start_time":1700864637582},{"heart_rate":94.0,"start_time":1700864638582},{"heart_rate":94.0,"start_time":1700864639582},{"heart_rate":94.0,"start_time":1700864640582},{"heart_rate":94.0,"start_time":1700864641582},{"heart_rate":95.0,"start_time":1700864642582},{"heart_rate":95.0,"start_time":1700864643582},{"heart_rate":95.0,"start_time":1700864644582},{"heart_rate":95.0,"start_time":1700864645582},{"heart_rate":95.0,"start_time":1700864646582},{"heart_rate":95.0,"start_time":1700864647586},{"heart_rate":95.0,"start_time":1700864648586},{"heart_rate":95.0,"start_time":1700864649763},{"heart_rate":94.0,"start_time":1700864650763},{"heart_rate":94.0,"start_time":1700864651763},{"heart_rate":94.0,"start_time":1700864652763},{"heart_rate":94.0,"start_time":1700864653763},{"heart_rate":94.0,"start_time":1700864654763},{"heart_rate":94.0,"start_time":1700864655763},{"heart_rate":94.0,"start_time":1700864656763},{"heart_rate":94.0,"start_time":1700864657763},{"heart_rate":94.0,"start_time":1700864658763},{"heart_rate":94.0,"start_time":1700864659763},{"heart_rate":93.0,"start_time":1700864660763},{"heart_rate":93.0,"start_time":1700864661763},{"heart_rate":93.0,"start_time":1700864662763},{"heart_rate":93.0,"start_time":1700864663763},{"heart_rate":93.0,"start_time":1700864664763},{"heart_rate":93.0,"start_time":1700864665763},{"heart_rate":94.0,"start_time":1700864666763},{"heart_rate":94.0,"start_time":1700864667763},{"heart_rate":94.0,"start_time":1700864668763},{"heart_rate":94.0,"start_time":1700864669763},{"heart_rate":95.0,"start_time":1700864670763},{"heart_rate":95.0,"start_time":1700864671763},{"heart_rate":95.0,"start_time":1700864672763},{"heart_rate":94.0,"start_time":1700864673763},{"heart_rate":94.0,"start_time":1700864674763},{"heart_rate":94.0,"start_time":1700864675763},{"heart_rate":94.0,"start_time":1700864676763},{"heart_rate":94.0,"start_time":1700864677763},{"heart_rate":95.0,"start_time":1700864678763},{"heart_rate":95.0,"start_time":1700864679763},{"heart_rate":95.0,"start_time":1700864680763},{"heart_rate":95.0,"start_time":1700864681763},{"heart_rate":95.0,"start_time":1700864682763},{"heart_rate":95.0,"start_time":1700864683765},{"heart_rate":95.0,"start_time":1700864684786},{"heart_rate":95.0,"start_time":1700864685786},{"heart_rate":95.0,"start_time":1700864686786},{"heart_rate":94.0,"start_time":1700864687786},{"heart_rate":94.0,"start_time":1700864688786},{"heart_rate":94.0,"start_time":1700864689786},{"heart_rate":93.0,"start_time":1700864690789},{"heart_rate":93.0,"start_time":1700864691791},{"heart_rate":93.0,"start_time":1700864692792},{"heart_rate":93.0,"start_time":1700864693795},{"heart_rate":92.0,"start_time":1700864697248},{"heart_rate":92.0,"start_time":1700864698248},{"heart_rate":91.0,"start_time":1700864699248},{"heart_rate":91.0,"start_time":1700864700248},{"heart_rate":91.0,"start_time":1700864701248},{"heart_rate":91.0,"start_time":1700864702248},{"heart_rate":91.0,"start_time":1700864703248},{"heart_rate":90.0,"start_time":1700864704248},{"heart_rate":90.0,"start_time":1700864705248},{"heart_rate":90.0,"start_time":1700864706248},{"heart_rate":90.0,"start_time":1700864707248},{"heart_rate":90.0,"start_time":1700864708248},{"heart_rate":89.0,"start_time":1700864709248},{"heart_rate":89.0,"start_time":1700864710248},{"heart_rate":89.0,"start_time":1700864711248},{"heart_rate":88.0,"start_time":1700864712248},{"heart_rate":88.0,"start_time":1700864713248},{"heart_rate":88.0,"start_time":1700864714248},{"heart_rate":88.0,"start_time":1700864715248},{"heart_rate":87.0,"start_time":1700864716248},{"heart_rate":87.0,"start_time":1700864717248},{"heart_rate":87.0,"start_time":1700864718248},{"heart_rate":87.0,"start_time":1700864719248},{"heart_rate":87.0,"start_time":1700864720248},{"heart_rate":86.0,"start_time":1700864721248},{"heart_rate":86.0,"start_time":1700864722248},{"heart_rate":86.0,"start_time":1700864723248},{"heart_rate":85.0,"start_time":1700864724248},{"heart_rate":85.0,"start_time":1700864725248},{"heart_rate":85.0,"start_time":1700864726248},{"heart_rate":85.0,"start_time":1700864727248},{"heart_rate":85.0,"start_time":1700864728248},{"heart_rate":85.0,"start_time":1700864729248},{"heart_rate":85.0,"start_time":1700864730248},{"heart_rate":85.0,"start_time":1700864731248},{"heart_rate":85.0,"start_time":1700864732248},{"heart_rate":85.0,"start_time":1700864733248},{"heart_rate":85.0,"start_time":1700864734248},{"heart_rate":85.0,"start_time":1700864735248},{"heart_rate":85.0,"start_time":1700864736248},{"heart_rate":84.0,"start_time":1700864737248},{"heart_rate":84.0,"start_time":1700864738248},{"heart_rate":84.0,"start_time":1700864739248},{"heart_rate":84.0,"start_time":1700864740248},{"heart_rate":84.0,"start_time":1700864741248},{"heart_rate":84.0,"start_time":1700864742248},{"heart_rate":84.0,"start_time":1700864743248},{"heart_rate":84.0,"start_time":1700864744248},{"heart_rate":84.0,"start_time":1700864745248},{"heart_rate":85.0,"start_time":1700864746248},{"heart_rate":85.0,"start_time":1700864747248},{"heart_rate":85.0,"start_time":1700864748248},{"heart_rate":85.0,"start_time":1700864749248},{"heart_rate":85.0,"start_time":1700864750248},{"heart_rate":86.0,"start_time":1700864751248},{"heart_rate":86.0,"start_time":1700864752248},{"heart_rate":86.0,"start_time":1700864753248},{"heart_rate":87.0,"start_time":1700864754248},{"heart_rate":87.0,"start_time":1700864755248},{"heart_rate":87.0,"start_time":1700864756248},{"heart_rate":87.0,"start_time":1700864757248},{"heart_rate":87.0,"start_time":1700864758248},{"heart_rate":87.0,"start_time":1700864759248},{"heart_rate":87.0,"start_time":1700864760248},{"heart_rate":86.0,"start_time":1700864761248},{"heart_rate":86.0,"start_time":1700864762248},{"heart_rate":86.0,"start_time":1700864763248},{"heart_rate":86.0,"start_time":1700864764248},{"heart_rate":85.0,"start_time":1700864765248},{"heart_rate":86.0,"start_time":1700864766248},{"heart_rate":86.0,"start_time":1700864767248},{"heart_rate":86.0,"start_time":1700864768248},{"heart_rate":86.0,"start_time":1700864769248},{"heart_rate":86.0,"start_time":1700864770248},{"heart_rate":86.0,"start_time":1700864771248},{"heart_rate":86.0,"start_time":1700864772248},{"heart_rate":86.0,"start_time":1700864773248},{"heart_rate":86.0,"start_time":1700864774248},{"heart_rate":86.0,"start_time":1700864775248},{"heart_rate":87.0,"start_time":1700864776248},{"heart_rate":87.0,"start_time":1700864777248},{"heart_rate":87.0,"start_time":1700864778248},{"heart_rate":87.0,"start_time":1700864779248},{"heart_rate":87.0,"start_time":1700864780248},{"heart_rate":86.0,"start_time":1700864781248},{"heart_rate":86.0,"start_time":1700864782248},{"heart_rate":86.0,"start_time":1700864783248},{"heart_rate":86.0,"start_time":1700864784248},{"heart_rate":86.0,"start_time":1700864785248},{"heart_rate":85.0,"start_time":1700864786248},{"heart_rate":84.0,"start_time":1700864787248},{"heart_rate":84.0,"start_time":1700864788248},{"heart_rate":84.0,"start_time":1700864789248},{"heart_rate":84.0,"start_time":1700864790248},{"heart_rate":84.0,"start_time":1700864791248},{"heart_rate":83.0,"start_time":1700864792248},{"heart_rate":83.0,"start_time":1700864793248},{"heart_rate":83.0,"start_time":1700864794248},{"heart_rate":83.0,"start_time":1700864795248},{"heart_rate":83.0,"start_time":1700864796248},{"heart_rate":83.0,"start_time":1700864797248},{"heart_rate":83.0,"start_time":1700864798248},{"heart_rate":83.0,"start_time":1700864799248},{"heart_rate":84.0,"start_time":1700864800248},{"heart_rate":84.0,"start_time":1700864801248},{"heart_rate":84.0,"start_time":1700864802248},{"heart_rate":84.0,"start_time":1700864803248},{"heart_rate":85.0,"start_time":1700864804248},{"heart_rate":85.0,"start_time":1700864805248},{"heart_rate":85.0,"start_time":1700864806248},{"heart_rate":85.0,"start_time":1700864807248},{"heart_rate":85.0,"start_time":1700864808248},{"heart_rate":85.0,"start_time":1700864809248},{"heart_rate":85.0,"start_time":1700864810248},{"heart_rate":85.0,"start_time":1700864811248},{"heart_rate":85.0,"start_time":1700864812248},{"heart_rate":85.0,"start_time":1700864813248},{"heart_rate":85.0,"start_time":1700864814248},{"heart_rate":85.0,"start_time":1700864815248},{"heart_rate":85.0,"start_time":1700864816248},{"heart_rate":85.0,"start_time":1700864817248},{"heart_rate":85.0,"start_time":1700864818248},{"heart_rate":85.0,"start_time":1700864819248},{"heart_rate":85.0,"start_time":1700864820248},{"heart_rate":85.0,"start_time":1700864821248},{"heart_rate":85.0,"start_time":1700864822248},{"heart_rate":85.0,"start_time":1700864823248},{"heart_rate":86.0,"start_time":1700864824248},{"heart_rate":86.0,"start_time":1700864825248},{"heart_rate":86.0,"start_time":1700864826248},{"heart_rate":86.0,"start_time":1700864827248},{"heart_rate":87.0,"start_time":1700864828248},{"heart_rate":87.0,"start_time":1700864829248},{"heart_rate":87.0,"start_time":1700864830248},{"heart_rate":87.0,"start_time":1700864831248},{"heart_rate":87.0,"start_time":1700864832248},{"heart_rate":87.0,"start_time":1700864833248},{"heart_rate":87.0,"start_time":1700864834248},{"heart_rate":87.0,"start_time":1700864835248},{"heart_rate":87.0,"start_time":1700864836248},{"heart_rate":87.0,"start_time":1700864837248},{"heart_rate":87.0,"start_time":1700864838248},{"heart_rate":87.0,"start_time":1700864839248},{"heart_rate":87.0,"start_time":1700864840248},{"heart_rate":87.0,"start_time":1700864841248},{"heart_rate":87.0,"start_time":1700864842248},{"heart_rate":87.0,"start_time":1700864843248},{"heart_rate":87.0,"start_time":1700864844248},{"heart_rate":87.0,"start_time":1700864845248},{"heart_rate":87.0,"start_time":1700864846248},{"heart_rate":87.0,"start_time":1700864847248},{"heart_rate":88.0,"start_time":1700864848248},{"heart_rate":88.0,"start_time":1700864849248},{"heart_rate":87.0,"start_time":1700864850248},{"heart_rate":87.0,"start_time":1700864851248},{"heart_rate":87.0,"start_time":1700864852248},{"heart_rate":87.0,"start_time":1700864853248},{"heart_rate":88.0,"start_time":1700864854248},{"heart_rate":88.0,"start_time":1700864855248},{"heart_rate":88.0,"start_time":1700864856248},{"heart_rate":88.0,"start_time":1700864857248},{"heart_rate":88.0,"start_time":1700864858248},{"heart_rate":88.0,"start_time":1700864859248},{"heart_rate":88.0,"start_time":1700864860248},{"heart_rate":88.0,"start_time":1700864861248},{"heart_rate":88.0,"start_time":1700864862248},{"heart_rate":88.0,"start_time":1700864863248},{"heart_rate":88.0,"start_time":1700864864248},{"heart_rate":88.0,"start_time":1700864865248},{"heart_rate":88.0,"start_time":1700864866248},{"heart_rate":87.0,"start_time":1700864867248},{"heart_rate":87.0,"start_time":1700864868248},{"heart_rate":87.0,"start_time":1700864869248},{"heart_rate":87.0,"start_time":1700864870248},{"heart_rate":87.0,"start_time":1700864871248},{"heart_rate":87.0,"start_time":1700864872248},{"heart_rate":88.0,"start_time":1700864873248},{"heart_rate":88.0,"start_time":1700864874248},{"heart_rate":88.0,"start_time":1700864875248},{"heart_rate":88.0,"start_time":1700864876248},{"heart_rate":89.0,"start_time":1700864877248},{"heart_rate":89.0,"start_time":1700864878248},{"heart_rate":89.0,"start_time":1700864879248},{"heart_rate":89.0,"start_time":1700864880248},{"heart_rate":90.0,"start_time":1700864881248},{"heart_rate":90.0,"start_time":1700864882248},{"heart_rate":90.0,"start_time":1700864883248},{"heart_rate":90.0,"start_time":1700864884248},{"heart_rate":90.0,"start_time":1700864885248},{"heart_rate":90.0,"start_time":1700864886248},{"heart_rate":90.0,"start_time":1700864887248},{"heart_rate":90.0,"start_time":1700864888248},{"heart_rate":90.0,"start_time":1700864889248},{"heart_rate":90.0,"start_time":1700864890248},{"heart_rate":90.0,"start_time":1700864891248},{"heart_rate":90.0,"start_time":1700864892248},{"heart_rate":90.0,"start_time":1700864893248},{"heart_rate":90.0,"start_time":1700864894248},{"heart_rate":91.0,"start_time":1700864895248},{"heart_rate":91.0,"start_time":1700864896248},{"heart_rate":91.0,"start_time":1700864897248},{"heart_rate":91.0,"start_time":1700864898248},{"heart_rate":91.0,"start_time":1700864899248},{"heart_rate":92.0,"start_time":1700864900248},{"heart_rate":92.0,"start_time":1700864901248},{"heart_rate":92.0,"start_time":1700864902248},{"heart_rate":92.0,"start_time":1700864903248},{"heart_rate":92.0,"start_time":1700864904248},{"heart_rate":93.0,"start_time":1700864905248},{"heart_rate":93.0,"start_time":1700864906248},{"heart_rate":93.0,"start_time":1700864907248},{"heart_rate":94.0,"start_time":1700864908248},{"heart_rate":94.0,"start_time":1700864909248},{"heart_rate":94.0,"start_time":1700864910248},{"heart_rate":94.0,"start_time":1700864911248},{"heart_rate":94.0,"start_time":1700864912248},{"heart_rate":95.0,"start_time":1700864913248},{"heart_rate":95.0,"start_time":1700864914248},{"heart_rate":95.0,"start_time":1700864915248},{"heart_rate":95.0,"start_time":1700864916248},{"heart_rate":94.0,"start_time":1700864917248},{"heart_rate":94.0,"start_time":1700864918248},{"heart_rate":94.0,"start_time":1700864919248},{"heart_rate":94.0,"start_time":1700864920248},{"heart_rate":94.0,"start_time":1700864921248},{"heart_rate":94.0,"start_time":1700864922248},{"heart_rate":94.0,"start_time":1700864923248},{"heart_rate":94.0,"start_time":1700864924248},{"heart_rate":94.0,"start_time":1700864925248},{"heart_rate":94.0,"start_time":1700864926248},{"heart_rate":93.0,"start_time":1700864927248},{"heart_rate":93.0,"start_time":1700864928248},{"heart_rate":93.0,"start_time":1700864929248},{"heart_rate":93.0,"start_time":1700864930248},{"heart_rate":93.0,"start_time":1700864931248},{"heart_rate":93.0,"start_time":1700864932248},{"heart_rate":93.0,"start_time":1700864933248},{"heart_rate":93.0,"start_time":1700864934248},{"heart_rate":93.0,"start_time":1700864935248},{"heart_rate":93.0,"start_time":1700864936248},{"heart_rate":93.0,"start_time":1700864937248},{"heart_rate":94.0,"start_time":1700864938248},{"heart_rate":94.0,"start_time":1700864939248},{"heart_rate":94.0,"start_time":1700864940248},{"heart_rate":94.0,"start_time":1700864941248},{"heart_rate":94.0,"start_time":1700864942248},{"heart_rate":94.0,"start_time":1700864943248},{"heart_rate":94.0,"start_time":1700864944248},{"heart_rate":94.0,"start_time":1700864945248},{"heart_rate":94.0,"start_time":1700864946248},{"heart_rate":94.0,"start_time":1700864947248},{"heart_rate":93.0,"start_time":1700864948248},{"heart_rate":93.0,"start_time":1700864949248},{"heart_rate":93.0,"start_time":1700864950248},{"heart_rate":93.0,"start_time":1700864951248},{"heart_rate":93.0,"start_time":1700864952248},{"heart_rate":93.0,"start_time":1700864953248},{"heart_rate":93.0,"start_time":1700864954248},{"heart_rate":93.0,"start_time":1700864955248},{"heart_rate":93.0,"start_time":1700864956248},{"heart_rate":93.0,"start_time":1700864957248},{"heart_rate":93.0,"start_time":1700864958248},{"heart_rate":93.0,"start_time":1700864959248},{"heart_rate":93.0,"start_time":1700864960248},{"heart_rate":93.0,"start_time":1700864961248},{"heart_rate":93.0,"start_time":1700864962248},{"heart_rate":93.0,"start_time":1700864963248},{"heart_rate":93.0,"start_time":1700864964248},{"heart_rate":93.0,"start_time":1700864965248},{"heart_rate":94.0,"start_time":1700864966248},{"heart_rate":94.0,"start_time":1700864967248},{"heart_rate":94.0,"start_time":1700864968248},{"heart_rate":94.0,"start_time":1700864969248},{"heart_rate":94.0,"start_time":1700864970248},{"heart_rate":94.0,"start_time":1700864971248},{"heart_rate":94.0,"start_time":1700864972248},{"heart_rate":94.0,"start_time":1700864973248},{"heart_rate":94.0,"start_time":1700864974248},{"heart_rate":94.0,"start_time":1700864975248},{"heart_rate":94.0,"start_time":1700864976248},{"heart_rate":94.0,"start_time":1700864977248},{"heart_rate":94.0,"start_time":1700864978248},{"heart_rate":94.0,"start_time":1700864979248},{"heart_rate":93.0,"start_time":1700864980248},{"heart_rate":93.0,"start_time":1700864981248},{"heart_rate":93.0,"start_time":1700864982248},{"heart_rate":93.0,"start_time":1700864983248},{"heart_rate":92.0,"start_time":1700864984248},{"heart_rate":92.0,"start_time":1700864985248},{"heart_rate":92.0,"start_time":1700864986248},{"heart_rate":92.0,"start_time":1700864987248},{"heart_rate":92.0,"start_time":1700864988248},{"heart_rate":92.0,"start_time":1700864989248},{"heart_rate":92.0,"start_time":1700864990248},{"heart_rate":91.0,"start_time":1700864991248},{"heart_rate":91.0,"start_time":1700864992248},{"heart_rate":91.0,"start_time":1700864993248},{"heart_rate":91.0,"start_time":1700864994248},{"heart_rate":91.0,"start_time":1700864995248},{"heart_rate":91.0,"start_time":1700864996248},{"heart_rate":91.0,"start_time":1700864997248},{"heart_rate":92.0,"start_time":1700864998248},{"heart_rate":93.0,"start_time":1700864999248},{"heart_rate":94.0,"start_time":1700865000248},{"heart_rate":94.0,"start_time":1700865001248},{"heart_rate":95.0,"start_time":1700865002248},{"heart_rate":95.0,"start_time":1700865003248},{"heart_rate":95.0,"start_time":1700865004248},{"heart_rate":96.0,"start_time":1700865005248},{"heart_rate":96.0,"start_time":1700865006248},{"heart_rate":96.0,"start_time":1700865007248},{"heart_rate":96.0,"start_time":1700865008248},{"heart_rate":96.0,"start_time":1700865009248},{"heart_rate":96.0,"start_time":1700865010248},{"heart_rate":96.0,"start_time":1700865011248},{"heart_rate":96.0,"start_time":1700865012248},{"heart_rate":95.0,"start_time":1700865013248},{"heart_rate":95.0,"start_time":1700865014248},{"heart_rate":95.0,"start_time":1700865015248},{"heart_rate":94.0,"start_time":1700865016248},{"heart_rate":94.0,"start_time":1700865017248},{"heart_rate":94.0,"start_time":1700865018248},{"heart_rate":93.0,"start_time":1700865019248},{"heart_rate":93.0,"start_time":1700865020248},{"heart_rate":93.0,"start_time":1700865021248},{"heart_rate":92.0,"start_time":1700865022248},{"heart_rate":92.0,"start_time":1700865023248},{"heart_rate":92.0,"start_time":1700865024248},{"heart_rate":92.0,"start_time":1700865025248},{"heart_rate":91.0,"start_time":1700865026248},{"heart_rate":91.0,"start_time":1700865027248},{"heart_rate":91.0,"start_time":1700865028248},{"heart_rate":92.0,"start_time":1700865029248},{"heart_rate":92.0,"start_time":1700865030248},{"heart_rate":92.0,"start_time":1700865031248},{"heart_rate":92.0,"start_time":1700865032248},{"heart_rate":92.0,"start_time":1700865033248},{"heart_rate":93.0,"start_time":1700865034248},{"heart_rate":93.0,"start_time":1700865035248},{"heart_rate":93.0,"start_time":1700865036248},{"heart_rate":93.0,"start_time":1700865037248},{"heart_rate":94.0,"start_time":1700865038248},{"heart_rate":94.0,"start_time":1700865039248},{"heart_rate":94.0,"start_time":1700865040248},{"heart_rate":94.0,"start_time":1700865041248},{"heart_rate":94.0,"start_time":1700865042248},{"heart_rate":94.0,"start_time":1700865043248},{"heart_rate":94.0,"start_time":1700865044248},{"heart_rate":94.0,"start_time":1700865045248},{"heart_rate":94.0,"start_time":1700865046248},{"heart_rate":94.0,"start_time":1700865047248},{"heart_rate":94.0,"start_time":1700865048248},{"heart_rate":94.0,"start_time":1700865049248},{"heart_rate":94.0,"start_time":1700865050248},{"heart_rate":94.0,"start_time":1700865051248},{"heart_rate":94.0,"start_time":1700865052248},{"heart_rate":94.0,"start_time":1700865053248},{"heart_rate":94.0,"start_time":1700865054248},{"heart_rate":94.0,"start_time":1700865055248},{"heart_rate":94.0,"start_time":1700865056248},{"heart_rate":94.0,"start_time":1700865057248},{"heart_rate":94.0,"start_time":1700865058248},{"heart_rate":94.0,"start_time":1700865059248},{"heart_rate":94.0,"start_time":1700865060248},{"heart_rate":94.0,"start_time":1700865061248},{"heart_rate":94.0,"start_time":1700865062248},{"heart_rate":94.0,"start_time":1700865063248},{"heart_rate":94.0,"start_time":1700865064248},{"heart_rate":94.0,"start_time":1700865065248},{"heart_rate":94.0,"start_time":1700865066248},{"heart_rate":94.0,"start_time":1700865067248},{"heart_rate":94.0,"start_time":1700865068248},{"heart_rate":94.0,"start_time":1700865069248},{"heart_rate":94.0,"start_time":1700865070248},{"heart_rate":94.0,"start_time":1700865071248},{"heart_rate":94.0,"start_time":1700865072248},{"heart_rate":94.0,"start_time":1700865073248},{"heart_rate":94.0,"start_time":1700865074248},{"heart_rate":93.0,"start_time":1700865075248},{"heart_rate":93.0,"start_time":1700865076248},{"heart_rate":93.0,"start_time":1700865077248},{"heart_rate":93.0,"start_time":1700865078248},{"heart_rate":93.0,"start_time":1700865079248},{"heart_rate":93.0,"start_time":1700865080248},{"heart_rate":93.0,"start_time":1700865081248},{"heart_rate":93.0,"start_time":1700865082248},{"heart_rate":93.0,"start_time":1700865083248},{"heart_rate":92.0,"start_time":1700865084248},{"heart_rate":92.0,"start_time":1700865085248},{"heart_rate":92.0,"start_time":1700865086248},{"heart_rate":92.0,"start_time":1700865087248},{"heart_rate":92.0,"start_time":1700865088248},{"heart_rate":92.0,"start_time":1700865089248},{"heart_rate":91.0,"start_time":1700865090248},{"heart_rate":91.0,"start_time":1700865091248},{"heart_rate":90.0,"start_time":1700865092248},{"heart_rate":89.0,"start_time":1700865093248},{"heart_rate":87.0,"start_time":1700865094248},{"heart_rate":85.0,"start_time":1700865095248},{"heart_rate":84.0,"start_time":1700865096248},{"heart_rate":83.0,"start_time":1700865097248},{"heart_rate":82.0,"start_time":1700865098248},{"heart_rate":82.0,"start_time":1700865099248},{"heart_rate":81.0,"start_time":1700865100248},{"heart_rate":81.0,"start_time":1700865101248},{"heart_rate":80.0,"start_time":1700865102248},{"heart_rate":80.0,"start_time":1700865103248},{"heart_rate":80.0,"start_time":1700865104248},{"heart_rate":80.0,"start_time":1700865105248},{"heart_rate":80.0,"start_time":1700865106248},{"heart_rate":80.0,"start_time":1700865107248},{"heart_rate":80.0,"start_time":1700865108248},{"heart_rate":81.0,"start_time":1700865110012},{"heart_rate":82.0,"start_time":1700865111478},{"heart_rate":83.0,"start_time":1700865112478},{"heart_rate":86.0,"start_time":1700865116478},{"heart_rate":86.0,"start_time":1700865117478},{"heart_rate":87.0,"start_time":1700865118478},{"heart_rate":88.0,"start_time":1700865119478},{"heart_rate":88.0,"start_time":1700865120478},{"heart_rate":89.0,"start_time":1700865121478},{"heart_rate":90.0,"start_time":1700865122478},{"heart_rate":91.0,"start_time":1700865123478},{"heart_rate":91.0,"start_time":1700865124478},{"heart_rate":92.0,"start_time":1700865125478},{"heart_rate":93.0,"start_time":1700865126478},{"heart_rate":94.0,"start_time":1700865127478},{"heart_rate":95.0,"start_time":1700865128478},{"heart_rate":96.0,"start_time":1700865129478},{"cadence":91.0,"speed":1.1666666,"start_time":1700864000750},{"cadence":98.0,"speed":1.1193334,"start_time":1700864059750},{"cadence":102.0,"speed":1.1778334,"start_time":1700864119750},{"cadence":102.0,"speed":1.1740001,"start_time":1700864179750},{"cadence":104.0,"speed":1.2222222,"start_time":1700864239750},{"cadence":98.0,"speed":1.1666666,"start_time":1700864299750},{"cadence":100.0,"speed":1.1765082,"start_time":1700864359750},{"cadence":110.0,"speed":1.3017006,"start_time":1700864419750},{"cadence":110.0,"speed":1.3017006,"start_time":1700864419750},{"cadence":110.0,"speed":1.3017006,"start_time":1700864419750},{"cadence":100.0,"speed":1.2777778,"start_time":1700864479750},{"cadence":104.0,"speed":1.2043333,"start_time":1700864539750},{"cadence":96.0,"speed":1.1718106,"start_time":1700864599750},{"cadence":97.0,"speed":1.1818104,"start_time":1700864659749},{"cadence":103.0,"speed":1.1898333,"start_time":1700864719750},{"cadence":104.0,"speed":1.2030001,"start_time":1700864779750},{"cadence":104.0,"speed":1.1998333,"start_time":1700864839750},{"cadence":104.0,"speed":1.204,"start_time":1700864899750},{"cadence":99.0,"speed":1.1944444,"start_time":1700864959750},{"cadence":104.0,"speed":1.2008333,"start_time":1700865019750},{"cadence":31.0,"speed":1.1666666,"start_time":1700865079750},{"cadence":31.0,"speed":1.1666666,"start_time":1700865079750}]