[{"score":0,"score_max":0,"score_min":0,"flag":1,"level":1,"start_time":1701416400000,"end_time":1701416459000},{"score":40,"score_max":57,"score_min":26,"flag":1,"level":1,"start_time":1701416340000,"end_time":1701416399000},{"score":12,"score_max":26,"score_min":4,"flag":1,"level":1,"start_time":1701416280000,"end_time":1701416339000},{"score":1,"score_max":3,"score_min":0,"flag":1,"level":1,"start_time":1701416220000,"end_time":1701416279000},{"score":0,"score_max":0,"score_min":0,"flag":1,"level":1,"start_time":1701416160000,"end_time":1701416219000},{"score":0,"score_max":0,"score_min":0,"flag":1,"level":1,"start_time":1701416100000,"end_time":1701416159000},{"score":0,"score_max":0,"score_min":0,"flag":1,"level":1,"start_time":1701414600000,"end_time":1701414659000},{"score":0,"score_max":0,"score_min":0,"flag":1,"level":1,"start_time":1701414420000,"end_time":1701414479000}]