[{"score":6,"score_max":15,"score_min":3,"flag":1,"level":1,"start_time":1700945940000,"end_time":1700945999000},{"score":1,"score_max":3,"score_min":1,"flag":1,"level":1,"start_time":1700945880000,"end_time":1700945939000},{"score":18,"score_max":48,"score_min":2,"flag":1,"level":1,"start_time":1700945820000,"end_time":1700945879000},{"score":55,"score_max":79,"score_min":11,"flag":1,"level":1,"start_time":1700945760000,"end_time":1700945819000},{"score":5,"score_max":10,"score_min":5,"flag":1,"level":1,"start_time":1700945700000,"end_time":1700945759000}]