[{"score":0,"score_max":0,"score_min":0,"flag":1,"level":1,"start_time":1701098160000,"end_time":1701098219000},{"score":0,"score_max":0,"score_min":0,"flag":1,"level":1,"start_time":1701098100000,"end_time":1701098159000},{"score":0,"score_max":0,"score_min":0,"flag":1,"level":1,"start_time":1701098040000,"end_time":1701098099000},{"score":0,"score_max":0,"score_min":0,"flag":1,"level":1,"start_time":1701097980000,"end_time":1701098039000},{"score":0,"score_max":0,"score_min":0,"flag":1,"level":1,"start_time":1701097920000,"end_time":1701097979000},{"score":0,"score_max":0,"score_min":0,"flag":1,"level":1,"start_time":1701097860000,"end_time":1701097919000},{"score":0,"score_max":0,"score_min":0,"flag":1,"level":1,"start_time":1701097800000,"end_time":1701097859000},{"score":0,"score_max":0,"score_min":0,"flag":1,"level":1,"start_time":1701097740000,"end_time":1701097799000},{"score":0,"score_max":0,"score_min":0,"flag":1,"level":1,"start_time":1701097680000,"end_time":1701097739000},{"score":0,"score_max":0,"score_min":0,"flag":1,"level":1,"start_time":1701097620000,"end_time":1701097679000},{"score":0,"score_max":0,"score_min":0,"flag":1,"level":1,"start_time":1701097560000,"end_time":1701097619000},{"score":0,"score_max":0,"score_min":0,"flag":1,"level":1,"start_time":1701097500000,"end_time":1701097559000},{"score":0,"score_max":0,"score_min":0,"flag":1,"level":1,"start_time":1701097440000,"end_time":1701097499000},{"score":0,"score_max":0,"score_min":0,"flag":1,"level":1,"start_time":1701097380000,"end_time":1701097439000},{"score":0,"score_max":0,"score_min":0,"flag":1,"level":1,"start_time":1701097320000,"end_time":1701097379000},{"score":0,"score_max":0,"score_min":0,"flag":1,"level":1,"start_time":1701097260000,"end_time":1701097319000},{"score":0,"score_max":0,"score_min":0,"flag":1,"level":1,"start_time":1701097200000,"end_time":1701097259000}]