[{"score":8,"score_max":17,"score_min":5,"flag":1,"level":1,"start_time":1700881140000,"end_time":1700881199000},{"score":9,"score_max":18,"score_min":5,"flag":1,"level":1,"start_time":1700881080000,"end_time":1700881139000},{"score":10,"score_max":17,"score_min":5,"flag":1,"level":1,"start_time":1700881020000,"end_time":1700881079000},{"score":18,"score_max":19,"score_min":17,"flag":1,"level":1,"start_time":1700880960000,"end_time":1700881019000},{"score":18,"score_max":21,"score_min":17,"flag":1,"level":1,"start_time":1700880900000,"end_time":1700880959000},{"score":11,"score_max":18,"score_min":7,"flag":1,"level":1,"start_time":1700880840000,"end_time":1700880899000},{"score":15,"score_max":47,"score_min":7,"flag":1,"level":1,"start_time":1700880780000,"end_time":1700880839000},{"score":76,"score_max":84,"score_min":48,"flag":1,"level":1,"start_time":1700880720000,"end_time":1700880779000},{"score":76,"score_max":80,"score_min":73,"flag":1,"level":1,"start_time":1700880660000,"end_time":1700880719000},{"score":70,"score_max":73,"score_min":69,"flag":1,"level":1,"start_time":1700880600000,"end_time":1700880659000},{"score":81,"score_max":88,"score_min":72,"flag":1,"level":1,"start_time":1700880540000,"end_time":1700880599000},{"score":91,"score_max":93,"score_min":88,"flag":1,"level":1,"start_time":1700880480000,"end_time":1700880539000},{"score":73,"score_max":93,"score_min":31,"flag":1,"level":1,"start_time":1700880420000,"end_time":1700880479000},{"score":18,"score_max":30,"score_min":16,"flag":1,"level":1,"start_time":1700880360000,"end_time":1700880419000},{"score":14,"score_max":18,"score_min":13,"flag":1,"level":1,"start_time":1700880300000,"end_time":1700880359000},{"score":23,"score_max":27,"score_min":17,"flag":1,"level":1,"start_time":1700880240000,"end_time":1700880299000},{"score":18,"score_max":23,"score_min":15,"flag":1,"level":1,"start_time":1700880180000,"end_time":1700880239000},{"score":15,"score_max":16,"score_min":15,"flag":1,"level":1,"start_time":1700880120000,"end_time":1700880179000},{"score":16,"score_max":22,"score_min":15,"flag":1,"level":1,"start_time":1700880060000,"end_time":1700880119000},{"score":33,"score_max":42,"score_min":23,"flag":1,"level":1,"start_time":1700880000000,"end_time":1700880059000},{"score":15,"score_max":30,"score_min":11,"flag":1,"level":1,"start_time":1700879940000,"end_time":1700879999000},{"score":13,"score_max":19,"score_min":11,"flag":1,"level":1,"start_time":1700879880000,"end_time":1700879939000},{"score":19,"score_max":28,"score_min":14,"flag":1,"level":1,"start_time":1700879820000,"end_time":1700879879000},{"score":25,"score_max":30,"score_min":22,"flag":1,"level":1,"start_time":1700879760000,"end_time":1700879819000},{"score":28,"score_max":34,"score_min":23,"flag":1,"level":1,"start_time":1700879700000,"end_time":1700879759000},{"score":23,"score_max":35,"score_min":15,"flag":1,"level":1,"start_time":1700879640000,"end_time":1700879699000},{"score":8,"score_max":15,"score_min":3,"flag":1,"level":1,"start_time":1700879580000,"end_time":1700879639000},{"score":91,"score_max":92,"score_min":91,"flag":1,"level":1,"start_time":1700879520000,"end_time":1700879579000},{"score":78,"score_max":93,"score_min":39,"flag":1,"level":1,"start_time":1700879460000,"end_time":1700879519000},{"score":37,"score_max":62,"score_min":23,"flag":1,"level":1,"start_time":1700879400000,"end_time":1700879459000},{"score":61,"score_max":73,"score_min":49,"flag":1,"level":1,"start_time":1700879340000,"end_time":1700879399000},{"score":48,"score_max":55,"score_min":43,"flag":1,"level":1,"start_time":1700879280000,"end_time":1700879339000},{"score":45,"score_max":58,"score_min":36,"flag":1,"level":1,"start_time":1700879220000,"end_time":1700879279000},{"score":24,"score_max":36,"score_min":19,"flag":1,"level":1,"start_time":1700879160000,"end_time":1700879219000},{"score":17,"score_max":21,"score_min":14,"flag":1,"level":1,"start_time":1700879100000,"end_time":1700879159000},{"score":22,"score_max":28,"score_min":17,"flag":1,"level":1,"start_time":1700879040000,"end_time":1700879099000},{"score":16,"score_max":22,"score_min":14,"flag":1,"level":1,"start_time":1700878980000,"end_time":1700879039000},{"score":16,"score_max":24,"score_min":13,"flag":1,"level":1,"start_time":1700878920000,"end_time":1700878979000},{"score":35,"score_max":53,"score_min":16,"flag":1,"level":1,"start_time":1700878860000,"end_time":1700878919000},{"score":5,"score_max":16,"score_min":0,"flag":1,"level":1,"start_time":1700878680000,"end_time":1700878739000},{"score":98,"score_max":100,"score_min":97,"flag":1,"level":1,"start_time":1700878620000,"end_time":1700878679000},{"score":90,"score_max":97,"score_min":82,"flag":1,"level":1,"start_time":1700878560000,"end_time":1700878619000},{"score":61,"score_max":81,"score_min":50,"flag":1,"level":1,"start_time":1700878500000,"end_time":1700878559000},{"score":43,"score_max":57,"score_min":18,"flag":1,"level":1,"start_time":1700878440000,"end_time":1700878499000},{"score":13,"score_max":18,"score_min":9,"flag":1,"level":1,"start_time":1700878380000,"end_time":1700878439000},{"score":21,"score_max":25,"score_min":14,"flag":1,"level":1,"start_time":1700878260000,"end_time":1700878319000},{"score":0,"score_max":0,"score_min":0,"flag":1,"level":1,"start_time":1700878080000,"end_time":1700878139000},{"score":93,"score_max":96,"score_min":91,"flag":1,"level":1,"start_time":1700878020000,"end_time":1700878079000},{"score":84,"score_max":90,"score_min":81,"flag":1,"level":1,"start_time":1700877720000,"end_time":1700877779000},{"score":85,"score_max":90,"score_min":80,"flag":1,"level":1,"start_time":1700877660000,"end_time":1700877719000},{"score":34,"score_max":77,"score_min":13,"flag":1,"level":1,"start_time":1700877600000,"end_time":1700877659000}]