[{"score":40,"score_max":50,"score_min":33,"flag":1,"level":1,"start_time":1700992740000,"end_time":1700992799000},{"score":27,"score_max":46,"score_min":15,"flag":1,"level":1,"start_time":1700992680000,"end_time":1700992739000},{"score":27,"score_max":37,"score_min":19,"flag":1,"level":1,"start_time":1700992620000,"end_time":1700992679000},{"score":18,"score_max":23,"score_min":14,"flag":1,"level":1,"start_time":1700992560000,"end_time":1700992619000},{"score":45,"score_max":63,"score_min":23,"flag":1,"level":1,"start_time":1700992500000,"end_time":1700992559000},{"score":18,"score_max":36,"score_min":9,"flag":1,"level":1,"start_time":1700992440000,"end_time":1700992499000},{"score":15,"score_max":22,"score_min":10,"flag":1,"level":1,"start_time":1700992380000,"end_time":1700992439000},{"score":15,"score_max":20,"score_min":10,"flag":1,"level":1,"start_time":1700992320000,"end_time":1700992379000},{"score":9,"score_max":13,"score_min":7,"flag":1,"level":1,"start_time":1700992260000,"end_time":1700992319000},{"score":7,"score_max":12,"score_min":5,"flag":1,"level":1,"start_time":1700992200000,"end_time":1700992259000},{"score":13,"score_max":18,"score_min":7,"flag":1,"level":1,"start_time":1700992140000,"end_time":1700992199000},{"score":6,"score_max":10,"score_min":5,"flag":1,"level":1,"start_time":1700992080000,"end_time":1700992139000},{"score":41,"score_max":86,"score_min":7,"flag":1,"level":1,"start_time":1700992020000,"end_time":1700992079000},{"score":91,"score_max":94,"score_min":86,"flag":1,"level":1,"start_time":1700991960000,"end_time":1700992019000},{"score":75,"score_max":94,"score_min":43,"flag":1,"level":1,"start_time":1700991900000,"end_time":1700991959000},{"score":29,"score_max":42,"score_min":22,"flag":1,"level":1,"start_time":1700991840000,"end_time":1700991899000},{"score":15,"score_max":22,"score_min":9,"flag":1,"level":1,"start_time":1700991780000,"end_time":1700991839000},{"score":75,"score_max":100,"score_min":9,"flag":1,"level":1,"start_time":1700991720000,"end_time":1700991779000},{"score":100,"score_max":100,"score_min":100,"flag":1,"level":1,"start_time":1700991540000,"end_time":1700991599000},{"score":23,"score_max":39,"score_min":10,"flag":1,"level":1,"start_time":1700991480000,"end_time":1700991539000},{"score":4,"score_max":11,"score_min":2,"flag":1,"level":1,"start_time":1700991420000,"end_time":1700991479000},{"score":9,"score_max":14,"score_min":3,"flag":1,"level":1,"start_time":1700991360000,"end_time":1700991419000},{"score":4,"score_max":12,"score_min":1,"flag":1,"level":1,"start_time":1700991300000,"end_time":1700991359000},{"score":10,"score_max":25,"score_min":1,"flag":1,"level":1,"start_time":1700991240000,"end_time":1700991299000},{"score":0,"score_max":1,"score_min":0,"flag":1,"level":1,"start_time":1700991180000,"end_time":1700991239000},{"score":0,"score_max":1,"score_min":0,"flag":1,"level":1,"start_time":1700991120000,"end_time":1700991179000},{"score":0,"score_max":1,"score_min":0,"flag":1,"level":1,"start_time":1700991060000,"end_time":1700991119000},{"score":0,"score_max":0,"score_min":0,"flag":1,"level":1,"start_time":1700991000000,"end_time":1700991059000},{"score":0,"score_max":1,"score_min":0,"flag":1,"level":1,"start_time":1700990940000,"end_time":1700990999000},{"score":0,"score_max":1,"score_min":0,"flag":1,"level":1,"start_time":1700990880000,"end_time":1700990939000},{"score":0,"score_max":0,"score_min":0,"flag":1,"level":1,"start_time":1700990820000,"end_time":1700990879000},{"score":0,"score_max":0,"score_min":0,"flag":1,"level":1,"start_time":1700990760000,"end_time":1700990819000},{"score":0,"score_max":3,"score_min":0,"flag":1,"level":1,"start_time":1700990700000,"end_time":1700990759000},{"score":0,"score_max":2,"score_min":0,"flag":1,"level":1,"start_time":1700990640000,"end_time":1700990699000},{"score":0,"score_max":0,"score_min":0,"flag":1,"level":1,"start_time":1700990580000,"end_time":1700990639000},{"score":0,"score_max":0,"score_min":0,"flag":1,"level":1,"start_time":1700990520000,"end_time":1700990579000},{"score":0,"score_max":0,"score_min":0,"flag":1,"level":1,"start_time":1700990460000,"end_time":1700990519000},{"score":0,"score_max":0,"score_min":0,"flag":1,"level":1,"start_time":1700990400000,"end_time":1700990459000},{"score":0,"score_max":0,"score_min":0,"flag":1,"level":1,"start_time":1700990340000,"end_time":1700990399000},{"score":0,"score_max":0,"score_min":0,"flag":1,"level":1,"start_time":1700990100000,"end_time":1700990159000},{"score":100,"score_max":100,"score_min":100,"flag":1,"level":1,"start_time":1700990040000,"end_time":1700990099000},{"score":63,"score_max":100,"score_min":17,"flag":1,"level":1,"start_time":1700989980000,"end_time":1700990039000},{"score":56,"score_max":67,"score_min":26,"flag":1,"level":1,"start_time":1700989920000,"end_time":1700989979000},{"score":19,"score_max":42,"score_min":5,"flag":1,"level":1,"start_time":1700989860000,"end_time":1700989919000},{"score":29,"score_max":48,"score_min":6,"flag":1,"level":1,"start_time":1700989800000,"end_time":1700989859000},{"score":24,"score_max":41,"score_min":6,"flag":1,"level":1,"start_time":1700989740000,"end_time":1700989799000},{"score":6,"score_max":19,"score_min":3,"flag":1,"level":1,"start_time":1700989680000,"end_time":1700989739000},{"score":3,"score_max":9,"score_min":0,"flag":1,"level":1,"start_time":1700989200000,"end_time":1700989259000}]