[{"calorie":0.0,"count":0,"distance":0.0,"speed":0.0},{"calorie":0.0,"count":0,"distance":0.0,"speed":0.0},{"calorie":0.0,"count":0,"distance":0.0,"speed":0.0},{"calorie":0.0,"count":0,"distance":0.0,"speed":0.0},{"calorie":0.0,"count":0,"distance":0.0,"speed":0.0},{"calorie":0.0,"count":0,"distance":0.0,"speed":0.0},{"calorie":0.0,"count":0,"distance":0.0,"speed":0.0},{"calorie":0.0,"count":0,"distance":0.0,"speed":0.0},{"calorie":0.0,"count":0,"distance":0.0,"speed":0.0},{"calorie":0.0,"count":0,"distance":0.0,"speed":0.0},{"calorie":0.0,"count":0,"distance":0.0,"speed":0.0},{"calorie":0.0,"count":0,"distance":0.0,"speed":0.0},{"calorie":0.0,"count":0,"distance":0.0,"speed":0.0},{"calorie":0.0,"count":0,"distance":0.0,"speed":0.0},{"calorie":0.0,"count":0,"distance":0.0,"speed":0.0},{"calorie":0.0,"count":0,"distance":0.0,"speed":0.0},{"calorie":0.0,"count":0,"distance":0.0,"speed":0.0},{"calorie":0.0,"count":0,"distance":0.0,"speed":0.0},{"calorie":0.0,"count":0,"distance":0.0,"speed":0.0},{"calorie":0.0,"count":0,"distance":0.0,"speed":0.0},{"calorie":0.0,"count":0,"distance":0.0,"speed":0.0},{"calorie":0.0,"count":0,"distance":0.0,"speed":0.0},{"calorie":0.0,"count":0,"distance":0.0,"speed":0.0},{"calorie":0.0,"count":0,"distance":0.0,"speed":0.0},{"calorie":0.0,"count":0,"distance":0.0,"speed":0.0},{"calorie":0.0,"count":0,"distance":0.0,"speed":0.0},{"calorie":0.0,"count":0,"distance":0.0,"speed":0.0},{"calorie":0.0,"count":0,"distance":0.0,"speed":0.0},{"calorie":0.0,"count":0,"distance":0.0,"speed":0.0},{"calorie":0.0,"count":0,"distance":0.0,"speed":0.0},{"calorie":0.0,"count":0,"distance":0.0,"speed":0.0},{"calorie":2.3699997067451477,"count":77,"distance":55.7499942779541,"speed":4.901085376739502},{"calorie":0.0,"count":0,"distance":0.0,"speed":0.0},{"calorie":0.0,"count":0,"distance":0.0,"speed":0.0},{"calorie":0.0,"count":0,"distance":0.0,"speed":0.0},{"calorie":0.0,"count":0,"distance":0.0,"speed":0.0},{"calorie":0.0,"count":0,"distance":0.0,"speed":0.0},{"calorie":0.0,"count":0,"distance":0.0,"speed":0.0},{"calorie":0.0,"count":0,"distance":0.0,"speed":0.0},{"calorie":0.3499999940395355,"count":11,"distance":7.639999866485596,"speed":3.661144971847534},{"calorie":0.0,"count":0,"distance":0.0,"speed":0.0},{"calorie":0.0,"count":0,"distance":0.0,"speed":0.0},{"calorie":0.0,"count":0,"distance":0.0,"speed":0.0},{"calorie":0.9599999785423279,"count":6,"distance":15.140000343322754,"speed":24.999996185302734},{"calorie":0.0,"count":0,"distance":0.0,"speed":0.0},{"calorie":0.0,"count":0,"distance":0.0,"speed":0.0},{"calorie":0.0,"count":0,"distance":0.0,"speed":0.0},{"calorie":2.200000047683716,"count":66,"distance":50.2400016784668,"speed":4.962133407592773},{"calorie":0.0,"count":0,"distance":0.0,"speed":0.0},{"calorie":0.0,"count":0,"distance":0.0,"speed":0.0},{"calorie":0.0,"count":0,"distance":0.0,"speed":0.0},{"calorie":3.0199999809265137,"count":99,"distance":75.27000141143799,"speed":5.975203990936279},{"calorie":1.8300000429153442,"count":59,"distance":43.5099983215332,"speed":5.400000095367432},{"calorie":0.0,"count":0,"distance":0.0,"speed":0.0},{"calorie":1.3600000143051147,"count":44,"distance":32.02000045776367,"speed":5.099999904632568},{"calorie":4.939999967813492,"count":161,"distance":120.02999973297119,"speed":5.560779094696045},{"calorie":5.099998742341995,"count":167,"distance":120.34001159667969,"speed":4.594086170196533},{"calorie":0.7599998116493225,"count":27,"distance":21.090003967285156,"speed":7.5625505447387695},{"calorie":0.7699999809265137,"count":24,"distance":18.359999895095825,"speed":6.756338119506836},{"calorie":0.0,"count":0,"distance":0.0,"speed":0.0},{"calorie":0.0,"count":0,"distance":0.0,"speed":0.0},{"calorie":0.0,"count":0,"distance":0.0,"speed":0.0},{"calorie":0.25,"count":8,"distance":5.980000019073486,"speed":5.899999618530273},{"calorie":6.0999999195337296,"count":198,"distance":142.04999828338623,"speed":4.617185115814209},{"calorie":0.1899999976158142,"count":6,"distance":4.539999961853027,"speed":5.600000381469727},{"calorie":4.670000046491623,"count":154,"distance":111.09000015258789,"speed":4.563832759857178},{"calorie":13.65999998897314,"count":450,"distance":325.22999382019043,"speed":4.718585014343262},{"calorie":0.0,"count":0,"distance":0.0,"speed":0.0},{"calorie":0.2199999988079071,"count":7,"distance":4.949999809265137,"speed":4.299999713897705},{"calorie":0.0,"count":0,"distance":0.0,"speed":0.0},{"calorie":0.0,"count":0,"distance":0.0,"speed":0.0},{"calorie":0.0,"count":0,"distance":0.0,"speed":0.0},{"calorie":11.480000019073486,"count":380,"distance":271.07000160217285,"speed":4.471149921417236},{"calorie":14.029999732971191,"count":454,"distance":330.6400089263916,"speed":4.948574066162109},{"calorie":2.1500000953674316,"count":71,"distance":52.08000183105469,"speed":5.199999809265137},{"calorie":0.0,"count":0,"distance":0.0,"speed":0.0},{"calorie":3.909998297691345,"count":128,"distance":93.38999557495117,"speed":4.991422176361084},{"calorie":10.319994926452637,"count":341,"distance":251.5200343132019,"speed":5.289978981018066},{"calorie":0.0,"count":0,"distance":0.0,"speed":0.0},{"calorie":0.0,"count":0,"distance":0.0,"speed":0.0},{"calorie":0.0,"count":0,"distance":0.0,"speed":0.0},{"calorie":0.0,"count":0,"distance":0.0,"speed":0.0},{"calorie":0.0,"count":0,"distance":0.0,"speed":0.0},{"calorie":0.0,"count":0,"distance":0.0,"speed":0.0},{"calorie":1.1600390672683716,"count":38,"distance":27.680156707763672,"speed":5.080479621887207},{"calorie":14.570000171661377,"count":480,"distance":346.3399910926819,"speed":4.8191609382629395},{"calorie":4.170000046491623,"count":136,"distance":97.55999946594238,"speed":4.679769515991211},{"calorie":0.0,"count":0,"distance":0.0,"speed":0.0},{"calorie":0.0,"count":0,"distance":0.0,"speed":0.0},{"calorie":0.0,"count":0,"distance":0.0,"speed":0.0},{"calorie":0.0,"count":0,"distance":0.0,"speed":0.0},{"calorie":0.0,"count":0,"distance":0.0,"speed":0.0},{"calorie":0.0,"count":0,"distance":0.0,"speed":0.0},{"calorie":0.0,"count":0,"distance":0.0,"speed":0.0},{"calorie":0.0,"count":0,"distance":0.0,"speed":0.0},{"calorie":0.0,"count":0,"distance":0.0,"speed":0.0},{"calorie":0.0,"count":0,"distance":0.0,"speed":0.0},{"calorie":4.779999732971191,"count":157,"distance":116.98999309539795,"speed":5.544311046600342},{"calorie":0.0,"count":0,"distance":0.0,"speed":0.0},{"calorie":0.0,"count":0,"distance":0.0,"speed":0.0},{"calorie":1.4699999690055847,"count":47,"distance":34.22000026702881,"speed":4.988203525543213},{"calorie":0.0,"count":0,"distance":0.0,"speed":0.0},{"calorie":0.0,"count":0,"distance":0.0,"speed":0.0},{"calorie":0.0,"count":0,"distance":0.0,"speed":0.0},{"calorie":6.169999986886978,"count":199,"distance":141.06999921798706,"speed":4.547637462615967},{"calorie":4.239999920129776,"count":139,"distance":103.03000164031982,"speed":5.606871604919434},{"calorie":3.8499999046325684,"count":125,"distance":91.01000022888184,"speed":5.006038188934326},{"calorie":8.599999845027924,"count":283,"distance":204.73999977111816,"speed":4.859844207763672},{"calorie":0.0,"count":0,"distance":0.0,"speed":0.0},{"calorie":0.32999998331069946,"count":10,"distance":6.859999656677246,"speed":3.5938913822174072},{"calorie":0.0,"count":0,"distance":0.0,"speed":0.0},{"calorie":18.320000171661377,"count":525,"distance":374.96000385284424,"speed":4.683364391326904},{"calorie":0.9200000166893005,"count":29,"distance":20.329999923706055,"speed":4.5},{"calorie":11.270000100135803,"count":372,"distance":264.43999671936035,"speed":4.586717128753662},{"calorie":0.0,"count":0,"distance":0.0,"speed":0.0},{"calorie":5.309999942779541,"count":128,"distance":89.40999984741211,"speed":4.113392353057861},{"calorie":0.28999999165534973,"count":9,"distance":6.4800004959106445,"speed":5.220918655395508},{"calorie":0.0,"count":0,"distance":0.0,"speed":0.0},{"calorie":0.0,"count":0,"distance":0.0,"speed":0.0},{"calorie":0.48000001907348633,"count":18,"distance":12.84999942779541,"speed":4.288874626159668},{"calorie":0.0,"count":0,"distance":0.0,"speed":0.0},{"calorie":0.0,"count":0,"distance":0.0,"speed":0.0},{"calorie":0.0,"count":0,"distance":0.0,"speed":0.0},{"calorie":0.0,"count":0,"distance":0.0,"speed":0.0},{"calorie":0.0,"count":0,"distance":0.0,"speed":0.0},{"calorie":0.0,"count":0,"distance":0.0,"speed":0.0},{"calorie":0.0,"count":0,"distance":0.0,"speed":0.0},{"calorie":0.0,"count":0,"distance":0.0,"speed":0.0},{"calorie":0.0,"count":0,"distance":0.0,"speed":0.0},{"calorie":0.0,"count":0,"distance":0.0,"speed":0.0},{"calorie":0.0,"count":0,"distance":0.0,"speed":0.0},{"calorie":0.0,"count":0,"distance":0.0,"speed":0.0},{"calorie":0.0,"count":0,"distance":0.0,"speed":0.0},{"calorie":0.0,"count":0,"distance":0.0,"speed":0.0},{"calorie":0.0,"count":0,"distance":0.0,"speed":0.0},{"calorie":0.0,"count":0,"distance":0.0,"speed":0.0},{"calorie":0.0,"count":0,"distance":0.0,"speed":0.0},{"calorie":0.0,"count":0,"distance":0.0,"speed":0.0},{"calorie":0.0,"count":0,"distance":0.0,"speed":0.0},{"calorie":0.0,"count":0,"distance":0.0,"speed":0.0},{"calorie":0.0,"count":0,"distance":0.0,"speed":0.0},{"calorie":0.0,"count":0,"distance":0.0,"speed":0.0},{"calorie":0.0,"count":0,"distance":0.0,"speed":0.0},{"calorie":0.0,"count":0,"distance":0.0,"speed":0.0}]