[{"heart_rate":76,"heart_rate_max":80,"heart_rate_min":73,"start_time":1701086340000,"end_time":1701086399000},{"heart_rate":75,"heart_rate_max":79,"heart_rate_min":72,"start_time":1701086280000,"end_time":1701086339000},{"heart_rate":76,"heart_rate_max":79,"heart_rate_min":72,"start_time":1701086220000,"end_time":1701086279000},{"heart_rate":79,"heart_rate_max":83,"heart_rate_min":78,"start_time":1701086160000,"end_time":1701086219000},{"heart_rate":77,"heart_rate_max":80,"heart_rate_min":76,"start_time":1701086100000,"end_time":1701086159000},{"heart_rate":77,"heart_rate_max":82,"heart_rate_min":74,"start_time":1701086040000,"end_time":1701086099000},{"heart_rate":79,"heart_rate_max":82,"heart_rate_min":77,"start_time":1701085980000,"end_time":1701086039000},{"heart_rate":78,"heart_rate_max":84,"heart_rate_min":75,"start_time":1701085920000,"end_time":1701085979000},{"heart_rate":76,"heart_rate_max":80,"heart_rate_min":73,"start_time":1701085860000,"end_time":1701085919000},{"heart_rate":77,"heart_rate_max":82,"heart_rate_min":74,"start_time":1701085800000,"end_time":1701085859000},{"heart_rate":75,"heart_rate_max":78,"heart_rate_min":72,"start_time":1701085740000,"end_time":1701085799000},{"heart_rate":74,"heart_rate_max":77,"heart_rate_min":72,"start_time":1701085680000,"end_time":1701085739000},{"heart_rate":80,"heart_rate_max":83,"heart_rate_min":78,"start_time":1701085620000,"end_time":1701085679000},{"heart_rate":74,"heart_rate_max":77,"heart_rate_min":73,"start_time":1701085560000,"end_time":1701085619000},{"heart_rate":67,"heart_rate_max":73,"heart_rate_min":64,"start_time":1701085500000,"end_time":1701085559000},{"heart_rate":74,"heart_rate_max":78,"heart_rate_min":68,"start_time":1701085440000,"end_time":1701085499000},{"heart_rate":85,"heart_rate_max":95,"heart_rate_min":78,"start_time":1701085380000,"end_time":1701085439000},{"heart_rate":88,"heart_rate_max":95,"heart_rate_min":77,"start_time":1701085320000,"end_time":1701085379000},{"heart_rate":79,"heart_rate_max":83,"heart_rate_min":75,"start_time":1701085260000,"end_time":1701085319000},{"heart_rate":87,"heart_rate_max":95,"heart_rate_min":76,"start_time":1701085200000,"end_time":1701085259000},{"heart_rate":91,"heart_rate_max":96,"heart_rate_min":89,"start_time":1701085140000,"end_time":1701085199000},{"heart_rate":83,"heart_rate_max":89,"heart_rate_min":77,"start_time":1701085080000,"end_time":1701085139000},{"heart_rate":82,"heart_rate_max":89,"heart_rate_min":77,"start_time":1701085020000,"end_time":1701085079000},{"heart_rate":80,"heart_rate_max":83,"heart_rate_min":78,"start_time":1701084960000,"end_time":1701085019000},{"heart_rate":82,"heart_rate_max":84,"heart_rate_min":79,"start_time":1701084900000,"end_time":1701084959000},{"heart_rate":81,"heart_rate_max":85,"heart_rate_min":79,"start_time":1701084840000,"end_time":1701084899000},{"heart_rate":76,"heart_rate_max":84,"heart_rate_min":71,"start_time":1701084780000,"end_time":1701084839000},{"heart_rate":83,"heart_rate_max":87,"heart_rate_min":78,"start_time":1701084720000,"end_time":1701084779000},{"heart_rate":79,"heart_rate_max":86,"heart_rate_min":73,"start_time":1701084660000,"end_time":1701084719000},{"heart_rate":79,"heart_rate_max":84,"heart_rate_min":73,"start_time":1701084600000,"end_time":1701084659000},{"heart_rate":76,"heart_rate_max":84,"heart_rate_min":70,"start_time":1701084540000,"end_time":1701084599000},{"heart_rate":76,"heart_rate_max":80,"heart_rate_min":72,"start_time":1701084480000,"end_time":1701084539000},{"heart_rate":75,"heart_rate_max":82,"heart_rate_min":71,"start_time":1701084420000,"end_time":1701084479000},{"heart_rate":71,"heart_rate_max":77,"heart_rate_min":65,"start_time":1701084360000,"end_time":1701084419000},{"heart_rate":73,"heart_rate_max":75,"heart_rate_min":71,"start_time":1701084300000,"end_time":1701084359000},{"heart_rate":73,"heart_rate_max":79,"heart_rate_min":70,"start_time":1701084240000,"end_time":1701084299000},{"heart_rate":76,"heart_rate_max":77,"heart_rate_min":75,"start_time":1701084180000,"end_time":1701084239000},{"heart_rate":82,"heart_rate_max":83,"heart_rate_min":81,"start_time":1701084120000,"end_time":1701084179000},{"heart_rate":82,"heart_rate_max":84,"heart_rate_min":80,"start_time":1701084060000,"end_time":1701084119000},{"heart_rate":76,"heart_rate_max":79,"heart_rate_min":73,"start_time":1701084000000,"end_time":1701084059000},{"heart_rate":75,"heart_rate_max":79,"heart_rate_min":71,"start_time":1701083940000,"end_time":1701083999000},{"heart_rate":80,"heart_rate_max":87,"heart_rate_min":76,"start_time":1701083880000,"end_time":1701083939000},{"heart_rate":80,"heart_rate_max":84,"heart_rate_min":77,"start_time":1701083820000,"end_time":1701083879000},{"heart_rate":79,"heart_rate_max":83,"heart_rate_min":76,"start_time":1701083760000,"end_time":1701083819000},{"heart_rate":78,"heart_rate_max":84,"heart_rate_min":76,"start_time":1701083700000,"end_time":1701083759000},{"heart_rate":81,"heart_rate_max":88,"heart_rate_min":77,"start_time":1701083640000,"end_time":1701083699000},{"heart_rate":83,"heart_rate_max":92,"heart_rate_min":79,"start_time":1701083580000,"end_time":1701083639000},{"heart_rate":79,"heart_rate_max":82,"heart_rate_min":76,"start_time":1701083520000,"end_time":1701083579000},{"heart_rate":86,"heart_rate_max":94,"heart_rate_min":77,"start_time":1701083460000,"end_time":1701083519000},{"heart_rate":102,"heart_rate_max":102,"heart_rate_min":102,"start_time":1701083400000,"end_time":1701083459000},{"heart_rate":109,"heart_rate_max":115,"heart_rate_min":107,"start_time":1701083220000,"end_time":1701083279000},{"heart_rate":103,"heart_rate_max":107,"heart_rate_min":72,"start_time":1701083160000,"end_time":1701083219000},{"heart_rate":73,"heart_rate_max":77,"heart_rate_min":71,"start_time":1701083100000,"end_time":1701083159000},{"heart_rate":74,"heart_rate_max":80,"heart_rate_min":72,"start_time":1701083040000,"end_time":1701083099000},{"heart_rate":75,"heart_rate_max":80,"heart_rate_min":71,"start_time":1701082980000,"end_time":1701083039000},{"heart_rate":71,"heart_rate_max":75,"heart_rate_min":69,"start_time":1701082920000,"end_time":1701082979000},{"heart_rate":72,"heart_rate_max":77,"heart_rate_min":71,"start_time":1701082860000,"end_time":1701082919000},{"heart_rate":76,"heart_rate_max":81,"heart_rate_min":71,"start_time":1701082800000,"end_time":1701082859000}]