[{"heart_rate":81,"heart_rate_max":81,"heart_rate_min":81,"start_time":1701416400000,"end_time":1701416459000},{"heart_rate":75,"heart_rate_max":78,"heart_rate_min":74,"start_time":1701416340000,"end_time":1701416399000},{"heart_rate":72,"heart_rate_max":74,"heart_rate_min":70,"start_time":1701416280000,"end_time":1701416339000},{"heart_rate":67,"heart_rate_max":70,"heart_rate_min":65,"start_time":1701416220000,"end_time":1701416279000},{"heart_rate":63,"heart_rate_max":65,"heart_rate_min":62,"start_time":1701416160000,"end_time":1701416219000},{"heart_rate":59,"heart_rate_max":62,"heart_rate_min":57,"start_time":1701416100000,"end_time":1701416159000},{"heart_rate":53,"heart_rate_max":55,"heart_rate_min":52,"start_time":1701416040000,"end_time":1701416099000},{"heart_rate":83,"heart_rate_max":83,"heart_rate_min":83,"start_time":1701415740000,"end_time":1701415799000},{"heart_rate":82,"heart_rate_max":83,"heart_rate_min":82,"start_time":1701415680000,"end_time":1701415739000},{"heart_rate":90,"heart_rate_max":90,"heart_rate_min":90,"start_time":1701415440000,"end_time":1701415499000},{"heart_rate":81,"heart_rate_max":81,"heart_rate_min":81,"start_time":1701415380000,"end_time":1701415439000},{"heart_rate":62,"heart_rate_max":64,"heart_rate_min":61,"start_time":1701414420000,"end_time":1701414479000},{"heart_rate":57,"heart_rate_max":61,"heart_rate_min":53,"start_time":1701414360000,"end_time":1701414419000}]