[{"heart_rate":52,"heart_rate_max":56,"heart_rate_min":50,"start_time":1700837940000,"end_time":1700837999000},{"heart_rate":56,"heart_rate_max":58,"heart_rate_min":56,"start_time":1700837880000,"end_time":1700837939000},{"heart_rate":55,"heart_rate_max":57,"heart_rate_min":54,"start_time":1700837820000,"end_time":1700837879000},{"heart_rate":53,"heart_rate_max":55,"heart_rate_min":52,"start_time":1700837760000,"end_time":1700837819000},{"heart_rate":54,"heart_rate_max":56,"heart_rate_min":52,"start_time":1700837700000,"end_time":1700837759000},{"heart_rate":52,"heart_rate_max":55,"heart_rate_min":50,"start_time":1700837640000,"end_time":1700837699000},{"heart_rate":52,"heart_rate_max":54,"heart_rate_min":51,"start_time":1700837580000,"end_time":1700837639000},{"heart_rate":51,"heart_rate_max":54,"heart_rate_min":49,"start_time":1700837520000,"end_time":1700837579000},{"heart_rate":52,"heart_rate_max":54,"heart_rate_min":50,"start_time":1700837460000,"end_time":1700837519000},{"heart_rate":50,"heart_rate_max":53,"heart_rate_min":49,"start_time":1700837400000,"end_time":1700837459000},{"heart_rate":59,"heart_rate_max":73,"heart_rate_min":48,"start_time":1700837340000,"end_time":1700837399000},{"heart_rate":58,"heart_rate_max":61,"heart_rate_min":57,"start_time":1700837280000,"end_time":1700837339000},{"heart_rate":56,"heart_rate_max":60,"heart_rate_min":54,"start_time":1700837220000,"end_time":1700837279000},{"heart_rate":55,"heart_rate_max":58,"heart_rate_min":53,"start_time":1700837160000,"end_time":1700837219000},{"heart_rate":55,"heart_rate_max":57,"heart_rate_min":53,"start_time":1700837100000,"end_time":1700837159000},{"heart_rate":53,"heart_rate_max":56,"heart_rate_min":51,"start_time":1700837040000,"end_time":1700837099000},{"heart_rate":53,"heart_rate_max":56,"heart_rate_min":51,"start_time":1700836980000,"end_time":1700837039000},{"heart_rate":54,"heart_rate_max":56,"heart_rate_min":53,"start_time":1700836920000,"end_time":1700836979000},{"heart_rate":53,"heart_rate_max":55,"heart_rate_min":52,"start_time":1700836860000,"end_time":1700836919000},{"heart_rate":56,"heart_rate_max":65,"heart_rate_min":52,"start_time":1700836800000,"end_time":1700836859000},{"heart_rate":58,"heart_rate_max":60,"heart_rate_min":55,"start_time":1700836740000,"end_time":1700836799000},{"heart_rate":53,"heart_rate_max":59,"heart_rate_min":51,"start_time":1700836680000,"end_time":1700836739000},{"heart_rate":53,"heart_rate_max":55,"heart_rate_min":52,"start_time":1700836620000,"end_time":1700836679000},{"heart_rate":53,"heart_rate_max":55,"heart_rate_min":53,"start_time":1700836560000,"end_time":1700836619000},{"heart_rate":54,"heart_rate_max":55,"heart_rate_min":53,"start_time":1700836500000,"end_time":1700836559000},{"heart_rate":54,"heart_rate_max":56,"heart_rate_min":53,"start_time":1700836440000,"end_time":1700836499000},{"heart_rate":54,"heart_rate_max":56,"heart_rate_min":54,"start_time":1700836380000,"end_time":1700836439000},{"heart_rate":54,"heart_rate_max":55,"heart_rate_min":53,"start_time":1700836320000,"end_time":1700836379000},{"heart_rate":54,"heart_rate_max":56,"heart_rate_min":53,"start_time":1700836260000,"end_time":1700836319000},{"heart_rate":54,"heart_rate_max":55,"heart_rate_min":53,"start_time":1700836200000,"end_time":1700836259000},{"heart_rate":54,"heart_rate_max":56,"heart_rate_min":53,"start_time":1700836140000,"end_time":1700836199000},{"heart_rate":55,"heart_rate_max":56,"heart_rate_min":54,"start_time":1700836080000,"end_time":1700836139000},{"heart_rate":55,"heart_rate_max":62,"heart_rate_min":52,"start_time":1700836020000,"end_time":1700836079000},{"heart_rate":55,"heart_rate_max":57,"heart_rate_min":54,"start_time":1700835960000,"end_time":1700836019000},{"heart_rate":55,"heart_rate_max":60,"heart_rate_min":52,"start_time":1700835900000,"end_time":1700835959000},{"heart_rate":61,"heart_rate_max":71,"heart_rate_min":58,"start_time":1700835840000,"end_time":1700835899000},{"heart_rate":58,"heart_rate_max":59,"heart_rate_min":58,"start_time":1700835780000,"end_time":1700835839000},{"heart_rate":58,"heart_rate_max":59,"heart_rate_min":58,"start_time":1700835720000,"end_time":1700835779000},{"heart_rate":58,"heart_rate_max":59,"heart_rate_min":58,"start_time":1700835660000,"end_time":1700835719000},{"heart_rate":58,"heart_rate_max":59,"heart_rate_min":58,"start_time":1700835600000,"end_time":1700835659000},{"heart_rate":58,"heart_rate_max":59,"heart_rate_min":58,"start_time":1700835540000,"end_time":1700835599000},{"heart_rate":58,"heart_rate_max":59,"heart_rate_min":58,"start_time":1700835480000,"end_time":1700835539000},{"heart_rate":59,"heart_rate_max":59,"heart_rate_min":59,"start_time":1700835420000,"end_time":1700835479000},{"heart_rate":58,"heart_rate_max":59,"heart_rate_min":58,"start_time":1700835360000,"end_time":1700835419000},{"heart_rate":58,"heart_rate_max":60,"heart_rate_min":57,"start_time":1700835300000,"end_time":1700835359000},{"heart_rate":58,"heart_rate_max":59,"heart_rate_min":58,"start_time":1700835240000,"end_time":1700835299000},{"heart_rate":58,"heart_rate_max":59,"heart_rate_min":58,"start_time":1700835180000,"end_time":1700835239000},{"heart_rate":58,"heart_rate_max":59,"heart_rate_min":58,"start_time":1700835120000,"end_time":1700835179000},{"heart_rate":59,"heart_rate_max":59,"heart_rate_min":59,"start_time":1700835060000,"end_time":1700835119000},{"heart_rate":59,"heart_rate_max":59,"heart_rate_min":58,"start_time":1700835000000,"end_time":1700835059000},{"heart_rate":58,"heart_rate_max":59,"heart_rate_min":58,"start_time":1700834940000,"end_time":1700834999000},{"heart_rate":58,"heart_rate_max":59,"heart_rate_min":57,"start_time":1700834880000,"end_time":1700834939000},{"heart_rate":59,"heart_rate_max":60,"heart_rate_min":59,"start_time":1700834820000,"end_time":1700834879000},{"heart_rate":59,"heart_rate_max":60,"heart_rate_min":59,"start_time":1700834760000,"end_time":1700834819000},{"heart_rate":59,"heart_rate_max":60,"heart_rate_min":59,"start_time":1700834700000,"end_time":1700834759000},{"heart_rate":61,"heart_rate_max":65,"heart_rate_min":61,"start_time":1700834640000,"end_time":1700834699000},{"heart_rate":61,"heart_rate_max":64,"heart_rate_min":61,"start_time":1700834580000,"end_time":1700834639000},{"heart_rate":62,"heart_rate_max":67,"heart_rate_min":60,"start_time":1700834520000,"end_time":1700834579000},{"heart_rate":61,"heart_rate_max":65,"heart_rate_min":58,"start_time":1700834460000,"end_time":1700834519000},{"heart_rate":61,"heart_rate_max":63,"heart_rate_min":60,"start_time":1700834400000,"end_time":1700834459000}]