[{"heart_rate":51,"heart_rate_max":54,"heart_rate_min":49,"start_time":1701028740000,"end_time":1701028799000},{"heart_rate":50,"heart_rate_max":54,"heart_rate_min":48,"start_time":1701028680000,"end_time":1701028739000},{"heart_rate":51,"heart_rate_max":55,"heart_rate_min":50,"start_time":1701028620000,"end_time":1701028679000},{"heart_rate":51,"heart_rate_max":55,"heart_rate_min":50,"start_time":1701028560000,"end_time":1701028619000},{"heart_rate":51,"heart_rate_max":53,"heart_rate_min":49,"start_time":1701028500000,"end_time":1701028559000},{"heart_rate":50,"heart_rate_max":51,"heart_rate_min":50,"start_time":1701028440000,"end_time":1701028499000},{"heart_rate":50,"heart_rate_max":52,"heart_rate_min":49,"start_time":1701028380000,"end_time":1701028439000},{"heart_rate":52,"heart_rate_max":56,"heart_rate_min":51,"start_time":1701028320000,"end_time":1701028379000},{"heart_rate":52,"heart_rate_max":56,"heart_rate_min":51,"start_time":1701028260000,"end_time":1701028319000},{"heart_rate":52,"heart_rate_max":55,"heart_rate_min":51,"start_time":1701028200000,"end_time":1701028259000},{"heart_rate":51,"heart_rate_max":52,"heart_rate_min":51,"start_time":1701028140000,"end_time":1701028199000},{"heart_rate":53,"heart_rate_max":55,"heart_rate_min":52,"start_time":1701028080000,"end_time":1701028139000},{"heart_rate":54,"heart_rate_max":55,"heart_rate_min":53,"start_time":1701028020000,"end_time":1701028079000},{"heart_rate":55,"heart_rate_max":57,"heart_rate_min":54,"start_time":1701027960000,"end_time":1701028019000},{"heart_rate":60,"heart_rate_max":67,"heart_rate_min":57,"start_time":1701027900000,"end_time":1701027959000},{"heart_rate":56,"heart_rate_max":59,"heart_rate_min":56,"start_time":1701027840000,"end_time":1701027899000},{"heart_rate":56,"heart_rate_max":58,"heart_rate_min":54,"start_time":1701027780000,"end_time":1701027839000},{"heart_rate":57,"heart_rate_max":61,"heart_rate_min":56,"start_time":1701027720000,"end_time":1701027779000},{"heart_rate":59,"heart_rate_max":67,"heart_rate_min":57,"start_time":1701027660000,"end_time":1701027719000},{"heart_rate":66,"heart_rate_max":71,"heart_rate_min":63,"start_time":1701027600000,"end_time":1701027659000},{"heart_rate":71,"heart_rate_max":79,"heart_rate_min":69,"start_time":1701027540000,"end_time":1701027599000},{"heart_rate":70,"heart_rate_max":76,"heart_rate_min":62,"start_time":1701027480000,"end_time":1701027539000},{"heart_rate":53,"heart_rate_max":62,"heart_rate_min":52,"start_time":1701027420000,"end_time":1701027479000},{"heart_rate":51,"heart_rate_max":53,"heart_rate_min":51,"start_time":1701027360000,"end_time":1701027419000},{"heart_rate":52,"heart_rate_max":54,"heart_rate_min":51,"start_time":1701027300000,"end_time":1701027359000},{"heart_rate":52,"heart_rate_max":54,"heart_rate_min":52,"start_time":1701027240000,"end_time":1701027299000},{"heart_rate":52,"heart_rate_max":55,"heart_rate_min":51,"start_time":1701027180000,"end_time":1701027239000},{"heart_rate":55,"heart_rate_max":63,"heart_rate_min":52,"start_time":1701027120000,"end_time":1701027179000},{"heart_rate":53,"heart_rate_max":60,"heart_rate_min":53,"start_time":1701027060000,"end_time":1701027119000},{"heart_rate":54,"heart_rate_max":58,"heart_rate_min":52,"start_time":1701027000000,"end_time":1701027059000},{"heart_rate":53,"heart_rate_max":55,"heart_rate_min":53,"start_time":1701026940000,"end_time":1701026999000},{"heart_rate":53,"heart_rate_max":54,"heart_rate_min":53,"start_time":1701026880000,"end_time":1701026939000},{"heart_rate":53,"heart_rate_max":54,"heart_rate_min":53,"start_time":1701026820000,"end_time":1701026879000},{"heart_rate":53,"heart_rate_max":54,"heart_rate_min":52,"start_time":1701026760000,"end_time":1701026819000},{"heart_rate":53,"heart_rate_max":53,"heart_rate_min":53,"start_time":1701026700000,"end_time":1701026759000},{"heart_rate":52,"heart_rate_max":53,"heart_rate_min":52,"start_time":1701026640000,"end_time":1701026699000},{"heart_rate":52,"heart_rate_max":53,"heart_rate_min":52,"start_time":1701026580000,"end_time":1701026639000},{"heart_rate":52,"heart_rate_max":53,"heart_rate_min":52,"start_time":1701026520000,"end_time":1701026579000},{"heart_rate":52,"heart_rate_max":53,"heart_rate_min":51,"start_time":1701026460000,"end_time":1701026519000},{"heart_rate":52,"heart_rate_max":55,"heart_rate_min":51,"start_time":1701026400000,"end_time":1701026459000},{"heart_rate":52,"heart_rate_max":53,"heart_rate_min":51,"start_time":1701026340000,"end_time":1701026399000},{"heart_rate":51,"heart_rate_max":52,"heart_rate_min":51,"start_time":1701026280000,"end_time":1701026339000},{"heart_rate":51,"heart_rate_max":52,"heart_rate_min":51,"start_time":1701026220000,"end_time":1701026279000},{"heart_rate":51,"heart_rate_max":53,"heart_rate_min":51,"start_time":1701026160000,"end_time":1701026219000},{"heart_rate":51,"heart_rate_max":53,"heart_rate_min":51,"start_time":1701026100000,"end_time":1701026159000},{"heart_rate":51,"heart_rate_max":54,"heart_rate_min":51,"start_time":1701026040000,"end_time":1701026099000},{"heart_rate":51,"heart_rate_max":54,"heart_rate_min":51,"start_time":1701025980000,"end_time":1701026039000},{"heart_rate":51,"heart_rate_max":52,"heart_rate_min":51,"start_time":1701025920000,"end_time":1701025979000},{"heart_rate":51,"heart_rate_max":53,"heart_rate_min":49,"start_time":1701025860000,"end_time":1701025919000},{"heart_rate":51,"heart_rate_max":53,"heart_rate_min":50,"start_time":1701025800000,"end_time":1701025859000},{"heart_rate":52,"heart_rate_max":54,"heart_rate_min":51,"start_time":1701025740000,"end_time":1701025799000},{"heart_rate":52,"heart_rate_max":53,"heart_rate_min":52,"start_time":1701025680000,"end_time":1701025739000},{"heart_rate":52,"heart_rate_max":53,"heart_rate_min":52,"start_time":1701025620000,"end_time":1701025679000},{"heart_rate":52,"heart_rate_max":53,"heart_rate_min":52,"start_time":1701025560000,"end_time":1701025619000},{"heart_rate":54,"heart_rate_max":60,"heart_rate_min":52,"start_time":1701025500000,"end_time":1701025559000},{"heart_rate":51,"heart_rate_max":52,"heart_rate_min":51,"start_time":1701025440000,"end_time":1701025499000},{"heart_rate":52,"heart_rate_max":60,"heart_rate_min":51,"start_time":1701025380000,"end_time":1701025439000},{"heart_rate":54,"heart_rate_max":61,"heart_rate_min":52,"start_time":1701025320000,"end_time":1701025379000},{"heart_rate":52,"heart_rate_max":54,"heart_rate_min":52,"start_time":1701025260000,"end_time":1701025319000},{"heart_rate":52,"heart_rate_max":53,"heart_rate_min":52,"start_time":1701025200000,"end_time":1701025259000}]