[{"heart_rate":50,"heart_rate_max":53,"heart_rate_min":49,"start_time":1701014340000,"end_time":1701014399000},{"heart_rate":51,"heart_rate_max":52,"heart_rate_min":50,"start_time":1701014280000,"end_time":1701014339000},{"heart_rate":51,"heart_rate_max":55,"heart_rate_min":49,"start_time":1701014220000,"end_time":1701014279000},{"heart_rate":51,"heart_rate_max":53,"heart_rate_min":51,"start_time":1701014160000,"end_time":1701014219000},{"heart_rate":51,"heart_rate_max":53,"heart_rate_min":50,"start_time":1701014100000,"end_time":1701014159000},{"heart_rate":54,"heart_rate_max":59,"heart_rate_min":50,"start_time":1701014040000,"end_time":1701014099000},{"heart_rate":50,"heart_rate_max":55,"heart_rate_min":48,"start_time":1701013980000,"end_time":1701014039000},{"heart_rate":50,"heart_rate_max":52,"heart_rate_min":49,"start_time":1701013920000,"end_time":1701013979000},{"heart_rate":51,"heart_rate_max":55,"heart_rate_min":49,"start_time":1701013860000,"end_time":1701013919000},{"heart_rate":52,"heart_rate_max":57,"heart_rate_min":49,"start_time":1701013800000,"end_time":1701013859000},{"heart_rate":52,"heart_rate_max":53,"heart_rate_min":51,"start_time":1701013740000,"end_time":1701013799000},{"heart_rate":55,"heart_rate_max":59,"heart_rate_min":51,"start_time":1701013680000,"end_time":1701013739000},{"heart_rate":54,"heart_rate_max":55,"heart_rate_min":53,"start_time":1701013620000,"end_time":1701013679000},{"heart_rate":54,"heart_rate_max":57,"heart_rate_min":52,"start_time":1701013560000,"end_time":1701013619000},{"heart_rate":61,"heart_rate_max":68,"heart_rate_min":56,"start_time":1701013500000,"end_time":1701013559000},{"heart_rate":62,"heart_rate_max":66,"heart_rate_min":61,"start_time":1701013440000,"end_time":1701013499000},{"heart_rate":59,"heart_rate_max":65,"heart_rate_min":54,"start_time":1701013380000,"end_time":1701013439000},{"heart_rate":53,"heart_rate_max":54,"heart_rate_min":53,"start_time":1701013320000,"end_time":1701013379000},{"heart_rate":53,"heart_rate_max":54,"heart_rate_min":53,"start_time":1701013260000,"end_time":1701013319000},{"heart_rate":53,"heart_rate_max":56,"heart_rate_min":52,"start_time":1701013200000,"end_time":1701013259000},{"heart_rate":53,"heart_rate_max":54,"heart_rate_min":52,"start_time":1701013140000,"end_time":1701013199000},{"heart_rate":53,"heart_rate_max":54,"heart_rate_min":52,"start_time":1701013080000,"end_time":1701013139000},{"heart_rate":53,"heart_rate_max":54,"heart_rate_min":52,"start_time":1701013020000,"end_time":1701013079000},{"heart_rate":52,"heart_rate_max":53,"heart_rate_min":51,"start_time":1701012960000,"end_time":1701013019000},{"heart_rate":52,"heart_rate_max":53,"heart_rate_min":51,"start_time":1701012900000,"end_time":1701012959000},{"heart_rate":52,"heart_rate_max":53,"heart_rate_min":50,"start_time":1701012840000,"end_time":1701012899000},{"heart_rate":52,"heart_rate_max":57,"heart_rate_min":50,"start_time":1701012780000,"end_time":1701012839000},{"heart_rate":52,"heart_rate_max":55,"heart_rate_min":50,"start_time":1701012720000,"end_time":1701012779000},{"heart_rate":52,"heart_rate_max":54,"heart_rate_min":52,"start_time":1701012660000,"end_time":1701012719000},{"heart_rate":53,"heart_rate_max":54,"heart_rate_min":51,"start_time":1701012600000,"end_time":1701012659000},{"heart_rate":52,"heart_rate_max":53,"heart_rate_min":52,"start_time":1701012540000,"end_time":1701012599000},{"heart_rate":52,"heart_rate_max":53,"heart_rate_min":51,"start_time":1701012480000,"end_time":1701012539000},{"heart_rate":52,"heart_rate_max":54,"heart_rate_min":52,"start_time":1701012420000,"end_time":1701012479000},{"heart_rate":51,"heart_rate_max":53,"heart_rate_min":50,"start_time":1701012360000,"end_time":1701012419000},{"heart_rate":56,"heart_rate_max":64,"heart_rate_min":50,"start_time":1701012300000,"end_time":1701012359000},{"heart_rate":51,"heart_rate_max":53,"heart_rate_min":51,"start_time":1701012240000,"end_time":1701012299000},{"heart_rate":52,"heart_rate_max":53,"heart_rate_min":50,"start_time":1701012180000,"end_time":1701012239000},{"heart_rate":51,"heart_rate_max":53,"heart_rate_min":50,"start_time":1701012120000,"end_time":1701012179000},{"heart_rate":50,"heart_rate_max":52,"heart_rate_min":50,"start_time":1701012060000,"end_time":1701012119000},{"heart_rate":50,"heart_rate_max":51,"heart_rate_min":49,"start_time":1701012000000,"end_time":1701012059000},{"heart_rate":50,"heart_rate_max":52,"heart_rate_min":49,"start_time":1701011940000,"end_time":1701011999000},{"heart_rate":51,"heart_rate_max":56,"heart_rate_min":50,"start_time":1701011880000,"end_time":1701011939000},{"heart_rate":51,"heart_rate_max":53,"heart_rate_min":51,"start_time":1701011820000,"end_time":1701011879000},{"heart_rate":51,"heart_rate_max":53,"heart_rate_min":51,"start_time":1701011760000,"end_time":1701011819000},{"heart_rate":52,"heart_rate_max":53,"heart_rate_min":51,"start_time":1701011700000,"end_time":1701011759000},{"heart_rate":52,"heart_rate_max":54,"heart_rate_min":52,"start_time":1701011640000,"end_time":1701011699000},{"heart_rate":51,"heart_rate_max":53,"heart_rate_min":50,"start_time":1701011580000,"end_time":1701011639000},{"heart_rate":52,"heart_rate_max":53,"heart_rate_min":52,"start_time":1701011520000,"end_time":1701011579000},{"heart_rate":52,"heart_rate_max":54,"heart_rate_min":51,"start_time":1701011460000,"end_time":1701011519000},{"heart_rate":52,"heart_rate_max":53,"heart_rate_min":51,"start_time":1701011400000,"end_time":1701011459000},{"heart_rate":52,"heart_rate_max":54,"heart_rate_min":52,"start_time":1701011340000,"end_time":1701011399000},{"heart_rate":53,"heart_rate_max":54,"heart_rate_min":52,"start_time":1701011280000,"end_time":1701011339000},{"heart_rate":53,"heart_rate_max":54,"heart_rate_min":53,"start_time":1701011220000,"end_time":1701011279000},{"heart_rate":52,"heart_rate_max":54,"heart_rate_min":52,"start_time":1701011160000,"end_time":1701011219000},{"heart_rate":52,"heart_rate_max":54,"heart_rate_min":52,"start_time":1701011100000,"end_time":1701011159000},{"heart_rate":53,"heart_rate_max":55,"heart_rate_min":52,"start_time":1701011040000,"end_time":1701011099000},{"heart_rate":53,"heart_rate_max":55,"heart_rate_min":52,"start_time":1701010980000,"end_time":1701011039000},{"heart_rate":53,"heart_rate_max":54,"heart_rate_min":52,"start_time":1701010920000,"end_time":1701010979000},{"heart_rate":52,"heart_rate_max":55,"heart_rate_min":51,"start_time":1701010860000,"end_time":1701010919000},{"heart_rate":52,"heart_rate_max":55,"heart_rate_min":51,"start_time":1701010800000,"end_time":1701010859000}]