[{"heart_rate":67,"heart_rate_max":70,"heart_rate_min":66,"start_time":1700978340000,"end_time":1700978399000},{"heart_rate":71,"heart_rate_max":76,"heart_rate_min":67,"start_time":1700978280000,"end_time":1700978339000},{"heart_rate":70,"heart_rate_max":78,"heart_rate_min":66,"start_time":1700978220000,"end_time":1700978279000},{"heart_rate":72,"heart_rate_max":79,"heart_rate_min":69,"start_time":1700978160000,"end_time":1700978219000},{"heart_rate":71,"heart_rate_max":77,"heart_rate_min":69,"start_time":1700978100000,"end_time":1700978159000},{"heart_rate":74,"heart_rate_max":79,"heart_rate_min":70,"start_time":1700978040000,"end_time":1700978099000},{"heart_rate":72,"heart_rate_max":80,"heart_rate_min":62,"start_time":1700977980000,"end_time":1700978039000},{"heart_rate":64,"heart_rate_max":67,"heart_rate_min":63,"start_time":1700977920000,"end_time":1700977979000},{"heart_rate":64,"heart_rate_max":66,"heart_rate_min":63,"start_time":1700977860000,"end_time":1700977919000},{"heart_rate":64,"heart_rate_max":66,"heart_rate_min":63,"start_time":1700977800000,"end_time":1700977859000},{"heart_rate":63,"heart_rate_max":66,"heart_rate_min":63,"start_time":1700977740000,"end_time":1700977799000},{"heart_rate":65,"heart_rate_max":67,"heart_rate_min":64,"start_time":1700977680000,"end_time":1700977739000},{"heart_rate":67,"heart_rate_max":69,"heart_rate_min":65,"start_time":1700977620000,"end_time":1700977679000},{"heart_rate":66,"heart_rate_max":69,"heart_rate_min":63,"start_time":1700977560000,"end_time":1700977619000},{"heart_rate":68,"heart_rate_max":71,"heart_rate_min":66,"start_time":1700977500000,"end_time":1700977559000},{"heart_rate":65,"heart_rate_max":69,"heart_rate_min":60,"start_time":1700977440000,"end_time":1700977499000},{"heart_rate":64,"heart_rate_max":66,"heart_rate_min":63,"start_time":1700977380000,"end_time":1700977439000},{"heart_rate":63,"heart_rate_max":65,"heart_rate_min":63,"start_time":1700977320000,"end_time":1700977379000},{"heart_rate":65,"heart_rate_max":67,"heart_rate_min":64,"start_time":1700977260000,"end_time":1700977319000},{"heart_rate":66,"heart_rate_max":68,"heart_rate_min":65,"start_time":1700977200000,"end_time":1700977259000},{"heart_rate":65,"heart_rate_max":68,"heart_rate_min":63,"start_time":1700977140000,"end_time":1700977199000},{"heart_rate":65,"heart_rate_max":68,"heart_rate_min":64,"start_time":1700977080000,"end_time":1700977139000},{"heart_rate":65,"heart_rate_max":68,"heart_rate_min":64,"start_time":1700977020000,"end_time":1700977079000},{"heart_rate":66,"heart_rate_max":69,"heart_rate_min":65,"start_time":1700976960000,"end_time":1700977019000},{"heart_rate":65,"heart_rate_max":68,"heart_rate_min":64,"start_time":1700976900000,"end_time":1700976959000},{"heart_rate":64,"heart_rate_max":68,"heart_rate_min":62,"start_time":1700976840000,"end_time":1700976899000},{"heart_rate":67,"heart_rate_max":70,"heart_rate_min":65,"start_time":1700976780000,"end_time":1700976839000},{"heart_rate":68,"heart_rate_max":72,"heart_rate_min":66,"start_time":1700976720000,"end_time":1700976779000},{"heart_rate":70,"heart_rate_max":74,"heart_rate_min":68,"start_time":1700976660000,"end_time":1700976719000},{"heart_rate":70,"heart_rate_max":75,"heart_rate_min":66,"start_time":1700976600000,"end_time":1700976659000},{"heart_rate":72,"heart_rate_max":76,"heart_rate_min":68,"start_time":1700976540000,"end_time":1700976599000},{"heart_rate":69,"heart_rate_max":71,"heart_rate_min":68,"start_time":1700976480000,"end_time":1700976539000},{"heart_rate":68,"heart_rate_max":73,"heart_rate_min":62,"start_time":1700976420000,"end_time":1700976479000},{"heart_rate":69,"heart_rate_max":72,"heart_rate_min":66,"start_time":1700976360000,"end_time":1700976419000},{"heart_rate":71,"heart_rate_max":74,"heart_rate_min":68,"start_time":1700976300000,"end_time":1700976359000},{"heart_rate":69,"heart_rate_max":79,"heart_rate_min":68,"start_time":1700976240000,"end_time":1700976299000},{"heart_rate":74,"heart_rate_max":75,"heart_rate_min":74,"start_time":1700976180000,"end_time":1700976239000},{"heart_rate":71,"heart_rate_max":73,"heart_rate_min":70,"start_time":1700976120000,"end_time":1700976179000},{"heart_rate":70,"heart_rate_max":73,"heart_rate_min":69,"start_time":1700976060000,"end_time":1700976119000},{"heart_rate":74,"heart_rate_max":81,"heart_rate_min":71,"start_time":1700976000000,"end_time":1700976059000},{"heart_rate":77,"heart_rate_max":93,"heart_rate_min":72,"start_time":1700975940000,"end_time":1700975999000},{"heart_rate":73,"heart_rate_max":75,"heart_rate_min":72,"start_time":1700975880000,"end_time":1700975939000},{"heart_rate":71,"heart_rate_max":73,"heart_rate_min":68,"start_time":1700975820000,"end_time":1700975879000},{"heart_rate":70,"heart_rate_max":76,"heart_rate_min":65,"start_time":1700975760000,"end_time":1700975819000},{"heart_rate":68,"heart_rate_max":70,"heart_rate_min":67,"start_time":1700975700000,"end_time":1700975759000},{"heart_rate":70,"heart_rate_max":74,"heart_rate_min":68,"start_time":1700975640000,"end_time":1700975699000},{"heart_rate":73,"heart_rate_max":83,"heart_rate_min":69,"start_time":1700975580000,"end_time":1700975639000},{"heart_rate":74,"heart_rate_max":76,"heart_rate_min":73,"start_time":1700975520000,"end_time":1700975579000},{"heart_rate":73,"heart_rate_max":75,"heart_rate_min":71,"start_time":1700975460000,"end_time":1700975519000},{"heart_rate":68,"heart_rate_max":73,"heart_rate_min":65,"start_time":1700975400000,"end_time":1700975459000},{"heart_rate":64,"heart_rate_max":67,"heart_rate_min":63,"start_time":1700975340000,"end_time":1700975399000},{"heart_rate":72,"heart_rate_max":74,"heart_rate_min":70,"start_time":1700975220000,"end_time":1700975279000},{"heart_rate":71,"heart_rate_max":78,"heart_rate_min":68,"start_time":1700975160000,"end_time":1700975219000},{"heart_rate":74,"heart_rate_max":77,"heart_rate_min":72,"start_time":1700975100000,"end_time":1700975159000},{"heart_rate":68,"heart_rate_max":80,"heart_rate_min":60,"start_time":1700975040000,"end_time":1700975099000},{"heart_rate":65,"heart_rate_max":72,"heart_rate_min":60,"start_time":1700974980000,"end_time":1700975039000},{"heart_rate":65,"heart_rate_max":69,"heart_rate_min":62,"start_time":1700974920000,"end_time":1700974979000},{"heart_rate":67,"heart_rate_max":79,"heart_rate_min":62,"start_time":1700974860000,"end_time":1700974919000},{"heart_rate":69,"heart_rate_max":73,"heart_rate_min":64,"start_time":1700974800000,"end_time":1700974859000}]