[{"heart_rate":87,"heart_rate_max":92,"heart_rate_min":83,"start_time":1700816340000,"end_time":1700816399000},{"heart_rate":82,"heart_rate_max":87,"heart_rate_min":78,"start_time":1700816280000,"end_time":1700816339000},{"heart_rate":83,"heart_rate_max":85,"heart_rate_min":81,"start_time":1700816220000,"end_time":1700816279000},{"heart_rate":82,"heart_rate_max":84,"heart_rate_min":79,"start_time":1700816160000,"end_time":1700816219000},{"heart_rate":71,"heart_rate_max":81,"heart_rate_min":59,"start_time":1700816100000,"end_time":1700816159000},{"heart_rate":75,"heart_rate_max":81,"heart_rate_min":71,"start_time":1700816040000,"end_time":1700816099000},{"heart_rate":71,"heart_rate_max":78,"heart_rate_min":64,"start_time":1700815980000,"end_time":1700816039000},{"heart_rate":61,"heart_rate_max":63,"heart_rate_min":61,"start_time":1700815920000,"end_time":1700815979000},{"heart_rate":66,"heart_rate_max":73,"heart_rate_min":60,"start_time":1700815800000,"end_time":1700815859000},{"heart_rate":70,"heart_rate_max":78,"heart_rate_min":67,"start_time":1700815740000,"end_time":1700815799000},{"heart_rate":73,"heart_rate_max":79,"heart_rate_min":70,"start_time":1700815680000,"end_time":1700815739000},{"heart_rate":64,"heart_rate_max":77,"heart_rate_min":59,"start_time":1700815620000,"end_time":1700815679000},{"heart_rate":70,"heart_rate_max":75,"heart_rate_min":65,"start_time":1700815560000,"end_time":1700815619000},{"heart_rate":68,"heart_rate_max":73,"heart_rate_min":64,"start_time":1700815500000,"end_time":1700815559000},{"heart_rate":57,"heart_rate_max":63,"heart_rate_min":53,"start_time":1700815440000,"end_time":1700815499000},{"heart_rate":58,"heart_rate_max":63,"heart_rate_min":56,"start_time":1700815380000,"end_time":1700815439000},{"heart_rate":69,"heart_rate_max":83,"heart_rate_min":56,"start_time":1700815320000,"end_time":1700815379000},{"heart_rate":57,"heart_rate_max":65,"heart_rate_min":53,"start_time":1700815260000,"end_time":1700815319000},{"heart_rate":58,"heart_rate_max":63,"heart_rate_min":54,"start_time":1700815200000,"end_time":1700815259000},{"heart_rate":65,"heart_rate_max":76,"heart_rate_min":54,"start_time":1700815140000,"end_time":1700815199000},{"heart_rate":62,"heart_rate_max":70,"heart_rate_min":58,"start_time":1700815080000,"end_time":1700815139000},{"heart_rate":64,"heart_rate_max":74,"heart_rate_min":60,"start_time":1700815020000,"end_time":1700815079000},{"heart_rate":63,"heart_rate_max":71,"heart_rate_min":58,"start_time":1700814960000,"end_time":1700815019000},{"heart_rate":65,"heart_rate_max":72,"heart_rate_min":59,"start_time":1700814900000,"end_time":1700814959000},{"heart_rate":70,"heart_rate_max":79,"heart_rate_min":64,"start_time":1700814840000,"end_time":1700814899000},{"heart_rate":68,"heart_rate_max":72,"heart_rate_min":65,"start_time":1700814780000,"end_time":1700814839000},{"heart_rate":79,"heart_rate_max":86,"heart_rate_min":71,"start_time":1700814720000,"end_time":1700814779000},{"heart_rate":65,"heart_rate_max":79,"heart_rate_min":59,"start_time":1700814660000,"end_time":1700814719000},{"heart_rate":61,"heart_rate_max":66,"heart_rate_min":59,"start_time":1700814600000,"end_time":1700814659000},{"heart_rate":59,"heart_rate_max":63,"heart_rate_min":56,"start_time":1700814540000,"end_time":1700814599000},{"heart_rate":59,"heart_rate_max":66,"heart_rate_min":55,"start_time":1700814480000,"end_time":1700814539000},{"heart_rate":61,"heart_rate_max":64,"heart_rate_min":58,"start_time":1700814420000,"end_time":1700814479000},{"heart_rate":71,"heart_rate_max":81,"heart_rate_min":63,"start_time":1700814360000,"end_time":1700814419000},{"heart_rate":74,"heart_rate_max":84,"heart_rate_min":67,"start_time":1700814300000,"end_time":1700814359000},{"heart_rate":63,"heart_rate_max":67,"heart_rate_min":62,"start_time":1700814240000,"end_time":1700814299000},{"heart_rate":60,"heart_rate_max":63,"heart_rate_min":59,"start_time":1700814180000,"end_time":1700814239000},{"heart_rate":62,"heart_rate_max":65,"heart_rate_min":60,"start_time":1700814120000,"end_time":1700814179000},{"heart_rate":62,"heart_rate_max":67,"heart_rate_min":58,"start_time":1700814060000,"end_time":1700814119000},{"heart_rate":61,"heart_rate_max":67,"heart_rate_min":59,"start_time":1700814000000,"end_time":1700814059000},{"heart_rate":59,"heart_rate_max":61,"heart_rate_min":58,"start_time":1700813940000,"end_time":1700813999000},{"heart_rate":60,"heart_rate_max":72,"heart_rate_min":57,"start_time":1700813880000,"end_time":1700813939000},{"heart_rate":58,"heart_rate_max":63,"heart_rate_min":55,"start_time":1700813820000,"end_time":1700813879000},{"heart_rate":62,"heart_rate_max":70,"heart_rate_min":58,"start_time":1700813760000,"end_time":1700813819000},{"heart_rate":69,"heart_rate_max":77,"heart_rate_min":64,"start_time":1700813700000,"end_time":1700813759000},{"heart_rate":65,"heart_rate_max":70,"heart_rate_min":64,"start_time":1700813640000,"end_time":1700813699000},{"heart_rate":63,"heart_rate_max":71,"heart_rate_min":60,"start_time":1700813580000,"end_time":1700813639000},{"heart_rate":69,"heart_rate_max":77,"heart_rate_min":62,"start_time":1700813520000,"end_time":1700813579000},{"heart_rate":62,"heart_rate_max":67,"heart_rate_min":59,"start_time":1700813460000,"end_time":1700813519000},{"heart_rate":71,"heart_rate_max":79,"heart_rate_min":65,"start_time":1700813400000,"end_time":1700813459000},{"heart_rate":78,"heart_rate_max":94,"heart_rate_min":63,"start_time":1700813340000,"end_time":1700813399000},{"heart_rate":72,"heart_rate_max":84,"heart_rate_min":62,"start_time":1700813280000,"end_time":1700813339000},{"heart_rate":60,"heart_rate_max":66,"heart_rate_min":59,"start_time":1700813220000,"end_time":1700813279000},{"heart_rate":72,"heart_rate_max":84,"heart_rate_min":63,"start_time":1700813160000,"end_time":1700813219000},{"heart_rate":68,"heart_rate_max":76,"heart_rate_min":63,"start_time":1700813100000,"end_time":1700813159000},{"heart_rate":65,"heart_rate_max":69,"heart_rate_min":60,"start_time":1700813040000,"end_time":1700813099000},{"heart_rate":62,"heart_rate_max":70,"heart_rate_min":58,"start_time":1700812980000,"end_time":1700813039000},{"heart_rate":64,"heart_rate_max":69,"heart_rate_min":62,"start_time":1700812920000,"end_time":1700812979000},{"heart_rate":63,"heart_rate_max":67,"heart_rate_min":59,"start_time":1700812860000,"end_time":1700812919000},{"heart_rate":60,"heart_rate_max":64,"heart_rate_min":57,"start_time":1700812800000,"end_time":1700812859000}]