[{"heart_rate":75,"heart_rate_max":80,"heart_rate_min":70,"start_time":1700891940000,"end_time":1700891999000},{"heart_rate":72,"heart_rate_max":76,"heart_rate_min":69,"start_time":1700891880000,"end_time":1700891939000},{"heart_rate":70,"heart_rate_max":75,"heart_rate_min":66,"start_time":1700891820000,"end_time":1700891879000},{"heart_rate":71,"heart_rate_max":79,"heart_rate_min":68,"start_time":1700891760000,"end_time":1700891819000},{"heart_rate":69,"heart_rate_max":74,"heart_rate_min":68,"start_time":1700891700000,"end_time":1700891759000},{"heart_rate":73,"heart_rate_max":82,"heart_rate_min":67,"start_time":1700891640000,"end_time":1700891699000},{"heart_rate":82,"heart_rate_max":87,"heart_rate_min":78,"start_time":1700891580000,"end_time":1700891639000},{"heart_rate":83,"heart_rate_max":88,"heart_rate_min":77,"start_time":1700891520000,"end_time":1700891579000},{"heart_rate":80,"heart_rate_max":83,"heart_rate_min":78,"start_time":1700891460000,"end_time":1700891519000},{"heart_rate":76,"heart_rate_max":81,"heart_rate_min":72,"start_time":1700891400000,"end_time":1700891459000},{"heart_rate":76,"heart_rate_max":80,"heart_rate_min":73,"start_time":1700891340000,"end_time":1700891399000},{"heart_rate":68,"heart_rate_max":79,"heart_rate_min":60,"start_time":1700891280000,"end_time":1700891339000},{"heart_rate":71,"heart_rate_max":80,"heart_rate_min":64,"start_time":1700891220000,"end_time":1700891279000},{"heart_rate":76,"heart_rate_max":83,"heart_rate_min":69,"start_time":1700891160000,"end_time":1700891219000},{"heart_rate":74,"heart_rate_max":81,"heart_rate_min":66,"start_time":1700891100000,"end_time":1700891159000},{"heart_rate":70,"heart_rate_max":78,"heart_rate_min":67,"start_time":1700891040000,"end_time":1700891099000},{"heart_rate":69,"heart_rate_max":73,"heart_rate_min":68,"start_time":1700890980000,"end_time":1700891039000},{"heart_rate":70,"heart_rate_max":74,"heart_rate_min":68,"start_time":1700890920000,"end_time":1700890979000},{"heart_rate":67,"heart_rate_max":74,"heart_rate_min":64,"start_time":1700890860000,"end_time":1700890919000},{"heart_rate":70,"heart_rate_max":80,"heart_rate_min":64,"start_time":1700890800000,"end_time":1700890859000},{"heart_rate":72,"heart_rate_max":78,"heart_rate_min":70,"start_time":1700890740000,"end_time":1700890799000},{"heart_rate":69,"heart_rate_max":73,"heart_rate_min":67,"start_time":1700890680000,"end_time":1700890739000},{"heart_rate":68,"heart_rate_max":73,"heart_rate_min":67,"start_time":1700890620000,"end_time":1700890679000},{"heart_rate":79,"heart_rate_max":89,"heart_rate_min":70,"start_time":1700890560000,"end_time":1700890619000},{"heart_rate":72,"heart_rate_max":81,"heart_rate_min":68,"start_time":1700890500000,"end_time":1700890559000},{"heart_rate":71,"heart_rate_max":77,"heart_rate_min":69,"start_time":1700890440000,"end_time":1700890499000},{"heart_rate":84,"heart_rate_max":87,"heart_rate_min":78,"start_time":1700890380000,"end_time":1700890439000},{"heart_rate":79,"heart_rate_max":90,"heart_rate_min":73,"start_time":1700890320000,"end_time":1700890379000},{"heart_rate":79,"heart_rate_max":82,"heart_rate_min":76,"start_time":1700890260000,"end_time":1700890319000},{"heart_rate":79,"heart_rate_max":87,"heart_rate_min":77,"start_time":1700890200000,"end_time":1700890259000},{"heart_rate":76,"heart_rate_max":80,"heart_rate_min":73,"start_time":1700890140000,"end_time":1700890199000},{"heart_rate":73,"heart_rate_max":78,"heart_rate_min":70,"start_time":1700890080000,"end_time":1700890139000},{"heart_rate":72,"heart_rate_max":79,"heart_rate_min":65,"start_time":1700890020000,"end_time":1700890079000},{"heart_rate":81,"heart_rate_max":88,"heart_rate_min":77,"start_time":1700889960000,"end_time":1700890019000},{"heart_rate":82,"heart_rate_max":87,"heart_rate_min":79,"start_time":1700889900000,"end_time":1700889959000},{"heart_rate":77,"heart_rate_max":84,"heart_rate_min":72,"start_time":1700889840000,"end_time":1700889899000},{"heart_rate":77,"heart_rate_max":83,"heart_rate_min":71,"start_time":1700889780000,"end_time":1700889839000},{"heart_rate":74,"heart_rate_max":78,"heart_rate_min":71,"start_time":1700889720000,"end_time":1700889779000},{"heart_rate":74,"heart_rate_max":81,"heart_rate_min":68,"start_time":1700889660000,"end_time":1700889719000},{"heart_rate":72,"heart_rate_max":75,"heart_rate_min":69,"start_time":1700889600000,"end_time":1700889659000},{"heart_rate":74,"heart_rate_max":83,"heart_rate_min":72,"start_time":1700889540000,"end_time":1700889599000},{"heart_rate":72,"heart_rate_max":77,"heart_rate_min":64,"start_time":1700889480000,"end_time":1700889539000},{"heart_rate":75,"heart_rate_max":82,"heart_rate_min":71,"start_time":1700889420000,"end_time":1700889479000},{"heart_rate":77,"heart_rate_max":83,"heart_rate_min":73,"start_time":1700889360000,"end_time":1700889419000},{"heart_rate":77,"heart_rate_max":83,"heart_rate_min":74,"start_time":1700889300000,"end_time":1700889359000},{"heart_rate":77,"heart_rate_max":80,"heart_rate_min":73,"start_time":1700889240000,"end_time":1700889299000},{"heart_rate":73,"heart_rate_max":76,"heart_rate_min":73,"start_time":1700889180000,"end_time":1700889239000},{"heart_rate":75,"heart_rate_max":80,"heart_rate_min":72,"start_time":1700889120000,"end_time":1700889179000},{"heart_rate":74,"heart_rate_max":78,"heart_rate_min":72,"start_time":1700889060000,"end_time":1700889119000},{"heart_rate":70,"heart_rate_max":75,"heart_rate_min":64,"start_time":1700889000000,"end_time":1700889059000},{"heart_rate":72,"heart_rate_max":77,"heart_rate_min":70,"start_time":1700888940000,"end_time":1700888999000},{"heart_rate":71,"heart_rate_max":87,"heart_rate_min":66,"start_time":1700888880000,"end_time":1700888939000},{"heart_rate":77,"heart_rate_max":87,"heart_rate_min":71,"start_time":1700888820000,"end_time":1700888879000},{"heart_rate":74,"heart_rate_max":78,"heart_rate_min":71,"start_time":1700888760000,"end_time":1700888819000},{"heart_rate":70,"heart_rate_max":75,"heart_rate_min":69,"start_time":1700888700000,"end_time":1700888759000},{"heart_rate":73,"heart_rate_max":80,"heart_rate_min":68,"start_time":1700888640000,"end_time":1700888699000},{"heart_rate":73,"heart_rate_max":81,"heart_rate_min":68,"start_time":1700888580000,"end_time":1700888639000},{"heart_rate":71,"heart_rate_max":80,"heart_rate_min":67,"start_time":1700888520000,"end_time":1700888579000},{"heart_rate":75,"heart_rate_max":86,"heart_rate_min":66,"start_time":1700888460000,"end_time":1700888519000},{"heart_rate":69,"heart_rate_max":72,"heart_rate_min":67,"start_time":1700888400000,"end_time":1700888459000}]