[{"heart_rate":58,"heart_rate_max":65,"heart_rate_min":55,"start_time":1700834340000,"end_time":1700834399000},{"heart_rate":56,"heart_rate_max":58,"heart_rate_min":55,"start_time":1700834280000,"end_time":1700834339000},{"heart_rate":56,"heart_rate_max":59,"heart_rate_min":54,"start_time":1700834220000,"end_time":1700834279000},{"heart_rate":56,"heart_rate_max":58,"heart_rate_min":56,"start_time":1700834160000,"end_time":1700834219000},{"heart_rate":57,"heart_rate_max":59,"heart_rate_min":56,"start_time":1700834100000,"end_time":1700834159000},{"heart_rate":57,"heart_rate_max":59,"heart_rate_min":55,"start_time":1700834040000,"end_time":1700834099000},{"heart_rate":57,"heart_rate_max":59,"heart_rate_min":56,"start_time":1700833980000,"end_time":1700834039000},{"heart_rate":58,"heart_rate_max":59,"heart_rate_min":57,"start_time":1700833920000,"end_time":1700833979000},{"heart_rate":57,"heart_rate_max":59,"heart_rate_min":56,"start_time":1700833860000,"end_time":1700833919000},{"heart_rate":57,"heart_rate_max":58,"heart_rate_min":57,"start_time":1700833800000,"end_time":1700833859000},{"heart_rate":57,"heart_rate_max":59,"heart_rate_min":56,"start_time":1700833740000,"end_time":1700833799000},{"heart_rate":57,"heart_rate_max":59,"heart_rate_min":56,"start_time":1700833680000,"end_time":1700833739000},{"heart_rate":57,"heart_rate_max":59,"heart_rate_min":56,"start_time":1700833620000,"end_time":1700833679000},{"heart_rate":57,"heart_rate_max":58,"heart_rate_min":56,"start_time":1700833560000,"end_time":1700833619000},{"heart_rate":56,"heart_rate_max":59,"heart_rate_min":55,"start_time":1700833500000,"end_time":1700833559000},{"heart_rate":57,"heart_rate_max":58,"heart_rate_min":56,"start_time":1700833440000,"end_time":1700833499000},{"heart_rate":56,"heart_rate_max":58,"heart_rate_min":55,"start_time":1700833380000,"end_time":1700833439000},{"heart_rate":56,"heart_rate_max":58,"heart_rate_min":55,"start_time":1700833320000,"end_time":1700833379000},{"heart_rate":56,"heart_rate_max":59,"heart_rate_min":55,"start_time":1700833260000,"end_time":1700833319000},{"heart_rate":56,"heart_rate_max":58,"heart_rate_min":55,"start_time":1700833200000,"end_time":1700833259000},{"heart_rate":56,"heart_rate_max":58,"heart_rate_min":55,"start_time":1700833140000,"end_time":1700833199000},{"heart_rate":57,"heart_rate_max":59,"heart_rate_min":56,"start_time":1700833080000,"end_time":1700833139000},{"heart_rate":56,"heart_rate_max":58,"heart_rate_min":55,"start_time":1700833020000,"end_time":1700833079000},{"heart_rate":56,"heart_rate_max":57,"heart_rate_min":55,"start_time":1700832960000,"end_time":1700833019000},{"heart_rate":57,"heart_rate_max":59,"heart_rate_min":55,"start_time":1700832900000,"end_time":1700832959000},{"heart_rate":57,"heart_rate_max":60,"heart_rate_min":55,"start_time":1700832840000,"end_time":1700832899000},{"heart_rate":59,"heart_rate_max":61,"heart_rate_min":57,"start_time":1700832780000,"end_time":1700832839000},{"heart_rate":62,"heart_rate_max":68,"heart_rate_min":59,"start_time":1700832720000,"end_time":1700832779000},{"heart_rate":61,"heart_rate_max":65,"heart_rate_min":58,"start_time":1700832660000,"end_time":1700832719000},{"heart_rate":67,"heart_rate_max":78,"heart_rate_min":61,"start_time":1700832600000,"end_time":1700832659000},{"heart_rate":67,"heart_rate_max":73,"heart_rate_min":63,"start_time":1700832540000,"end_time":1700832599000},{"heart_rate":65,"heart_rate_max":72,"heart_rate_min":62,"start_time":1700832480000,"end_time":1700832539000},{"heart_rate":62,"heart_rate_max":68,"heart_rate_min":57,"start_time":1700832420000,"end_time":1700832479000},{"heart_rate":63,"heart_rate_max":75,"heart_rate_min":58,"start_time":1700832360000,"end_time":1700832419000},{"heart_rate":78,"heart_rate_max":82,"heart_rate_min":75,"start_time":1700832300000,"end_time":1700832359000},{"heart_rate":73,"heart_rate_max":74,"heart_rate_min":72,"start_time":1700832240000,"end_time":1700832299000},{"heart_rate":76,"heart_rate_max":78,"heart_rate_min":74,"start_time":1700832180000,"end_time":1700832239000},{"heart_rate":74,"heart_rate_max":81,"heart_rate_min":71,"start_time":1700832060000,"end_time":1700832119000}]