[{"heart_rate":55,"heart_rate_max":57,"heart_rate_min":54,"start_time":1700938740000,"end_time":1700938799000},{"heart_rate":56,"heart_rate_max":58,"heart_rate_min":55,"start_time":1700938680000,"end_time":1700938739000},{"heart_rate":57,"heart_rate_max":59,"heart_rate_min":57,"start_time":1700938620000,"end_time":1700938679000},{"heart_rate":59,"heart_rate_max":62,"heart_rate_min":58,"start_time":1700938560000,"end_time":1700938619000},{"heart_rate":61,"heart_rate_max":63,"heart_rate_min":59,"start_time":1700938500000,"end_time":1700938559000},{"heart_rate":63,"heart_rate_max":69,"heart_rate_min":60,"start_time":1700938440000,"end_time":1700938499000},{"heart_rate":67,"heart_rate_max":73,"heart_rate_min":60,"start_time":1700938380000,"end_time":1700938439000},{"heart_rate":64,"heart_rate_max":68,"heart_rate_min":58,"start_time":1700938320000,"end_time":1700938379000},{"heart_rate":56,"heart_rate_max":59,"heart_rate_min":55,"start_time":1700938260000,"end_time":1700938319000},{"heart_rate":54,"heart_rate_max":56,"heart_rate_min":54,"start_time":1700938200000,"end_time":1700938259000},{"heart_rate":55,"heart_rate_max":57,"heart_rate_min":54,"start_time":1700938140000,"end_time":1700938199000},{"heart_rate":59,"heart_rate_max":70,"heart_rate_min":56,"start_time":1700938080000,"end_time":1700938139000},{"heart_rate":56,"heart_rate_max":69,"heart_rate_min":53,"start_time":1700938020000,"end_time":1700938079000},{"heart_rate":53,"heart_rate_max":55,"heart_rate_min":52,"start_time":1700937960000,"end_time":1700938019000},{"heart_rate":54,"heart_rate_max":56,"heart_rate_min":53,"start_time":1700937900000,"end_time":1700937959000},{"heart_rate":53,"heart_rate_max":54,"heart_rate_min":52,"start_time":1700937840000,"end_time":1700937899000},{"heart_rate":52,"heart_rate_max":54,"heart_rate_min":52,"start_time":1700937780000,"end_time":1700937839000},{"heart_rate":52,"heart_rate_max":54,"heart_rate_min":52,"start_time":1700937720000,"end_time":1700937779000},{"heart_rate":53,"heart_rate_max":56,"heart_rate_min":52,"start_time":1700937660000,"end_time":1700937719000},{"heart_rate":52,"heart_rate_max":54,"heart_rate_min":51,"start_time":1700937600000,"end_time":1700937659000},{"heart_rate":52,"heart_rate_max":53,"heart_rate_min":51,"start_time":1700937540000,"end_time":1700937599000},{"heart_rate":53,"heart_rate_max":55,"heart_rate_min":53,"start_time":1700937480000,"end_time":1700937539000},{"heart_rate":53,"heart_rate_max":54,"heart_rate_min":53,"start_time":1700937420000,"end_time":1700937479000},{"heart_rate":54,"heart_rate_max":56,"heart_rate_min":53,"start_time":1700937360000,"end_time":1700937419000},{"heart_rate":53,"heart_rate_max":54,"heart_rate_min":53,"start_time":1700937300000,"end_time":1700937359000},{"heart_rate":52,"heart_rate_max":53,"heart_rate_min":52,"start_time":1700937240000,"end_time":1700937299000},{"heart_rate":53,"heart_rate_max":54,"heart_rate_min":52,"start_time":1700937180000,"end_time":1700937239000},{"heart_rate":52,"heart_rate_max":53,"heart_rate_min":50,"start_time":1700937120000,"end_time":1700937179000},{"heart_rate":55,"heart_rate_max":60,"heart_rate_min":51,"start_time":1700937060000,"end_time":1700937119000},{"heart_rate":52,"heart_rate_max":54,"heart_rate_min":51,"start_time":1700937000000,"end_time":1700937059000},{"heart_rate":52,"heart_rate_max":55,"heart_rate_min":51,"start_time":1700936940000,"end_time":1700936999000},{"heart_rate":53,"heart_rate_max":56,"heart_rate_min":53,"start_time":1700936880000,"end_time":1700936939000},{"heart_rate":52,"heart_rate_max":53,"heart_rate_min":52,"start_time":1700936820000,"end_time":1700936879000},{"heart_rate":53,"heart_rate_max":56,"heart_rate_min":52,"start_time":1700936760000,"end_time":1700936819000},{"heart_rate":53,"heart_rate_max":57,"heart_rate_min":51,"start_time":1700936700000,"end_time":1700936759000},{"heart_rate":55,"heart_rate_max":66,"heart_rate_min":52,"start_time":1700936640000,"end_time":1700936699000},{"heart_rate":53,"heart_rate_max":54,"heart_rate_min":53,"start_time":1700936580000,"end_time":1700936639000},{"heart_rate":52,"heart_rate_max":54,"heart_rate_min":52,"start_time":1700936520000,"end_time":1700936579000},{"heart_rate":52,"heart_rate_max":54,"heart_rate_min":52,"start_time":1700936460000,"end_time":1700936519000},{"heart_rate":53,"heart_rate_max":56,"heart_rate_min":52,"start_time":1700936400000,"end_time":1700936459000},{"heart_rate":53,"heart_rate_max":54,"heart_rate_min":52,"start_time":1700936340000,"end_time":1700936399000},{"heart_rate":52,"heart_rate_max":54,"heart_rate_min":50,"start_time":1700936280000,"end_time":1700936339000},{"heart_rate":51,"heart_rate_max":55,"heart_rate_min":50,"start_time":1700936220000,"end_time":1700936279000},{"heart_rate":52,"heart_rate_max":55,"heart_rate_min":50,"start_time":1700936160000,"end_time":1700936219000},{"heart_rate":52,"heart_rate_max":53,"heart_rate_min":51,"start_time":1700936100000,"end_time":1700936159000},{"heart_rate":52,"heart_rate_max":56,"heart_rate_min":52,"start_time":1700936040000,"end_time":1700936099000},{"heart_rate":52,"heart_rate_max":53,"heart_rate_min":52,"start_time":1700935980000,"end_time":1700936039000},{"heart_rate":51,"heart_rate_max":54,"heart_rate_min":50,"start_time":1700935920000,"end_time":1700935979000},{"heart_rate":52,"heart_rate_max":55,"heart_rate_min":52,"start_time":1700935860000,"end_time":1700935919000},{"heart_rate":53,"heart_rate_max":57,"heart_rate_min":51,"start_time":1700935800000,"end_time":1700935859000},{"heart_rate":53,"heart_rate_max":55,"heart_rate_min":52,"start_time":1700935740000,"end_time":1700935799000},{"heart_rate":52,"heart_rate_max":54,"heart_rate_min":52,"start_time":1700935680000,"end_time":1700935739000},{"heart_rate":53,"heart_rate_max":55,"heart_rate_min":52,"start_time":1700935620000,"end_time":1700935679000},{"heart_rate":53,"heart_rate_max":54,"heart_rate_min":52,"start_time":1700935560000,"end_time":1700935619000},{"heart_rate":51,"heart_rate_max":53,"heart_rate_min":50,"start_time":1700935500000,"end_time":1700935559000},{"heart_rate":50,"heart_rate_max":53,"heart_rate_min":50,"start_time":1700935440000,"end_time":1700935499000},{"heart_rate":56,"heart_rate_max":66,"heart_rate_min":49,"start_time":1700935380000,"end_time":1700935439000},{"heart_rate":52,"heart_rate_max":64,"heart_rate_min":49,"start_time":1700935320000,"end_time":1700935379000},{"heart_rate":51,"heart_rate_max":54,"heart_rate_min":50,"start_time":1700935260000,"end_time":1700935319000},{"heart_rate":49,"heart_rate_max":52,"heart_rate_min":48,"start_time":1700935200000,"end_time":1700935259000}]