[{"heart_rate":49,"heart_rate_max":53,"heart_rate_min":49,"start_time":1700927940000,"end_time":1700927999000},{"heart_rate":51,"heart_rate_max":56,"heart_rate_min":49,"start_time":1700927880000,"end_time":1700927939000},{"heart_rate":50,"heart_rate_max":52,"heart_rate_min":48,"start_time":1700927820000,"end_time":1700927879000},{"heart_rate":50,"heart_rate_max":54,"heart_rate_min":48,"start_time":1700927760000,"end_time":1700927819000},{"heart_rate":50,"heart_rate_max":52,"heart_rate_min":49,"start_time":1700927700000,"end_time":1700927759000},{"heart_rate":51,"heart_rate_max":55,"heart_rate_min":49,"start_time":1700927640000,"end_time":1700927699000},{"heart_rate":51,"heart_rate_max":53,"heart_rate_min":50,"start_time":1700927580000,"end_time":1700927639000},{"heart_rate":51,"heart_rate_max":55,"heart_rate_min":50,"start_time":1700927520000,"end_time":1700927579000},{"heart_rate":51,"heart_rate_max":56,"heart_rate_min":49,"start_time":1700927460000,"end_time":1700927519000},{"heart_rate":53,"heart_rate_max":57,"heart_rate_min":50,"start_time":1700927400000,"end_time":1700927459000},{"heart_rate":52,"heart_rate_max":57,"heart_rate_min":51,"start_time":1700927340000,"end_time":1700927399000},{"heart_rate":52,"heart_rate_max":57,"heart_rate_min":50,"start_time":1700927280000,"end_time":1700927339000},{"heart_rate":51,"heart_rate_max":54,"heart_rate_min":49,"start_time":1700927220000,"end_time":1700927279000},{"heart_rate":52,"heart_rate_max":56,"heart_rate_min":51,"start_time":1700927160000,"end_time":1700927219000},{"heart_rate":50,"heart_rate_max":54,"heart_rate_min":49,"start_time":1700927100000,"end_time":1700927159000},{"heart_rate":51,"heart_rate_max":54,"heart_rate_min":49,"start_time":1700927040000,"end_time":1700927099000},{"heart_rate":50,"heart_rate_max":54,"heart_rate_min":47,"start_time":1700926980000,"end_time":1700927039000},{"heart_rate":51,"heart_rate_max":52,"heart_rate_min":49,"start_time":1700926920000,"end_time":1700926979000},{"heart_rate":50,"heart_rate_max":56,"heart_rate_min":48,"start_time":1700926860000,"end_time":1700926919000},{"heart_rate":51,"heart_rate_max":54,"heart_rate_min":49,"start_time":1700926800000,"end_time":1700926859000},{"heart_rate":59,"heart_rate_max":79,"heart_rate_min":50,"start_time":1700926740000,"end_time":1700926799000},{"heart_rate":54,"heart_rate_max":61,"heart_rate_min":50,"start_time":1700926680000,"end_time":1700926739000},{"heart_rate":59,"heart_rate_max":64,"heart_rate_min":55,"start_time":1700926620000,"end_time":1700926679000},{"heart_rate":54,"heart_rate_max":56,"heart_rate_min":53,"start_time":1700926560000,"end_time":1700926619000},{"heart_rate":56,"heart_rate_max":58,"heart_rate_min":55,"start_time":1700926500000,"end_time":1700926559000},{"heart_rate":55,"heart_rate_max":56,"heart_rate_min":54,"start_time":1700926440000,"end_time":1700926499000},{"heart_rate":52,"heart_rate_max":55,"heart_rate_min":51,"start_time":1700926380000,"end_time":1700926439000},{"heart_rate":55,"heart_rate_max":59,"heart_rate_min":51,"start_time":1700926320000,"end_time":1700926379000},{"heart_rate":55,"heart_rate_max":57,"heart_rate_min":54,"start_time":1700926260000,"end_time":1700926319000},{"heart_rate":53,"heart_rate_max":56,"heart_rate_min":53,"start_time":1700926200000,"end_time":1700926259000},{"heart_rate":54,"heart_rate_max":56,"heart_rate_min":53,"start_time":1700926140000,"end_time":1700926199000},{"heart_rate":53,"heart_rate_max":54,"heart_rate_min":52,"start_time":1700926080000,"end_time":1700926139000},{"heart_rate":52,"heart_rate_max":53,"heart_rate_min":51,"start_time":1700926020000,"end_time":1700926079000},{"heart_rate":52,"heart_rate_max":54,"heart_rate_min":51,"start_time":1700925960000,"end_time":1700926019000},{"heart_rate":53,"heart_rate_max":55,"heart_rate_min":53,"start_time":1700925900000,"end_time":1700925959000},{"heart_rate":54,"heart_rate_max":57,"heart_rate_min":52,"start_time":1700925840000,"end_time":1700925899000},{"heart_rate":52,"heart_rate_max":55,"heart_rate_min":52,"start_time":1700925780000,"end_time":1700925839000},{"heart_rate":51,"heart_rate_max":53,"heart_rate_min":51,"start_time":1700925720000,"end_time":1700925779000},{"heart_rate":51,"heart_rate_max":52,"heart_rate_min":51,"start_time":1700925660000,"end_time":1700925719000},{"heart_rate":50,"heart_rate_max":52,"heart_rate_min":49,"start_time":1700925600000,"end_time":1700925659000},{"heart_rate":50,"heart_rate_max":52,"heart_rate_min":49,"start_time":1700925540000,"end_time":1700925599000},{"heart_rate":51,"heart_rate_max":52,"heart_rate_min":51,"start_time":1700925480000,"end_time":1700925539000},{"heart_rate":51,"heart_rate_max":52,"heart_rate_min":51,"start_time":1700925420000,"end_time":1700925479000},{"heart_rate":52,"heart_rate_max":53,"heart_rate_min":51,"start_time":1700925360000,"end_time":1700925419000},{"heart_rate":52,"heart_rate_max":53,"heart_rate_min":51,"start_time":1700925300000,"end_time":1700925359000},{"heart_rate":53,"heart_rate_max":55,"heart_rate_min":51,"start_time":1700925240000,"end_time":1700925299000},{"heart_rate":51,"heart_rate_max":52,"heart_rate_min":51,"start_time":1700925180000,"end_time":1700925239000},{"heart_rate":51,"heart_rate_max":52,"heart_rate_min":51,"start_time":1700925120000,"end_time":1700925179000},{"heart_rate":51,"heart_rate_max":53,"heart_rate_min":50,"start_time":1700925060000,"end_time":1700925119000},{"heart_rate":51,"heart_rate_max":53,"heart_rate_min":50,"start_time":1700925000000,"end_time":1700925059000},{"heart_rate":52,"heart_rate_max":53,"heart_rate_min":50,"start_time":1700924940000,"end_time":1700924999000},{"heart_rate":52,"heart_rate_max":56,"heart_rate_min":50,"start_time":1700924880000,"end_time":1700924939000},{"heart_rate":52,"heart_rate_max":56,"heart_rate_min":51,"start_time":1700924820000,"end_time":1700924879000},{"heart_rate":52,"heart_rate_max":55,"heart_rate_min":51,"start_time":1700924760000,"end_time":1700924819000},{"heart_rate":51,"heart_rate_max":53,"heart_rate_min":51,"start_time":1700924700000,"end_time":1700924759000},{"heart_rate":52,"heart_rate_max":53,"heart_rate_min":51,"start_time":1700924640000,"end_time":1700924699000},{"heart_rate":52,"heart_rate_max":55,"heart_rate_min":51,"start_time":1700924580000,"end_time":1700924639000},{"heart_rate":51,"heart_rate_max":52,"heart_rate_min":51,"start_time":1700924520000,"end_time":1700924579000},{"heart_rate":51,"heart_rate_max":52,"heart_rate_min":50,"start_time":1700924460000,"end_time":1700924519000},{"heart_rate":51,"heart_rate_max":53,"heart_rate_min":50,"start_time":1700924400000,"end_time":1700924459000}]