[{"score":0,"score_max":0,"score_min":0,"flag":1,"level":1,"start_time":1700921700000,"end_time":1700921759000},{"score":0,"score_max":0,"score_min":0,"flag":1,"level":1,"start_time":1700921640000,"end_time":1700921699000},{"score":0,"score_max":0,"score_min":0,"flag":1,"level":1,"start_time":1700921580000,"end_time":1700921639000},{"score":0,"score_max":0,"score_min":0,"flag":1,"level":1,"start_time":1700921520000,"end_time":1700921579000},{"score":0,"score_max":0,"score_min":0,"flag":1,"level":1,"start_time":1700921460000,"end_time":1700921519000},{"score":0,"score_max":0,"score_min":0,"flag":1,"level":1,"start_time":1700921400000,"end_time":1700921459000},{"score":0,"score_max":0,"score_min":0,"flag":1,"level":1,"start_time":1700921340000,"end_time":1700921399000},{"score":0,"score_max":0,"score_min":0,"flag":1,"level":1,"start_time":1700921280000,"end_time":1700921339000},{"score":0,"score_max":0,"score_min":0,"flag":1,"level":1,"start_time":1700921220000,"end_time":1700921279000},{"score":0,"score_max":0,"score_min":0,"flag":1,"level":1,"start_time":1700921160000,"end_time":1700921219000},{"score":0,"score_max":0,"score_min":0,"flag":1,"level":1,"start_time":1700921100000,"end_time":1700921159000},{"score":0,"score_max":0,"score_min":0,"flag":1,"level":1,"start_time":1700921040000,"end_time":1700921099000},{"score":0,"score_max":0,"score_min":0,"flag":1,"level":1,"start_time":1700920980000,"end_time":1700921039000},{"score":0,"score_max":0,"score_min":0,"flag":1,"level":1,"start_time":1700920920000,"end_time":1700920979000},{"score":0,"score_max":0,"score_min":0,"flag":1,"level":1,"start_time":1700920860000,"end_time":1700920919000},{"score":0,"score_max":0,"score_min":0,"flag":1,"level":1,"start_time":1700920800000,"end_time":1700920859000}]