[{"score":0,"score_max":0,"score_min":0,"flag":1,"level":1,"start_time":1700920740000,"end_time":1700920799000},{"score":0,"score_max":0,"score_min":0,"flag":1,"level":1,"start_time":1700920680000,"end_time":1700920739000},{"score":0,"score_max":0,"score_min":0,"flag":1,"level":1,"start_time":1700920620000,"end_time":1700920679000},{"score":0,"score_max":0,"score_min":0,"flag":1,"level":1,"start_time":1700920560000,"end_time":1700920619000},{"score":0,"score_max":0,"score_min":0,"flag":1,"level":1,"start_time":1700920500000,"end_time":1700920559000},{"score":6,"score_max":64,"score_min":0,"flag":1,"level":1,"start_time":1700920440000,"end_time":1700920499000},{"score":29,"score_max":61,"score_min":15,"flag":1,"level":1,"start_time":1700920380000,"end_time":1700920439000},{"score":0,"score_max":0,"score_min":0,"flag":1,"level":1,"start_time":1700920320000,"end_time":1700920379000},{"score":0,"score_max":0,"score_min":0,"flag":1,"level":1,"start_time":1700920260000,"end_time":1700920319000},{"score":0,"score_max":0,"score_min":0,"flag":1,"level":1,"start_time":1700920200000,"end_time":1700920259000},{"score":0,"score_max":0,"score_min":0,"flag":1,"level":1,"start_time":1700920140000,"end_time":1700920199000},{"score":0,"score_max":0,"score_min":0,"flag":1,"level":1,"start_time":1700920080000,"end_time":1700920139000},{"score":0,"score_max":0,"score_min":0,"flag":1,"level":1,"start_time":1700920020000,"end_time":1700920079000},{"score":0,"score_max":0,"score_min":0,"flag":1,"level":1,"start_time":1700919960000,"end_time":1700920019000},{"score":0,"score_max":0,"score_min":0,"flag":1,"level":1,"start_time":1700919900000,"end_time":1700919959000},{"score":0,"score_max":0,"score_min":0,"flag":1,"level":1,"start_time":1700919840000,"end_time":1700919899000},{"score":0,"score_max":0,"score_min":0,"flag":1,"level":1,"start_time":1700919780000,"end_time":1700919839000},{"score":0,"score_max":0,"score_min":0,"flag":1,"level":1,"start_time":1700919720000,"end_time":1700919779000},{"score":2,"score_max":10,"score_min":0,"flag":1,"level":1,"start_time":1700919660000,"end_time":1700919719000},{"score":26,"score_max":37,"score_min":11,"flag":1,"level":1,"start_time":1700919600000,"end_time":1700919659000},{"score":8,"score_max":40,"score_min":0,"flag":1,"level":1,"start_time":1700919540000,"end_time":1700919599000},{"score":0,"score_max":0,"score_min":0,"flag":1,"level":1,"start_time":1700919480000,"end_time":1700919539000},{"score":0,"score_max":0,"score_min":0,"flag":1,"level":1,"start_time":1700919420000,"end_time":1700919479000},{"score":2,"score_max":14,"score_min":0,"flag":1,"level":1,"start_time":1700919360000,"end_time":1700919419000},{"score":2,"score_max":15,"score_min":0,"flag":1,"level":1,"start_time":1700919300000,"end_time":1700919359000},{"score":0,"score_max":1,"score_min":0,"flag":1,"level":1,"start_time":1700919060000,"end_time":1700919119000}]