[{"score":4,"score_max":14,"score_min":0,"flag":1,"level":1,"start_time":1700776560000,"end_time":1700776619000},{"score":90,"score_max":91,"score_min":90,"flag":1,"level":1,"start_time":1700776500000,"end_time":1700776559000},{"score":86,"score_max":92,"score_min":61,"flag":1,"level":1,"start_time":1700776440000,"end_time":1700776499000},{"score":72,"score_max":87,"score_min":64,"flag":1,"level":1,"start_time":1700776380000,"end_time":1700776439000},{"score":91,"score_max":95,"score_min":87,"flag":1,"level":1,"start_time":1700776320000,"end_time":1700776379000},{"score":87,"score_max":90,"score_min":82,"flag":1,"level":1,"start_time":1700776260000,"end_time":1700776319000},{"score":61,"score_max":82,"score_min":50,"flag":1,"level":1,"start_time":1700776200000,"end_time":1700776259000},{"score":51,"score_max":54,"score_min":49,"flag":1,"level":1,"start_time":1700776080000,"end_time":1700776139000},{"score":38,"score_max":54,"score_min":27,"flag":1,"level":1,"start_time":1700776020000,"end_time":1700776079000},{"score":26,"score_max":34,"score_min":20,"flag":1,"level":1,"start_time":1700775960000,"end_time":1700776019000},{"score":28,"score_max":30,"score_min":26,"flag":1,"level":1,"start_time":1700775900000,"end_time":1700775959000},{"score":16,"score_max":25,"score_min":12,"flag":1,"level":1,"start_time":1700775840000,"end_time":1700775899000},{"score":22,"score_max":50,"score_min":11,"flag":1,"level":1,"start_time":1700775780000,"end_time":1700775839000},{"score":33,"score_max":50,"score_min":17,"flag":1,"level":1,"start_time":1700775720000,"end_time":1700775779000},{"score":14,"score_max":16,"score_min":11,"flag":1,"level":1,"start_time":1700775660000,"end_time":1700775719000},{"score":20,"score_max":21,"score_min":20,"flag":1,"level":1,"start_time":1700775600000,"end_time":1700775659000},{"score":20,"score_max":21,"score_min":20,"flag":1,"level":1,"start_time":1700775540000,"end_time":1700775599000},{"score":19,"score_max":22,"score_min":16,"flag":1,"level":1,"start_time":1700775480000,"end_time":1700775539000},{"score":15,"score_max":21,"score_min":11,"flag":1,"level":1,"start_time":1700775420000,"end_time":1700775479000},{"score":5,"score_max":10,"score_min":0,"flag":1,"level":1,"start_time":1700774880000,"end_time":1700774939000},{"score":94,"score_max":95,"score_min":94,"flag":1,"level":1,"start_time":1700774820000,"end_time":1700774879000},{"score":82,"score_max":93,"score_min":75,"flag":1,"level":1,"start_time":1700774760000,"end_time":1700774819000},{"score":71,"score_max":80,"score_min":62,"flag":1,"level":1,"start_time":1700774700000,"end_time":1700774759000},{"score":69,"score_max":76,"score_min":59,"flag":1,"level":1,"start_time":1700774640000,"end_time":1700774699000},{"score":35,"score_max":57,"score_min":28,"flag":1,"level":1,"start_time":1700774580000,"end_time":1700774639000},{"score":30,"score_max":46,"score_min":14,"flag":1,"level":1,"start_time":1700774520000,"end_time":1700774579000},{"score":13,"score_max":23,"score_min":9,"flag":1,"level":1,"start_time":1700774460000,"end_time":1700774519000},{"score":36,"score_max":100,"score_min":24,"flag":1,"level":1,"start_time":1700774400000,"end_time":1700774459000},{"score":100,"score_max":100,"score_min":100,"flag":1,"level":1,"start_time":1700774220000,"end_time":1700774279000},{"score":100,"score_max":100,"score_min":100,"flag":1,"level":1,"start_time":1700774160000,"end_time":1700774219000},{"score":100,"score_max":100,"score_min":100,"flag":1,"level":0,"start_time":1700774100000,"end_time":1700774159000},{"score":64,"score_max":73,"score_min":42,"flag":1,"level":1,"start_time":1700774040000,"end_time":1700774099000},{"score":37,"score_max":67,"score_min":25,"flag":1,"level":1,"start_time":1700773980000,"end_time":1700774039000},{"score":30,"score_max":45,"score_min":18,"flag":1,"level":1,"start_time":1700773920000,"end_time":1700773979000},{"score":52,"score_max":60,"score_min":42,"flag":1,"level":1,"start_time":1700773860000,"end_time":1700773919000},{"score":75,"score_max":87,"score_min":60,"flag":1,"level":1,"start_time":1700773800000,"end_time":1700773859000},{"score":30,"score_max":59,"score_min":15,"flag":1,"level":1,"start_time":1700773740000,"end_time":1700773799000},{"score":7,"score_max":15,"score_min":0,"flag":1,"level":1,"start_time":1700773560000,"end_time":1700773619000},{"score":47,"score_max":71,"score_min":24,"flag":1,"level":1,"start_time":1700773500000,"end_time":1700773559000},{"score":10,"score_max":23,"score_min":1,"flag":1,"level":1,"start_time":1700773380000,"end_time":1700773439000},{"score":75,"score_max":93,"score_min":39,"flag":1,"level":1,"start_time":1700773320000,"end_time":1700773379000},{"score":6,"score_max":33,"score_min":2,"flag":1,"level":1,"start_time":1700773260000,"end_time":1700773319000},{"score":2,"score_max":9,"score_min":2,"flag":1,"level":1,"start_time":1700773200000,"end_time":1700773259000}]