[{"score":22,"score_max":30,"score_min":20,"flag":1,"level":1,"start_time":1700823540000,"end_time":1700823599000},{"score":35,"score_max":39,"score_min":27,"flag":1,"level":1,"start_time":1700823480000,"end_time":1700823539000},{"score":22,"score_max":30,"score_min":19,"flag":1,"level":1,"start_time":1700823420000,"end_time":1700823479000},{"score":31,"score_max":38,"score_min":27,"flag":1,"level":1,"start_time":1700823360000,"end_time":1700823419000},{"score":27,"score_max":31,"score_min":25,"flag":1,"level":1,"start_time":1700823300000,"end_time":1700823359000},{"score":44,"score_max":54,"score_min":30,"flag":1,"level":1,"start_time":1700823240000,"end_time":1700823299000},{"score":36,"score_max":50,"score_min":28,"flag":1,"level":1,"start_time":1700823180000,"end_time":1700823239000},{"score":33,"score_max":43,"score_min":27,"flag":1,"level":1,"start_time":1700823120000,"end_time":1700823179000},{"score":71,"score_max":87,"score_min":43,"flag":1,"level":1,"start_time":1700823060000,"end_time":1700823119000},{"score":58,"score_max":80,"score_min":27,"flag":1,"level":1,"start_time":1700823000000,"end_time":1700823059000},{"score":15,"score_max":26,"score_min":12,"flag":1,"level":1,"start_time":1700822940000,"end_time":1700822999000},{"score":18,"score_max":21,"score_min":15,"flag":1,"level":1,"start_time":1700822880000,"end_time":1700822939000},{"score":35,"score_max":49,"score_min":21,"flag":1,"level":1,"start_time":1700822820000,"end_time":1700822879000},{"score":20,"score_max":47,"score_min":6,"flag":1,"level":1,"start_time":1700822760000,"end_time":1700822819000},{"score":9,"score_max":16,"score_min":6,"flag":1,"level":1,"start_time":1700822700000,"end_time":1700822759000},{"score":19,"score_max":24,"score_min":15,"flag":1,"level":1,"start_time":1700822640000,"end_time":1700822699000},{"score":14,"score_max":18,"score_min":10,"flag":1,"level":1,"start_time":1700822580000,"end_time":1700822639000},{"score":9,"score_max":14,"score_min":3,"flag":1,"level":1,"start_time":1700822520000,"end_time":1700822579000},{"score":0,"score_max":2,"score_min":0,"flag":1,"level":1,"start_time":1700821500000,"end_time":1700821559000},{"score":77,"score_max":90,"score_min":62,"flag":1,"level":1,"start_time":1700821440000,"end_time":1700821499000},{"score":48,"score_max":60,"score_min":41,"flag":1,"level":1,"start_time":1700821380000,"end_time":1700821439000},{"score":34,"score_max":54,"score_min":23,"flag":1,"level":1,"start_time":1700821320000,"end_time":1700821379000},{"score":24,"score_max":43,"score_min":15,"flag":1,"level":1,"start_time":1700821260000,"end_time":1700821319000},{"score":69,"score_max":86,"score_min":44,"flag":1,"level":1,"start_time":1700821200000,"end_time":1700821259000},{"score":66,"score_max":71,"score_min":62,"flag":1,"level":1,"start_time":1700821140000,"end_time":1700821199000},{"score":58,"score_max":86,"score_min":46,"flag":1,"level":1,"start_time":1700821080000,"end_time":1700821139000}]