[{"score":0,"score_max":1,"score_min":0,"flag":1,"level":1,"start_time":1700780100000,"end_time":1700780159000},{"score":85,"score_max":91,"score_min":82,"flag":1,"level":1,"start_time":1700780040000,"end_time":1700780099000},{"score":93,"score_max":96,"score_min":82,"flag":1,"level":1,"start_time":1700779980000,"end_time":1700780039000},{"score":35,"score_max":80,"score_min":19,"flag":1,"level":1,"start_time":1700779920000,"end_time":1700779979000},{"score":78,"score_max":87,"score_min":46,"flag":1,"level":1,"start_time":1700779860000,"end_time":1700779919000},{"score":64,"score_max":82,"score_min":20,"flag":1,"level":1,"start_time":1700779800000,"end_time":1700779859000},{"score":9,"score_max":19,"score_min":6,"flag":1,"level":1,"start_time":1700779740000,"end_time":1700779799000},{"score":13,"score_max":21,"score_min":7,"flag":1,"level":1,"start_time":1700779680000,"end_time":1700779739000},{"score":16,"score_max":19,"score_min":15,"flag":1,"level":1,"start_time":1700779620000,"end_time":1700779679000},{"score":9,"score_max":15,"score_min":4,"flag":1,"level":1,"start_time":1700779440000,"end_time":1700779499000},{"score":55,"score_max":57,"score_min":53,"flag":1,"level":1,"start_time":1700779380000,"end_time":1700779439000},{"score":36,"score_max":57,"score_min":16,"flag":1,"level":1,"start_time":1700779320000,"end_time":1700779379000},{"score":12,"score_max":18,"score_min":8,"flag":1,"level":1,"start_time":1700779260000,"end_time":1700779319000},{"score":5,"score_max":14,"score_min":0,"flag":1,"level":1,"start_time":1700777580000,"end_time":1700777639000},{"score":45,"score_max":77,"score_min":25,"flag":1,"level":1,"start_time":1700777520000,"end_time":1700777579000},{"score":23,"score_max":25,"score_min":18,"flag":1,"level":1,"start_time":1700777460000,"end_time":1700777519000},{"score":13,"score_max":21,"score_min":7,"flag":1,"level":1,"start_time":1700777400000,"end_time":1700777459000},{"score":31,"score_max":38,"score_min":22,"flag":1,"level":1,"start_time":1700777340000,"end_time":1700777399000},{"score":13,"score_max":24,"score_min":1,"flag":1,"level":1,"start_time":1700777280000,"end_time":1700777339000},{"score":97,"score_max":98,"score_min":97,"flag":1,"level":1,"start_time":1700777220000,"end_time":1700777279000},{"score":78,"score_max":97,"score_min":46,"flag":1,"level":1,"start_time":1700777160000,"end_time":1700777219000},{"score":39,"score_max":45,"score_min":34,"flag":1,"level":1,"start_time":1700777100000,"end_time":1700777159000},{"score":19,"score_max":27,"score_min":15,"flag":1,"level":1,"start_time":1700777040000,"end_time":1700777099000}]