[{"score":0,"score_max":0,"score_min":0,"flag":1,"level":1,"start_time":1701087720000,"end_time":1701087779000},{"score":0,"score_max":0,"score_min":0,"flag":1,"level":1,"start_time":1701087660000,"end_time":1701087719000},{"score":0,"score_max":1,"score_min":0,"flag":1,"level":1,"start_time":1701087600000,"end_time":1701087659000},{"score":0,"score_max":1,"score_min":0,"flag":1,"level":1,"start_time":1701087540000,"end_time":1701087599000},{"score":0,"score_max":1,"score_min":0,"flag":1,"level":1,"start_time":1701087480000,"end_time":1701087539000},{"score":2,"score_max":8,"score_min":1,"flag":1,"level":1,"start_time":1701087420000,"end_time":1701087479000},{"score":25,"score_max":46,"score_min":8,"flag":1,"level":1,"start_time":1701087360000,"end_time":1701087419000},{"score":1,"score_max":8,"score_min":0,"flag":1,"level":1,"start_time":1701087300000,"end_time":1701087359000},{"score":0,"score_max":1,"score_min":0,"flag":1,"level":1,"start_time":1701087240000,"end_time":1701087299000},{"score":0,"score_max":1,"score_min":0,"flag":1,"level":1,"start_time":1701087180000,"end_time":1701087239000},{"score":5,"score_max":20,"score_min":1,"flag":1,"level":1,"start_time":1701087120000,"end_time":1701087179000},{"score":43,"score_max":81,"score_min":21,"flag":1,"level":1,"start_time":1701087060000,"end_time":1701087119000},{"score":61,"score_max":93,"score_min":27,"flag":1,"level":1,"start_time":1701087000000,"end_time":1701087059000},{"score":14,"score_max":27,"score_min":5,"flag":1,"level":1,"start_time":1701086940000,"end_time":1701086999000},{"score":4,"score_max":7,"score_min":0,"flag":1,"level":1,"start_time":1701086580000,"end_time":1701086639000},{"score":33,"score_max":92,"score_min":12,"flag":1,"level":1,"start_time":1701086520000,"end_time":1701086579000},{"score":58,"score_max":72,"score_min":32,"flag":1,"level":1,"start_time":1701086460000,"end_time":1701086519000},{"score":28,"score_max":50,"score_min":21,"flag":1,"level":1,"start_time":1701086400000,"end_time":1701086459000}]