[{"score":22,"score_max":43,"score_min":9,"flag":1,"level":1,"start_time":1700902740000,"end_time":1700902799000},{"score":3,"score_max":9,"score_min":0,"flag":1,"level":1,"start_time":1700902680000,"end_time":1700902739000},{"score":0,"score_max":0,"score_min":0,"flag":1,"level":1,"start_time":1700902620000,"end_time":1700902679000},{"score":0,"score_max":0,"score_min":0,"flag":1,"level":1,"start_time":1700902560000,"end_time":1700902619000},{"score":0,"score_max":0,"score_min":0,"flag":1,"level":1,"start_time":1700902500000,"end_time":1700902559000},{"score":0,"score_max":0,"score_min":0,"flag":1,"level":1,"start_time":1700902440000,"end_time":1700902499000},{"score":0,"score_max":0,"score_min":0,"flag":1,"level":1,"start_time":1700902380000,"end_time":1700902439000},{"score":0,"score_max":0,"score_min":0,"flag":1,"level":1,"start_time":1700902320000,"end_time":1700902379000},{"score":0,"score_max":0,"score_min":0,"flag":1,"level":1,"start_time":1700902260000,"end_time":1700902319000},{"score":0,"score_max":0,"score_min":0,"flag":1,"level":1,"start_time":1700902200000,"end_time":1700902259000},{"score":0,"score_max":0,"score_min":0,"flag":1,"level":1,"start_time":1700902140000,"end_time":1700902199000},{"score":0,"score_max":0,"score_min":0,"flag":1,"level":1,"start_time":1700902080000,"end_time":1700902139000},{"score":0,"score_max":1,"score_min":0,"flag":1,"level":1,"start_time":1700902020000,"end_time":1700902079000},{"score":1,"score_max":2,"score_min":1,"flag":1,"level":1,"start_time":1700901960000,"end_time":1700902019000},{"score":0,"score_max":1,"score_min":0,"flag":1,"level":1,"start_time":1700901900000,"end_time":1700901959000},{"score":2,"score_max":5,"score_min":0,"flag":1,"level":1,"start_time":1700901840000,"end_time":1700901899000},{"score":3,"score_max":5,"score_min":1,"flag":1,"level":1,"start_time":1700901780000,"end_time":1700901839000},{"score":0,"score_max":1,"score_min":0,"flag":1,"level":1,"start_time":1700901720000,"end_time":1700901779000},{"score":0,"score_max":1,"score_min":0,"flag":1,"level":1,"start_time":1700901660000,"end_time":1700901719000},{"score":1,"score_max":3,"score_min":0,"flag":1,"level":1,"start_time":1700901600000,"end_time":1700901659000},{"score":3,"score_max":18,"score_min":0,"flag":1,"level":1,"start_time":1700901540000,"end_time":1700901599000},{"score":6,"score_max":22,"score_min":0,"flag":1,"level":1,"start_time":1700901480000,"end_time":1700901539000},{"score":0,"score_max":1,"score_min":0,"flag":1,"level":1,"start_time":1700901420000,"end_time":1700901479000},{"score":0,"score_max":1,"score_min":0,"flag":1,"level":1,"start_time":1700901360000,"end_time":1700901419000},{"score":1,"score_max":1,"score_min":1,"flag":1,"level":1,"start_time":1700901300000,"end_time":1700901359000},{"score":1,"score_max":1,"score_min":1,"flag":1,"level":1,"start_time":1700901240000,"end_time":1700901299000},{"score":2,"score_max":6,"score_min":1,"flag":1,"level":1,"start_time":1700901180000,"end_time":1700901239000},{"score":1,"score_max":3,"score_min":0,"flag":1,"level":1,"start_time":1700901060000,"end_time":1700901119000},{"score":93,"score_max":94,"score_min":90,"flag":1,"level":1,"start_time":1700901000000,"end_time":1700901059000},{"score":48,"score_max":89,"score_min":20,"flag":1,"level":1,"start_time":1700900940000,"end_time":1700900999000},{"score":7,"score_max":20,"score_min":0,"flag":1,"level":1,"start_time":1700900820000,"end_time":1700900879000},{"score":99,"score_max":100,"score_min":99,"flag":1,"level":1,"start_time":1700900760000,"end_time":1700900819000},{"score":85,"score_max":99,"score_min":68,"flag":1,"level":1,"start_time":1700900700000,"end_time":1700900759000},{"score":80,"score_max":95,"score_min":43,"flag":1,"level":1,"start_time":1700900640000,"end_time":1700900699000},{"score":54,"score_max":80,"score_min":43,"flag":1,"level":1,"start_time":1700900580000,"end_time":1700900639000},{"score":76,"score_max":92,"score_min":28,"flag":1,"level":1,"start_time":1700900520000,"end_time":1700900579000},{"score":5,"score_max":26,"score_min":1,"flag":1,"level":1,"start_time":1700900460000,"end_time":1700900519000},{"score":0,"score_max":1,"score_min":0,"flag":1,"level":1,"start_time":1700900400000,"end_time":1700900459000},{"score":0,"score_max":1,"score_min":0,"flag":1,"level":1,"start_time":1700900340000,"end_time":1700900399000},{"score":1,"score_max":4,"score_min":0,"flag":1,"level":1,"start_time":1700900280000,"end_time":1700900339000},{"score":4,"score_max":6,"score_min":3,"flag":1,"level":1,"start_time":1700900220000,"end_time":1700900279000},{"score":2,"score_max":3,"score_min":2,"flag":1,"level":1,"start_time":1700900160000,"end_time":1700900219000},{"score":2,"score_max":2,"score_min":2,"flag":1,"level":1,"start_time":1700900100000,"end_time":1700900159000},{"score":5,"score_max":9,"score_min":2,"flag":1,"level":1,"start_time":1700900040000,"end_time":1700900099000},{"score":35,"score_max":87,"score_min":9,"flag":1,"level":1,"start_time":1700899980000,"end_time":1700900039000},{"score":60,"score_max":97,"score_min":4,"flag":1,"level":1,"start_time":1700899920000,"end_time":1700899979000},{"score":2,"score_max":3,"score_min":1,"flag":1,"level":1,"start_time":1700899860000,"end_time":1700899919000},{"score":5,"score_max":10,"score_min":2,"flag":1,"level":1,"start_time":1700899800000,"end_time":1700899859000},{"score":0,"score_max":2,"score_min":0,"flag":1,"level":1,"start_time":1700899740000,"end_time":1700899799000},{"score":0,"score_max":0,"score_min":0,"flag":1,"level":1,"start_time":1700899680000,"end_time":1700899739000},{"score":0,"score_max":1,"score_min":0,"flag":1,"level":1,"start_time":1700899620000,"end_time":1700899679000},{"score":0,"score_max":1,"score_min":0,"flag":1,"level":1,"start_time":1700899560000,"end_time":1700899619000},{"score":0,"score_max":1,"score_min":0,"flag":1,"level":1,"start_time":1700899500000,"end_time":1700899559000},{"score":3,"score_max":6,"score_min":1,"flag":1,"level":1,"start_time":1700899440000,"end_time":1700899499000},{"score":4,"score_max":7,"score_min":2,"flag":1,"level":1,"start_time":1700899380000,"end_time":1700899439000},{"score":15,"score_max":23,"score_min":8,"flag":1,"level":1,"start_time":1700899320000,"end_time":1700899379000},{"score":30,"score_max":40,"score_min":19,"flag":1,"level":1,"start_time":1700899260000,"end_time":1700899319000},{"score":4,"score_max":29,"score_min":0,"flag":1,"level":1,"start_time":1700899200000,"end_time":1700899259000}]