[{"score":8,"score_max":14,"score_min":4,"flag":1,"level":1,"start_time":1700690340000,"end_time":1700690399000},{"score":4,"score_max":7,"score_min":4,"flag":1,"level":1,"start_time":1700690280000,"end_time":1700690339000},{"score":2,"score_max":5,"score_min":1,"flag":1,"level":1,"start_time":1700690220000,"end_time":1700690279000},{"score":0,"score_max":1,"score_min":0,"flag":1,"level":1,"start_time":1700690160000,"end_time":1700690219000},{"score":0,"score_max":1,"score_min":0,"flag":1,"level":1,"start_time":1700690100000,"end_time":1700690159000},{"score":1,"score_max":1,"score_min":1,"flag":1,"level":1,"start_time":1700690040000,"end_time":1700690099000},{"score":1,"score_max":3,"score_min":1,"flag":1,"level":1,"start_time":1700689980000,"end_time":1700690039000},{"score":6,"score_max":11,"score_min":2,"flag":1,"level":1,"start_time":1700689920000,"end_time":1700689979000},{"score":9,"score_max":10,"score_min":8,"flag":1,"level":1,"start_time":1700689860000,"end_time":1700689919000},{"score":8,"score_max":10,"score_min":5,"flag":1,"level":1,"start_time":1700689800000,"end_time":1700689859000},{"score":1,"score_max":4,"score_min":0,"flag":1,"level":1,"start_time":1700689740000,"end_time":1700689799000},{"score":1,"score_max":3,"score_min":1,"flag":1,"level":1,"start_time":1700689680000,"end_time":1700689739000},{"score":2,"score_max":3,"score_min":2,"flag":1,"level":1,"start_time":1700689500000,"end_time":1700689559000},{"score":10,"score_max":10,"score_min":10,"flag":1,"level":1,"start_time":1700689440000,"end_time":1700689499000},{"score":5,"score_max":11,"score_min":1,"flag":1,"level":1,"start_time":1700689140000,"end_time":1700689199000},{"score":5,"score_max":6,"score_min":5,"flag":1,"level":1,"start_time":1700689080000,"end_time":1700689139000},{"score":3,"score_max":6,"score_min":2,"flag":1,"level":1,"start_time":1700689020000,"end_time":1700689079000},{"score":2,"score_max":2,"score_min":2,"flag":1,"level":1,"start_time":1700688960000,"end_time":1700689019000},{"score":3,"score_max":7,"score_min":2,"flag":1,"level":1,"start_time":1700688900000,"end_time":1700688959000},{"score":56,"score_max":62,"score_min":51,"flag":1,"level":1,"start_time":1700688840000,"end_time":1700688899000},{"score":17,"score_max":50,"score_min":1,"flag":1,"level":1,"start_time":1700688780000,"end_time":1700688839000},{"score":0,"score_max":1,"score_min":0,"flag":1,"level":1,"start_time":1700688720000,"end_time":1700688779000},{"score":7,"score_max":48,"score_min":0,"flag":1,"level":1,"start_time":1700688660000,"end_time":1700688719000},{"score":71,"score_max":93,"score_min":23,"flag":1,"level":0,"start_time":1700688600000,"end_time":1700688659000},{"score":6,"score_max":21,"score_min":3,"flag":1,"level":1,"start_time":1700688540000,"end_time":1700688599000},{"score":7,"score_max":12,"score_min":3,"flag":1,"level":1,"start_time":1700688480000,"end_time":1700688539000},{"score":3,"score_max":5,"score_min":2,"flag":1,"level":1,"start_time":1700688420000,"end_time":1700688479000},{"score":5,"score_max":8,"score_min":3,"flag":1,"level":1,"start_time":1700688360000,"end_time":1700688419000},{"score":7,"score_max":19,"score_min":3,"flag":1,"level":1,"start_time":1700688300000,"end_time":1700688359000},{"score":11,"score_max":28,"score_min":5,"flag":1,"level":1,"start_time":1700688240000,"end_time":1700688299000},{"score":6,"score_max":8,"score_min":6,"flag":1,"level":1,"start_time":1700688180000,"end_time":1700688239000},{"score":5,"score_max":8,"score_min":1,"flag":1,"level":1,"start_time":1700688120000,"end_time":1700688179000},{"score":0,"score_max":1,"score_min":0,"flag":1,"level":1,"start_time":1700688060000,"end_time":1700688119000},{"score":0,"score_max":0,"score_min":0,"flag":1,"level":1,"start_time":1700688000000,"end_time":1700688059000},{"score":0,"score_max":0,"score_min":0,"flag":1,"level":1,"start_time":1700687940000,"end_time":1700687999000},{"score":0,"score_max":1,"score_min":0,"flag":1,"level":1,"start_time":1700687880000,"end_time":1700687939000},{"score":2,"score_max":5,"score_min":1,"flag":1,"level":1,"start_time":1700687820000,"end_time":1700687879000},{"score":3,"score_max":5,"score_min":3,"flag":1,"level":1,"start_time":1700687760000,"end_time":1700687819000},{"score":10,"score_max":14,"score_min":5,"flag":1,"level":1,"start_time":1700687700000,"end_time":1700687759000},{"score":7,"score_max":13,"score_min":3,"flag":1,"level":1,"start_time":1700687640000,"end_time":1700687699000},{"score":3,"score_max":9,"score_min":2,"flag":1,"level":1,"start_time":1700687580000,"end_time":1700687639000},{"score":40,"score_max":57,"score_min":10,"flag":1,"level":1,"start_time":1700687520000,"end_time":1700687579000},{"score":20,"score_max":43,"score_min":8,"flag":1,"level":1,"start_time":1700687460000,"end_time":1700687519000},{"score":9,"score_max":21,"score_min":6,"flag":1,"level":1,"start_time":1700687340000,"end_time":1700687399000}]