[{"score":0,"score_max":0,"score_min":0,"flag":1,"level":1,"start_time":1700895540000,"end_time":1700895599000},{"score":0,"score_max":1,"score_min":0,"flag":1,"level":1,"start_time":1700895480000,"end_time":1700895539000},{"score":16,"score_max":35,"score_min":1,"flag":1,"level":1,"start_time":1700895420000,"end_time":1700895479000},{"score":6,"score_max":18,"score_min":3,"flag":1,"level":1,"start_time":1700895360000,"end_time":1700895419000},{"score":1,"score_max":3,"score_min":0,"flag":1,"level":1,"start_time":1700895300000,"end_time":1700895359000},{"score":0,"score_max":0,"score_min":0,"flag":1,"level":1,"start_time":1700895240000,"end_time":1700895299000},{"score":0,"score_max":1,"score_min":0,"flag":1,"level":1,"start_time":1700895180000,"end_time":1700895239000},{"score":1,"score_max":1,"score_min":1,"flag":1,"level":1,"start_time":1700895120000,"end_time":1700895179000},{"score":2,"score_max":3,"score_min":1,"flag":1,"level":1,"start_time":1700895060000,"end_time":1700895119000},{"score":1,"score_max":2,"score_min":1,"flag":1,"level":1,"start_time":1700895000000,"end_time":1700895059000},{"score":0,"score_max":1,"score_min":0,"flag":1,"level":1,"start_time":1700894940000,"end_time":1700894999000},{"score":0,"score_max":0,"score_min":0,"flag":1,"level":1,"start_time":1700894880000,"end_time":1700894939000},{"score":0,"score_max":1,"score_min":0,"flag":1,"level":1,"start_time":1700894820000,"end_time":1700894879000},{"score":0,"score_max":1,"score_min":0,"flag":1,"level":1,"start_time":1700894760000,"end_time":1700894819000},{"score":0,"score_max":1,"score_min":0,"flag":1,"level":1,"start_time":1700894700000,"end_time":1700894759000},{"score":1,"score_max":2,"score_min":1,"flag":1,"level":1,"start_time":1700894640000,"end_time":1700894699000},{"score":1,"score_max":3,"score_min":1,"flag":1,"level":1,"start_time":1700894580000,"end_time":1700894639000},{"score":1,"score_max":1,"score_min":1,"flag":1,"level":1,"start_time":1700894520000,"end_time":1700894579000},{"score":0,"score_max":1,"score_min":0,"flag":1,"level":1,"start_time":1700894460000,"end_time":1700894519000},{"score":0,"score_max":2,"score_min":0,"flag":1,"level":1,"start_time":1700894400000,"end_time":1700894459000},{"score":2,"score_max":3,"score_min":1,"flag":1,"level":1,"start_time":1700894340000,"end_time":1700894399000},{"score":1,"score_max":1,"score_min":1,"flag":1,"level":1,"start_time":1700894280000,"end_time":1700894339000},{"score":1,"score_max":1,"score_min":1,"flag":1,"level":1,"start_time":1700894220000,"end_time":1700894279000},{"score":1,"score_max":1,"score_min":1,"flag":1,"level":1,"start_time":1700894160000,"end_time":1700894219000},{"score":0,"score_max":1,"score_min":0,"flag":1,"level":1,"start_time":1700894100000,"end_time":1700894159000},{"score":0,"score_max":1,"score_min":0,"flag":1,"level":1,"start_time":1700894040000,"end_time":1700894099000},{"score":1,"score_max":1,"score_min":1,"flag":1,"level":1,"start_time":1700893980000,"end_time":1700894039000},{"score":0,"score_max":1,"score_min":0,"flag":1,"level":1,"start_time":1700893920000,"end_time":1700893979000},{"score":0,"score_max":1,"score_min":0,"flag":1,"level":1,"start_time":1700893860000,"end_time":1700893919000},{"score":0,"score_max":1,"score_min":0,"flag":1,"level":1,"start_time":1700893800000,"end_time":1700893859000},{"score":0,"score_max":1,"score_min":0,"flag":1,"level":1,"start_time":1700893740000,"end_time":1700893799000},{"score":0,"score_max":1,"score_min":0,"flag":1,"level":1,"start_time":1700893680000,"end_time":1700893739000},{"score":0,"score_max":1,"score_min":0,"flag":1,"level":1,"start_time":1700893620000,"end_time":1700893679000},{"score":0,"score_max":0,"score_min":0,"flag":1,"level":1,"start_time":1700893560000,"end_time":1700893619000},{"score":0,"score_max":1,"score_min":0,"flag":1,"level":1,"start_time":1700893500000,"end_time":1700893559000},{"score":0,"score_max":1,"score_min":0,"flag":1,"level":1,"start_time":1700893440000,"end_time":1700893499000},{"score":0,"score_max":1,"score_min":0,"flag":1,"level":1,"start_time":1700893380000,"end_time":1700893439000},{"score":1,"score_max":1,"score_min":1,"flag":1,"level":1,"start_time":1700893320000,"end_time":1700893379000},{"score":1,"score_max":2,"score_min":1,"flag":1,"level":1,"start_time":1700893260000,"end_time":1700893319000},{"score":1,"score_max":2,"score_min":1,"flag":1,"level":1,"start_time":1700893200000,"end_time":1700893259000},{"score":1,"score_max":2,"score_min":0,"flag":1,"level":1,"start_time":1700893140000,"end_time":1700893199000},{"score":0,"score_max":0,"score_min":0,"flag":1,"level":1,"start_time":1700893080000,"end_time":1700893139000},{"score":0,"score_max":0,"score_min":0,"flag":1,"level":1,"start_time":1700893020000,"end_time":1700893079000},{"score":3,"score_max":6,"score_min":0,"flag":1,"level":1,"start_time":1700892960000,"end_time":1700893019000},{"score":3,"score_max":6,"score_min":1,"flag":1,"level":1,"start_time":1700892900000,"end_time":1700892959000},{"score":5,"score_max":7,"score_min":2,"flag":1,"level":1,"start_time":1700892840000,"end_time":1700892899000},{"score":5,"score_max":14,"score_min":2,"flag":1,"level":1,"start_time":1700892780000,"end_time":1700892839000},{"score":10,"score_max":16,"score_min":2,"flag":1,"level":1,"start_time":1700892720000,"end_time":1700892779000},{"score":1,"score_max":2,"score_min":1,"flag":1,"level":1,"start_time":1700892660000,"end_time":1700892719000},{"score":1,"score_max":3,"score_min":1,"flag":1,"level":1,"start_time":1700892600000,"end_time":1700892659000},{"score":2,"score_max":3,"score_min":2,"flag":1,"level":1,"start_time":1700892540000,"end_time":1700892599000},{"score":2,"score_max":3,"score_min":2,"flag":1,"level":1,"start_time":1700892480000,"end_time":1700892539000},{"score":1,"score_max":2,"score_min":1,"flag":1,"level":1,"start_time":1700892420000,"end_time":1700892479000},{"score":2,"score_max":6,"score_min":2,"flag":1,"level":1,"start_time":1700892360000,"end_time":1700892419000},{"score":6,"score_max":10,"score_min":3,"flag":1,"level":1,"start_time":1700892300000,"end_time":1700892359000},{"score":0,"score_max":1,"score_min":0,"flag":1,"level":1,"start_time":1700892240000,"end_time":1700892299000},{"score":1,"score_max":2,"score_min":0,"flag":1,"level":1,"start_time":1700892180000,"end_time":1700892239000},{"score":4,"score_max":6,"score_min":2,"flag":1,"level":1,"start_time":1700892120000,"end_time":1700892179000},{"score":17,"score_max":47,"score_min":5,"flag":1,"level":1,"start_time":1700892060000,"end_time":1700892119000},{"score":48,"score_max":49,"score_min":48,"flag":1,"level":1,"start_time":1700892000000,"end_time":1700892059000}]