[{"score":0,"score_max":0,"score_min":0,"flag":1,"level":1,"start_time":1700909760000,"end_time":1700909819000},{"score":96,"score_max":97,"score_min":95,"flag":1,"level":1,"start_time":1700909700000,"end_time":1700909759000},{"score":89,"score_max":98,"score_min":68,"flag":1,"level":1,"start_time":1700909640000,"end_time":1700909699000},{"score":67,"score_max":83,"score_min":56,"flag":1,"level":1,"start_time":1700909580000,"end_time":1700909639000},{"score":55,"score_max":59,"score_min":52,"flag":1,"level":1,"start_time":1700909520000,"end_time":1700909579000},{"score":59,"score_max":65,"score_min":54,"flag":1,"level":1,"start_time":1700909460000,"end_time":1700909519000},{"score":46,"score_max":54,"score_min":40,"flag":1,"level":1,"start_time":1700909400000,"end_time":1700909459000},{"score":38,"score_max":45,"score_min":30,"flag":1,"level":1,"start_time":1700909340000,"end_time":1700909399000},{"score":21,"score_max":29,"score_min":13,"flag":1,"level":1,"start_time":1700909280000,"end_time":1700909339000},{"score":26,"score_max":41,"score_min":14,"flag":1,"level":1,"start_time":1700909220000,"end_time":1700909279000},{"score":30,"score_max":44,"score_min":23,"flag":1,"level":1,"start_time":1700909160000,"end_time":1700909219000},{"score":16,"score_max":23,"score_min":14,"flag":1,"level":1,"start_time":1700909100000,"end_time":1700909159000},{"score":22,"score_max":35,"score_min":15,"flag":1,"level":1,"start_time":1700909040000,"end_time":1700909099000},{"score":27,"score_max":35,"score_min":17,"flag":1,"level":1,"start_time":1700908860000,"end_time":1700908919000},{"score":89,"score_max":92,"score_min":82,"flag":1,"level":1,"start_time":1700908800000,"end_time":1700908859000},{"score":30,"score_max":80,"score_min":4,"flag":1,"level":1,"start_time":1700908740000,"end_time":1700908799000},{"score":23,"score_max":52,"score_min":4,"flag":1,"level":1,"start_time":1700908680000,"end_time":1700908739000},{"score":32,"score_max":49,"score_min":20,"flag":1,"level":1,"start_time":1700908620000,"end_time":1700908679000},{"score":10,"score_max":22,"score_min":1,"flag":1,"level":1,"start_time":1700908560000,"end_time":1700908619000},{"score":0,"score_max":1,"score_min":0,"flag":1,"level":1,"start_time":1700908500000,"end_time":1700908559000},{"score":2,"score_max":4,"score_min":1,"flag":1,"level":1,"start_time":1700908440000,"end_time":1700908499000},{"score":5,"score_max":6,"score_min":4,"flag":1,"level":1,"start_time":1700908380000,"end_time":1700908439000},{"score":8,"score_max":20,"score_min":4,"flag":1,"level":1,"start_time":1700908320000,"end_time":1700908379000},{"score":12,"score_max":21,"score_min":5,"flag":1,"level":1,"start_time":1700908260000,"end_time":1700908319000},{"score":21,"score_max":53,"score_min":5,"flag":1,"level":1,"start_time":1700908200000,"end_time":1700908259000},{"score":81,"score_max":100,"score_min":54,"flag":1,"level":1,"start_time":1700908140000,"end_time":1700908199000},{"score":73,"score_max":87,"score_min":71,"flag":1,"level":1,"start_time":1700908080000,"end_time":1700908139000},{"score":69,"score_max":80,"score_min":64,"flag":1,"level":1,"start_time":1700906940000,"end_time":1700906999000},{"score":62,"score_max":100,"score_min":19,"flag":1,"level":1,"start_time":1700906880000,"end_time":1700906939000},{"score":39,"score_max":61,"score_min":20,"flag":1,"level":1,"start_time":1700906820000,"end_time":1700906879000},{"score":41,"score_max":60,"score_min":18,"flag":1,"level":1,"start_time":1700906760000,"end_time":1700906819000},{"score":34,"score_max":52,"score_min":17,"flag":1,"level":1,"start_time":1700906700000,"end_time":1700906759000},{"score":18,"score_max":44,"score_min":1,"flag":1,"level":1,"start_time":1700906640000,"end_time":1700906699000},{"score":0,"score_max":0,"score_min":0,"flag":1,"level":1,"start_time":1700906460000,"end_time":1700906519000},{"score":100,"score_max":100,"score_min":100,"flag":1,"level":1,"start_time":1700906400000,"end_time":1700906459000}]