[{"heart_rate":73,"heart_rate_max":75,"heart_rate_min":73,"start_time":1701431940000,"end_time":1701431999000},{"heart_rate":71,"heart_rate_max":73,"heart_rate_min":70,"start_time":1701431880000,"end_time":1701431939000},{"heart_rate":69,"heart_rate_max":70,"heart_rate_min":67,"start_time":1701431460000,"end_time":1701431519000},{"heart_rate":53,"heart_rate_max":55,"heart_rate_min":52,"start_time":1701431340000,"end_time":1701431399000},{"heart_rate":69,"heart_rate_max":74,"heart_rate_min":67,"start_time":1701430980000,"end_time":1701431039000},{"heart_rate":60,"heart_rate_max":68,"heart_rate_min":55,"start_time":1701430920000,"end_time":1701430979000},{"heart_rate":64,"heart_rate_max":79,"heart_rate_min":55,"start_time":1701430140000,"end_time":1701430199000},{"heart_rate":73,"heart_rate_max":82,"heart_rate_min":55,"start_time":1701430080000,"end_time":1701430139000},{"heart_rate":81,"heart_rate_max":84,"heart_rate_min":80,"start_time":1701430020000,"end_time":1701430079000},{"heart_rate":73,"heart_rate_max":86,"heart_rate_min":62,"start_time":1701429960000,"end_time":1701430019000},{"heart_rate":72,"heart_rate_max":82,"heart_rate_min":56,"start_time":1701429900000,"end_time":1701429959000},{"heart_rate":85,"heart_rate_max":87,"heart_rate_min":85,"start_time":1701429840000,"end_time":1701429899000},{"heart_rate":89,"heart_rate_max":93,"heart_rate_min":84,"start_time":1701429780000,"end_time":1701429839000},{"heart_rate":93,"heart_rate_max":94,"heart_rate_min":93,"start_time":1701429720000,"end_time":1701429779000},{"heart_rate":95,"heart_rate_max":95,"heart_rate_min":95,"start_time":1701429540000,"end_time":1701429599000},{"heart_rate":68,"heart_rate_max":77,"heart_rate_min":65,"start_time":1701429300000,"end_time":1701429359000},{"heart_rate":54,"heart_rate_max":63,"heart_rate_min":49,"start_time":1701429240000,"end_time":1701429299000},{"heart_rate":88,"heart_rate_max":89,"heart_rate_min":88,"start_time":1701429060000,"end_time":1701429119000},{"heart_rate":86,"heart_rate_max":89,"heart_rate_min":83,"start_time":1701428520000,"end_time":1701428579000}]