[{"heart_rate":85,"heart_rate_max":86,"heart_rate_min":85,"start_time":1700719140000,"end_time":1700719199000},{"heart_rate":83,"heart_rate_max":88,"heart_rate_min":75,"start_time":1700719080000,"end_time":1700719139000},{"heart_rate":73,"heart_rate_max":77,"heart_rate_min":70,"start_time":1700719020000,"end_time":1700719079000},{"heart_rate":76,"heart_rate_max":80,"heart_rate_min":74,"start_time":1700718960000,"end_time":1700719019000},{"heart_rate":73,"heart_rate_max":78,"heart_rate_min":69,"start_time":1700718900000,"end_time":1700718959000},{"heart_rate":71,"heart_rate_max":75,"heart_rate_min":69,"start_time":1700718840000,"end_time":1700718899000},{"heart_rate":63,"heart_rate_max":70,"heart_rate_min":60,"start_time":1700718780000,"end_time":1700718839000},{"heart_rate":69,"heart_rate_max":72,"heart_rate_min":60,"start_time":1700718720000,"end_time":1700718779000},{"heart_rate":70,"heart_rate_max":73,"heart_rate_min":68,"start_time":1700718660000,"end_time":1700718719000},{"heart_rate":69,"heart_rate_max":70,"heart_rate_min":68,"start_time":1700718600000,"end_time":1700718659000},{"heart_rate":68,"heart_rate_max":70,"heart_rate_min":67,"start_time":1700718540000,"end_time":1700718599000},{"heart_rate":69,"heart_rate_max":73,"heart_rate_min":67,"start_time":1700718480000,"end_time":1700718539000},{"heart_rate":69,"heart_rate_max":75,"heart_rate_min":67,"start_time":1700718420000,"end_time":1700718479000},{"heart_rate":69,"heart_rate_max":74,"heart_rate_min":65,"start_time":1700718360000,"end_time":1700718419000},{"heart_rate":72,"heart_rate_max":79,"heart_rate_min":68,"start_time":1700718300000,"end_time":1700718359000},{"heart_rate":73,"heart_rate_max":83,"heart_rate_min":69,"start_time":1700718240000,"end_time":1700718299000},{"heart_rate":74,"heart_rate_max":84,"heart_rate_min":70,"start_time":1700718180000,"end_time":1700718239000},{"heart_rate":71,"heart_rate_max":81,"heart_rate_min":68,"start_time":1700718120000,"end_time":1700718179000},{"heart_rate":74,"heart_rate_max":77,"heart_rate_min":70,"start_time":1700718060000,"end_time":1700718119000},{"heart_rate":76,"heart_rate_max":80,"heart_rate_min":75,"start_time":1700718000000,"end_time":1700718059000},{"heart_rate":74,"heart_rate_max":77,"heart_rate_min":70,"start_time":1700717940000,"end_time":1700717999000},{"heart_rate":69,"heart_rate_max":72,"heart_rate_min":66,"start_time":1700717880000,"end_time":1700717939000},{"heart_rate":70,"heart_rate_max":79,"heart_rate_min":65,"start_time":1700717820000,"end_time":1700717879000},{"heart_rate":67,"heart_rate_max":71,"heart_rate_min":66,"start_time":1700717760000,"end_time":1700717819000},{"heart_rate":69,"heart_rate_max":76,"heart_rate_min":67,"start_time":1700717700000,"end_time":1700717759000},{"heart_rate":69,"heart_rate_max":86,"heart_rate_min":67,"start_time":1700717640000,"end_time":1700717699000},{"heart_rate":70,"heart_rate_max":75,"heart_rate_min":66,"start_time":1700717580000,"end_time":1700717639000},{"heart_rate":71,"heart_rate_max":77,"heart_rate_min":69,"start_time":1700717520000,"end_time":1700717579000},{"heart_rate":71,"heart_rate_max":76,"heart_rate_min":69,"start_time":1700717460000,"end_time":1700717519000},{"heart_rate":71,"heart_rate_max":74,"heart_rate_min":70,"start_time":1700717400000,"end_time":1700717459000},{"heart_rate":77,"heart_rate_max":82,"heart_rate_min":74,"start_time":1700717340000,"end_time":1700717399000},{"heart_rate":79,"heart_rate_max":82,"heart_rate_min":74,"start_time":1700717280000,"end_time":1700717339000},{"heart_rate":74,"heart_rate_max":84,"heart_rate_min":70,"start_time":1700717220000,"end_time":1700717279000},{"heart_rate":77,"heart_rate_max":81,"heart_rate_min":74,"start_time":1700717160000,"end_time":1700717219000},{"heart_rate":77,"heart_rate_max":84,"heart_rate_min":72,"start_time":1700717100000,"end_time":1700717159000},{"heart_rate":71,"heart_rate_max":76,"heart_rate_min":69,"start_time":1700717040000,"end_time":1700717099000},{"heart_rate":71,"heart_rate_max":77,"heart_rate_min":68,"start_time":1700716980000,"end_time":1700717039000},{"heart_rate":70,"heart_rate_max":76,"heart_rate_min":68,"start_time":1700716920000,"end_time":1700716979000},{"heart_rate":69,"heart_rate_max":71,"heart_rate_min":68,"start_time":1700716860000,"end_time":1700716919000},{"heart_rate":70,"heart_rate_max":77,"heart_rate_min":68,"start_time":1700716800000,"end_time":1700716859000},{"heart_rate":75,"heart_rate_max":81,"heart_rate_min":71,"start_time":1700716740000,"end_time":1700716799000},{"heart_rate":75,"heart_rate_max":80,"heart_rate_min":72,"start_time":1700716680000,"end_time":1700716739000},{"heart_rate":71,"heart_rate_max":78,"heart_rate_min":66,"start_time":1700716620000,"end_time":1700716679000},{"heart_rate":71,"heart_rate_max":81,"heart_rate_min":65,"start_time":1700716560000,"end_time":1700716619000},{"heart_rate":69,"heart_rate_max":73,"heart_rate_min":66,"start_time":1700716500000,"end_time":1700716559000},{"heart_rate":70,"heart_rate_max":77,"heart_rate_min":67,"start_time":1700716440000,"end_time":1700716499000},{"heart_rate":69,"heart_rate_max":72,"heart_rate_min":68,"start_time":1700716380000,"end_time":1700716439000},{"heart_rate":70,"heart_rate_max":77,"heart_rate_min":61,"start_time":1700716320000,"end_time":1700716379000},{"heart_rate":72,"heart_rate_max":82,"heart_rate_min":68,"start_time":1700716260000,"end_time":1700716319000},{"heart_rate":69,"heart_rate_max":71,"heart_rate_min":67,"start_time":1700716200000,"end_time":1700716259000},{"heart_rate":70,"heart_rate_max":72,"heart_rate_min":69,"start_time":1700716140000,"end_time":1700716199000},{"heart_rate":68,"heart_rate_max":72,"heart_rate_min":64,"start_time":1700716080000,"end_time":1700716139000},{"heart_rate":69,"heart_rate_max":72,"heart_rate_min":64,"start_time":1700716020000,"end_time":1700716079000},{"heart_rate":69,"heart_rate_max":72,"heart_rate_min":67,"start_time":1700715960000,"end_time":1700716019000},{"heart_rate":70,"heart_rate_max":75,"heart_rate_min":67,"start_time":1700715900000,"end_time":1700715959000},{"heart_rate":69,"heart_rate_max":74,"heart_rate_min":68,"start_time":1700715840000,"end_time":1700715899000},{"heart_rate":71,"heart_rate_max":77,"heart_rate_min":69,"start_time":1700715780000,"end_time":1700715839000},{"heart_rate":69,"heart_rate_max":71,"heart_rate_min":65,"start_time":1700715720000,"end_time":1700715779000},{"heart_rate":71,"heart_rate_max":75,"heart_rate_min":63,"start_time":1700715660000,"end_time":1700715719000},{"heart_rate":73,"heart_rate_max":77,"heart_rate_min":70,"start_time":1700715600000,"end_time":1700715659000}]