[{"heart_rate":78,"heart_rate_max":80,"heart_rate_min":78,"start_time":1700949000000,"end_time":1700949059000},{"heart_rate":81,"heart_rate_max":88,"heart_rate_min":80,"start_time":1700948940000,"end_time":1700948999000},{"heart_rate":78,"heart_rate_max":84,"heart_rate_min":75,"start_time":1700948880000,"end_time":1700948939000},{"heart_rate":78,"heart_rate_max":80,"heart_rate_min":76,"start_time":1700948820000,"end_time":1700948879000},{"heart_rate":80,"heart_rate_max":89,"heart_rate_min":76,"start_time":1700948760000,"end_time":1700948819000},{"heart_rate":82,"heart_rate_max":88,"heart_rate_min":80,"start_time":1700948700000,"end_time":1700948759000},{"heart_rate":81,"heart_rate_max":86,"heart_rate_min":78,"start_time":1700948640000,"end_time":1700948699000},{"heart_rate":82,"heart_rate_max":87,"heart_rate_min":78,"start_time":1700948580000,"end_time":1700948639000},{"heart_rate":82,"heart_rate_max":86,"heart_rate_min":79,"start_time":1700948520000,"end_time":1700948579000},{"heart_rate":76,"heart_rate_max":81,"heart_rate_min":73,"start_time":1700948460000,"end_time":1700948519000},{"heart_rate":74,"heart_rate_max":80,"heart_rate_min":72,"start_time":1700948400000,"end_time":1700948459000},{"heart_rate":80,"heart_rate_max":86,"heart_rate_min":76,"start_time":1700948340000,"end_time":1700948399000},{"heart_rate":74,"heart_rate_max":78,"heart_rate_min":73,"start_time":1700948280000,"end_time":1700948339000},{"heart_rate":80,"heart_rate_max":83,"heart_rate_min":78,"start_time":1700948220000,"end_time":1700948279000},{"heart_rate":79,"heart_rate_max":84,"heart_rate_min":76,"start_time":1700948160000,"end_time":1700948219000},{"heart_rate":76,"heart_rate_max":84,"heart_rate_min":71,"start_time":1700948100000,"end_time":1700948159000},{"heart_rate":77,"heart_rate_max":84,"heart_rate_min":74,"start_time":1700948040000,"end_time":1700948099000},{"heart_rate":79,"heart_rate_max":83,"heart_rate_min":76,"start_time":1700947980000,"end_time":1700948039000},{"heart_rate":80,"heart_rate_max":85,"heart_rate_min":76,"start_time":1700947920000,"end_time":1700947979000},{"heart_rate":75,"heart_rate_max":81,"heart_rate_min":72,"start_time":1700947860000,"end_time":1700947919000},{"heart_rate":75,"heart_rate_max":77,"heart_rate_min":73,"start_time":1700947800000,"end_time":1700947859000},{"heart_rate":79,"heart_rate_max":83,"heart_rate_min":75,"start_time":1700947740000,"end_time":1700947799000},{"heart_rate":78,"heart_rate_max":82,"heart_rate_min":75,"start_time":1700947680000,"end_time":1700947739000},{"heart_rate":81,"heart_rate_max":84,"heart_rate_min":80,"start_time":1700947620000,"end_time":1700947679000},{"heart_rate":86,"heart_rate_max":94,"heart_rate_min":77,"start_time":1700947560000,"end_time":1700947619000},{"heart_rate":90,"heart_rate_max":94,"heart_rate_min":88,"start_time":1700947500000,"end_time":1700947559000},{"heart_rate":82,"heart_rate_max":92,"heart_rate_min":73,"start_time":1700947440000,"end_time":1700947499000},{"heart_rate":75,"heart_rate_max":79,"heart_rate_min":71,"start_time":1700947380000,"end_time":1700947439000},{"heart_rate":74,"heart_rate_max":77,"heart_rate_min":71,"start_time":1700947320000,"end_time":1700947379000},{"heart_rate":72,"heart_rate_max":76,"heart_rate_min":67,"start_time":1700947260000,"end_time":1700947319000},{"heart_rate":75,"heart_rate_max":81,"heart_rate_min":72,"start_time":1700947200000,"end_time":1700947259000},{"heart_rate":77,"heart_rate_max":82,"heart_rate_min":73,"start_time":1700947140000,"end_time":1700947199000},{"heart_rate":76,"heart_rate_max":81,"heart_rate_min":74,"start_time":1700947020000,"end_time":1700947079000},{"heart_rate":77,"heart_rate_max":84,"heart_rate_min":74,"start_time":1700946960000,"end_time":1700947019000},{"heart_rate":80,"heart_rate_max":89,"heart_rate_min":75,"start_time":1700946900000,"end_time":1700946959000},{"heart_rate":73,"heart_rate_max":77,"heart_rate_min":69,"start_time":1700946840000,"end_time":1700946899000},{"heart_rate":72,"heart_rate_max":79,"heart_rate_min":69,"start_time":1700946780000,"end_time":1700946839000},{"heart_rate":70,"heart_rate_max":76,"heart_rate_min":68,"start_time":1700946720000,"end_time":1700946779000},{"heart_rate":70,"heart_rate_max":75,"heart_rate_min":68,"start_time":1700946660000,"end_time":1700946719000},{"heart_rate":71,"heart_rate_max":74,"heart_rate_min":69,"start_time":1700946600000,"end_time":1700946659000},{"heart_rate":70,"heart_rate_max":75,"heart_rate_min":69,"start_time":1700946540000,"end_time":1700946599000},{"heart_rate":63,"heart_rate_max":74,"heart_rate_min":53,"start_time":1700946480000,"end_time":1700946539000},{"heart_rate":76,"heart_rate_max":82,"heart_rate_min":72,"start_time":1700946420000,"end_time":1700946479000},{"heart_rate":66,"heart_rate_max":73,"heart_rate_min":64,"start_time":1700946300000,"end_time":1700946359000},{"heart_rate":68,"heart_rate_max":72,"heart_rate_min":66,"start_time":1700946240000,"end_time":1700946299000},{"heart_rate":70,"heart_rate_max":79,"heart_rate_min":64,"start_time":1700946180000,"end_time":1700946239000},{"heart_rate":71,"heart_rate_max":79,"heart_rate_min":67,"start_time":1700946120000,"end_time":1700946179000},{"heart_rate":72,"heart_rate_max":82,"heart_rate_min":68,"start_time":1700946060000,"end_time":1700946119000},{"heart_rate":77,"heart_rate_max":83,"heart_rate_min":73,"start_time":1700946000000,"end_time":1700946059000}]