[{"heart_rate":63,"heart_rate_max":70,"heart_rate_min":58,"start_time":1700899140000,"end_time":1700899199000},{"heart_rate":67,"heart_rate_max":72,"heart_rate_min":65,"start_time":1700899080000,"end_time":1700899139000},{"heart_rate":68,"heart_rate_max":73,"heart_rate_min":65,"start_time":1700899020000,"end_time":1700899079000},{"heart_rate":72,"heart_rate_max":78,"heart_rate_min":67,"start_time":1700898960000,"end_time":1700899019000},{"heart_rate":76,"heart_rate_max":82,"heart_rate_min":70,"start_time":1700898900000,"end_time":1700898959000},{"heart_rate":71,"heart_rate_max":80,"heart_rate_min":63,"start_time":1700898840000,"end_time":1700898899000},{"heart_rate":61,"heart_rate_max":66,"heart_rate_min":59,"start_time":1700898780000,"end_time":1700898839000},{"heart_rate":67,"heart_rate_max":72,"heart_rate_min":63,"start_time":1700898720000,"end_time":1700898779000},{"heart_rate":65,"heart_rate_max":73,"heart_rate_min":62,"start_time":1700898660000,"end_time":1700898719000},{"heart_rate":81,"heart_rate_max":86,"heart_rate_min":75,"start_time":1700898600000,"end_time":1700898659000},{"heart_rate":80,"heart_rate_max":85,"heart_rate_min":77,"start_time":1700898540000,"end_time":1700898599000},{"heart_rate":81,"heart_rate_max":86,"heart_rate_min":76,"start_time":1700898480000,"end_time":1700898539000},{"heart_rate":67,"heart_rate_max":78,"heart_rate_min":60,"start_time":1700898420000,"end_time":1700898479000},{"heart_rate":72,"heart_rate_max":85,"heart_rate_min":60,"start_time":1700898360000,"end_time":1700898419000},{"heart_rate":61,"heart_rate_max":65,"heart_rate_min":58,"start_time":1700898300000,"end_time":1700898359000},{"heart_rate":70,"heart_rate_max":80,"heart_rate_min":65,"start_time":1700898240000,"end_time":1700898299000},{"heart_rate":79,"heart_rate_max":82,"heart_rate_min":76,"start_time":1700898180000,"end_time":1700898239000},{"heart_rate":77,"heart_rate_max":86,"heart_rate_min":75,"start_time":1700898120000,"end_time":1700898179000},{"heart_rate":74,"heart_rate_max":80,"heart_rate_min":68,"start_time":1700898060000,"end_time":1700898119000},{"heart_rate":67,"heart_rate_max":74,"heart_rate_min":60,"start_time":1700898000000,"end_time":1700898059000},{"heart_rate":63,"heart_rate_max":68,"heart_rate_min":59,"start_time":1700897940000,"end_time":1700897999000},{"heart_rate":64,"heart_rate_max":71,"heart_rate_min":63,"start_time":1700897880000,"end_time":1700897939000},{"heart_rate":74,"heart_rate_max":82,"heart_rate_min":68,"start_time":1700897820000,"end_time":1700897879000},{"heart_rate":69,"heart_rate_max":80,"heart_rate_min":62,"start_time":1700897760000,"end_time":1700897819000},{"heart_rate":65,"heart_rate_max":75,"heart_rate_min":58,"start_time":1700897700000,"end_time":1700897759000},{"heart_rate":75,"heart_rate_max":83,"heart_rate_min":66,"start_time":1700897640000,"end_time":1700897699000},{"heart_rate":69,"heart_rate_max":77,"heart_rate_min":62,"start_time":1700897580000,"end_time":1700897639000},{"heart_rate":66,"heart_rate_max":77,"heart_rate_min":60,"start_time":1700897520000,"end_time":1700897579000},{"heart_rate":63,"heart_rate_max":69,"heart_rate_min":61,"start_time":1700897460000,"end_time":1700897519000},{"heart_rate":64,"heart_rate_max":69,"heart_rate_min":60,"start_time":1700897400000,"end_time":1700897459000},{"heart_rate":62,"heart_rate_max":67,"heart_rate_min":59,"start_time":1700897340000,"end_time":1700897399000},{"heart_rate":69,"heart_rate_max":83,"heart_rate_min":61,"start_time":1700897280000,"end_time":1700897339000},{"heart_rate":74,"heart_rate_max":79,"heart_rate_min":70,"start_time":1700897220000,"end_time":1700897279000},{"heart_rate":96,"heart_rate_max":113,"heart_rate_min":68,"start_time":1700897160000,"end_time":1700897219000},{"heart_rate":110,"heart_rate_max":113,"heart_rate_min":109,"start_time":1700897100000,"end_time":1700897159000},{"heart_rate":108,"heart_rate_max":110,"heart_rate_min":108,"start_time":1700897040000,"end_time":1700897099000},{"heart_rate":80,"heart_rate_max":88,"heart_rate_min":74,"start_time":1700896980000,"end_time":1700897039000},{"heart_rate":78,"heart_rate_max":83,"heart_rate_min":74,"start_time":1700896920000,"end_time":1700896979000},{"heart_rate":78,"heart_rate_max":86,"heart_rate_min":65,"start_time":1700896860000,"end_time":1700896919000},{"heart_rate":64,"heart_rate_max":73,"heart_rate_min":62,"start_time":1700896800000,"end_time":1700896859000},{"heart_rate":67,"heart_rate_max":71,"heart_rate_min":65,"start_time":1700896740000,"end_time":1700896799000},{"heart_rate":68,"heart_rate_max":78,"heart_rate_min":65,"start_time":1700896680000,"end_time":1700896739000},{"heart_rate":70,"heart_rate_max":79,"heart_rate_min":64,"start_time":1700896620000,"end_time":1700896679000},{"heart_rate":73,"heart_rate_max":78,"heart_rate_min":63,"start_time":1700896560000,"end_time":1700896619000},{"heart_rate":69,"heart_rate_max":75,"heart_rate_min":65,"start_time":1700896500000,"end_time":1700896559000},{"heart_rate":69,"heart_rate_max":73,"heart_rate_min":66,"start_time":1700896440000,"end_time":1700896499000},{"heart_rate":67,"heart_rate_max":72,"heart_rate_min":65,"start_time":1700896380000,"end_time":1700896439000},{"heart_rate":67,"heart_rate_max":73,"heart_rate_min":63,"start_time":1700896320000,"end_time":1700896379000},{"heart_rate":63,"heart_rate_max":66,"heart_rate_min":61,"start_time":1700896260000,"end_time":1700896319000},{"heart_rate":65,"heart_rate_max":68,"heart_rate_min":62,"start_time":1700896200000,"end_time":1700896259000},{"heart_rate":65,"heart_rate_max":72,"heart_rate_min":62,"start_time":1700896140000,"end_time":1700896199000},{"heart_rate":75,"heart_rate_max":81,"heart_rate_min":68,"start_time":1700896080000,"end_time":1700896139000},{"heart_rate":69,"heart_rate_max":76,"heart_rate_min":62,"start_time":1700896020000,"end_time":1700896079000},{"heart_rate":67,"heart_rate_max":72,"heart_rate_min":63,"start_time":1700895960000,"end_time":1700896019000},{"heart_rate":67,"heart_rate_max":73,"heart_rate_min":64,"start_time":1700895900000,"end_time":1700895959000},{"heart_rate":67,"heart_rate_max":71,"heart_rate_min":65,"start_time":1700895840000,"end_time":1700895899000},{"heart_rate":66,"heart_rate_max":68,"heart_rate_min":65,"start_time":1700895780000,"end_time":1700895839000},{"heart_rate":66,"heart_rate_max":69,"heart_rate_min":64,"start_time":1700895720000,"end_time":1700895779000},{"heart_rate":68,"heart_rate_max":72,"heart_rate_min":64,"start_time":1700895660000,"end_time":1700895719000},{"heart_rate":67,"heart_rate_max":71,"heart_rate_min":63,"start_time":1700895600000,"end_time":1700895659000}]