[{"heart_rate":57,"heart_rate_max":59,"heart_rate_min":57,"start_time":1700686740000,"end_time":1700686799000},{"heart_rate":58,"heart_rate_max":59,"heart_rate_min":58,"start_time":1700686680000,"end_time":1700686739000},{"heart_rate":57,"heart_rate_max":58,"heart_rate_min":57,"start_time":1700686620000,"end_time":1700686679000},{"heart_rate":58,"heart_rate_max":60,"heart_rate_min":58,"start_time":1700686560000,"end_time":1700686619000},{"heart_rate":57,"heart_rate_max":58,"heart_rate_min":57,"start_time":1700686500000,"end_time":1700686559000},{"heart_rate":59,"heart_rate_max":60,"heart_rate_min":58,"start_time":1700686440000,"end_time":1700686499000},{"heart_rate":57,"heart_rate_max":59,"heart_rate_min":56,"start_time":1700686380000,"end_time":1700686439000},{"heart_rate":56,"heart_rate_max":57,"heart_rate_min":55,"start_time":1700686320000,"end_time":1700686379000},{"heart_rate":56,"heart_rate_max":56,"heart_rate_min":56,"start_time":1700686260000,"end_time":1700686319000},{"heart_rate":56,"heart_rate_max":58,"heart_rate_min":55,"start_time":1700686200000,"end_time":1700686259000},{"heart_rate":56,"heart_rate_max":57,"heart_rate_min":55,"start_time":1700686140000,"end_time":1700686199000},{"heart_rate":56,"heart_rate_max":57,"heart_rate_min":55,"start_time":1700686080000,"end_time":1700686139000},{"heart_rate":56,"heart_rate_max":57,"heart_rate_min":55,"start_time":1700686020000,"end_time":1700686079000},{"heart_rate":56,"heart_rate_max":57,"heart_rate_min":55,"start_time":1700685960000,"end_time":1700686019000},{"heart_rate":56,"heart_rate_max":57,"heart_rate_min":56,"start_time":1700685900000,"end_time":1700685959000},{"heart_rate":56,"heart_rate_max":57,"heart_rate_min":56,"start_time":1700685840000,"end_time":1700685899000},{"heart_rate":56,"heart_rate_max":57,"heart_rate_min":56,"start_time":1700685780000,"end_time":1700685839000},{"heart_rate":56,"heart_rate_max":57,"heart_rate_min":56,"start_time":1700685720000,"end_time":1700685779000},{"heart_rate":56,"heart_rate_max":57,"heart_rate_min":56,"start_time":1700685660000,"end_time":1700685719000},{"heart_rate":56,"heart_rate_max":57,"heart_rate_min":55,"start_time":1700685600000,"end_time":1700685659000},{"heart_rate":56,"heart_rate_max":57,"heart_rate_min":56,"start_time":1700685540000,"end_time":1700685599000},{"heart_rate":56,"heart_rate_max":57,"heart_rate_min":55,"start_time":1700685480000,"end_time":1700685539000},{"heart_rate":56,"heart_rate_max":58,"heart_rate_min":54,"start_time":1700685420000,"end_time":1700685479000},{"heart_rate":56,"heart_rate_max":58,"heart_rate_min":56,"start_time":1700685360000,"end_time":1700685419000},{"heart_rate":56,"heart_rate_max":58,"heart_rate_min":56,"start_time":1700685300000,"end_time":1700685359000},{"heart_rate":56,"heart_rate_max":57,"heart_rate_min":55,"start_time":1700685240000,"end_time":1700685299000},{"heart_rate":56,"heart_rate_max":57,"heart_rate_min":55,"start_time":1700685180000,"end_time":1700685239000},{"heart_rate":56,"heart_rate_max":58,"heart_rate_min":55,"start_time":1700685120000,"end_time":1700685179000},{"heart_rate":56,"heart_rate_max":57,"heart_rate_min":55,"start_time":1700685060000,"end_time":1700685119000},{"heart_rate":56,"heart_rate_max":57,"heart_rate_min":56,"start_time":1700685000000,"end_time":1700685059000},{"heart_rate":56,"heart_rate_max":57,"heart_rate_min":55,"start_time":1700684940000,"end_time":1700684999000},{"heart_rate":56,"heart_rate_max":57,"heart_rate_min":56,"start_time":1700684880000,"end_time":1700684939000},{"heart_rate":56,"heart_rate_max":58,"heart_rate_min":56,"start_time":1700684820000,"end_time":1700684879000},{"heart_rate":57,"heart_rate_max":59,"heart_rate_min":56,"start_time":1700684760000,"end_time":1700684819000},{"heart_rate":58,"heart_rate_max":59,"heart_rate_min":57,"start_time":1700684700000,"end_time":1700684759000},{"heart_rate":56,"heart_rate_max":59,"heart_rate_min":56,"start_time":1700684640000,"end_time":1700684699000},{"heart_rate":57,"heart_rate_max":58,"heart_rate_min":56,"start_time":1700684580000,"end_time":1700684639000},{"heart_rate":56,"heart_rate_max":57,"heart_rate_min":56,"start_time":1700684520000,"end_time":1700684579000},{"heart_rate":56,"heart_rate_max":58,"heart_rate_min":56,"start_time":1700684460000,"end_time":1700684519000},{"heart_rate":57,"heart_rate_max":59,"heart_rate_min":56,"start_time":1700684400000,"end_time":1700684459000},{"heart_rate":56,"heart_rate_max":58,"heart_rate_min":55,"start_time":1700684340000,"end_time":1700684399000},{"heart_rate":56,"heart_rate_max":57,"heart_rate_min":55,"start_time":1700684280000,"end_time":1700684339000},{"heart_rate":56,"heart_rate_max":57,"heart_rate_min":56,"start_time":1700684220000,"end_time":1700684279000},{"heart_rate":56,"heart_rate_max":57,"heart_rate_min":55,"start_time":1700684160000,"end_time":1700684219000},{"heart_rate":56,"heart_rate_max":57,"heart_rate_min":56,"start_time":1700684100000,"end_time":1700684159000},{"heart_rate":56,"heart_rate_max":57,"heart_rate_min":55,"start_time":1700684040000,"end_time":1700684099000},{"heart_rate":56,"heart_rate_max":59,"heart_rate_min":55,"start_time":1700683980000,"end_time":1700684039000},{"heart_rate":56,"heart_rate_max":57,"heart_rate_min":56,"start_time":1700683920000,"end_time":1700683979000},{"heart_rate":56,"heart_rate_max":58,"heart_rate_min":56,"start_time":1700683860000,"end_time":1700683919000},{"heart_rate":56,"heart_rate_max":57,"heart_rate_min":56,"start_time":1700683800000,"end_time":1700683859000},{"heart_rate":55,"heart_rate_max":56,"heart_rate_min":55,"start_time":1700683740000,"end_time":1700683799000},{"heart_rate":55,"heart_rate_max":57,"heart_rate_min":55,"start_time":1700683680000,"end_time":1700683739000},{"heart_rate":56,"heart_rate_max":57,"heart_rate_min":55,"start_time":1700683620000,"end_time":1700683679000},{"heart_rate":56,"heart_rate_max":57,"heart_rate_min":55,"start_time":1700683560000,"end_time":1700683619000},{"heart_rate":56,"heart_rate_max":58,"heart_rate_min":56,"start_time":1700683500000,"end_time":1700683559000},{"heart_rate":56,"heart_rate_max":58,"heart_rate_min":55,"start_time":1700683440000,"end_time":1700683499000},{"heart_rate":56,"heart_rate_max":58,"heart_rate_min":55,"start_time":1700683380000,"end_time":1700683439000},{"heart_rate":56,"heart_rate_max":58,"heart_rate_min":55,"start_time":1700683320000,"end_time":1700683379000},{"heart_rate":57,"heart_rate_max":57,"heart_rate_min":55,"start_time":1700683260000,"end_time":1700683319000},{"heart_rate":57,"heart_rate_max":59,"heart_rate_min":56,"start_time":1700683200000,"end_time":1700683259000}]