[{"heart_rate":93,"heart_rate_max":103,"heart_rate_min":82,"start_time":1700906340000,"end_time":1700906399000},{"heart_rate":80,"heart_rate_max":86,"heart_rate_min":74,"start_time":1700906280000,"end_time":1700906339000},{"heart_rate":77,"heart_rate_max":82,"heart_rate_min":73,"start_time":1700906220000,"end_time":1700906279000},{"heart_rate":78,"heart_rate_max":89,"heart_rate_min":76,"start_time":1700906160000,"end_time":1700906219000},{"heart_rate":76,"heart_rate_max":88,"heart_rate_min":70,"start_time":1700906100000,"end_time":1700906159000},{"heart_rate":78,"heart_rate_max":89,"heart_rate_min":73,"start_time":1700906040000,"end_time":1700906099000},{"heart_rate":84,"heart_rate_max":88,"heart_rate_min":81,"start_time":1700905980000,"end_time":1700906039000},{"heart_rate":79,"heart_rate_max":84,"heart_rate_min":75,"start_time":1700905920000,"end_time":1700905979000},{"heart_rate":78,"heart_rate_max":85,"heart_rate_min":74,"start_time":1700905860000,"end_time":1700905919000},{"heart_rate":81,"heart_rate_max":87,"heart_rate_min":78,"start_time":1700905740000,"end_time":1700905799000},{"heart_rate":84,"heart_rate_max":90,"heart_rate_min":83,"start_time":1700905680000,"end_time":1700905739000},{"heart_rate":75,"heart_rate_max":89,"heart_rate_min":72,"start_time":1700905620000,"end_time":1700905679000},{"heart_rate":66,"heart_rate_max":71,"heart_rate_min":65,"start_time":1700905560000,"end_time":1700905619000},{"heart_rate":66,"heart_rate_max":71,"heart_rate_min":65,"start_time":1700905500000,"end_time":1700905559000},{"heart_rate":66,"heart_rate_max":71,"heart_rate_min":65,"start_time":1700905440000,"end_time":1700905499000},{"heart_rate":71,"heart_rate_max":79,"heart_rate_min":68,"start_time":1700905380000,"end_time":1700905439000},{"heart_rate":67,"heart_rate_max":75,"heart_rate_min":58,"start_time":1700905320000,"end_time":1700905379000},{"heart_rate":63,"heart_rate_max":73,"heart_rate_min":59,"start_time":1700905260000,"end_time":1700905319000},{"heart_rate":64,"heart_rate_max":70,"heart_rate_min":57,"start_time":1700905200000,"end_time":1700905259000},{"heart_rate":61,"heart_rate_max":65,"heart_rate_min":57,"start_time":1700905140000,"end_time":1700905199000},{"heart_rate":63,"heart_rate_max":72,"heart_rate_min":59,"start_time":1700905080000,"end_time":1700905139000},{"heart_rate":62,"heart_rate_max":66,"heart_rate_min":59,"start_time":1700905020000,"end_time":1700905079000},{"heart_rate":65,"heart_rate_max":72,"heart_rate_min":60,"start_time":1700904960000,"end_time":1700905019000},{"heart_rate":62,"heart_rate_max":65,"heart_rate_min":60,"start_time":1700904900000,"end_time":1700904959000},{"heart_rate":60,"heart_rate_max":63,"heart_rate_min":58,"start_time":1700904840000,"end_time":1700904899000},{"heart_rate":62,"heart_rate_max":64,"heart_rate_min":60,"start_time":1700904780000,"end_time":1700904839000},{"heart_rate":60,"heart_rate_max":63,"heart_rate_min":59,"start_time":1700904720000,"end_time":1700904779000},{"heart_rate":62,"heart_rate_max":64,"heart_rate_min":61,"start_time":1700904660000,"end_time":1700904719000},{"heart_rate":61,"heart_rate_max":63,"heart_rate_min":60,"start_time":1700904600000,"end_time":1700904659000},{"heart_rate":62,"heart_rate_max":64,"heart_rate_min":60,"start_time":1700904540000,"end_time":1700904599000},{"heart_rate":64,"heart_rate_max":71,"heart_rate_min":60,"start_time":1700904480000,"end_time":1700904539000},{"heart_rate":64,"heart_rate_max":72,"heart_rate_min":59,"start_time":1700904420000,"end_time":1700904479000},{"heart_rate":59,"heart_rate_max":61,"heart_rate_min":56,"start_time":1700904360000,"end_time":1700904419000},{"heart_rate":60,"heart_rate_max":62,"heart_rate_min":58,"start_time":1700904300000,"end_time":1700904359000},{"heart_rate":60,"heart_rate_max":66,"heart_rate_min":57,"start_time":1700904240000,"end_time":1700904299000},{"heart_rate":67,"heart_rate_max":76,"heart_rate_min":60,"start_time":1700904180000,"end_time":1700904239000},{"heart_rate":62,"heart_rate_max":63,"heart_rate_min":60,"start_time":1700904120000,"end_time":1700904179000},{"heart_rate":61,"heart_rate_max":64,"heart_rate_min":59,"start_time":1700904060000,"end_time":1700904119000},{"heart_rate":61,"heart_rate_max":64,"heart_rate_min":58,"start_time":1700904000000,"end_time":1700904059000},{"heart_rate":62,"heart_rate_max":69,"heart_rate_min":60,"start_time":1700903940000,"end_time":1700903999000},{"heart_rate":62,"heart_rate_max":67,"heart_rate_min":59,"start_time":1700903880000,"end_time":1700903939000},{"heart_rate":62,"heart_rate_max":72,"heart_rate_min":56,"start_time":1700903820000,"end_time":1700903879000},{"heart_rate":77,"heart_rate_max":83,"heart_rate_min":67,"start_time":1700903760000,"end_time":1700903819000},{"heart_rate":101,"heart_rate_max":101,"heart_rate_min":101,"start_time":1700903700000,"end_time":1700903759000},{"heart_rate":97,"heart_rate_max":99,"heart_rate_min":97,"start_time":1700903640000,"end_time":1700903699000},{"heart_rate":98,"heart_rate_max":98,"heart_rate_min":98,"start_time":1700903280000,"end_time":1700903339000},{"heart_rate":86,"heart_rate_max":92,"heart_rate_min":83,"start_time":1700903220000,"end_time":1700903279000},{"heart_rate":88,"heart_rate_max":93,"heart_rate_min":83,"start_time":1700903160000,"end_time":1700903219000},{"heart_rate":114,"heart_rate_max":115,"heart_rate_min":114,"start_time":1700903040000,"end_time":1700903099000},{"heart_rate":116,"heart_rate_max":117,"heart_rate_min":107,"start_time":1700902980000,"end_time":1700903039000},{"heart_rate":103,"heart_rate_max":108,"heart_rate_min":101,"start_time":1700902920000,"end_time":1700902979000},{"heart_rate":100,"heart_rate_max":101,"heart_rate_min":88,"start_time":1700902860000,"end_time":1700902919000},{"heart_rate":89,"heart_rate_max":90,"heart_rate_min":72,"start_time":1700902800000,"end_time":1700902859000}]