[{"heart_rate":83,"heart_rate_max":87,"heart_rate_min":80,"start_time":1700690340000,"end_time":1700690399000},{"heart_rate":79,"heart_rate_max":83,"heart_rate_min":76,"start_time":1700690280000,"end_time":1700690339000},{"heart_rate":81,"heart_rate_max":84,"heart_rate_min":79,"start_time":1700690220000,"end_time":1700690279000},{"heart_rate":76,"heart_rate_max":86,"heart_rate_min":67,"start_time":1700690160000,"end_time":1700690219000},{"heart_rate":77,"heart_rate_max":82,"heart_rate_min":72,"start_time":1700690040000,"end_time":1700690099000},{"heart_rate":76,"heart_rate_max":82,"heart_rate_min":72,"start_time":1700689980000,"end_time":1700690039000},{"heart_rate":78,"heart_rate_max":86,"heart_rate_min":72,"start_time":1700689920000,"end_time":1700689979000},{"heart_rate":81,"heart_rate_max":85,"heart_rate_min":77,"start_time":1700689860000,"end_time":1700689919000},{"heart_rate":81,"heart_rate_max":85,"heart_rate_min":79,"start_time":1700689800000,"end_time":1700689859000},{"heart_rate":79,"heart_rate_max":85,"heart_rate_min":75,"start_time":1700689740000,"end_time":1700689799000},{"heart_rate":74,"heart_rate_max":82,"heart_rate_min":71,"start_time":1700689680000,"end_time":1700689739000},{"heart_rate":78,"heart_rate_max":81,"heart_rate_min":77,"start_time":1700689620000,"end_time":1700689679000},{"heart_rate":78,"heart_rate_max":81,"heart_rate_min":76,"start_time":1700689560000,"end_time":1700689619000},{"heart_rate":81,"heart_rate_max":83,"heart_rate_min":81,"start_time":1700689500000,"end_time":1700689559000},{"heart_rate":81,"heart_rate_max":84,"heart_rate_min":80,"start_time":1700689380000,"end_time":1700689439000},{"heart_rate":76,"heart_rate_max":82,"heart_rate_min":70,"start_time":1700689320000,"end_time":1700689379000},{"heart_rate":77,"heart_rate_max":83,"heart_rate_min":73,"start_time":1700689200000,"end_time":1700689259000},{"heart_rate":75,"heart_rate_max":84,"heart_rate_min":71,"start_time":1700689140000,"end_time":1700689199000},{"heart_rate":78,"heart_rate_max":82,"heart_rate_min":76,"start_time":1700689080000,"end_time":1700689139000},{"heart_rate":80,"heart_rate_max":83,"heart_rate_min":78,"start_time":1700689020000,"end_time":1700689079000},{"heart_rate":78,"heart_rate_max":83,"heart_rate_min":75,"start_time":1700688960000,"end_time":1700689019000},{"heart_rate":78,"heart_rate_max":83,"heart_rate_min":74,"start_time":1700688900000,"end_time":1700688959000},{"heart_rate":81,"heart_rate_max":95,"heart_rate_min":77,"start_time":1700688840000,"end_time":1700688899000},{"heart_rate":87,"heart_rate_max":94,"heart_rate_min":81,"start_time":1700688780000,"end_time":1700688839000},{"heart_rate":75,"heart_rate_max":84,"heart_rate_min":71,"start_time":1700688720000,"end_time":1700688779000},{"heart_rate":74,"heart_rate_max":77,"heart_rate_min":72,"start_time":1700688660000,"end_time":1700688719000},{"heart_rate":89,"heart_rate_max":98,"heart_rate_min":73,"start_time":1700688600000,"end_time":1700688659000},{"heart_rate":83,"heart_rate_max":96,"heart_rate_min":76,"start_time":1700688540000,"end_time":1700688599000},{"heart_rate":81,"heart_rate_max":86,"heart_rate_min":78,"start_time":1700688480000,"end_time":1700688539000},{"heart_rate":79,"heart_rate_max":83,"heart_rate_min":76,"start_time":1700688420000,"end_time":1700688479000},{"heart_rate":80,"heart_rate_max":86,"heart_rate_min":75,"start_time":1700688360000,"end_time":1700688419000},{"heart_rate":79,"heart_rate_max":85,"heart_rate_min":76,"start_time":1700688300000,"end_time":1700688359000},{"heart_rate":83,"heart_rate_max":90,"heart_rate_min":79,"start_time":1700688240000,"end_time":1700688299000},{"heart_rate":80,"heart_rate_max":86,"heart_rate_min":75,"start_time":1700688180000,"end_time":1700688239000},{"heart_rate":81,"heart_rate_max":86,"heart_rate_min":75,"start_time":1700688120000,"end_time":1700688179000},{"heart_rate":74,"heart_rate_max":84,"heart_rate_min":66,"start_time":1700688060000,"end_time":1700688119000},{"heart_rate":66,"heart_rate_max":69,"heart_rate_min":65,"start_time":1700688000000,"end_time":1700688059000},{"heart_rate":65,"heart_rate_max":68,"heart_rate_min":64,"start_time":1700687940000,"end_time":1700687999000},{"heart_rate":69,"heart_rate_max":79,"heart_rate_min":65,"start_time":1700687880000,"end_time":1700687939000},{"heart_rate":80,"heart_rate_max":84,"heart_rate_min":78,"start_time":1700687760000,"end_time":1700687819000},{"heart_rate":80,"heart_rate_max":86,"heart_rate_min":76,"start_time":1700687700000,"end_time":1700687759000},{"heart_rate":82,"heart_rate_max":87,"heart_rate_min":80,"start_time":1700687640000,"end_time":1700687699000},{"heart_rate":78,"heart_rate_max":82,"heart_rate_min":76,"start_time":1700687580000,"end_time":1700687639000},{"heart_rate":82,"heart_rate_max":88,"heart_rate_min":77,"start_time":1700687520000,"end_time":1700687579000},{"heart_rate":86,"heart_rate_max":90,"heart_rate_min":82,"start_time":1700687460000,"end_time":1700687519000},{"heart_rate":81,"heart_rate_max":86,"heart_rate_min":78,"start_time":1700687400000,"end_time":1700687459000},{"heart_rate":81,"heart_rate_max":84,"heart_rate_min":80,"start_time":1700687340000,"end_time":1700687399000},{"heart_rate":69,"heart_rate_max":81,"heart_rate_min":62,"start_time":1700687280000,"end_time":1700687339000},{"heart_rate":72,"heart_rate_max":76,"heart_rate_min":68,"start_time":1700687220000,"end_time":1700687279000},{"heart_rate":63,"heart_rate_max":72,"heart_rate_min":56,"start_time":1700687160000,"end_time":1700687219000},{"heart_rate":60,"heart_rate_max":76,"heart_rate_min":57,"start_time":1700687100000,"end_time":1700687159000},{"heart_rate":62,"heart_rate_max":81,"heart_rate_min":55,"start_time":1700687040000,"end_time":1700687099000},{"heart_rate":56,"heart_rate_max":57,"heart_rate_min":56,"start_time":1700686980000,"end_time":1700687039000},{"heart_rate":57,"heart_rate_max":58,"heart_rate_min":55,"start_time":1700686920000,"end_time":1700686979000},{"heart_rate":58,"heart_rate_max":59,"heart_rate_min":58,"start_time":1700686860000,"end_time":1700686919000},{"heart_rate":57,"heart_rate_max":59,"heart_rate_min":57,"start_time":1700686800000,"end_time":1700686859000}]