[{"heart_rate":53,"heart_rate_max":54,"heart_rate_min":53,"start_time":1701100740000,"end_time":1701100799000},{"heart_rate":52,"heart_rate_max":54,"heart_rate_min":51,"start_time":1701100680000,"end_time":1701100739000},{"heart_rate":53,"heart_rate_max":54,"heart_rate_min":53,"start_time":1701100620000,"end_time":1701100679000},{"heart_rate":53,"heart_rate_max":54,"heart_rate_min":52,"start_time":1701100560000,"end_time":1701100619000},{"heart_rate":52,"heart_rate_max":54,"heart_rate_min":52,"start_time":1701100500000,"end_time":1701100559000},{"heart_rate":52,"heart_rate_max":53,"heart_rate_min":51,"start_time":1701100440000,"end_time":1701100499000},{"heart_rate":52,"heart_rate_max":53,"heart_rate_min":52,"start_time":1701100380000,"end_time":1701100439000},{"heart_rate":52,"heart_rate_max":54,"heart_rate_min":52,"start_time":1701100320000,"end_time":1701100379000},{"heart_rate":52,"heart_rate_max":53,"heart_rate_min":52,"start_time":1701100260000,"end_time":1701100319000},{"heart_rate":52,"heart_rate_max":54,"heart_rate_min":50,"start_time":1701100200000,"end_time":1701100259000},{"heart_rate":52,"heart_rate_max":53,"heart_rate_min":52,"start_time":1701100140000,"end_time":1701100199000},{"heart_rate":52,"heart_rate_max":53,"heart_rate_min":52,"start_time":1701100080000,"end_time":1701100139000},{"heart_rate":52,"heart_rate_max":53,"heart_rate_min":52,"start_time":1701100020000,"end_time":1701100079000},{"heart_rate":52,"heart_rate_max":53,"heart_rate_min":52,"start_time":1701099960000,"end_time":1701100019000},{"heart_rate":52,"heart_rate_max":53,"heart_rate_min":51,"start_time":1701099900000,"end_time":1701099959000},{"heart_rate":51,"heart_rate_max":53,"heart_rate_min":51,"start_time":1701099840000,"end_time":1701099899000},{"heart_rate":52,"heart_rate_max":53,"heart_rate_min":51,"start_time":1701099780000,"end_time":1701099839000},{"heart_rate":52,"heart_rate_max":53,"heart_rate_min":52,"start_time":1701099720000,"end_time":1701099779000},{"heart_rate":51,"heart_rate_max":53,"heart_rate_min":50,"start_time":1701099660000,"end_time":1701099719000},{"heart_rate":52,"heart_rate_max":53,"heart_rate_min":51,"start_time":1701099600000,"end_time":1701099659000},{"heart_rate":52,"heart_rate_max":53,"heart_rate_min":51,"start_time":1701099540000,"end_time":1701099599000},{"heart_rate":53,"heart_rate_max":54,"heart_rate_min":52,"start_time":1701099480000,"end_time":1701099539000},{"heart_rate":52,"heart_rate_max":54,"heart_rate_min":51,"start_time":1701099420000,"end_time":1701099479000},{"heart_rate":52,"heart_rate_max":54,"heart_rate_min":52,"start_time":1701099360000,"end_time":1701099419000},{"heart_rate":53,"heart_rate_max":54,"heart_rate_min":53,"start_time":1701099300000,"end_time":1701099359000},{"heart_rate":55,"heart_rate_max":62,"heart_rate_min":53,"start_time":1701099240000,"end_time":1701099299000},{"heart_rate":53,"heart_rate_max":62,"heart_rate_min":50,"start_time":1701099180000,"end_time":1701099239000},{"heart_rate":50,"heart_rate_max":52,"heart_rate_min":49,"start_time":1701099120000,"end_time":1701099179000},{"heart_rate":48,"heart_rate_max":50,"heart_rate_min":46,"start_time":1701099060000,"end_time":1701099119000},{"heart_rate":48,"heart_rate_max":50,"heart_rate_min":48,"start_time":1701099000000,"end_time":1701099059000},{"heart_rate":48,"heart_rate_max":50,"heart_rate_min":47,"start_time":1701098940000,"end_time":1701098999000},{"heart_rate":48,"heart_rate_max":51,"heart_rate_min":47,"start_time":1701098880000,"end_time":1701098939000},{"heart_rate":48,"heart_rate_max":50,"heart_rate_min":47,"start_time":1701098820000,"end_time":1701098879000},{"heart_rate":49,"heart_rate_max":50,"heart_rate_min":48,"start_time":1701098760000,"end_time":1701098819000},{"heart_rate":50,"heart_rate_max":51,"heart_rate_min":49,"start_time":1701098700000,"end_time":1701098759000},{"heart_rate":49,"heart_rate_max":53,"heart_rate_min":48,"start_time":1701098640000,"end_time":1701098699000},{"heart_rate":54,"heart_rate_max":64,"heart_rate_min":50,"start_time":1701098580000,"end_time":1701098639000},{"heart_rate":49,"heart_rate_max":59,"heart_rate_min":47,"start_time":1701098520000,"end_time":1701098579000},{"heart_rate":52,"heart_rate_max":54,"heart_rate_min":51,"start_time":1701098460000,"end_time":1701098519000},{"heart_rate":55,"heart_rate_max":60,"heart_rate_min":52,"start_time":1701098400000,"end_time":1701098459000},{"heart_rate":52,"heart_rate_max":53,"heart_rate_min":52,"start_time":1701098340000,"end_time":1701098399000},{"heart_rate":51,"heart_rate_max":53,"heart_rate_min":50,"start_time":1701098280000,"end_time":1701098339000},{"heart_rate":50,"heart_rate_max":52,"heart_rate_min":49,"start_time":1701098220000,"end_time":1701098279000},{"heart_rate":49,"heart_rate_max":52,"heart_rate_min":49,"start_time":1701098160000,"end_time":1701098219000},{"heart_rate":50,"heart_rate_max":53,"heart_rate_min":48,"start_time":1701098100000,"end_time":1701098159000},{"heart_rate":48,"heart_rate_max":50,"heart_rate_min":47,"start_time":1701098040000,"end_time":1701098099000},{"heart_rate":49,"heart_rate_max":50,"heart_rate_min":48,"start_time":1701097980000,"end_time":1701098039000},{"heart_rate":49,"heart_rate_max":50,"heart_rate_min":48,"start_time":1701097920000,"end_time":1701097979000},{"heart_rate":49,"heart_rate_max":51,"heart_rate_min":48,"start_time":1701097860000,"end_time":1701097919000},{"heart_rate":49,"heart_rate_max":52,"heart_rate_min":48,"start_time":1701097800000,"end_time":1701097859000},{"heart_rate":50,"heart_rate_max":51,"heart_rate_min":49,"start_time":1701097740000,"end_time":1701097799000},{"heart_rate":50,"heart_rate_max":53,"heart_rate_min":49,"start_time":1701097680000,"end_time":1701097739000},{"heart_rate":50,"heart_rate_max":52,"heart_rate_min":50,"start_time":1701097620000,"end_time":1701097679000},{"heart_rate":50,"heart_rate_max":53,"heart_rate_min":49,"start_time":1701097560000,"end_time":1701097619000},{"heart_rate":51,"heart_rate_max":52,"heart_rate_min":50,"start_time":1701097500000,"end_time":1701097559000},{"heart_rate":52,"heart_rate_max":53,"heart_rate_min":51,"start_time":1701097440000,"end_time":1701097499000},{"heart_rate":54,"heart_rate_max":55,"heart_rate_min":53,"start_time":1701097380000,"end_time":1701097439000},{"heart_rate":54,"heart_rate_max":55,"heart_rate_min":53,"start_time":1701097320000,"end_time":1701097379000},{"heart_rate":53,"heart_rate_max":55,"heart_rate_min":53,"start_time":1701097260000,"end_time":1701097319000},{"heart_rate":55,"heart_rate_max":57,"heart_rate_min":54,"start_time":1701097200000,"end_time":1701097259000}]