[{"heart_rate":57,"heart_rate_max":59,"heart_rate_min":56,"start_time":1701097140000,"end_time":1701097199000},{"heart_rate":58,"heart_rate_max":63,"heart_rate_min":55,"start_time":1701097080000,"end_time":1701097139000},{"heart_rate":63,"heart_rate_max":70,"heart_rate_min":59,"start_time":1701097020000,"end_time":1701097079000},{"heart_rate":64,"heart_rate_max":73,"heart_rate_min":59,"start_time":1701096960000,"end_time":1701097019000},{"heart_rate":55,"heart_rate_max":61,"heart_rate_min":53,"start_time":1701096900000,"end_time":1701096959000},{"heart_rate":55,"heart_rate_max":58,"heart_rate_min":53,"start_time":1701096840000,"end_time":1701096899000},{"heart_rate":55,"heart_rate_max":58,"heart_rate_min":54,"start_time":1701096780000,"end_time":1701096839000},{"heart_rate":55,"heart_rate_max":59,"heart_rate_min":55,"start_time":1701096720000,"end_time":1701096779000},{"heart_rate":55,"heart_rate_max":58,"heart_rate_min":54,"start_time":1701096660000,"end_time":1701096719000},{"heart_rate":55,"heart_rate_max":57,"heart_rate_min":54,"start_time":1701096600000,"end_time":1701096659000},{"heart_rate":56,"heart_rate_max":59,"heart_rate_min":55,"start_time":1701096540000,"end_time":1701096599000},{"heart_rate":59,"heart_rate_max":65,"heart_rate_min":56,"start_time":1701096480000,"end_time":1701096539000},{"heart_rate":56,"heart_rate_max":62,"heart_rate_min":55,"start_time":1701096420000,"end_time":1701096479000},{"heart_rate":61,"heart_rate_max":68,"heart_rate_min":57,"start_time":1701096360000,"end_time":1701096419000},{"heart_rate":57,"heart_rate_max":62,"heart_rate_min":56,"start_time":1701096300000,"end_time":1701096359000},{"heart_rate":60,"heart_rate_max":68,"heart_rate_min":57,"start_time":1701096240000,"end_time":1701096299000},{"heart_rate":56,"heart_rate_max":59,"heart_rate_min":55,"start_time":1701096180000,"end_time":1701096239000},{"heart_rate":57,"heart_rate_max":61,"heart_rate_min":55,"start_time":1701096120000,"end_time":1701096179000},{"heart_rate":58,"heart_rate_max":61,"heart_rate_min":56,"start_time":1701096060000,"end_time":1701096119000},{"heart_rate":57,"heart_rate_max":59,"heart_rate_min":57,"start_time":1701096000000,"end_time":1701096059000},{"heart_rate":60,"heart_rate_max":70,"heart_rate_min":56,"start_time":1701095940000,"end_time":1701095999000},{"heart_rate":58,"heart_rate_max":66,"heart_rate_min":55,"start_time":1701095880000,"end_time":1701095939000},{"heart_rate":57,"heart_rate_max":58,"heart_rate_min":56,"start_time":1701095820000,"end_time":1701095879000},{"heart_rate":56,"heart_rate_max":59,"heart_rate_min":55,"start_time":1701095760000,"end_time":1701095819000},{"heart_rate":56,"heart_rate_max":58,"heart_rate_min":55,"start_time":1701095700000,"end_time":1701095759000},{"heart_rate":54,"heart_rate_max":56,"heart_rate_min":53,"start_time":1701095640000,"end_time":1701095699000},{"heart_rate":53,"heart_rate_max":56,"heart_rate_min":52,"start_time":1701095580000,"end_time":1701095639000},{"heart_rate":54,"heart_rate_max":57,"heart_rate_min":53,"start_time":1701095520000,"end_time":1701095579000},{"heart_rate":54,"heart_rate_max":59,"heart_rate_min":53,"start_time":1701095460000,"end_time":1701095519000},{"heart_rate":55,"heart_rate_max":59,"heart_rate_min":50,"start_time":1701095400000,"end_time":1701095459000},{"heart_rate":56,"heart_rate_max":60,"heart_rate_min":51,"start_time":1701095340000,"end_time":1701095399000},{"heart_rate":60,"heart_rate_max":68,"heart_rate_min":55,"start_time":1701095280000,"end_time":1701095339000},{"heart_rate":65,"heart_rate_max":71,"heart_rate_min":62,"start_time":1701095220000,"end_time":1701095279000},{"heart_rate":64,"heart_rate_max":68,"heart_rate_min":59,"start_time":1701095160000,"end_time":1701095219000},{"heart_rate":62,"heart_rate_max":72,"heart_rate_min":57,"start_time":1701095100000,"end_time":1701095159000},{"heart_rate":62,"heart_rate_max":65,"heart_rate_min":59,"start_time":1701095040000,"end_time":1701095099000},{"heart_rate":58,"heart_rate_max":63,"heart_rate_min":56,"start_time":1701094980000,"end_time":1701095039000},{"heart_rate":73,"heart_rate_max":77,"heart_rate_min":59,"start_time":1701094920000,"end_time":1701094979000},{"heart_rate":68,"heart_rate_max":74,"heart_rate_min":63,"start_time":1701094860000,"end_time":1701094919000},{"heart_rate":65,"heart_rate_max":71,"heart_rate_min":58,"start_time":1701094800000,"end_time":1701094859000},{"heart_rate":70,"heart_rate_max":75,"heart_rate_min":63,"start_time":1701094740000,"end_time":1701094799000},{"heart_rate":70,"heart_rate_max":81,"heart_rate_min":60,"start_time":1701094680000,"end_time":1701094739000},{"heart_rate":59,"heart_rate_max":69,"heart_rate_min":56,"start_time":1701094620000,"end_time":1701094679000},{"heart_rate":56,"heart_rate_max":60,"heart_rate_min":54,"start_time":1701094560000,"end_time":1701094619000},{"heart_rate":54,"heart_rate_max":56,"heart_rate_min":53,"start_time":1701094500000,"end_time":1701094559000},{"heart_rate":55,"heart_rate_max":57,"heart_rate_min":54,"start_time":1701094440000,"end_time":1701094499000},{"heart_rate":55,"heart_rate_max":58,"heart_rate_min":53,"start_time":1701094380000,"end_time":1701094439000},{"heart_rate":56,"heart_rate_max":58,"heart_rate_min":56,"start_time":1701094320000,"end_time":1701094379000},{"heart_rate":57,"heart_rate_max":60,"heart_rate_min":56,"start_time":1701094260000,"end_time":1701094319000},{"heart_rate":56,"heart_rate_max":58,"heart_rate_min":55,"start_time":1701094200000,"end_time":1701094259000},{"heart_rate":56,"heart_rate_max":59,"heart_rate_min":54,"start_time":1701094140000,"end_time":1701094199000},{"heart_rate":55,"heart_rate_max":58,"heart_rate_min":52,"start_time":1701094080000,"end_time":1701094139000},{"heart_rate":54,"heart_rate_max":58,"heart_rate_min":52,"start_time":1701094020000,"end_time":1701094079000},{"heart_rate":56,"heart_rate_max":60,"heart_rate_min":53,"start_time":1701093960000,"end_time":1701094019000},{"heart_rate":56,"heart_rate_max":57,"heart_rate_min":54,"start_time":1701093900000,"end_time":1701093959000},{"heart_rate":58,"heart_rate_max":62,"heart_rate_min":55,"start_time":1701093840000,"end_time":1701093899000},{"heart_rate":58,"heart_rate_max":64,"heart_rate_min":54,"start_time":1701093780000,"end_time":1701093839000},{"heart_rate":57,"heart_rate_max":61,"heart_rate_min":54,"start_time":1701093720000,"end_time":1701093779000},{"heart_rate":60,"heart_rate_max":62,"heart_rate_min":58,"start_time":1701093660000,"end_time":1701093719000},{"heart_rate":63,"heart_rate_max":71,"heart_rate_min":59,"start_time":1701093600000,"end_time":1701093659000}]