[{"heart_rate":63,"heart_rate_max":64,"heart_rate_min":63,"start_time":1701087720000,"end_time":1701087779000},{"heart_rate":62,"heart_rate_max":65,"heart_rate_min":60,"start_time":1701087660000,"end_time":1701087719000},{"heart_rate":63,"heart_rate_max":65,"heart_rate_min":61,"start_time":1701087600000,"end_time":1701087659000},{"heart_rate":64,"heart_rate_max":67,"heart_rate_min":61,"start_time":1701087540000,"end_time":1701087599000},{"heart_rate":62,"heart_rate_max":65,"heart_rate_min":60,"start_time":1701087480000,"end_time":1701087539000},{"heart_rate":65,"heart_rate_max":72,"heart_rate_min":63,"start_time":1701087420000,"end_time":1701087479000},{"heart_rate":69,"heart_rate_max":75,"heart_rate_min":65,"start_time":1701087360000,"end_time":1701087419000},{"heart_rate":69,"heart_rate_max":79,"heart_rate_min":59,"start_time":1701087300000,"end_time":1701087359000},{"heart_rate":64,"heart_rate_max":69,"heart_rate_min":60,"start_time":1701087240000,"end_time":1701087299000},{"heart_rate":63,"heart_rate_max":65,"heart_rate_min":61,"start_time":1701087180000,"end_time":1701087239000},{"heart_rate":65,"heart_rate_max":67,"heart_rate_min":62,"start_time":1701087120000,"end_time":1701087179000},{"heart_rate":71,"heart_rate_max":87,"heart_rate_min":67,"start_time":1701087060000,"end_time":1701087119000},{"heart_rate":82,"heart_rate_max":95,"heart_rate_min":71,"start_time":1701087000000,"end_time":1701087059000},{"heart_rate":72,"heart_rate_max":80,"heart_rate_min":67,"start_time":1701086940000,"end_time":1701086999000},{"heart_rate":68,"heart_rate_max":72,"heart_rate_min":67,"start_time":1701086880000,"end_time":1701086939000},{"heart_rate":68,"heart_rate_max":71,"heart_rate_min":67,"start_time":1701086820000,"end_time":1701086879000},{"heart_rate":82,"heart_rate_max":87,"heart_rate_min":69,"start_time":1701086760000,"end_time":1701086819000},{"heart_rate":81,"heart_rate_max":87,"heart_rate_min":78,"start_time":1701086700000,"end_time":1701086759000},{"heart_rate":80,"heart_rate_max":83,"heart_rate_min":78,"start_time":1701086640000,"end_time":1701086699000},{"heart_rate":83,"heart_rate_max":85,"heart_rate_min":83,"start_time":1701086580000,"end_time":1701086639000},{"heart_rate":83,"heart_rate_max":89,"heart_rate_min":72,"start_time":1701086520000,"end_time":1701086579000},{"heart_rate":74,"heart_rate_max":84,"heart_rate_min":71,"start_time":1701086460000,"end_time":1701086519000},{"heart_rate":79,"heart_rate_max":85,"heart_rate_min":75,"start_time":1701086400000,"end_time":1701086459000}]