﻿com.samsung.shealth.activity.day_summary,6250075,6
movement_type,create_sh_ver,energy_type,exercise_time,step_count,exercise_calorie_target,active_time,target,others_time,modify_sh_ver,update_time,floors_target,create_time,floor_count,dynamic_active_time_target,exercise_time_target,goal,longest_active_time,score,move_hourly_count,duration_type,move_hourly_target,distance,dynamic_active_time,calorie,extra_data,deviceuuid,run_time,pkg_name,walk_time,longest_idle_time,datauuid,day_time
,,,,423,,282141,90,0,,2023-11-23 01:00:26.442,,2023-11-22 12:42:07.649,,,,-1,60000,4,,,,305.34003,,13.899999,7b9100bd-bfbe-4500-97dd-e5f18d4070ec.extra_data.json,igS3aXmJXA,0,com.sec.android.app.shealth,282141,71760000,7b9100bd-bfbe-4500-97dd-e5f18d4070ec,1700611200000,
,,,,0,,0,90,0,,2023-11-22 12:42:07.905,,2023-11-22 12:42:07.905,,,,-1,0,0,,,,0.0,,0.0,ce150470-745d-4eb2-bf32-d5dedbaffbcb.extra_data.json,igS3aXmJXA,0,com.sec.android.app.shealth,0,-1,ce150470-745d-4eb2-bf32-d5dedbaffbcb,1698278400000,
,,,,0,,0,90,0,,2023-11-22 12:42:08.094,,2023-11-22 12:42:08.094,,,,-1,0,0,,,,0.0,,0.0,f1453e51-5c1e-4716-b344-d152ec2e4419.extra_data.json,igS3aXmJXA,0,com.sec.android.app.shealth,0,-1,f1453e51-5c1e-4716-b344-d152ec2e4419,1698364800000,
,,,,0,,0,90,0,,2023-11-22 12:42:08.310,,2023-11-22 12:42:08.310,,,,-1,0,0,,,,0.0,,0.0,b216ef48-505f-4fe5-9839-029639302aab.extra_data.json,igS3aXmJXA,0,com.sec.android.app.shealth,0,-1,b216ef48-505f-4fe5-9839-029639302aab,1698451200000,
,,,,0,,0,90,0,,2023-11-22 12:42:08.516,,2023-11-22 12:42:08.516,,,,-1,0,0,,,,0.0,,0.0,ea230049-fbf4-455a-86ea-a134b4df298e.extra_data.json,igS3aXmJXA,0,com.sec.android.app.shealth,0,-1,ea230049-fbf4-455a-86ea-a134b4df298e,1698537600000,
,,,,0,,0,90,0,,2023-11-22 12:42:08.641,,2023-11-22 12:42:08.641,,,,-1,0,0,,,,0.0,,0.0,e73f04df-4fa4-4f89-b8f3-150f989cdb7b.extra_data.json,igS3aXmJXA,0,com.sec.android.app.shealth,0,-1,e73f04df-4fa4-4f89-b8f3-150f989cdb7b,1698624000000,
,,,,0,,0,90,0,,2023-11-22 12:42:08.769,,2023-11-22 12:42:08.769,,,,-1,0,0,,,,0.0,,0.0,a52f5221-bfbb-4d4f-a4a1-1a75666ea31a.extra_data.json,igS3aXmJXA,0,com.sec.android.app.shealth,0,-1,a52f5221-bfbb-4d4f-a4a1-1a75666ea31a,1698710400000,
,,,,0,,0,90,0,,2023-11-22 12:42:08.930,,2023-11-22 12:42:08.930,,,,-1,0,0,,,,0.0,,0.0,d6844f31-f753-46f4-988c-a3de4771565e.extra_data.json,igS3aXmJXA,0,com.sec.android.app.shealth,0,-1,d6844f31-f753-46f4-988c-a3de4771565e,1698796800000,
,,,,0,,0,90,0,,2023-11-22 12:42:09.081,,2023-11-22 12:42:09.081,,,,-1,0,0,,,,0.0,,0.0,f1a7f252-ce2b-449e-82eb-a9e4d6c7f105.extra_data.json,igS3aXmJXA,0,com.sec.android.app.shealth,0,-1,f1a7f252-ce2b-449e-82eb-a9e4d6c7f105,1698883200000,
,,,,0,,0,90,0,,2023-11-22 12:42:09.209,,2023-11-22 12:42:09.209,,,,-1,0,0,,,,0.0,,0.0,249af398-2d7f-4af3-8861-bb7ee085f5cc.extra_data.json,igS3aXmJXA,0,com.sec.android.app.shealth,0,-1,249af398-2d7f-4af3-8861-bb7ee085f5cc,1698969600000,
,,,,0,,0,90,0,,2023-11-22 12:42:09.323,,2023-11-22 12:42:09.323,,,,-1,0,0,,,,0.0,,0.0,7bf62cbf-4bb7-4d6f-8ee3-e003670ec3dc.extra_data.json,igS3aXmJXA,0,com.sec.android.app.shealth,0,-1,7bf62cbf-4bb7-4d6f-8ee3-e003670ec3dc,1699056000000,
,,,,0,,0,90,0,,2023-11-22 12:42:09.439,,2023-11-22 12:42:09.439,,,,-1,0,0,,,,0.0,,0.0,e2c341f6-38f3-47a6-814b-bef023bb68b0.extra_data.json,igS3aXmJXA,0,com.sec.android.app.shealth,0,-1,e2c341f6-38f3-47a6-814b-bef023bb68b0,1699142400000,
,,,,0,,0,90,0,,2023-11-22 12:42:09.597,,2023-11-22 12:42:09.597,,,,-1,0,0,,,,0.0,,0.0,2d55f6a3-adf4-4504-b53f-6c8a7876a916.extra_data.json,igS3aXmJXA,0,com.sec.android.app.shealth,0,-1,2d55f6a3-adf4-4504-b53f-6c8a7876a916,1699228800000,
,,,,0,,0,90,0,,2023-11-22 12:42:09.735,,2023-11-22 12:42:09.735,,,,-1,0,0,,,,0.0,,0.0,3512576a-a113-4edb-a853-3054d8363004.extra_data.json,igS3aXmJXA,0,com.sec.android.app.shealth,0,-1,3512576a-a113-4edb-a853-3054d8363004,1699315200000,
,,,,0,,0,90,0,,2023-11-22 12:42:09.874,,2023-11-22 12:42:09.874,,,,-1,0,0,,,,0.0,,0.0,f04daa7f-02b8-4cba-807a-4e4e1394f7e8.extra_data.json,igS3aXmJXA,0,com.sec.android.app.shealth,0,-1,f04daa7f-02b8-4cba-807a-4e4e1394f7e8,1699401600000,
,,,,0,,0,90,0,,2023-11-22 12:42:09.945,,2023-11-22 12:42:09.945,,,,-1,0,0,,,,0.0,,0.0,33560caa-6ddc-45e3-9e5f-2a0bd431101c.extra_data.json,igS3aXmJXA,0,com.sec.android.app.shealth,0,-1,33560caa-6ddc-45e3-9e5f-2a0bd431101c,1699488000000,
,,,,0,,0,90,0,,2023-11-22 12:42:10.043,,2023-11-22 12:42:10.043,,,,-1,0,0,,,,0.0,,0.0,9dd7dbc0-31d0-4531-9f91-ae20b3a81d45.extra_data.json,igS3aXmJXA,0,com.sec.android.app.shealth,0,-1,9dd7dbc0-31d0-4531-9f91-ae20b3a81d45,1699574400000,
,,,,0,,0,90,0,,2023-11-22 12:42:10.156,,2023-11-22 12:42:10.156,,,,-1,0,0,,,,0.0,,0.0,0af02fdf-a9b6-4444-b231-5aa4c74416f2.extra_data.json,igS3aXmJXA,0,com.sec.android.app.shealth,0,-1,0af02fdf-a9b6-4444-b231-5aa4c74416f2,1699660800000,
,,,,0,,0,90,0,,2023-11-22 12:42:10.305,,2023-11-22 12:42:10.305,,,,-1,0,0,,,,0.0,,0.0,84167f06-aa80-47e2-8959-a2f8970473dd.extra_data.json,igS3aXmJXA,0,com.sec.android.app.shealth,0,-1,84167f06-aa80-47e2-8959-a2f8970473dd,1699747200000,
,,,,0,,0,90,0,,2023-11-22 12:42:10.402,,2023-11-22 12:42:10.402,,,,-1,0,0,,,,0.0,,0.0,ca2a525d-60fa-49fd-b899-05d48e91b451.extra_data.json,igS3aXmJXA,0,com.sec.android.app.shealth,0,-1,ca2a525d-60fa-49fd-b899-05d48e91b451,1699833600000,
,,,,0,,0,90,0,,2023-11-22 12:42:10.506,,2023-11-22 12:42:10.506,,,,-1,0,0,,,,0.0,,0.0,b6dcd585-07e1-4198-aa6c-12e832dda78f.extra_data.json,igS3aXmJXA,0,com.sec.android.app.shealth,0,-1,b6dcd585-07e1-4198-aa6c-12e832dda78f,1699920000000,
,,,,0,,0,90,0,,2023-11-22 12:42:10.605,,2023-11-22 12:42:10.605,,,,-1,0,0,,,,0.0,,0.0,bdf28ac8-65d5-4b84-ae44-8400c3e2a7e5.extra_data.json,igS3aXmJXA,0,com.sec.android.app.shealth,0,-1,bdf28ac8-65d5-4b84-ae44-8400c3e2a7e5,1700006400000,
,,,,0,,0,90,0,,2023-11-22 12:42:10.689,,2023-11-22 12:42:10.689,,,,-1,0,0,,,,0.0,,0.0,d16611d7-e205-4c9d-8b9b-8e68b530c312.extra_data.json,igS3aXmJXA,0,com.sec.android.app.shealth,0,-1,d16611d7-e205-4c9d-8b9b-8e68b530c312,1700092800000,
,,,,0,,0,90,0,,2023-11-22 12:42:10.753,,2023-11-22 12:42:10.753,,,,-1,0,0,,,,0.0,,0.0,d6662bbb-93c4-4208-a080-dd283fba18cb.extra_data.json,igS3aXmJXA,0,com.sec.android.app.shealth,0,-1,d6662bbb-93c4-4208-a080-dd283fba18cb,1700179200000,
,,,,0,,0,90,0,,2023-11-22 12:42:10.804,,2023-11-22 12:42:10.804,,,,-1,0,0,,,,0.0,,0.0,b6df3654-f997-4da2-9c61-783bd0e59239.extra_data.json,igS3aXmJXA,0,com.sec.android.app.shealth,0,-1,b6df3654-f997-4da2-9c61-783bd0e59239,1700265600000,
,,,,0,,0,90,0,,2023-11-22 12:42:10.856,,2023-11-22 12:42:10.856,,,,-1,0,0,,,,0.0,,0.0,c7d99323-d7c8-433b-bf00-753bc313d0d9.extra_data.json,igS3aXmJXA,0,com.sec.android.app.shealth,0,-1,c7d99323-d7c8-433b-bf00-753bc313d0d9,1700352000000,
,,,,0,,0,90,0,,2023-11-22 12:42:10.913,,2023-11-22 12:42:10.913,,,,-1,0,0,,,,0.0,,0.0,3173b262-eb19-4d3d-82c0-797abf3d79ce.extra_data.json,igS3aXmJXA,0,com.sec.android.app.shealth,0,-1,3173b262-eb19-4d3d-82c0-797abf3d79ce,1700438400000,
,,,,0,,0,90,0,,2023-11-22 12:42:10.955,,2023-11-22 12:42:10.955,,,,-1,0,0,,,,0.0,,0.0,329cec88-b69d-4a13-92e9-816c4efc132c.extra_data.json,igS3aXmJXA,0,com.sec.android.app.shealth,0,-1,329cec88-b69d-4a13-92e9-816c4efc132c,1700524800000,
,,,,6515,,4328762,90,0,,2023-11-24 13:20:22.583,,2023-11-22 20:59:04.058,,,,-1,60000,78,,,,4611.1597,,210.29991,e6f3a4e6-b49d-4410-aa66-f57c6e73124a.extra_data.json,igS3aXmJXA,16000,com.sec.android.app.shealth,4312762,14939999,e6f3a4e6-b49d-4410-aa66-f57c6e73124a,1700697600000,
,,,,12788,,9337608,90,0,,2023-11-24 21:00:22.350,,2023-11-23 20:44:33.266,,,,-1,1938783,172,,,,9015.793,,537.1826,e64d8a02-6f9f-4c20-9fd1-1f6437ea08d6.extra_data.json,igS3aXmJXA,12800,com.sec.android.app.shealth,9324808,13440000,e64d8a02-6f9f-4c20-9fd1-1f6437ea08d6,1700784000000,
,,,,13336,,8779441,90,0,,2023-11-25 20:55:10.496,,2023-11-24 17:35:48.395,,,,-1,1210064,162,,,,9531.67,,488.40335,ede98654-bc0f-4624-ad4a-b6295dd20a9b.extra_data.json,igS3aXmJXA,11200,com.sec.android.app.shealth,8768241,14340000,ede98654-bc0f-4624-ad4a-b6295dd20a9b,1700870400000,
,,,,8668,,5696227,90,0,,2023-11-26 19:41:29.056,,2023-11-25 17:36:09.214,,,,-1,180000,104,,,,6131.796,,280.3266,026c68fc-a27e-4b17-99f4-cb4aa69802a6.extra_data.json,igS3aXmJXA,51088,com.sec.android.app.shealth,5645139,13619999,026c68fc-a27e-4b17-99f4-cb4aa69802a6,1700956800000,
,,,,9481,,6456349,90,0,,2023-11-27 14:31:08.405,,2023-11-26 17:06:45.634,,,,-1,887507,117,,,,6743.339,,340.0485,45e62f81-2814-4c88-aa3d-842b3de2d8f7.extra_data.json,igS3aXmJXA,53760,com.sec.android.app.shealth,6402589,9540000,45e62f81-2814-4c88-aa3d-842b3de2d8f7,1701043200000,
,,,,5824,,3678911,90,0,,2023-12-01 13:01:05.394,,2023-11-27 17:21:32.566,,,,-1,300000,67,,,,4212.0815,,185.13045,bac4d674-713d-4d28-9dd4-7cde1eac3067.extra_data.json,igS3aXmJXA,14553,com.sec.android.app.shealth,3664358,18479999,bac4d674-713d-4d28-9dd4-7cde1eac3067,1701129600000,
,,,,2777,,1740733,90,0,,2023-11-29 18:04:13.297,,2023-11-28 20:08:43.558,,,,-1,240000,31,,,,2055.74,,85.53,d4cbf4f1-c9f8-42a3-8a63-5289ab1ba36d.extra_data.json,igS3aXmJXA,800,com.sec.android.app.shealth,1739933,23759999,d4cbf4f1-c9f8-42a3-8a63-5289ab1ba36d,1701216000000,
,,,,3690,,2387207,90,0,,2023-12-01 13:01:05.483,,2023-11-29 18:04:13.128,,,,-1,300000,43,,,,2660.4854,,113.671555,de6f6450-7691-4b9f-bcc1-9de5938e6a03.extra_data.json,igS3aXmJXA,3600,com.sec.android.app.shealth,2383607,19620000,de6f6450-7691-4b9f-bcc1-9de5938e6a03,1701302400000,
,,,,5633,,3553546,90,0,,2023-12-01 13:01:05.536,,2023-11-30 17:54:24.103,,,,-1,300000,65,,,,4089.9006,,176.57002,672e53ff-32f7-4469-a0d5-c47c97efe6a9.extra_data.json,igS3aXmJXA,400,com.sec.android.app.shealth,3553146,18900000,672e53ff-32f7-4469-a0d5-c47c97efe6a9,1701388800000,
