﻿com.samsung.shealth.tracker.oxygen_saturation,6250075,3
source,tag_id,com.samsung.health.oxygen_saturation.create_sh_ver,com.samsung.health.oxygen_saturation.start_time,com.samsung.health.oxygen_saturation.custom,com.samsung.health.oxygen_saturation.modify_sh_ver,com.samsung.health.oxygen_saturation.update_time,com.samsung.health.oxygen_saturation.create_time,com.samsung.health.oxygen_saturation.low_duration,com.samsung.health.oxygen_saturation.binning,com.samsung.health.oxygen_saturation.max,com.samsung.health.oxygen_saturation.min,com.samsung.health.oxygen_saturation.spo2,com.samsung.health.oxygen_saturation.time_offset,com.samsung.health.oxygen_saturation.deviceuuid,com.samsung.health.oxygen_saturation.comment,com.samsung.health.oxygen_saturation.pkg_name,com.samsung.health.oxygen_saturation.end_time,com.samsung.health.oxygen_saturation.datauuid,com.samsung.health.oxygen_saturation.heart_rate
,31000,,2023-11-22 13:01:29.184,,,2023-11-22 13:01:29.189,2023-11-22 13:01:29.189,,,,,98.0,UTC+0700,BqtdylYVey,,com.sec.android.app.shealth,2023-11-22 13:01:29.184,2e1efa57-ecf2-4f56-b523-e14afe847b21,68.0,
,31301,,2023-11-22 13:34:00.000,,,2023-11-24 13:20:22.543,2023-11-22 21:12:40.516,10,f146a27c-fb7b-4cbc-9d01-0621926006b3.com.samsung.health.oxygen_saturation.binning.json,97.0,88.0,93.0,UTC+0700,BqtdylYVey,,com.sec.android.app.shealth,2023-11-22 21:01:00.000,f146a27c-fb7b-4cbc-9d01-0621926006b3,,
,31301,,2023-11-23 12:56:00.000,,,2023-11-25 20:55:12.389,2023-11-23 20:56:52.353,113,2b01e5a9-21dd-4133-b269-4fc3bfcbeaa7.com.samsung.health.oxygen_saturation.binning.json,99.0,84.0,94.0,UTC+0700,BqtdylYVey,,com.sec.android.app.shealth,2023-11-23 20:36:00.000,2b01e5a9-21dd-4133-b269-4fc3bfcbeaa7,,
,31301,,2023-11-24 13:35:00.000,,,2023-11-26 19:41:30.360,2023-11-24 21:00:22.999,513,e0ed343a-3987-4de0-b525-9fab9d8a27ed.com.samsung.health.oxygen_saturation.binning.json,99.0,84.0,94.0,UTC+0700,BqtdylYVey,,com.sec.android.app.shealth,2023-11-24 20:44:00.000,e0ed343a-3987-4de0-b525-9fab9d8a27ed,,
,31301,,2023-11-25 14:07:00.000,,,2023-11-26 19:41:30.390,2023-11-25 20:55:10.877,182,3f55a2f8-adc5-45dc-8a94-d87aad7ad656.com.samsung.health.oxygen_saturation.binning.json,99.0,83.0,94.0,UTC+0700,BqtdylYVey,,com.sec.android.app.shealth,2023-11-25 20:26:00.000,3f55a2f8-adc5-45dc-8a94-d87aad7ad656,,
,31301,,2023-11-26 13:34:00.000,,,2023-11-26 19:41:28.332,2023-11-26 19:41:28.332,14,237ec32e-4a36-47d1-86d7-60696765b9e8.com.samsung.health.oxygen_saturation.binning.json,99.0,89.0,94.0,UTC+0700,BqtdylYVey,,com.sec.android.app.shealth,2023-11-26 19:37:00.000,237ec32e-4a36-47d1-86d7-60696765b9e8,,
,31301,,2023-11-27 07:12:00.000,,,2023-11-27 19:48:14.787,2023-11-27 08:44:23.156,0,dba7df55-6c12-4fdc-b16b-57f8732cc64d.com.samsung.health.oxygen_saturation.binning.json,98.0,92.0,95.0,UTC+0700,BqtdylYVey,,com.sec.android.app.shealth,2023-11-27 08:20:00.000,dba7df55-6c12-4fdc-b16b-57f8732cc64d,,
,31301,,2023-11-27 15:02:00.000,,,2023-11-27 19:48:12.270,2023-11-27 19:48:12.270,118,d2673eed-bb4c-4c75-9dc5-860ea2041eea.com.samsung.health.oxygen_saturation.binning.json,100.0,88.0,95.0,UTC+0700,BqtdylYVey,,com.sec.android.app.shealth,2023-11-27 19:44:00.000,d2673eed-bb4c-4c75-9dc5-860ea2041eea,,
