﻿com.samsung.shealth.tracker.heart_rate,6250075,3
source,tag_id,com.samsung.health.heart_rate.create_sh_ver,com.samsung.health.heart_rate.heart_beat_count,com.samsung.health.heart_rate.start_time,com.samsung.health.heart_rate.custom,com.samsung.health.heart_rate.binning_data,com.samsung.health.heart_rate.modify_sh_ver,com.samsung.health.heart_rate.update_time,com.samsung.health.heart_rate.create_time,com.samsung.health.heart_rate.max,com.samsung.health.heart_rate.min,com.samsung.health.heart_rate.time_offset,com.samsung.health.heart_rate.deviceuuid,com.samsung.health.heart_rate.comment,com.samsung.health.heart_rate.pkg_name,com.samsung.health.heart_rate.end_time,com.samsung.health.heart_rate.datauuid,com.samsung.health.heart_rate.heart_rate
,21313,,1,2023-11-22 12:00:00.000,,da5e8d64-707c-4801-87fb-b767bba4eaa8.com.samsung.health.heart_rate.binning_data.json,,2023-11-22 13:01:01.336,2023-11-22 12:56:13.123,81.0,67.0,UTC+0700,BqtdylYVey,,com.sec.android.app.shealth,2023-11-22 12:59:59.999,da5e8d64-707c-4801-87fb-b767bba4eaa8,74.0,
,21313,,1,2023-11-22 13:00:00.000,,dec923d8-2453-459f-a222-becbc813e0ea.com.samsung.health.heart_rate.binning_data.json,,2023-11-22 14:02:19.663,2023-11-22 13:01:01.439,85.0,54.0,UTC+0700,BqtdylYVey,,com.sec.android.app.shealth,2023-11-22 13:59:59.999,dec923d8-2453-459f-a222-becbc813e0ea,65.0,
,21313,,1,2023-11-22 14:00:00.000,,1ef09984-7fd1-438e-8f53-c791a1379d9c.com.samsung.health.heart_rate.binning_data.json,,2023-11-22 15:02:28.852,2023-11-22 14:02:19.942,66.0,51.0,UTC+0700,BqtdylYVey,,com.sec.android.app.shealth,2023-11-22 14:59:59.999,1ef09984-7fd1-438e-8f53-c791a1379d9c,55.0,
,21313,,1,2023-11-22 15:00:00.000,,4d17e674-4517-4f23-8bd3-6b8c14a7f212.com.samsung.health.heart_rate.binning_data.json,,2023-11-22 16:02:27.665,2023-11-22 15:02:29.670,63.0,49.0,UTC+0700,BqtdylYVey,,com.sec.android.app.shealth,2023-11-22 15:59:59.999,4d17e674-4517-4f23-8bd3-6b8c14a7f212,55.0,
,21313,,1,2023-11-22 16:00:00.000,,f459b563-7f7c-40e6-adbd-92f9bc3ab094.com.samsung.health.heart_rate.binning_data.json,,2023-11-22 17:09:28.755,2023-11-22 16:02:27.940,62.0,49.0,UTC+0700,BqtdylYVey,,com.sec.android.app.shealth,2023-11-22 16:59:59.999,f459b563-7f7c-40e6-adbd-92f9bc3ab094,54.0,
,21313,,1,2023-11-22 17:00:00.000,,f0f60e6e-4542-42df-b4d1-5bb6d6c20683.com.samsung.health.heart_rate.binning_data.json,,2023-11-22 18:05:08.883,2023-11-22 17:09:28.908,67.0,50.0,UTC+0700,BqtdylYVey,,com.sec.android.app.shealth,2023-11-22 17:59:59.999,f0f60e6e-4542-42df-b4d1-5bb6d6c20683,55.0,
,21313,,1,2023-11-22 18:00:00.000,,f3e05035-91dc-43ed-bb00-d42e8a640fa0.com.samsung.health.heart_rate.binning_data.json,,2023-11-22 19:03:56.019,2023-11-22 18:05:09.237,78.0,52.0,UTC+0700,BqtdylYVey,,com.sec.android.app.shealth,2023-11-22 18:59:59.999,f3e05035-91dc-43ed-bb00-d42e8a640fa0,55.0,
,21313,,1,2023-11-22 19:00:00.000,,1869225b-69dd-4ce3-8ae2-51163be6e207.com.samsung.health.heart_rate.binning_data.json,,2023-11-22 20:02:34.038,2023-11-22 19:03:56.305,71.0,53.0,UTC+0700,BqtdylYVey,,com.sec.android.app.shealth,2023-11-22 19:59:59.999,1869225b-69dd-4ce3-8ae2-51163be6e207,57.0,
,21313,,1,2023-11-22 20:00:00.000,,9ae117ff-44ed-4a0e-852e-22afeeacc88e.com.samsung.health.heart_rate.binning_data.json,,2023-11-22 21:03:06.876,2023-11-22 20:02:34.305,60.0,54.0,UTC+0700,BqtdylYVey,,com.sec.android.app.shealth,2023-11-22 20:59:59.999,9ae117ff-44ed-4a0e-852e-22afeeacc88e,56.0,
,21313,,1,2023-11-22 21:00:00.000,,9da4c754-835d-4b5c-9c68-49061e7768f5.com.samsung.health.heart_rate.binning_data.json,,2023-11-22 22:01:25.759,2023-11-22 21:03:07.221,98.0,55.0,UTC+0700,BqtdylYVey,,com.sec.android.app.shealth,2023-11-22 21:59:59.999,9da4c754-835d-4b5c-9c68-49061e7768f5,75.0,
,21313,,1,2023-11-22 22:00:00.000,,d7c83986-cb87-4b45-8fa7-9fc860800a1f.com.samsung.health.heart_rate.binning_data.json,,2023-11-23 00:09:08.674,2023-11-22 22:01:25.889,113.0,72.0,UTC+0700,BqtdylYVey,,com.sec.android.app.shealth,2023-11-22 22:59:59.999,d7c83986-cb87-4b45-8fa7-9fc860800a1f,84.0,
,21313,,1,2023-11-23 00:00:00.000,,c201d8a4-d02c-4e00-94db-0a30935197e6.com.samsung.health.heart_rate.binning_data.json,,2023-11-23 01:00:06.443,2023-11-23 00:09:08.995,106.0,71.0,UTC+0700,BqtdylYVey,,com.sec.android.app.shealth,2023-11-23 00:59:59.999,c201d8a4-d02c-4e00-94db-0a30935197e6,83.0,
,21313,,1,2023-11-23 01:00:00.000,,3539723f-13bb-4d43-b3b1-9c52030415ca.com.samsung.health.heart_rate.binning_data.json,,2023-11-23 02:02:11.583,2023-11-23 01:29:21.347,108.0,72.0,UTC+0700,BqtdylYVey,,com.sec.android.app.shealth,2023-11-23 01:59:59.999,3539723f-13bb-4d43-b3b1-9c52030415ca,83.0,
,21313,,1,2023-11-23 02:00:00.000,,06f76e2d-7844-41b1-98a2-caee8d389fa2.com.samsung.health.heart_rate.binning_data.json,,2023-11-23 03:02:25.473,2023-11-23 02:02:16.142,99.0,69.0,UTC+0700,BqtdylYVey,,com.sec.android.app.shealth,2023-11-23 02:59:59.999,06f76e2d-7844-41b1-98a2-caee8d389fa2,81.0,
,21313,,1,2023-11-23 03:00:00.000,,ffc3054a-5971-467e-88c0-63551ed4c68e.com.samsung.health.heart_rate.binning_data.json,,2023-11-23 04:01:04.034,2023-11-23 03:03:42.357,97.0,63.0,UTC+0700,BqtdylYVey,,com.sec.android.app.shealth,2023-11-23 03:59:59.999,ffc3054a-5971-467e-88c0-63551ed4c68e,71.0,
,21313,,1,2023-11-23 04:00:00.000,,4b979c28-a7c7-40e8-acd6-e365dbdfa954.com.samsung.health.heart_rate.binning_data.json,,2023-11-23 05:10:15.143,2023-11-23 04:01:04.193,99.0,58.0,UTC+0700,BqtdylYVey,,com.sec.android.app.shealth,2023-11-23 04:59:59.999,4b979c28-a7c7-40e8-acd6-e365dbdfa954,71.0,
,21313,,1,2023-11-23 05:00:00.000,,94b3a299-d04c-4a0c-8cbe-cce1f7ff962e.com.samsung.health.heart_rate.binning_data.json,,2023-11-23 06:01:00.224,2023-11-23 05:10:15.376,88.0,60.0,UTC+0700,BqtdylYVey,,com.sec.android.app.shealth,2023-11-23 05:59:59.999,94b3a299-d04c-4a0c-8cbe-cce1f7ff962e,71.0,
,21313,,1,2023-11-23 06:00:00.000,,36cd8a16-5448-4c49-9b2c-fd2a4588104a.com.samsung.health.heart_rate.binning_data.json,,2023-11-23 07:02:30.664,2023-11-23 06:01:00.316,87.0,61.0,UTC+0700,BqtdylYVey,,com.sec.android.app.shealth,2023-11-23 06:59:59.999,36cd8a16-5448-4c49-9b2c-fd2a4588104a,68.0,
,21313,,1,2023-11-23 07:00:00.000,,4406dae1-efbd-4a36-9121-c6bab79a3b45.com.samsung.health.heart_rate.binning_data.json,,2023-11-23 08:02:30.663,2023-11-23 07:02:30.797,92.0,57.0,UTC+0700,BqtdylYVey,,com.sec.android.app.shealth,2023-11-23 07:59:59.999,4406dae1-efbd-4a36-9121-c6bab79a3b45,67.0,
,21313,,1,2023-11-23 08:00:00.000,,d9e14fd6-f007-463f-a262-90ef19d9bd9b.com.samsung.health.heart_rate.binning_data.json,,2023-11-23 08:02:30.818,2023-11-23 08:02:30.818,74.0,63.0,UTC+0700,BqtdylYVey,,com.sec.android.app.shealth,2023-11-23 08:02:30.790,d9e14fd6-f007-463f-a262-90ef19d9bd9b,66.0,
,21313,,1,2023-11-23 08:00:00.000,,0c3cf63e-04b4-403b-9472-745f95516957.com.samsung.health.heart_rate.binning_data.json,,2023-11-23 09:01:11.878,2023-11-23 06:30:57.597,102.0,56.0,UTC+0700,BqtdylYVey,,com.sec.android.app.shealth,2023-11-23 08:59:59.999,0c3cf63e-04b4-403b-9472-745f95516957,65.0,
,21313,,1,2023-11-23 09:00:00.000,,74b1bc6f-7cca-49a1-9f1e-4040fd59dfd6.com.samsung.health.heart_rate.binning_data.json,,2023-11-23 10:08:13.561,2023-11-23 09:01:12.023,104.0,55.0,UTC+0700,BqtdylYVey,,com.sec.android.app.shealth,2023-11-23 09:59:59.999,74b1bc6f-7cca-49a1-9f1e-4040fd59dfd6,73.0,
,21313,,1,2023-11-23 10:00:00.000,,72b7a127-2de7-400e-b929-2b863ad8f16b.com.samsung.health.heart_rate.binning_data.json,,2023-11-23 11:01:51.963,2023-11-23 10:08:13.827,96.0,65.0,UTC+0700,BqtdylYVey,,com.sec.android.app.shealth,2023-11-23 10:59:59.999,72b7a127-2de7-400e-b929-2b863ad8f16b,77.0,
,21313,,1,2023-11-23 11:00:00.000,,4e2867cf-63cd-4d24-aa25-68cd04b9c5fd.com.samsung.health.heart_rate.binning_data.json,,2023-11-23 11:01:52.309,2023-11-23 11:01:52.309,71.0,66.0,UTC+0700,BqtdylYVey,,com.sec.android.app.shealth,2023-11-23 11:01:52.281,4e2867cf-63cd-4d24-aa25-68cd04b9c5fd,68.0,
,21313,,1,2023-11-23 11:00:00.000,,47799af2-b536-4ac7-aa05-e830e1c2c274.com.samsung.health.heart_rate.binning_data.json,,2023-11-23 12:10:40.786,2023-11-23 09:22:57.048,90.0,56.0,UTC+0700,BqtdylYVey,,com.sec.android.app.shealth,2023-11-23 11:59:59.999,47799af2-b536-4ac7-aa05-e830e1c2c274,66.0,
,21316,,1,2023-11-23 11:14:43.358,,,,2023-11-23 12:22:15.444,2023-11-23 11:30:54.388,,,UTC+0700,BqtdylYVey,,com.sec.android.app.shealth,2023-11-23 11:14:43.358,33884f65-3ade-423d-9f85-5b34f80cf40c,59.0,
,21313,,1,2023-11-23 12:00:00.000,,4bd8ee2a-534f-4608-94fc-b4e795934969.com.samsung.health.heart_rate.binning_data.json,,2023-11-23 13:09:10.870,2023-11-23 12:10:41.240,92.0,53.0,UTC+0700,BqtdylYVey,,com.sec.android.app.shealth,2023-11-23 12:59:59.999,4bd8ee2a-534f-4608-94fc-b4e795934969,64.0,
,21313,,1,2023-11-23 13:00:00.000,,527f7069-40e5-4344-a60b-d0d3addeae40.com.samsung.health.heart_rate.binning_data.json,,2023-11-23 14:04:16.773,2023-11-23 13:09:11.156,67.0,50.0,UTC+0700,BqtdylYVey,,com.sec.android.app.shealth,2023-11-23 13:59:59.999,527f7069-40e5-4344-a60b-d0d3addeae40,53.0,
,21313,,1,2023-11-23 14:00:00.000,,2a96c420-fa12-4b90-889c-d9be4cd895ae.com.samsung.health.heart_rate.binning_data.json,,2023-11-23 15:03:35.094,2023-11-23 14:04:17.726,61.0,47.0,UTC+0700,BqtdylYVey,,com.sec.android.app.shealth,2023-11-23 14:59:59.999,2a96c420-fa12-4b90-889c-d9be4cd895ae,52.0,
,21313,,1,2023-11-23 15:00:00.000,,304daa9b-e5c5-48bf-9658-71f776cd98a5.com.samsung.health.heart_rate.binning_data.json,,2023-11-23 16:07:28.569,2023-11-23 15:03:35.438,71.0,46.0,UTC+0700,BqtdylYVey,,com.sec.android.app.shealth,2023-11-23 15:59:59.999,304daa9b-e5c5-48bf-9658-71f776cd98a5,51.0,
,21313,,1,2023-11-23 16:00:00.000,,4b76436c-0916-49fe-95ab-b9f778e1d1d4.com.samsung.health.heart_rate.binning_data.json,,2023-11-23 17:05:00.546,2023-11-23 16:07:28.967,68.0,46.0,UTC+0700,BqtdylYVey,,com.sec.android.app.shealth,2023-11-23 16:59:59.999,4b76436c-0916-49fe-95ab-b9f778e1d1d4,50.0,
,21313,,1,2023-11-23 17:00:00.000,,616be7d1-0b10-4897-bbba-743e6a182272.com.samsung.health.heart_rate.binning_data.json,,2023-11-23 18:12:54.462,2023-11-23 17:05:00.781,78.0,47.0,UTC+0700,BqtdylYVey,,com.sec.android.app.shealth,2023-11-23 17:59:59.999,616be7d1-0b10-4897-bbba-743e6a182272,52.0,
,21313,,1,2023-11-23 18:00:00.000,,8b63d275-8205-4f37-8ad8-00bd9e862392.com.samsung.health.heart_rate.binning_data.json,,2023-11-23 19:05:24.827,2023-11-23 18:12:54.940,91.0,49.0,UTC+0700,BqtdylYVey,,com.sec.android.app.shealth,2023-11-23 18:59:59.999,8b63d275-8205-4f37-8ad8-00bd9e862392,53.0,
,21313,,1,2023-11-23 19:00:00.000,,3266172d-4c1f-4c02-8f77-6e1299a91085.com.samsung.health.heart_rate.binning_data.json,,2023-11-23 20:11:16.205,2023-11-23 19:05:25.196,78.0,48.0,UTC+0700,BqtdylYVey,,com.sec.android.app.shealth,2023-11-23 19:59:59.999,3266172d-4c1f-4c02-8f77-6e1299a91085,53.0,
,21313,,1,2023-11-23 20:00:00.000,,0cf0eda7-aaed-4fa4-831e-2d3038f6eef9.com.samsung.health.heart_rate.binning_data.json,,2023-11-23 21:01:29.149,2023-11-23 20:11:16.911,84.0,51.0,UTC+0700,BqtdylYVey,,com.sec.android.app.shealth,2023-11-23 20:59:59.999,0cf0eda7-aaed-4fa4-831e-2d3038f6eef9,58.0,
,21313,,1,2023-11-23 21:00:00.000,,347b679a-7b30-471a-bd88-edbbbe3010c9.com.samsung.health.heart_rate.binning_data.json,,2023-11-23 22:02:09.054,2023-11-23 21:01:29.249,103.0,67.0,UTC+0700,BqtdylYVey,,com.sec.android.app.shealth,2023-11-23 21:59:59.999,347b679a-7b30-471a-bd88-edbbbe3010c9,82.0,
,21313,,1,2023-11-23 22:00:00.000,,d9d85f78-31a1-41ea-9795-6181c1f64c93.com.samsung.health.heart_rate.binning_data.json,,2023-11-23 23:01:03.151,2023-11-23 22:02:09.426,158.0,68.0,UTC+0700,BqtdylYVey,,com.sec.android.app.shealth,2023-11-23 22:59:59.999,d9d85f78-31a1-41ea-9795-6181c1f64c93,93.0,
,21313,,1,2023-11-23 23:00:00.000,,703b0c1c-4b00-4235-8007-cd91091ec5bd.com.samsung.health.heart_rate.binning_data.json,,2023-11-24 00:03:16.272,2023-11-23 23:01:03.450,105.0,52.0,UTC+0700,BqtdylYVey,,com.sec.android.app.shealth,2023-11-23 23:59:59.999,703b0c1c-4b00-4235-8007-cd91091ec5bd,84.0,
,21313,,1,2023-11-24 00:00:00.000,,6aac1c7e-ea68-41b1-8551-510bc8b46a26.com.samsung.health.heart_rate.binning_data.json,,2023-11-24 01:04:26.808,2023-11-24 00:03:16.671,110.0,67.0,UTC+0700,BqtdylYVey,,com.sec.android.app.shealth,2023-11-24 00:59:59.999,6aac1c7e-ea68-41b1-8551-510bc8b46a26,81.0,
,21313,,1,2023-11-24 01:00:00.000,,2e10cb9a-b6c8-40ff-a0a5-d4f4c3f4063e.com.samsung.health.heart_rate.binning_data.json,,2023-11-24 02:02:17.830,2023-11-24 01:04:27.013,108.0,71.0,UTC+0700,BqtdylYVey,,com.sec.android.app.shealth,2023-11-24 01:59:59.999,2e10cb9a-b6c8-40ff-a0a5-d4f4c3f4063e,82.0,
,21313,,1,2023-11-24 02:00:00.000,,8cab3a8c-53aa-496a-9ce8-595cba7c991f.com.samsung.health.heart_rate.binning_data.json,,2023-11-24 03:01:29.040,2023-11-24 02:02:17.925,110.0,67.0,UTC+0700,BqtdylYVey,,com.sec.android.app.shealth,2023-11-24 02:59:59.999,8cab3a8c-53aa-496a-9ce8-595cba7c991f,78.0,
,21313,,1,2023-11-24 03:00:00.000,,7f8d4ad9-5cf1-460b-aa16-154b3f184241.com.samsung.health.heart_rate.binning_data.json,,2023-11-24 04:01:01.293,2023-11-24 03:01:29.245,91.0,57.0,UTC+0700,BqtdylYVey,,com.sec.android.app.shealth,2023-11-24 03:59:59.999,7f8d4ad9-5cf1-460b-aa16-154b3f184241,69.0,
,21313,,1,2023-11-24 04:00:00.000,,19a37e28-e92c-4113-bca3-062592da58f7.com.samsung.health.heart_rate.binning_data.json,,2023-11-24 05:02:17.267,2023-11-24 04:01:01.624,96.0,60.0,UTC+0700,BqtdylYVey,,com.sec.android.app.shealth,2023-11-24 04:59:59.999,19a37e28-e92c-4113-bca3-062592da58f7,74.0,
,21313,,1,2023-11-24 05:00:00.000,,5d2c12fb-10e2-45b4-9edc-2c75eea4f8e4.com.samsung.health.heart_rate.binning_data.json,,2023-11-24 06:01:26.366,2023-11-24 05:02:17.367,94.0,62.0,UTC+0700,BqtdylYVey,,com.sec.android.app.shealth,2023-11-24 05:59:59.999,5d2c12fb-10e2-45b4-9edc-2c75eea4f8e4,72.0,
,21313,,1,2023-11-24 06:00:00.000,,ee8407ef-dac8-43a7-876c-af821a779e5c.com.samsung.health.heart_rate.binning_data.json,,2023-11-24 07:04:01.160,2023-11-24 06:03:02.564,90.0,57.0,UTC+0700,BqtdylYVey,,com.sec.android.app.shealth,2023-11-24 06:59:59.999,ee8407ef-dac8-43a7-876c-af821a779e5c,66.0,
,21313,,1,2023-11-24 07:00:00.000,,786eb486-af35-4d9d-b214-593f2486be9a.com.samsung.health.heart_rate.binning_data.json,,2023-11-24 08:01:19.335,2023-11-24 07:04:01.315,88.0,52.0,UTC+0700,BqtdylYVey,,com.sec.android.app.shealth,2023-11-24 07:59:59.999,786eb486-af35-4d9d-b214-593f2486be9a,66.0,
,21313,,1,2023-11-24 08:00:00.000,,aa3ba31c-2d3e-494d-bf01-9d4f01dabf26.com.samsung.health.heart_rate.binning_data.json,,2023-11-24 09:01:08.487,2023-11-24 08:01:19.433,94.0,53.0,UTC+0700,BqtdylYVey,,com.sec.android.app.shealth,2023-11-24 08:59:59.999,aa3ba31c-2d3e-494d-bf01-9d4f01dabf26,66.0,
,21313,,1,2023-11-24 09:00:00.000,,ecc0aa31-727d-4409-a13b-ee77144b7894.com.samsung.health.heart_rate.binning_data.json,,2023-11-24 09:01:08.600,2023-11-24 09:01:08.600,91.0,59.0,UTC+0700,BqtdylYVey,,com.sec.android.app.shealth,2023-11-24 09:01:08.576,ecc0aa31-727d-4409-a13b-ee77144b7894,68.0,
,21313,,1,2023-11-24 09:00:00.000,,8a3612b3-6e61-43b2-b56f-247320d79d36.com.samsung.health.heart_rate.binning_data.json,,2023-11-24 10:18:16.838,2023-11-24 06:35:00.261,111.0,54.0,UTC+0700,BqtdylYVey,,com.sec.android.app.shealth,2023-11-24 09:59:59.999,8a3612b3-6e61-43b2-b56f-247320d79d36,68.0,
,21313,,1,2023-11-24 10:00:00.000,,34ae44f1-7b3e-4560-960c-765ca297467b.com.samsung.health.heart_rate.binning_data.json,,2023-11-24 11:07:20.769,2023-11-24 10:18:16.966,95.0,69.0,UTC+0700,BqtdylYVey,,com.sec.android.app.shealth,2023-11-24 10:59:59.999,34ae44f1-7b3e-4560-960c-765ca297467b,78.0,
,21313,,1,2023-11-24 11:00:00.000,,df144e42-e986-4473-9cd3-1099231297aa.com.samsung.health.heart_rate.binning_data.json,,2023-11-24 12:01:04.470,2023-11-24 11:08:09.976,100.0,64.0,UTC+0700,BqtdylYVey,,com.sec.android.app.shealth,2023-11-24 11:59:59.999,df144e42-e986-4473-9cd3-1099231297aa,74.0,
,21316,,1,2023-11-24 09:39:40.249,,,,2023-11-24 12:27:51.286,2023-11-24 09:40:55.035,,,UTC+0700,BqtdylYVey,,com.sec.android.app.shealth,2023-11-24 09:39:40.249,c330f8a7-d468-4946-aded-1809e641c8a5,59.0,
,21313,,1,2023-11-24 12:00:00.000,,4fd83803-5489-4f62-88d6-49183deb093d.com.samsung.health.heart_rate.binning_data.json,,2023-11-24 13:23:43.927,2023-11-24 12:01:04.697,90.0,55.0,UTC+0700,BqtdylYVey,,com.sec.android.app.shealth,2023-11-24 12:59:59.999,4fd83803-5489-4f62-88d6-49183deb093d,64.0,
,21313,,1,2023-11-24 13:00:00.000,,aad953df-2754-47ff-b3fd-144bbe53d206.com.samsung.health.heart_rate.binning_data.json,,2023-11-24 14:14:16.247,2023-11-24 13:23:44.127,82.0,54.0,UTC+0700,BqtdylYVey,,com.sec.android.app.shealth,2023-11-24 13:59:59.999,aad953df-2754-47ff-b3fd-144bbe53d206,60.0,
,21313,,1,2023-11-24 14:00:00.000,,a27b26b8-5638-4a2c-9018-a7c11a8e598e.com.samsung.health.heart_rate.binning_data.json,,2023-11-24 15:15:00.321,2023-11-24 14:14:16.723,73.0,48.0,UTC+0700,BqtdylYVey,,com.sec.android.app.shealth,2023-11-24 14:59:59.999,a27b26b8-5638-4a2c-9018-a7c11a8e598e,56.0,
,21313,,1,2023-11-24 15:00:00.000,,563e5339-8238-4075-9572-ec496e8135a2.com.samsung.health.heart_rate.binning_data.json,,2023-11-24 16:09:30.745,2023-11-24 15:20:02.593,75.0,48.0,UTC+0700,BqtdylYVey,,com.sec.android.app.shealth,2023-11-24 15:59:59.999,563e5339-8238-4075-9572-ec496e8135a2,54.0,
,21313,,1,2023-11-24 16:00:00.000,,e21c7234-84cb-4adc-afbe-a1f7773b8af0.com.samsung.health.heart_rate.binning_data.json,,2023-11-24 17:13:39.498,2023-11-24 16:09:31.225,64.0,46.0,UTC+0700,BqtdylYVey,,com.sec.android.app.shealth,2023-11-24 16:59:59.999,e21c7234-84cb-4adc-afbe-a1f7773b8af0,51.0,
,21313,,1,2023-11-24 17:00:00.000,,44e2b178-a145-447e-b83d-46b58be78f1d.com.samsung.health.heart_rate.binning_data.json,,2023-11-24 18:06:09.351,2023-11-24 17:13:39.616,72.0,48.0,UTC+0700,BqtdylYVey,,com.sec.android.app.shealth,2023-11-24 17:59:59.999,44e2b178-a145-447e-b83d-46b58be78f1d,52.0,
,21313,,1,2023-11-24 18:00:00.000,,26bf0970-7558-40e9-b236-5b61b201c06b.com.samsung.health.heart_rate.binning_data.json,,2023-11-24 19:09:32.414,2023-11-24 18:06:09.766,68.0,47.0,UTC+0700,BqtdylYVey,,com.sec.android.app.shealth,2023-11-24 18:59:59.999,26bf0970-7558-40e9-b236-5b61b201c06b,51.0,
,21313,,1,2023-11-24 19:00:00.000,,b4ff12bf-adfe-463a-9f61-8602bfa7ac93.com.samsung.health.heart_rate.binning_data.json,,2023-11-24 20:10:16.479,2023-11-24 19:09:32.803,88.0,48.0,UTC+0700,BqtdylYVey,,com.sec.android.app.shealth,2023-11-24 19:59:59.999,b4ff12bf-adfe-463a-9f61-8602bfa7ac93,52.0,
,21313,,1,2023-11-24 20:00:00.000,,e391aa09-545c-4315-a1b9-ff2840ad1f49.com.samsung.health.heart_rate.binning_data.json,,2023-11-24 21:00:20.363,2023-11-24 20:10:16.965,95.0,50.0,UTC+0700,BqtdylYVey,,com.sec.android.app.shealth,2023-11-24 20:59:59.999,e391aa09-545c-4315-a1b9-ff2840ad1f49,55.0,
,21313,,1,2023-11-24 21:00:00.000,,bd4fe940-19cc-4fab-8b74-b289a988c80a.com.samsung.health.heart_rate.binning_data.json,,2023-11-24 22:01:33.680,2023-11-24 21:00:24.050,98.0,62.0,UTC+0700,BqtdylYVey,,com.sec.android.app.shealth,2023-11-24 21:59:59.999,bd4fe940-19cc-4fab-8b74-b289a988c80a,75.0,
,21313,,1,2023-11-24 22:00:00.000,,2f0c1e36-6606-44f9-bd52-290c010cf3aa.com.samsung.health.heart_rate.binning_data.json,,2023-11-24 23:01:47.615,2023-11-24 22:01:33.844,161.0,66.0,UTC+0700,BqtdylYVey,,com.sec.android.app.shealth,2023-11-24 22:59:59.999,2f0c1e36-6606-44f9-bd52-290c010cf3aa,97.0,
,21313,,1,2023-11-24 23:00:00.000,,5ae20267-31bd-4176-8e42-ab2ff2fb11b8.com.samsung.health.heart_rate.binning_data.json,,2023-11-25 00:02:22.859,2023-11-24 23:01:48.077,111.0,67.0,UTC+0700,BqtdylYVey,,com.sec.android.app.shealth,2023-11-24 23:59:59.999,5ae20267-31bd-4176-8e42-ab2ff2fb11b8,86.0,
,21313,,1,2023-11-25 00:00:00.000,,231f027b-bf0b-4aaf-93e9-89574287ea4d.com.samsung.health.heart_rate.binning_data.json,,2023-11-25 01:40:23.074,2023-11-25 00:02:22.964,102.0,68.0,UTC+0700,BqtdylYVey,,com.sec.android.app.shealth,2023-11-25 00:59:59.999,231f027b-bf0b-4aaf-93e9-89574287ea4d,83.0,
,21313,,1,2023-11-25 01:00:00.000,,0c10fdd2-8ce3-4e86-b806-e63be780b759.com.samsung.health.heart_rate.binning_data.json,,2023-11-25 02:05:18.074,2023-11-25 01:40:23.404,100.0,72.0,UTC+0700,BqtdylYVey,,com.sec.android.app.shealth,2023-11-25 01:59:59.999,0c10fdd2-8ce3-4e86-b806-e63be780b759,81.0,
,21313,,1,2023-11-25 02:00:00.000,,8632bab9-af31-4a85-b5eb-c5b32cfbc3e8.com.samsung.health.heart_rate.binning_data.json,,2023-11-25 03:01:00.216,2023-11-25 02:05:18.258,93.0,68.0,UTC+0700,BqtdylYVey,,com.sec.android.app.shealth,2023-11-25 02:59:59.999,8632bab9-af31-4a85-b5eb-c5b32cfbc3e8,78.0,
,21313,,1,2023-11-25 03:00:00.000,,ec55ce75-aeb2-4bba-9ec1-0be0257e59e5.com.samsung.health.heart_rate.binning_data.json,,2023-11-25 04:03:18.589,2023-11-25 03:01:00.494,111.0,65.0,UTC+0700,BqtdylYVey,,com.sec.android.app.shealth,2023-11-25 03:59:59.999,ec55ce75-aeb2-4bba-9ec1-0be0257e59e5,81.0,
,21313,,1,2023-11-25 04:00:00.000,,da264ef4-64f7-4f0e-9175-30491e2fe695.com.samsung.health.heart_rate.binning_data.json,,2023-11-25 05:01:10.509,2023-11-25 04:03:18.787,93.0,61.0,UTC+0700,BqtdylYVey,,com.sec.android.app.shealth,2023-11-25 04:59:59.999,da264ef4-64f7-4f0e-9175-30491e2fe695,73.0,
,21313,,1,2023-11-25 05:00:00.000,,aa6c7712-5ad9-4eb2-b8d6-58612e02ba2e.com.samsung.health.heart_rate.binning_data.json,,2023-11-25 06:00:57.406,2023-11-25 05:01:10.665,90.0,60.0,UTC+0700,BqtdylYVey,,com.sec.android.app.shealth,2023-11-25 05:59:59.999,aa6c7712-5ad9-4eb2-b8d6-58612e02ba2e,74.0,
,21313,,1,2023-11-25 06:00:00.000,,fad77c31-b9b3-4840-b316-3de384bb9bd1.com.samsung.health.heart_rate.binning_data.json,,2023-11-25 07:03:32.432,2023-11-25 06:00:57.774,86.0,61.0,UTC+0700,BqtdylYVey,,com.sec.android.app.shealth,2023-11-25 06:59:59.999,fad77c31-b9b3-4840-b316-3de384bb9bd1,67.0,
,21313,,1,2023-11-25 07:00:00.000,,9a45ee90-691b-4f88-a40f-d1d94951ebdb.com.samsung.health.heart_rate.binning_data.json,,2023-11-25 08:01:10.909,2023-11-25 07:03:32.810,113.0,58.0,UTC+0700,BqtdylYVey,,com.sec.android.app.shealth,2023-11-25 07:59:59.999,9a45ee90-691b-4f88-a40f-d1d94951ebdb,71.0,
,21313,,1,2023-11-25 08:00:00.000,,04ad6116-b22b-46ec-86b8-2463e01058f6.com.samsung.health.heart_rate.binning_data.json,,2023-11-25 09:01:35.480,2023-11-25 08:01:52.382,103.0,55.0,UTC+0700,BqtdylYVey,,com.sec.android.app.shealth,2023-11-25 08:59:59.999,04ad6116-b22b-46ec-86b8-2463e01058f6,69.0,
,21313,,1,2023-11-25 14:00:00.000,,7d471ae9-5c92-47dc-b9ad-57b8e42e44c7.com.samsung.health.heart_rate.binning_data.json,,2023-11-25 15:08:42.830,2023-11-25 09:26:29.077,72.0,48.0,UTC+0700,BqtdylYVey,,com.sec.android.app.shealth,2023-11-25 14:59:59.999,7d471ae9-5c92-47dc-b9ad-57b8e42e44c7,53.0,
,21313,,1,2023-11-25 09:00:00.000,,9bad54de-7ea3-4393-b012-2fbc6f10e0a5.com.samsung.health.heart_rate.binning_data.json,,2023-11-25 10:01:12.379,2023-11-25 09:01:35.957,117.0,56.0,UTC+0700,BqtdylYVey,,com.sec.android.app.shealth,2023-11-25 09:59:59.999,9bad54de-7ea3-4393-b012-2fbc6f10e0a5,73.0,
,21313,,1,2023-11-25 10:00:00.000,,23082da5-9b48-4315-a91f-0fc23a0b0971.com.samsung.health.heart_rate.binning_data.json,,2023-11-25 11:00:06.613,2023-11-25 10:01:12.589,104.0,64.0,UTC+0700,BqtdylYVey,,com.sec.android.app.shealth,2023-11-25 10:59:59.999,23082da5-9b48-4315-a91f-0fc23a0b0971,79.0,
,21313,,1,2023-11-25 11:00:00.000,,612b0215-5f9e-411c-9d18-d213b691f95f.com.samsung.health.heart_rate.binning_data.json,,2023-11-25 12:01:43.696,2023-11-25 11:52:41.715,86.0,55.0,UTC+0700,BqtdylYVey,,com.sec.android.app.shealth,2023-11-25 11:59:59.999,612b0215-5f9e-411c-9d18-d213b691f95f,66.0,
,21313,,1,2023-11-25 12:00:00.000,,baf81e11-f3a9-443c-adcb-d5391a458a58.com.samsung.health.heart_rate.binning_data.json,,2023-11-25 13:34:02.196,2023-11-25 12:01:43.792,83.0,61.0,UTC+0700,BqtdylYVey,,com.sec.android.app.shealth,2023-11-25 12:59:59.999,baf81e11-f3a9-443c-adcb-d5391a458a58,71.0,
,21313,,1,2023-11-25 13:00:00.000,,7d9a6cca-bcf7-46d3-bb33-c7ad59f4525d.com.samsung.health.heart_rate.binning_data.json,,2023-11-25 14:01:48.358,2023-11-25 13:34:02.398,89.0,51.0,UTC+0700,BqtdylYVey,,com.sec.android.app.shealth,2023-11-25 13:59:59.999,7d9a6cca-bcf7-46d3-bb33-c7ad59f4525d,61.0,
,21313,,1,2023-11-25 14:00:00.000,,dfc3fce9-4023-4e1c-85c0-94ecc6faefea.com.samsung.health.heart_rate.binning_data.json,,2023-11-25 14:01:48.486,2023-11-25 14:01:48.486,58.0,52.0,UTC+0700,BqtdylYVey,,com.sec.android.app.shealth,2023-11-25 14:01:48.458,dfc3fce9-4023-4e1c-85c0-94ecc6faefea,53.0,
,21313,,1,2023-11-25 15:00:00.000,,add887c9-0874-46e3-affc-ad3a116e6a3f.com.samsung.health.heart_rate.binning_data.json,,2023-11-25 16:13:21.546,2023-11-25 15:08:43.526,79.0,47.0,UTC+0700,BqtdylYVey,,com.sec.android.app.shealth,2023-11-25 15:59:59.999,add887c9-0874-46e3-affc-ad3a116e6a3f,52.0,
,21313,,1,2023-11-25 16:00:00.000,,87b0a40d-a618-42b5-84a5-3e9b2c5b7120.com.samsung.health.heart_rate.binning_data.json,,2023-11-25 17:12:30.858,2023-11-25 16:13:22.453,64.0,48.0,UTC+0700,BqtdylYVey,,com.sec.android.app.shealth,2023-11-25 16:59:59.999,87b0a40d-a618-42b5-84a5-3e9b2c5b7120,51.0,
,21313,,1,2023-11-25 17:00:00.000,,640debba-330e-467e-b6da-f6aed3377c94.com.samsung.health.heart_rate.binning_data.json,,2023-11-25 18:11:00.805,2023-11-25 17:12:31.103,71.0,47.0,UTC+0700,BqtdylYVey,,com.sec.android.app.shealth,2023-11-25 17:59:59.999,640debba-330e-467e-b6da-f6aed3377c94,51.0,
,21313,,1,2023-11-25 18:00:00.000,,ad31993f-9f51-419d-a03f-db13d708a046.com.samsung.health.heart_rate.binning_data.json,,2023-11-25 19:10:33.310,2023-11-25 18:11:01.170,73.0,48.0,UTC+0700,BqtdylYVey,,com.sec.android.app.shealth,2023-11-25 18:59:59.999,ad31993f-9f51-419d-a03f-db13d708a046,53.0,
,21313,,1,2023-11-25 19:00:00.000,,0a6554cd-cb87-4c53-836b-0c2fc3f8d5ae.com.samsung.health.heart_rate.binning_data.json,,2023-11-25 20:12:35.679,2023-11-25 19:10:33.626,69.0,52.0,UTC+0700,BqtdylYVey,,com.sec.android.app.shealth,2023-11-25 19:59:59.999,0a6554cd-cb87-4c53-836b-0c2fc3f8d5ae,54.0,
,21313,,1,2023-11-25 20:00:00.000,,ed1bb23f-c9d2-40c5-b57e-9e04fe7c7415.com.samsung.health.heart_rate.binning_data.json,,2023-11-25 21:01:25.266,2023-11-25 20:12:37.133,85.0,50.0,UTC+0700,BqtdylYVey,,com.sec.android.app.shealth,2023-11-25 20:59:59.999,ed1bb23f-c9d2-40c5-b57e-9e04fe7c7415,58.0,
,21313,,1,2023-11-25 21:00:00.000,,9515e04c-51d4-496a-90d2-7a95e8ece6b9.com.samsung.health.heart_rate.binning_data.json,,2023-11-25 22:01:45.243,2023-11-25 21:01:25.344,94.0,53.0,UTC+0700,BqtdylYVey,,com.sec.android.app.shealth,2023-11-25 21:59:59.999,9515e04c-51d4-496a-90d2-7a95e8ece6b9,76.0,
,21313,,1,2023-11-25 22:00:00.000,,c76bfd9b-e7d7-432d-9578-68a88e24e465.com.samsung.health.heart_rate.binning_data.json,,2023-11-25 23:07:13.598,2023-11-25 22:01:45.347,159.0,67.0,UTC+0700,BqtdylYVey,,com.sec.android.app.shealth,2023-11-25 22:59:59.999,c76bfd9b-e7d7-432d-9578-68a88e24e465,83.0,
,21313,,1,2023-11-25 23:00:00.000,,3de32247-95cb-44b5-b3ef-7edaec24f9b2.com.samsung.health.heart_rate.binning_data.json,,2023-11-26 00:04:01.564,2023-11-25 23:07:13.877,125.0,54.0,UTC+0700,BqtdylYVey,,com.sec.android.app.shealth,2023-11-25 23:59:59.999,3de32247-95cb-44b5-b3ef-7edaec24f9b2,75.0,
,21313,,1,2023-11-26 00:00:00.000,,7c47b79c-5014-4ed3-ad33-fa587c6f70db.com.samsung.health.heart_rate.binning_data.json,,2023-11-26 01:43:31.226,2023-11-26 00:05:03.246,71.0,55.0,UTC+0700,BqtdylYVey,,com.sec.android.app.shealth,2023-11-26 00:59:59.999,7c47b79c-5014-4ed3-ad33-fa587c6f70db,65.0,
,21313,,1,2023-11-26 01:00:00.000,,4ef6c31d-603c-4289-b8d2-ce0973880a7b.com.samsung.health.heart_rate.binning_data.json,,2023-11-26 02:02:39.193,2023-11-26 01:43:31.382,100.0,73.0,UTC+0700,BqtdylYVey,,com.sec.android.app.shealth,2023-11-26 01:59:59.999,4ef6c31d-603c-4289-b8d2-ce0973880a7b,84.0,
,21313,,1,2023-11-26 02:00:00.000,,1c28ed20-00c8-43f4-8bf9-9f1643708c4e.com.samsung.health.heart_rate.binning_data.json,,2023-11-26 03:01:00.991,2023-11-26 02:02:39.329,108.0,64.0,UTC+0700,BqtdylYVey,,com.sec.android.app.shealth,2023-11-26 02:59:59.999,1c28ed20-00c8-43f4-8bf9-9f1643708c4e,76.0,
,21313,,1,2023-11-26 03:00:00.000,,be3e4336-38d4-49e2-8db5-4198e8222f29.com.samsung.health.heart_rate.binning_data.json,,2023-11-26 04:02:11.418,2023-11-26 03:01:01.352,90.0,59.0,UTC+0700,BqtdylYVey,,com.sec.android.app.shealth,2023-11-26 03:59:59.999,be3e4336-38d4-49e2-8db5-4198e8222f29,71.0,
,21316,,1,2023-11-25 23:54:00.556,,,,2023-11-26 13:04:37.812,2023-11-26 04:34:14.895,,,UTC+0700,BqtdylYVey,,com.sec.android.app.shealth,2023-11-25 23:54:00.556,5cc63c96-3479-453d-986c-14b1e4954085,59.0,
,21313,,1,2023-11-26 04:00:00.000,,1781a6db-ef36-4727-b166-4e5fa3d71460.com.samsung.health.heart_rate.binning_data.json,,2023-11-26 05:01:06.720,2023-11-26 04:02:26.640,91.0,62.0,UTC+0700,BqtdylYVey,,com.sec.android.app.shealth,2023-11-26 04:59:59.999,1781a6db-ef36-4727-b166-4e5fa3d71460,71.0,
,21313,,1,2023-11-26 05:00:00.000,,a9b440d6-26c3-46a4-9fd4-7d1373693e47.com.samsung.health.heart_rate.binning_data.json,,2023-11-26 06:01:13.417,2023-11-26 05:01:06.935,93.0,60.0,UTC+0700,BqtdylYVey,,com.sec.android.app.shealth,2023-11-26 05:59:59.999,a9b440d6-26c3-46a4-9fd4-7d1373693e47,68.0,
,21313,,1,2023-11-26 06:00:00.000,,e7fb2158-6a39-41aa-b604-ba0a8dd6dafd.com.samsung.health.heart_rate.binning_data.json,,2023-11-26 07:01:29.926,2023-11-26 06:01:13.579,83.0,60.0,UTC+0700,BqtdylYVey,,com.sec.android.app.shealth,2023-11-26 06:59:59.999,e7fb2158-6a39-41aa-b604-ba0a8dd6dafd,68.0,
,21313,,1,2023-11-26 07:00:00.000,,5a188a5a-6f0c-4745-ae7f-d44c5db557d8.com.samsung.health.heart_rate.binning_data.json,,2023-11-26 08:01:33.866,2023-11-26 07:01:30.313,87.0,56.0,UTC+0700,BqtdylYVey,,com.sec.android.app.shealth,2023-11-26 07:59:59.999,5a188a5a-6f0c-4745-ae7f-d44c5db557d8,66.0,
,21313,,1,2023-11-26 08:00:00.000,,b7f8b241-7a19-45f9-b375-9bd909b71b4a.com.samsung.health.heart_rate.binning_data.json,,2023-11-26 09:01:42.398,2023-11-26 08:01:34.002,99.0,54.0,UTC+0700,BqtdylYVey,,com.sec.android.app.shealth,2023-11-26 08:59:59.999,b7f8b241-7a19-45f9-b375-9bd909b71b4a,67.0,
,21313,,1,2023-11-26 09:00:00.000,,2714c2eb-6d06-46c7-ac2a-55c0f4ee07c1.com.samsung.health.heart_rate.binning_data.json,,2023-11-26 10:04:58.047,2023-11-26 09:01:42.609,105.0,55.0,UTC+0700,BqtdylYVey,,com.sec.android.app.shealth,2023-11-26 09:59:59.999,2714c2eb-6d06-46c7-ac2a-55c0f4ee07c1,73.0,
,21313,,1,2023-11-26 10:00:00.000,,84d392ae-9b4f-4300-82c5-22769d863caf.com.samsung.health.heart_rate.binning_data.json,,2023-11-26 11:01:04.622,2023-11-26 10:04:58.514,94.0,67.0,UTC+0700,BqtdylYVey,,com.sec.android.app.shealth,2023-11-26 10:59:59.999,84d392ae-9b4f-4300-82c5-22769d863caf,79.0,
,21313,,1,2023-11-26 11:00:00.000,,1e667fd6-8a22-4ba1-9555-70390eafed49.com.samsung.health.heart_rate.binning_data.json,,2023-11-26 12:01:27.388,2023-11-26 11:01:04.758,104.0,62.0,UTC+0700,BqtdylYVey,,com.sec.android.app.shealth,2023-11-26 11:59:59.999,1e667fd6-8a22-4ba1-9555-70390eafed49,73.0,
,21313,,1,2023-11-26 12:00:00.000,,264a6ebc-db52-4048-818a-8a21ee04c278.com.samsung.health.heart_rate.binning_data.json,,2023-11-26 13:01:59.601,2023-11-26 12:01:27.618,95.0,60.0,UTC+0700,BqtdylYVey,,com.sec.android.app.shealth,2023-11-26 12:59:59.999,264a6ebc-db52-4048-818a-8a21ee04c278,70.0,
,21313,,1,2023-11-26 13:00:00.000,,2de07cc4-72d0-447a-b577-6fc0c357fcb6.com.samsung.health.heart_rate.binning_data.json,,2023-11-26 14:15:00.048,2023-11-26 13:01:59.911,93.0,51.0,UTC+0700,BqtdylYVey,,com.sec.android.app.shealth,2023-11-26 13:59:59.999,2de07cc4-72d0-447a-b577-6fc0c357fcb6,61.0,
,21313,,1,2023-11-26 14:00:00.000,,3d24069b-2675-4cee-a8b2-ce909056fc9f.com.samsung.health.heart_rate.binning_data.json,,2023-11-26 15:06:15.385,2023-11-26 14:17:31.582,65.0,48.0,UTC+0700,BqtdylYVey,,com.sec.android.app.shealth,2023-11-26 14:59:59.999,3d24069b-2675-4cee-a8b2-ce909056fc9f,54.0,
,21313,,1,2023-11-26 15:00:00.000,,a76f2c2a-f9df-4e6f-a4f5-e34e58be7235.com.samsung.health.heart_rate.binning_data.json,,2023-11-26 16:11:10.740,2023-11-26 15:06:15.767,68.0,48.0,UTC+0700,BqtdylYVey,,com.sec.android.app.shealth,2023-11-26 15:59:59.999,a76f2c2a-f9df-4e6f-a4f5-e34e58be7235,52.0,
,21313,,1,2023-11-26 16:00:00.000,,b89a339c-b037-46f0-bf93-0067120bf8d4.com.samsung.health.heart_rate.binning_data.json,,2023-11-26 17:03:39.691,2023-11-26 16:15:22.567,71.0,46.0,UTC+0700,BqtdylYVey,,com.sec.android.app.shealth,2023-11-26 16:59:59.999,b89a339c-b037-46f0-bf93-0067120bf8d4,51.0,
,21313,,1,2023-11-26 17:00:00.000,,62ebb047-3eb1-4445-895d-a7c84bfb0013.com.samsung.health.heart_rate.binning_data.json,,2023-11-26 18:12:02.682,2023-11-26 17:03:39.887,69.0,46.0,UTC+0700,BqtdylYVey,,com.sec.android.app.shealth,2023-11-26 17:59:59.999,62ebb047-3eb1-4445-895d-a7c84bfb0013,51.0,
,21313,,1,2023-11-26 18:00:00.000,,b86af8dd-2b92-419c-a938-0ff2db33df78.com.samsung.health.heart_rate.binning_data.json,,2023-11-26 19:15:00.039,2023-11-26 18:12:03.230,71.0,46.0,UTC+0700,BqtdylYVey,,com.sec.android.app.shealth,2023-11-26 18:59:59.999,b86af8dd-2b92-419c-a938-0ff2db33df78,50.0,
,21313,,1,2023-11-26 19:00:00.000,,a6ac0cbc-afbc-4a4f-94cd-be9cdd31154f.com.samsung.health.heart_rate.binning_data.json,,2023-11-26 20:02:59.911,2023-11-26 19:17:14.477,79.0,48.0,UTC+0700,BqtdylYVey,,com.sec.android.app.shealth,2023-11-26 19:59:59.999,a6ac0cbc-afbc-4a4f-94cd-be9cdd31154f,53.0,
,21313,,1,2023-11-26 20:00:00.000,,874f423b-9cb3-4add-be07-530b1faace13.com.samsung.health.heart_rate.binning_data.json,,2023-11-26 21:03:18.790,2023-11-26 20:03:01.325,85.0,48.0,UTC+0700,BqtdylYVey,,com.sec.android.app.shealth,2023-11-26 20:59:59.999,874f423b-9cb3-4add-be07-530b1faace13,56.0,
,21313,,1,2023-11-26 21:00:00.000,,8d58b604-8bbd-46f2-a8df-44fcf7d78895.com.samsung.health.heart_rate.binning_data.json,,2023-11-26 23:30:15.146,2023-11-26 21:03:19.048,102.0,54.0,UTC+0700,BqtdylYVey,,com.sec.android.app.shealth,2023-11-26 21:59:59.999,8d58b604-8bbd-46f2-a8df-44fcf7d78895,76.0,
,21313,,1,2023-11-26 23:00:00.000,,73de23b0-be03-42b6-86d7-b16aecaf7779.com.samsung.health.heart_rate.binning_data.json,,2023-11-27 00:01:25.601,2023-11-26 23:30:15.790,109.0,72.0,UTC+0700,BqtdylYVey,,com.sec.android.app.shealth,2023-11-26 23:59:59.999,73de23b0-be03-42b6-86d7-b16aecaf7779,84.0,
,21313,,1,2023-11-27 00:00:00.000,,55556159-ad12-4553-afbc-3567adcf0820.com.samsung.health.heart_rate.binning_data.json,,2023-11-27 01:03:14.190,2023-11-27 00:01:26.416,120.0,63.0,UTC+0700,BqtdylYVey,,com.sec.android.app.shealth,2023-11-27 00:59:59.999,55556159-ad12-4553-afbc-3567adcf0820,85.0,
,21313,,1,2023-11-27 01:00:00.000,,bab92b17-1376-45bc-9a56-c6e1db9852bf.com.samsung.health.heart_rate.binning_data.json,,2023-11-27 02:04:04.232,2023-11-27 01:03:14.289,97.0,72.0,UTC+0700,BqtdylYVey,,com.sec.android.app.shealth,2023-11-27 01:59:59.999,bab92b17-1376-45bc-9a56-c6e1db9852bf,83.0,
,21313,,1,2023-11-27 02:00:00.000,,c93c597d-6dce-4e1b-b99a-3da294477404.com.samsung.health.heart_rate.binning_data.json,,2023-11-27 03:01:11.899,2023-11-27 02:04:04.542,109.0,63.0,UTC+0700,BqtdylYVey,,com.sec.android.app.shealth,2023-11-27 02:59:59.999,c93c597d-6dce-4e1b-b99a-3da294477404,79.0,
,21313,,1,2023-11-27 03:00:00.000,,ca084c5b-2260-4f08-9129-9a8f11437c86.com.samsung.health.heart_rate.binning_data.json,,2023-11-27 04:03:41.470,2023-11-27 03:01:12.394,87.0,60.0,UTC+0700,BqtdylYVey,,com.sec.android.app.shealth,2023-11-27 03:59:59.999,ca084c5b-2260-4f08-9129-9a8f11437c86,67.0,
,21313,,1,2023-11-27 04:00:00.000,,caa6a0cf-e749-4612-b8d3-1d9f0002213d.com.samsung.health.heart_rate.binning_data.json,,2023-11-27 05:04:29.298,2023-11-27 04:03:41.809,95.0,58.0,UTC+0700,BqtdylYVey,,com.sec.android.app.shealth,2023-11-27 04:59:59.999,caa6a0cf-e749-4612-b8d3-1d9f0002213d,67.0,
,21313,,1,2023-11-27 05:00:00.000,,202e729f-28e5-4d07-8111-e4225bc97bfb.com.samsung.health.heart_rate.binning_data.json,,2023-11-27 06:02:00.736,2023-11-27 05:04:29.470,84.0,56.0,UTC+0700,BqtdylYVey,,com.sec.android.app.shealth,2023-11-27 05:59:59.999,202e729f-28e5-4d07-8111-e4225bc97bfb,65.0,
,21313,,1,2023-11-27 06:00:00.000,,ee1e9df9-93e2-4cd2-b76d-470c7e2e4fa1.com.samsung.health.heart_rate.binning_data.json,,2023-11-27 07:03:11.440,2023-11-27 06:02:00.878,102.0,63.0,UTC+0700,BqtdylYVey,,com.sec.android.app.shealth,2023-11-27 06:59:59.999,ee1e9df9-93e2-4cd2-b76d-470c7e2e4fa1,80.0,
,21313,,1,2023-11-27 07:00:00.000,,c306cc3e-ba2f-423f-b476-021bce84af77.com.samsung.health.heart_rate.binning_data.json,,2023-11-27 08:07:16.068,2023-11-27 07:03:11.703,81.0,60.0,UTC+0700,BqtdylYVey,,com.sec.android.app.shealth,2023-11-27 07:59:59.999,c306cc3e-ba2f-423f-b476-021bce84af77,64.0,
,21313,,1,2023-11-27 08:00:00.000,,ecfe5c50-d051-46e7-96e7-d9134d2b0d88.com.samsung.health.heart_rate.binning_data.json,,2023-11-27 09:03:12.744,2023-11-27 08:07:16.450,113.0,58.0,UTC+0700,BqtdylYVey,,com.sec.android.app.shealth,2023-11-27 08:59:59.999,ecfe5c50-d051-46e7-96e7-d9134d2b0d88,69.0,
,21313,,1,2023-11-27 09:00:00.000,,66811665-7b54-4cc1-9b47-c7d927451235.com.samsung.health.heart_rate.binning_data.json,,2023-11-27 10:22:37.951,2023-11-27 09:03:13.258,103.0,61.0,UTC+0700,BqtdylYVey,,com.sec.android.app.shealth,2023-11-27 09:59:59.999,66811665-7b54-4cc1-9b47-c7d927451235,83.0,
,21313,,1,2023-11-27 10:00:00.000,,895f264b-7a59-482c-99c6-98e11f695b11.com.samsung.health.heart_rate.binning_data.json,,2023-11-27 11:01:33.693,2023-11-27 10:22:38.141,88.0,60.0,UTC+0700,BqtdylYVey,,com.sec.android.app.shealth,2023-11-27 10:59:59.999,895f264b-7a59-482c-99c6-98e11f695b11,75.0,
,21313,,1,2023-11-27 11:00:00.000,,a0ae5aee-7f75-48fb-8da4-94c33c552d3f.com.samsung.health.heart_rate.binning_data.json,,2023-11-27 12:01:25.577,2023-11-27 11:01:33.934,115.0,64.0,UTC+0700,BqtdylYVey,,com.sec.android.app.shealth,2023-11-27 11:59:59.999,a0ae5aee-7f75-48fb-8da4-94c33c552d3f,79.0,
,21313,,1,2023-11-27 12:00:00.000,,9f802ad5-1345-44be-a924-256a8e8eabda.com.samsung.health.heart_rate.binning_data.json,,2023-11-27 13:24:00.683,2023-11-27 12:01:25.692,95.0,59.0,UTC+0700,BqtdylYVey,,com.sec.android.app.shealth,2023-11-27 12:59:59.999,9f802ad5-1345-44be-a924-256a8e8eabda,70.0,
,21313,,1,2023-11-27 13:00:00.000,,d7663908-6904-42f6-87af-38b4a7440f24.com.samsung.health.heart_rate.binning_data.json,,2023-11-27 14:01:36.706,2023-11-27 13:24:01.377,81.0,55.0,UTC+0700,BqtdylYVey,,com.sec.android.app.shealth,2023-11-27 13:59:59.999,d7663908-6904-42f6-87af-38b4a7440f24,62.0,
,21313,,1,2023-11-27 14:00:00.000,,9f46b1f2-6673-415f-9434-ed5ef5de755a.com.samsung.health.heart_rate.binning_data.json,,2023-11-27 15:07:00.011,2023-11-27 14:01:36.846,81.0,50.0,UTC+0700,BqtdylYVey,,com.sec.android.app.shealth,2023-11-27 14:59:59.999,9f46b1f2-6673-415f-9434-ed5ef5de755a,58.0,
,21313,,1,2023-11-27 15:00:00.000,,9db96db3-61db-4b10-acbe-83f054bb7958.com.samsung.health.heart_rate.binning_data.json,,2023-11-27 16:06:59.577,2023-11-27 15:07:00.444,64.0,46.0,UTC+0700,BqtdylYVey,,com.sec.android.app.shealth,2023-11-27 15:59:59.999,9db96db3-61db-4b10-acbe-83f054bb7958,51.0,
,21313,,1,2023-11-27 16:00:00.000,,5771e144-48ee-4fe2-b84a-f0d3382d223b.com.samsung.health.heart_rate.binning_data.json,,2023-11-27 17:13:52.434,2023-11-27 16:13:07.841,66.0,46.0,UTC+0700,BqtdylYVey,,com.sec.android.app.shealth,2023-11-27 16:59:59.999,5771e144-48ee-4fe2-b84a-f0d3382d223b,51.0,
,21313,,1,2023-11-27 17:00:00.000,,32c99419-87ed-4cc9-8e5e-943244854fa3.com.samsung.health.heart_rate.binning_data.json,,2023-11-27 18:02:48.197,2023-11-27 17:13:52.627,78.0,47.0,UTC+0700,BqtdylYVey,,com.sec.android.app.shealth,2023-11-27 17:59:59.999,32c99419-87ed-4cc9-8e5e-943244854fa3,51.0,
,21313,,1,2023-11-27 18:00:00.000,,79895c3d-3b8a-4f68-88e3-fab241907ee8.com.samsung.health.heart_rate.binning_data.json,,2023-11-27 19:07:09.928,2023-11-27 18:02:48.504,76.0,46.0,UTC+0700,BqtdylYVey,,com.sec.android.app.shealth,2023-11-27 18:59:59.999,79895c3d-3b8a-4f68-88e3-fab241907ee8,50.0,
,21313,,1,2023-11-27 19:00:00.000,,478265ec-0503-448d-938a-59032d14ee4d.com.samsung.health.heart_rate.binning_data.json,,2023-11-27 20:07:08.939,2023-11-27 19:07:10.774,76.0,45.0,UTC+0700,BqtdylYVey,,com.sec.android.app.shealth,2023-11-27 19:59:59.999,478265ec-0503-448d-938a-59032d14ee4d,53.0,
,21313,,1,2023-11-27 20:00:00.000,,15a4dee0-820e-4dfe-b460-865be71f18b3.com.samsung.health.heart_rate.binning_data.json,,2023-11-27 22:18:32.371,2023-11-27 20:07:09.591,88.0,52.0,UTC+0700,BqtdylYVey,,com.sec.android.app.shealth,2023-11-27 20:59:59.999,15a4dee0-820e-4dfe-b460-865be71f18b3,60.0,
,21313,,1,2023-11-27 21:00:00.000,,4d0e8e46-72af-4929-a236-cf5be12bd5fe.com.samsung.health.heart_rate.binning_data.json,,2023-11-28 00:19:27.784,2023-11-28 00:19:27.784,86.0,86.0,UTC+0700,BqtdylYVey,,com.sec.android.app.shealth,2023-11-27 21:59:59.999,4d0e8e46-72af-4929-a236-cf5be12bd5fe,86.0,
,21313,,1,2023-11-28 00:00:00.000,,264e6920-9829-4c4b-acb2-8c056f770334.com.samsung.health.heart_rate.binning_data.json,,2023-11-28 01:04:41.926,2023-11-28 00:23:40.727,100.0,49.0,UTC+0700,BqtdylYVey,,com.sec.android.app.shealth,2023-11-28 00:59:59.999,264e6920-9829-4c4b-acb2-8c056f770334,70.0,
,21313,,1,2023-11-28 01:00:00.000,,70679ea1-46a7-4569-a884-eade3103b037.com.samsung.health.heart_rate.binning_data.json,,2023-11-28 23:49:29.940,2023-11-28 01:04:42.020,97.0,52.0,UTC+0700,BqtdylYVey,,com.sec.android.app.shealth,2023-11-28 01:59:59.999,70679ea1-46a7-4569-a884-eade3103b037,77.0,
,21313,,1,2023-11-28 08:00:00.000,,e2f10b42-76e1-48b1-abad-4225b2b06f56.com.samsung.health.heart_rate.binning_data.json,,2023-11-30 00:19:13.103,2023-11-30 00:19:13.103,86.0,86.0,UTC+0700,BqtdylYVey,,com.sec.android.app.shealth,2023-11-28 08:59:59.999,e2f10b42-76e1-48b1-abad-4225b2b06f56,86.0,
,21313,,1,2023-11-29 09:00:00.000,,606c81a9-c80b-4013-bbcb-544648e0bb68.com.samsung.health.heart_rate.binning_data.json,,2023-11-30 02:14:11.914,2023-11-30 02:14:11.914,87.0,87.0,UTC+0700,BqtdylYVey,,com.sec.android.app.shealth,2023-11-29 09:59:59.999,606c81a9-c80b-4013-bbcb-544648e0bb68,87.0,
,21313,,1,2023-11-30 01:00:00.000,,dd7f002a-b785-46af-a441-500b7fc00339.com.samsung.health.heart_rate.binning_data.json,,2023-11-30 02:14:12.298,2023-11-30 02:14:12.298,81.0,73.0,UTC+0700,BqtdylYVey,,com.sec.android.app.shealth,2023-11-30 01:59:59.999,dd7f002a-b785-46af-a441-500b7fc00339,78.0,
,21313,,1,2023-11-30 02:00:00.000,,6f6c9cc9-a288-4f1a-99ab-621114b8982f.com.samsung.health.heart_rate.binning_data.json,,2023-11-30 07:07:00.706,2023-11-30 07:07:00.706,86.0,71.0,UTC+0700,BqtdylYVey,,com.sec.android.app.shealth,2023-11-30 02:59:59.999,6f6c9cc9-a288-4f1a-99ab-621114b8982f,76.0,
,21313,,1,2023-11-30 07:00:00.000,,4bcb11f8-0b11-4ad8-ba83-ef1a48152944.com.samsung.health.heart_rate.binning_data.json,,2023-12-01 07:07:30.037,2023-11-30 07:07:00.825,88.0,63.0,UTC+0700,BqtdylYVey,,com.sec.android.app.shealth,2023-11-30 07:59:59.999,4bcb11f8-0b11-4ad8-ba83-ef1a48152944,74.0,
,21313,,1,2023-12-01 07:00:00.000,,a16c619b-18e6-40cd-865c-1185cf83b03c.com.samsung.health.heart_rate.binning_data.json,,2023-12-01 08:37:26.505,2023-12-01 07:07:30.111,90.0,52.0,UTC+0700,BqtdylYVey,,com.sec.android.app.shealth,2023-12-01 07:59:59.999,a16c619b-18e6-40cd-865c-1185cf83b03c,71.0,
,21313,,1,2023-12-01 08:00:00.000,,3a64ceec-a9d6-48e8-ad43-cacf85303b11.com.samsung.health.heart_rate.binning_data.json,,2023-12-01 10:26:34.485,2023-12-01 08:38:42.595,68.0,52.0,UTC+0700,BqtdylYVey,,com.sec.android.app.shealth,2023-12-01 08:59:59.999,3a64ceec-a9d6-48e8-ad43-cacf85303b11,59.0,
,21313,,1,2023-12-01 10:00:00.000,,2c49c710-36ea-4fa6-83cd-a89236bf3c22.com.samsung.health.heart_rate.binning_data.json,,2023-12-01 11:14:05.106,2023-12-01 10:26:34.851,92.0,55.0,UTC+0700,BqtdylYVey,,com.sec.android.app.shealth,2023-12-01 10:59:59.999,2c49c710-36ea-4fa6-83cd-a89236bf3c22,74.0,
,21313,,1,2023-12-01 11:00:00.000,,9198389e-76e7-42da-8aa7-6132e89d323f.com.samsung.health.heart_rate.binning_data.json,,2023-12-01 12:08:21.642,2023-12-01 11:14:05.244,95.0,49.0,UTC+0700,BqtdylYVey,,com.sec.android.app.shealth,2023-12-01 11:59:59.999,9198389e-76e7-42da-8aa7-6132e89d323f,74.0,
,21313,,1,2023-12-01 12:00:00.000,,45f38ef6-2792-408a-8e15-b7219c381a4e.com.samsung.health.heart_rate.binning_data.json,,2023-12-01 13:01:01.093,2023-12-01 12:08:21.792,77.0,53.0,UTC+0700,BqtdylYVey,,com.sec.android.app.shealth,2023-12-01 12:59:59.999,45f38ef6-2792-408a-8e15-b7219c381a4e,67.0,
