[{"score":100,"score_max":100,"score_min":100,"flag":1,"level":1,"start_time":1701419880000,"end_time":1701419939000},{"score":0,"score_max":0,"score_min":0,"flag":1,"level":1,"start_time":1701419820000,"end_time":1701419879000},{"score":1,"score_max":2,"score_min":0,"flag":1,"level":1,"start_time":1701419760000,"end_time":1701419819000},{"score":0,"score_max":1,"score_min":0,"flag":1,"level":1,"start_time":1701419700000,"end_time":1701419759000},{"score":0,"score_max":0,"score_min":0,"flag":1,"level":1,"start_time":1701419640000,"end_time":1701419699000}]