[{"score":17,"score_max":23,"score_min":14,"flag":1,"level":1,"start_time":1700877540000,"end_time":1700877599000},{"score":11,"score_max":19,"score_min":2,"flag":1,"level":1,"start_time":1700877420000,"end_time":1700877479000},{"score":93,"score_max":97,"score_min":87,"flag":1,"level":1,"start_time":1700877360000,"end_time":1700877419000},{"score":53,"score_max":86,"score_min":34,"flag":1,"level":1,"start_time":1700877300000,"end_time":1700877359000},{"score":40,"score_max":51,"score_min":32,"flag":1,"level":1,"start_time":1700877240000,"end_time":1700877299000},{"score":56,"score_max":67,"score_min":50,"flag":1,"level":1,"start_time":1700877180000,"end_time":1700877239000},{"score":46,"score_max":58,"score_min":34,"flag":1,"level":1,"start_time":1700877120000,"end_time":1700877179000},{"score":26,"score_max":33,"score_min":22,"flag":1,"level":1,"start_time":1700877060000,"end_time":1700877119000},{"score":21,"score_max":23,"score_min":20,"flag":1,"level":1,"start_time":1700877000000,"end_time":1700877059000},{"score":21,"score_max":24,"score_min":16,"flag":1,"level":1,"start_time":1700876940000,"end_time":1700876999000},{"score":16,"score_max":17,"score_min":16,"flag":1,"level":1,"start_time":1700876880000,"end_time":1700876939000},{"score":15,"score_max":17,"score_min":14,"flag":1,"level":1,"start_time":1700876820000,"end_time":1700876879000},{"score":8,"score_max":16,"score_min":0,"flag":1,"level":1,"start_time":1700876520000,"end_time":1700876579000},{"score":100,"score_max":100,"score_min":100,"flag":1,"level":1,"start_time":1700876460000,"end_time":1700876519000},{"score":99,"score_max":100,"score_min":99,"flag":1,"level":1,"start_time":1700876400000,"end_time":1700876459000}]