[{"score":55,"score_max":64,"score_min":40,"flag":1,"level":1,"start_time":1700863140000,"end_time":1700863199000},{"score":30,"score_max":39,"score_min":22,"flag":1,"level":1,"start_time":1700863080000,"end_time":1700863139000},{"score":7,"score_max":22,"score_min":3,"flag":1,"level":1,"start_time":1700863020000,"end_time":1700863079000},{"score":14,"score_max":21,"score_min":4,"flag":1,"level":1,"start_time":1700862960000,"end_time":1700863019000},{"score":25,"score_max":35,"score_min":18,"flag":1,"level":1,"start_time":1700862900000,"end_time":1700862959000},{"score":48,"score_max":66,"score_min":36,"flag":1,"level":1,"start_time":1700862840000,"end_time":1700862899000},{"score":74,"score_max":80,"score_min":62,"flag":1,"level":1,"start_time":1700862780000,"end_time":1700862839000},{"score":40,"score_max":61,"score_min":27,"flag":1,"level":1,"start_time":1700862720000,"end_time":1700862779000},{"score":47,"score_max":50,"score_min":42,"flag":1,"level":1,"start_time":1700862660000,"end_time":1700862719000},{"score":6,"score_max":11,"score_min":1,"flag":1,"level":1,"start_time":1700862600000,"end_time":1700862659000},{"score":0,"score_max":1,"score_min":0,"flag":1,"level":1,"start_time":1700862540000,"end_time":1700862599000},{"score":1,"score_max":5,"score_min":0,"flag":1,"level":1,"start_time":1700862480000,"end_time":1700862539000},{"score":41,"score_max":66,"score_min":6,"flag":1,"level":1,"start_time":1700862420000,"end_time":1700862479000},{"score":56,"score_max":71,"score_min":50,"flag":1,"level":1,"start_time":1700862360000,"end_time":1700862419000},{"score":66,"score_max":82,"score_min":33,"flag":1,"level":1,"start_time":1700862300000,"end_time":1700862359000},{"score":27,"score_max":40,"score_min":21,"flag":1,"level":1,"start_time":1700862240000,"end_time":1700862299000},{"score":51,"score_max":58,"score_min":41,"flag":1,"level":1,"start_time":1700862180000,"end_time":1700862239000},{"score":24,"score_max":47,"score_min":15,"flag":1,"level":1,"start_time":1700862120000,"end_time":1700862179000},{"score":68,"score_max":88,"score_min":38,"flag":1,"level":1,"start_time":1700862060000,"end_time":1700862119000},{"score":22,"score_max":39,"score_min":19,"flag":1,"level":1,"start_time":1700862000000,"end_time":1700862059000},{"score":59,"score_max":79,"score_min":30,"flag":1,"level":1,"start_time":1700861940000,"end_time":1700861999000},{"score":72,"score_max":84,"score_min":56,"flag":1,"level":1,"start_time":1700861880000,"end_time":1700861939000},{"score":31,"score_max":55,"score_min":23,"flag":1,"level":1,"start_time":1700861820000,"end_time":1700861879000},{"score":61,"score_max":78,"score_min":38,"flag":1,"level":1,"start_time":1700861760000,"end_time":1700861819000},{"score":15,"score_max":24,"score_min":10,"flag":1,"level":1,"start_time":1700861700000,"end_time":1700861759000},{"score":17,"score_max":26,"score_min":13,"flag":1,"level":1,"start_time":1700861640000,"end_time":1700861699000},{"score":31,"score_max":43,"score_min":21,"flag":1,"level":1,"start_time":1700861580000,"end_time":1700861639000},{"score":14,"score_max":20,"score_min":12,"flag":1,"level":1,"start_time":1700861520000,"end_time":1700861579000},{"score":16,"score_max":18,"score_min":9,"flag":1,"level":1,"start_time":1700861340000,"end_time":1700861399000},{"score":99,"score_max":100,"score_min":99,"flag":1,"level":1,"start_time":1700861280000,"end_time":1700861339000},{"score":93,"score_max":100,"score_min":38,"flag":1,"level":1,"start_time":1700861220000,"end_time":1700861279000},{"score":12,"score_max":31,"score_min":9,"flag":1,"level":1,"start_time":1700861160000,"end_time":1700861219000},{"score":7,"score_max":12,"score_min":6,"flag":1,"level":1,"start_time":1700861100000,"end_time":1700861159000},{"score":13,"score_max":14,"score_min":13,"flag":1,"level":1,"start_time":1700861040000,"end_time":1700861099000},{"score":21,"score_max":35,"score_min":10,"flag":1,"level":1,"start_time":1700860980000,"end_time":1700861039000},{"score":6,"score_max":9,"score_min":5,"flag":1,"level":1,"start_time":1700860920000,"end_time":1700860979000},{"score":8,"score_max":17,"score_min":5,"flag":1,"level":1,"start_time":1700860860000,"end_time":1700860919000},{"score":21,"score_max":25,"score_min":18,"flag":1,"level":1,"start_time":1700860800000,"end_time":1700860859000},{"score":15,"score_max":20,"score_min":9,"flag":1,"level":1,"start_time":1700860740000,"end_time":1700860799000},{"score":3,"score_max":9,"score_min":2,"flag":1,"level":1,"start_time":1700860680000,"end_time":1700860739000},{"score":13,"score_max":25,"score_min":3,"flag":1,"level":1,"start_time":1700860620000,"end_time":1700860679000},{"score":33,"score_max":52,"score_min":26,"flag":1,"level":1,"start_time":1700860560000,"end_time":1700860619000},{"score":55,"score_max":60,"score_min":50,"flag":1,"level":1,"start_time":1700860500000,"end_time":1700860559000},{"score":63,"score_max":69,"score_min":50,"flag":1,"level":1,"start_time":1700860440000,"end_time":1700860499000},{"score":31,"score_max":64,"score_min":4,"flag":1,"level":1,"start_time":1700860380000,"end_time":1700860439000},{"score":2,"score_max":4,"score_min":1,"flag":1,"level":1,"start_time":1700860320000,"end_time":1700860379000},{"score":2,"score_max":3,"score_min":1,"flag":1,"level":1,"start_time":1700860260000,"end_time":1700860319000},{"score":2,"score_max":2,"score_min":2,"flag":1,"level":1,"start_time":1700860200000,"end_time":1700860259000},{"score":1,"score_max":2,"score_min":1,"flag":1,"level":1,"start_time":1700860080000,"end_time":1700860139000},{"score":13,"score_max":15,"score_min":11,"flag":1,"level":1,"start_time":1700860020000,"end_time":1700860079000},{"score":17,"score_max":23,"score_min":15,"flag":1,"level":1,"start_time":1700859960000,"end_time":1700860019000},{"score":14,"score_max":20,"score_min":7,"flag":1,"level":1,"start_time":1700859780000,"end_time":1700859839000},{"score":54,"score_max":70,"score_min":43,"flag":1,"level":1,"start_time":1700859720000,"end_time":1700859779000},{"score":22,"score_max":43,"score_min":4,"flag":1,"level":1,"start_time":1700859660000,"end_time":1700859719000},{"score":1,"score_max":4,"score_min":1,"flag":1,"level":1,"start_time":1700859600000,"end_time":1700859659000}]