[{"score":12,"score_max":13,"score_min":12,"flag":1,"level":1,"start_time":1701046620000,"end_time":1701046679000},{"score":82,"score_max":98,"score_min":63,"flag":1,"level":1,"start_time":1701046560000,"end_time":1701046619000},{"score":35,"score_max":61,"score_min":22,"flag":1,"level":1,"start_time":1701046500000,"end_time":1701046559000},{"score":18,"score_max":22,"score_min":16,"flag":1,"level":1,"start_time":1701046440000,"end_time":1701046499000},{"score":14,"score_max":16,"score_min":13,"flag":1,"level":1,"start_time":1701046380000,"end_time":1701046439000},{"score":12,"score_max":16,"score_min":1,"flag":1,"level":1,"start_time":1701046320000,"end_time":1701046379000},{"score":0,"score_max":1,"score_min":0,"flag":1,"level":1,"start_time":1701045360000,"end_time":1701045419000},{"score":44,"score_max":59,"score_min":31,"flag":1,"level":1,"start_time":1701045300000,"end_time":1701045359000},{"score":15,"score_max":30,"score_min":12,"flag":1,"level":1,"start_time":1701045240000,"end_time":1701045299000},{"score":5,"score_max":11,"score_min":0,"flag":1,"level":1,"start_time":1701045060000,"end_time":1701045119000},{"score":50,"score_max":68,"score_min":30,"flag":1,"level":1,"start_time":1701045000000,"end_time":1701045059000},{"score":32,"score_max":51,"score_min":24,"flag":1,"level":1,"start_time":1701044940000,"end_time":1701044999000},{"score":32,"score_max":50,"score_min":9,"flag":1,"level":1,"start_time":1701044880000,"end_time":1701044939000},{"score":3,"score_max":9,"score_min":0,"flag":1,"level":1,"start_time":1701044340000,"end_time":1701044399000},{"score":67,"score_max":78,"score_min":56,"flag":1,"level":1,"start_time":1701044280000,"end_time":1701044339000},{"score":20,"score_max":55,"score_min":8,"flag":1,"level":1,"start_time":1701044220000,"end_time":1701044279000},{"score":12,"score_max":16,"score_min":8,"flag":1,"level":1,"start_time":1701044160000,"end_time":1701044219000},{"score":6,"score_max":11,"score_min":1,"flag":1,"level":1,"start_time":1701043680000,"end_time":1701043739000},{"score":94,"score_max":98,"score_min":86,"flag":1,"level":1,"start_time":1701043620000,"end_time":1701043679000},{"score":49,"score_max":85,"score_min":16,"flag":1,"level":1,"start_time":1701043560000,"end_time":1701043619000},{"score":6,"score_max":16,"score_min":3,"flag":1,"level":1,"start_time":1701043500000,"end_time":1701043559000},{"score":7,"score_max":8,"score_min":6,"flag":1,"level":1,"start_time":1701043320000,"end_time":1701043379000},{"score":88,"score_max":93,"score_min":82,"flag":1,"level":1,"start_time":1701043260000,"end_time":1701043319000},{"score":61,"score_max":93,"score_min":21,"flag":1,"level":1,"start_time":1701043200000,"end_time":1701043259000}]