[{"score":0,"score_max":0,"score_min":0,"flag":1,"level":1,"start_time":1700914620000,"end_time":1700914679000},{"score":3,"score_max":17,"score_min":0,"flag":1,"level":1,"start_time":1700914560000,"end_time":1700914619000},{"score":22,"score_max":31,"score_min":13,"flag":1,"level":1,"start_time":1700914500000,"end_time":1700914559000},{"score":36,"score_max":62,"score_min":13,"flag":1,"level":1,"start_time":1700914440000,"end_time":1700914499000},{"score":74,"score_max":83,"score_min":63,"flag":1,"level":1,"start_time":1700914380000,"end_time":1700914439000},{"score":69,"score_max":84,"score_min":48,"flag":1,"level":1,"start_time":1700914320000,"end_time":1700914379000},{"score":15,"score_max":46,"score_min":3,"flag":1,"level":1,"start_time":1700914260000,"end_time":1700914319000},{"score":6,"score_max":17,"score_min":3,"flag":1,"level":1,"start_time":1700914200000,"end_time":1700914259000},{"score":28,"score_max":35,"score_min":18,"flag":1,"level":1,"start_time":1700914140000,"end_time":1700914199000},{"score":25,"score_max":39,"score_min":16,"flag":1,"level":1,"start_time":1700914080000,"end_time":1700914139000},{"score":37,"score_max":53,"score_min":18,"flag":1,"level":1,"start_time":1700914020000,"end_time":1700914079000},{"score":3,"score_max":20,"score_min":0,"flag":1,"level":1,"start_time":1700913960000,"end_time":1700914019000},{"score":0,"score_max":3,"score_min":0,"flag":1,"level":1,"start_time":1700913900000,"end_time":1700913959000},{"score":1,"score_max":3,"score_min":1,"flag":1,"level":1,"start_time":1700913840000,"end_time":1700913899000},{"score":0,"score_max":1,"score_min":0,"flag":1,"level":1,"start_time":1700913780000,"end_time":1700913839000},{"score":0,"score_max":0,"score_min":0,"flag":1,"level":1,"start_time":1700913720000,"end_time":1700913779000},{"score":0,"score_max":0,"score_min":0,"flag":1,"level":1,"start_time":1700913660000,"end_time":1700913719000},{"score":0,"score_max":0,"score_min":0,"flag":1,"level":1,"start_time":1700913600000,"end_time":1700913659000}]