[{"score":30,"score_max":57,"score_min":16,"flag":1,"level":1,"start_time":1700996220000,"end_time":1700996279000},{"score":28,"score_max":29,"score_min":27,"flag":1,"level":1,"start_time":1700996160000,"end_time":1700996219000},{"score":42,"score_max":55,"score_min":30,"flag":1,"level":1,"start_time":1700996100000,"end_time":1700996159000},{"score":7,"score_max":15,"score_min":0,"flag":1,"level":1,"start_time":1700995560000,"end_time":1700995619000},{"score":97,"score_max":100,"score_min":75,"flag":1,"level":1,"start_time":1700995500000,"end_time":1700995559000},{"score":36,"score_max":71,"score_min":25,"flag":1,"level":1,"start_time":1700995440000,"end_time":1700995499000},{"score":81,"score_max":91,"score_min":46,"flag":1,"level":1,"start_time":1700995380000,"end_time":1700995439000},{"score":50,"score_max":79,"score_min":20,"flag":1,"level":1,"start_time":1700995320000,"end_time":1700995379000},{"score":10,"score_max":19,"score_min":8,"flag":1,"level":1,"start_time":1700995260000,"end_time":1700995319000},{"score":8,"score_max":9,"score_min":8,"flag":1,"level":1,"start_time":1700995200000,"end_time":1700995259000},{"score":9,"score_max":12,"score_min":8,"flag":1,"level":1,"start_time":1700995140000,"end_time":1700995199000},{"score":10,"score_max":17,"score_min":3,"flag":1,"level":1,"start_time":1700995080000,"end_time":1700995139000},{"score":2,"score_max":3,"score_min":1,"flag":1,"level":1,"start_time":1700995020000,"end_time":1700995079000},{"score":94,"score_max":100,"score_min":86,"flag":1,"level":1,"start_time":1700994840000,"end_time":1700994899000},{"score":99,"score_max":100,"score_min":99,"flag":1,"level":1,"start_time":1700993340000,"end_time":1700993399000},{"score":68,"score_max":99,"score_min":19,"flag":1,"level":1,"start_time":1700993280000,"end_time":1700993339000},{"score":20,"score_max":26,"score_min":17,"flag":1,"level":1,"start_time":1700993220000,"end_time":1700993279000},{"score":35,"score_max":70,"score_min":15,"flag":1,"level":1,"start_time":1700993160000,"end_time":1700993219000},{"score":66,"score_max":79,"score_min":52,"flag":1,"level":1,"start_time":1700993100000,"end_time":1700993159000},{"score":59,"score_max":71,"score_min":26,"flag":1,"level":1,"start_time":1700993040000,"end_time":1700993099000},{"score":8,"score_max":24,"score_min":5,"flag":1,"level":1,"start_time":1700992980000,"end_time":1700993039000},{"score":13,"score_max":18,"score_min":7,"flag":1,"level":1,"start_time":1700992920000,"end_time":1700992979000},{"score":7,"score_max":15,"score_min":5,"flag":1,"level":1,"start_time":1700992860000,"end_time":1700992919000},{"score":47,"score_max":58,"score_min":17,"flag":1,"level":1,"start_time":1700992800000,"end_time":1700992859000}]