{"mAdaptiveGoal":0,"mIsGoalAchieved":false,"mIsMostActiveAchieved":false,"mMostActiveMinutes":0,"mStreakDayCount":0,"mUnitDataList":[{"distance":11.23,"mCalorie":0.59,"mOthersTime":0,"mRunTime":0,"mStartTime":12000000,"mTimeUnit":600000,"mWalkTime":10672,"runStep":0,"walkStep":16},{"distance":91.72883,"mCalorie":4.2100077,"mOthersTime":0,"mRunTime":400,"mStartTime":13800000,"mTimeUnit":600000,"mWalkTime":86043,"runStep":1,"walkStep":129},{"distance":90.94,"mCalorie":4.1499996,"mOthersTime":0,"mRunTime":0,"mStartTime":14400000,"mTimeUnit":600000,"mWalkTime":85376,"runStep":0,"walkStep":128},{"distance":76.44157,"mCalorie":3.6400733,"mOthersTime":0,"mRunTime":2800,"mStartTime":15000000,"mTimeUnit":600000,"mWalkTime":64699,"runStep":7,"walkStep":97},{"distance":117.690384,"mCalorie":5.350083,"mOthersTime":0,"mRunTime":0,"mStartTime":15600000,"mTimeUnit":600000,"mWalkTime":112723,"runStep":0,"walkStep":169},{"distance":62.829998,"mCalorie":2.800027,"mOthersTime":0,"mRunTime":0,"mStartTime":16200000,"mTimeUnit":600000,"mWalkTime":58029,"runStep":0,"walkStep":87},{"distance":127.06,"mCalorie":5.94,"mOthersTime":0,"mRunTime":0,"mStartTime":16800000,"mTimeUnit":600000,"mWalkTime":120060,"runStep":0,"walkStep":180},{"distance":180.18907,"mCalorie":8.809999,"mOthersTime":0,"mRunTime":0,"mStartTime":18000000,"mTimeUnit":600000,"mWalkTime":170085,"runStep":0,"walkStep":255},{"distance":312.35406,"mCalorie":13.800235,"mOthersTime":0,"mRunTime":0,"mStartTime":18600000,"mTimeUnit":600000,"mWalkTime":281414,"runStep":0,"walkStep":447},{"distance":397.98117,"mCalorie":20.731367,"mOthersTime":0,"mRunTime":39888,"mStartTime":19200000,"mTimeUnit":600000,"mWalkTime":295432,"runStep":101,"walkStep":452},{"distance":67.079926,"mCalorie":2.9698243,"mOthersTime":0,"mRunTime":0,"mStartTime":19800000,"mTimeUnit":600000,"mWalkTime":61364,"runStep":0,"walkStep":92},{"distance":77.1332,"mCalorie":3.2801414,"mOthersTime":0,"mRunTime":0,"mStartTime":20400000,"mTimeUnit":600000,"mWalkTime":72036,"runStep":0,"walkStep":108},{"distance":97.6,"mCalorie":4.3399997,"mOthersTime":0,"mRunTime":0,"mStartTime":21600000,"mTimeUnit":600000,"mWalkTime":91379,"runStep":0,"walkStep":137},{"distance":286.58,"mCalorie":12.16,"mOthersTime":0,"mRunTime":0,"mStartTime":22200000,"mTimeUnit":600000,"mWalkTime":259433,"runStep":0,"walkStep":396},{"distance":51.86,"mCalorie":2.31,"mOthersTime":0,"mRunTime":0,"mStartTime":22800000,"mTimeUnit":600000,"mWalkTime":47357,"runStep":0,"walkStep":71},{"distance":199.44603,"mCalorie":8.850611,"mOthersTime":0,"mRunTime":0,"mStartTime":23400000,"mTimeUnit":600000,"mWalkTime":187427,"runStep":0,"walkStep":281},{"distance":40.170624,"mCalorie":1.8200878,"mOthersTime":0,"mRunTime":0,"mStartTime":24000000,"mTimeUnit":600000,"mWalkTime":38686,"runStep":0,"walkStep":58},{"distance":31.60664,"mCalorie":2.310249,"mOthersTime":0,"mRunTime":0,"mStartTime":28800000,"mTimeUnit":600000,"mWalkTime":31349,"runStep":0,"walkStep":47},{"distance":251.50977,"mCalorie":11.05996,"mOthersTime":0,"mRunTime":0,"mStartTime":31200000,"mTimeUnit":600000,"mWalkTime":234117,"runStep":0,"walkStep":351},{"distance":86.42,"mCalorie":3.8400002,"mOthersTime":0,"mRunTime":400,"mStartTime":31800000,"mTimeUnit":600000,"mWalkTime":77372,"runStep":1,"walkStep":116},{"distance":142.83961,"mCalorie":6.44103,"mOthersTime":0,"mRunTime":0,"mStartTime":33000000,"mTimeUnit":600000,"mWalkTime":133400,"runStep":0,"walkStep":200},{"distance":116.960945,"mCalorie":5.1003366,"mOthersTime":0,"mRunTime":0,"mStartTime":33600000,"mTimeUnit":600000,"mWalkTime":108721,"runStep":0,"walkStep":163},{"distance":62.21055,"mCalorie":2.8101025,"mOthersTime":0,"mRunTime":0,"mStartTime":34200000,"mTimeUnit":600000,"mWalkTime":58029,"runStep":0,"walkStep":87},{"distance":21.68,"mCalorie":0.78,"mOthersTime":0,"mRunTime":0,"mStartTime":34800000,"mTimeUnit":600000,"mWalkTime":19343,"runStep":0,"walkStep":29},{"distance":7.73,"mCalorie":0.39,"mOthersTime":0,"mRunTime":0,"mStartTime":36000000,"mTimeUnit":600000,"mWalkTime":7337,"runStep":0,"walkStep":11},{"distance":8.03,"mCalorie":0.28,"mOthersTime":0,"mRunTime":0,"mStartTime":36600000,"mTimeUnit":600000,"mWalkTime":6670,"runStep":0,"walkStep":10},{"distance":7.77,"mCalorie":0.23,"mOthersTime":0,"mRunTime":0,"mStartTime":37200000,"mTimeUnit":600000,"mWalkTime":6670,"runStep":0,"walkStep":10},{"distance":32.87,"mCalorie":1.55,"mOthersTime":0,"mRunTime":400,"mStartTime":37800000,"mTimeUnit":600000,"mWalkTime":29348,"runStep":1,"walkStep":44},{"distance":28.729687,"mCalorie":1.3403662,"mOthersTime":0,"mRunTime":0,"mStartTime":38400000,"mTimeUnit":600000,"mWalkTime":28014,"runStep":0,"walkStep":42},{"distance":35.462654,"mCalorie":1.7300732,"mOthersTime":0,"mRunTime":1200,"mStartTime":39000000,"mTimeUnit":600000,"mWalkTime":31349,"runStep":3,"walkStep":47},{"distance":39.07,"mCalorie":1.7400684,"mOthersTime":0,"mRunTime":0,"mStartTime":39600000,"mTimeUnit":600000,"mWalkTime":37352,"runStep":0,"walkStep":56},{"distance":38.231014,"mCalorie":1.6500342,"mOthersTime":0,"mRunTime":0,"mStartTime":40200000,"mTimeUnit":600000,"mWalkTime":34684,"runStep":0,"walkStep":52},{"distance":9.060547,"mCalorie":0.35998535,"mOthersTime":0,"mRunTime":0,"mStartTime":41400000,"mTimeUnit":600000,"mWalkTime":8004,"runStep":0,"walkStep":12},{"distance":16.268436,"mCalorie":0.72998536,"mOthersTime":0,"mRunTime":0,"mStartTime":42000000,"mTimeUnit":600000,"mWalkTime":15341,"runStep":0,"walkStep":23},{"distance":15.730312,"mCalorie":0.7301172,"mOthersTime":0,"mRunTime":0,"mStartTime":42600000,"mTimeUnit":600000,"mWalkTime":15341,"runStep":0,"walkStep":23},{"distance":171.62938,"mCalorie":7.419976,"mOthersTime":0,"mRunTime":0,"mStartTime":43200000,"mTimeUnit":600000,"mWalkTime":160050,"runStep":0,"walkStep":240},{"distance":440.9812,"mCalorie":19.610016,"mOthersTime":0,"mRunTime":0,"mStartTime":43800000,"mTimeUnit":600000,"mWalkTime":410085,"runStep":0,"walkStep":641},{"distance":59.640938,"mCalorie":2.7104833,"mOthersTime":0,"mRunTime":0,"mStartTime":44400000,"mTimeUnit":600000,"mWalkTime":57362,"runStep":0,"walkStep":86},{"distance":29.140781,"mCalorie":1.3099854,"mOthersTime":0,"mRunTime":0,"mStartTime":46200000,"mTimeUnit":600000,"mWalkTime":27347,"runStep":0,"walkStep":41},{"distance":4.89,"mCalorie":0.23,"mOthersTime":0,"mRunTime":0,"mStartTime":46800000,"mTimeUnit":600000,"mWalkTime":4669,"runStep":0,"walkStep":7},{"distance":7.8,"mCalorie":0.36,"mOthersTime":0,"mRunTime":0,"mStartTime":49200000,"mTimeUnit":600000,"mWalkTime":7337,"runStep":0,"walkStep":11},{"distance":6.9,"mCalorie":0.31,"mOthersTime":0,"mRunTime":0,"mStartTime":49800000,"mTimeUnit":600000,"mWalkTime":6670,"runStep":0,"walkStep":10},{"distance":43.37,"mCalorie":1.95,"mOthersTime":0,"mRunTime":0,"mStartTime":50400000,"mTimeUnit":600000,"mWalkTime":41354,"runStep":0,"walkStep":62},{"distance":7.46,"mCalorie":0.37,"mOthersTime":0,"mRunTime":0,"mStartTime":51000000,"mTimeUnit":600000,"mWalkTime":7337,"runStep":0,"walkStep":11},{"distance":9.59,"mCalorie":0.4,"mOthersTime":0,"mRunTime":0,"mStartTime":51600000,"mTimeUnit":600000,"mWalkTime":8671,"runStep":0,"walkStep":13},{"distance":109.759995,"mCalorie":4.87,"mOthersTime":0,"mRunTime":0,"mStartTime":55200000,"mTimeUnit":600000,"mWalkTime":104022,"runStep":0,"walkStep":157},{"distance":115.42922,"mCalorie":5.2200975,"mOthersTime":0,"mRunTime":0,"mStartTime":55800000,"mTimeUnit":600000,"mWalkTime":112056,"runStep":0,"walkStep":168},{"distance":256.219,"mCalorie":11.170146,"mOthersTime":0,"mRunTime":0,"mStartTime":56400000,"mTimeUnit":600000,"mWalkTime":238756,"runStep":0,"walkStep":365},{"distance":46.809998,"mCalorie":2.24,"mOthersTime":0,"mRunTime":0,"mStartTime":57000000,"mTimeUnit":600000,"mWalkTime":46023,"runStep":0,"walkStep":69},{"distance":185.52164,"mCalorie":8.639991,"mOthersTime":0,"mRunTime":1600,"mStartTime":57600000,"mTimeUnit":600000,"mWalkTime":173420,"runStep":4,"walkStep":260},{"distance":142.62132,"mCalorie":6.68999,"mOthersTime":0,"mRunTime":1600,"mStartTime":58200000,"mTimeUnit":600000,"mWalkTime":130065,"runStep":4,"walkStep":195},{"distance":82.891556,"mCalorie":3.3801124,"mOthersTime":0,"mRunTime":0,"mStartTime":58800000,"mTimeUnit":600000,"mWalkTime":74704,"runStep":0,"walkStep":112},{"distance":99.01961,"mCalorie":4.4500394,"mOthersTime":0,"mRunTime":0,"mStartTime":59400000,"mTimeUnit":600000,"mWalkTime":93380,"runStep":0,"walkStep":140},{"distance":189.48671,"mCalorie":8.530141,"mOthersTime":0,"mRunTime":0,"mStartTime":60000000,"mTimeUnit":600000,"mWalkTime":181424,"runStep":0,"walkStep":272},{"distance":101.31,"mCalorie":5.04,"mOthersTime":0,"mRunTime":0,"mStartTime":60600000,"mTimeUnit":600000,"mWalkTime":100717,"runStep":0,"walkStep":151},{"distance":143.16998,"mCalorie":6.18,"mOthersTime":0,"mRunTime":0,"mStartTime":61200000,"mTimeUnit":600000,"mWalkTime":130732,"runStep":0,"walkStep":196},{"distance":45.144997,"mCalorie":2.0302832,"mOthersTime":0,"mRunTime":0,"mStartTime":63000000,"mTimeUnit":600000,"mWalkTime":43355,"runStep":0,"walkStep":65},{"distance":65.47039,"mCalorie":2.9901562,"mOthersTime":0,"mRunTime":0,"mStartTime":63600000,"mTimeUnit":600000,"mWalkTime":61364,"runStep":0,"walkStep":92},{"distance":63.49,"mCalorie":3.1299999,"mOthersTime":0,"mRunTime":0,"mStartTime":64200000,"mTimeUnit":600000,"mWalkTime":63365,"runStep":0,"walkStep":95},{"distance":178.84914,"mCalorie":8.400108,"mOthersTime":0,"mRunTime":0,"mStartTime":64800000,"mTimeUnit":600000,"mWalkTime":170085,"runStep":0,"walkStep":255},{"distance":50.861645,"mCalorie":2.64999,"mOthersTime":0,"mRunTime":400,"mStartTime":65400000,"mTimeUnit":600000,"mWalkTime":48691,"runStep":1,"walkStep":73},{"distance":20.878515,"mCalorie":0.9401611,"mOthersTime":0,"mRunTime":400,"mStartTime":66000000,"mTimeUnit":600000,"mWalkTime":18676,"runStep":1,"walkStep":28},{"distance":8.29,"mCalorie":0.52,"mOthersTime":0,"mRunTime":0,"mStartTime":67200000,"mTimeUnit":600000,"mWalkTime":8671,"runStep":0,"walkStep":13},{"distance":9.26,"mCalorie":0.46,"mOthersTime":0,"mRunTime":0,"mStartTime":67800000,"mTimeUnit":600000,"mWalkTime":9338,"runStep":0,"walkStep":14},{"distance":9.57,"mCalorie":0.39,"mOthersTime":0,"mRunTime":0,"mStartTime":68400000,"mTimeUnit":600000,"mWalkTime":8671,"runStep":0,"walkStep":13},{"distance":58.22914,"mCalorie":2.6999903,"mOthersTime":0,"mRunTime":1200,"mStartTime":69000000,"mTimeUnit":600000,"mWalkTime":50692,"runStep":3,"walkStep":76},{"distance":8.93,"mCalorie":0.48,"mOthersTime":0,"mRunTime":0,"mStartTime":70200000,"mTimeUnit":600000,"mWalkTime":9338,"runStep":0,"walkStep":14},{"distance":84.98812,"mCalorie":3.9802833,"mOthersTime":0,"mRunTime":0,"mStartTime":70800000,"mTimeUnit":600000,"mWalkTime":81374,"runStep":0,"walkStep":122},{"distance":33.7,"mCalorie":1.75,"mOthersTime":0,"mRunTime":800,"mStartTime":72600000,"mTimeUnit":600000,"mWalkTime":30682,"runStep":2,"walkStep":46}],"version":1}