[{"score":100,"score_max":100,"score_min":100,"flag":1,"level":0,"start_time":1701136740000,"end_time":1701136799000},{"score":100,"score_max":100,"score_min":100,"flag":1,"level":1,"start_time":1701134940000,"end_time":1701134999000},{"score":0,"score_max":0,"score_min":0,"flag":1,"level":1,"start_time":1701134880000,"end_time":1701134939000},{"score":0,"score_max":0,"score_min":0,"flag":1,"level":1,"start_time":1701134760000,"end_time":1701134819000},{"score":100,"score_max":100,"score_min":100,"flag":1,"level":1,"start_time":1701133260000,"end_time":1701133319000},{"score":89,"score_max":94,"score_min":87,"flag":1,"level":0,"start_time":1701133200000,"end_time":1701133259000}]