[{"score":3,"score_max":12,"score_min":1,"flag":1,"level":1,"start_time":1700715540000,"end_time":1700715599000},{"score":7,"score_max":16,"score_min":0,"flag":1,"level":1,"start_time":1700715480000,"end_time":1700715539000},{"score":0,"score_max":0,"score_min":0,"flag":1,"level":1,"start_time":1700715420000,"end_time":1700715479000},{"score":0,"score_max":0,"score_min":0,"flag":1,"level":1,"start_time":1700715360000,"end_time":1700715419000},{"score":0,"score_max":1,"score_min":0,"flag":1,"level":1,"start_time":1700715300000,"end_time":1700715359000},{"score":2,"score_max":4,"score_min":1,"flag":1,"level":1,"start_time":1700715240000,"end_time":1700715299000},{"score":1,"score_max":3,"score_min":1,"flag":1,"level":1,"start_time":1700715180000,"end_time":1700715239000},{"score":1,"score_max":1,"score_min":1,"flag":1,"level":1,"start_time":1700715120000,"end_time":1700715179000},{"score":1,"score_max":3,"score_min":1,"flag":1,"level":1,"start_time":1700715060000,"end_time":1700715119000},{"score":1,"score_max":3,"score_min":1,"flag":1,"level":1,"start_time":1700715000000,"end_time":1700715059000},{"score":2,"score_max":4,"score_min":2,"flag":1,"level":1,"start_time":1700714940000,"end_time":1700714999000},{"score":2,"score_max":4,"score_min":2,"flag":1,"level":1,"start_time":1700714880000,"end_time":1700714939000},{"score":1,"score_max":2,"score_min":1,"flag":1,"level":1,"start_time":1700714820000,"end_time":1700714879000},{"score":2,"score_max":4,"score_min":2,"flag":1,"level":1,"start_time":1700714760000,"end_time":1700714819000},{"score":0,"score_max":2,"score_min":0,"flag":1,"level":1,"start_time":1700714100000,"end_time":1700714159000},{"score":9,"score_max":16,"score_min":8,"flag":1,"level":1,"start_time":1700714040000,"end_time":1700714099000},{"score":1,"score_max":7,"score_min":0,"flag":1,"level":1,"start_time":1700713980000,"end_time":1700714039000},{"score":0,"score_max":0,"score_min":0,"flag":1,"level":1,"start_time":1700713920000,"end_time":1700713979000},{"score":0,"score_max":0,"score_min":0,"flag":1,"level":1,"start_time":1700713860000,"end_time":1700713919000},{"score":0,"score_max":0,"score_min":0,"flag":1,"level":1,"start_time":1700713800000,"end_time":1700713859000},{"score":0,"score_max":0,"score_min":0,"flag":1,"level":1,"start_time":1700713740000,"end_time":1700713799000},{"score":0,"score_max":0,"score_min":0,"flag":1,"level":1,"start_time":1700713680000,"end_time":1700713739000},{"score":0,"score_max":0,"score_min":0,"flag":1,"level":1,"start_time":1700713620000,"end_time":1700713679000},{"score":0,"score_max":0,"score_min":0,"flag":1,"level":1,"start_time":1700713560000,"end_time":1700713619000},{"score":0,"score_max":0,"score_min":0,"flag":1,"level":1,"start_time":1700713500000,"end_time":1700713559000},{"score":0,"score_max":0,"score_min":0,"flag":1,"level":1,"start_time":1700713440000,"end_time":1700713499000},{"score":0,"score_max":0,"score_min":0,"flag":1,"level":1,"start_time":1700713380000,"end_time":1700713439000},{"score":0,"score_max":0,"score_min":0,"flag":1,"level":1,"start_time":1700713320000,"end_time":1700713379000},{"score":0,"score_max":0,"score_min":0,"flag":1,"level":1,"start_time":1700713260000,"end_time":1700713319000},{"score":0,"score_max":0,"score_min":0,"flag":1,"level":1,"start_time":1700713200000,"end_time":1700713259000},{"score":0,"score_max":0,"score_min":0,"flag":1,"level":1,"start_time":1700713140000,"end_time":1700713199000},{"score":0,"score_max":0,"score_min":0,"flag":1,"level":1,"start_time":1700713080000,"end_time":1700713139000},{"score":0,"score_max":0,"score_min":0,"flag":1,"level":1,"start_time":1700713020000,"end_time":1700713079000},{"score":0,"score_max":0,"score_min":0,"flag":1,"level":1,"start_time":1700712960000,"end_time":1700713019000},{"score":0,"score_max":0,"score_min":0,"flag":1,"level":1,"start_time":1700712900000,"end_time":1700712959000},{"score":0,"score_max":0,"score_min":0,"flag":1,"level":1,"start_time":1700712840000,"end_time":1700712899000},{"score":0,"score_max":0,"score_min":0,"flag":1,"level":1,"start_time":1700712780000,"end_time":1700712839000},{"score":0,"score_max":0,"score_min":0,"flag":1,"level":1,"start_time":1700712720000,"end_time":1700712779000},{"score":0,"score_max":0,"score_min":0,"flag":1,"level":1,"start_time":1700712660000,"end_time":1700712719000},{"score":0,"score_max":2,"score_min":0,"flag":1,"level":1,"start_time":1700712600000,"end_time":1700712659000},{"score":0,"score_max":1,"score_min":0,"flag":1,"level":1,"start_time":1700712540000,"end_time":1700712599000},{"score":0,"score_max":0,"score_min":0,"flag":1,"level":1,"start_time":1700712480000,"end_time":1700712539000},{"score":0,"score_max":0,"score_min":0,"flag":1,"level":1,"start_time":1700712420000,"end_time":1700712479000},{"score":0,"score_max":0,"score_min":0,"flag":1,"level":1,"start_time":1700712360000,"end_time":1700712419000},{"score":0,"score_max":0,"score_min":0,"flag":1,"level":1,"start_time":1700712300000,"end_time":1700712359000},{"score":0,"score_max":0,"score_min":0,"flag":1,"level":1,"start_time":1700712240000,"end_time":1700712299000},{"score":0,"score_max":0,"score_min":0,"flag":1,"level":1,"start_time":1700712180000,"end_time":1700712239000},{"score":0,"score_max":0,"score_min":0,"flag":1,"level":1,"start_time":1700712120000,"end_time":1700712179000},{"score":0,"score_max":0,"score_min":0,"flag":1,"level":1,"start_time":1700712060000,"end_time":1700712119000},{"score":0,"score_max":0,"score_min":0,"flag":1,"level":1,"start_time":1700712000000,"end_time":1700712059000}]