[{"score":100,"score_max":100,"score_min":100,"flag":1,"level":1,"start_time":1700906340000,"end_time":1700906399000},{"score":24,"score_max":30,"score_min":20,"flag":1,"level":1,"start_time":1700906280000,"end_time":1700906339000},{"score":16,"score_max":23,"score_min":8,"flag":1,"level":1,"start_time":1700906220000,"end_time":1700906279000},{"score":6,"score_max":9,"score_min":3,"flag":1,"level":1,"start_time":1700906040000,"end_time":1700906099000},{"score":65,"score_max":79,"score_min":58,"flag":1,"level":1,"start_time":1700905980000,"end_time":1700906039000},{"score":62,"score_max":75,"score_min":31,"flag":1,"level":1,"start_time":1700905920000,"end_time":1700905979000},{"score":16,"score_max":29,"score_min":9,"flag":1,"level":1,"start_time":1700905860000,"end_time":1700905919000},{"score":5,"score_max":9,"score_min":1,"flag":1,"level":1,"start_time":1700905800000,"end_time":1700905859000},{"score":89,"score_max":90,"score_min":89,"flag":1,"level":1,"start_time":1700905680000,"end_time":1700905739000},{"score":2,"score_max":6,"score_min":0,"flag":1,"level":1,"start_time":1700905620000,"end_time":1700905679000},{"score":0,"score_max":1,"score_min":0,"flag":1,"level":1,"start_time":1700905560000,"end_time":1700905619000},{"score":0,"score_max":1,"score_min":0,"flag":1,"level":1,"start_time":1700905500000,"end_time":1700905559000},{"score":1,"score_max":4,"score_min":1,"flag":1,"level":1,"start_time":1700905440000,"end_time":1700905499000},{"score":3,"score_max":6,"score_min":1,"flag":1,"level":1,"start_time":1700905380000,"end_time":1700905439000},{"score":0,"score_max":1,"score_min":0,"flag":1,"level":1,"start_time":1700905320000,"end_time":1700905379000},{"score":0,"score_max":0,"score_min":0,"flag":1,"level":1,"start_time":1700905260000,"end_time":1700905319000},{"score":0,"score_max":0,"score_min":0,"flag":1,"level":1,"start_time":1700905200000,"end_time":1700905259000},{"score":0,"score_max":0,"score_min":0,"flag":1,"level":1,"start_time":1700905140000,"end_time":1700905199000},{"score":0,"score_max":0,"score_min":0,"flag":1,"level":1,"start_time":1700905080000,"end_time":1700905139000},{"score":0,"score_max":0,"score_min":0,"flag":1,"level":1,"start_time":1700905020000,"end_time":1700905079000},{"score":0,"score_max":0,"score_min":0,"flag":1,"level":1,"start_time":1700904960000,"end_time":1700905019000},{"score":0,"score_max":0,"score_min":0,"flag":1,"level":1,"start_time":1700904900000,"end_time":1700904959000},{"score":0,"score_max":0,"score_min":0,"flag":1,"level":1,"start_time":1700904840000,"end_time":1700904899000},{"score":0,"score_max":0,"score_min":0,"flag":1,"level":1,"start_time":1700904780000,"end_time":1700904839000},{"score":0,"score_max":0,"score_min":0,"flag":1,"level":1,"start_time":1700904720000,"end_time":1700904779000},{"score":0,"score_max":0,"score_min":0,"flag":1,"level":1,"start_time":1700904660000,"end_time":1700904719000},{"score":0,"score_max":0,"score_min":0,"flag":1,"level":1,"start_time":1700904600000,"end_time":1700904659000},{"score":0,"score_max":0,"score_min":0,"flag":1,"level":1,"start_time":1700904540000,"end_time":1700904599000},{"score":0,"score_max":1,"score_min":0,"flag":1,"level":1,"start_time":1700904480000,"end_time":1700904539000},{"score":0,"score_max":0,"score_min":0,"flag":1,"level":1,"start_time":1700904420000,"end_time":1700904479000},{"score":0,"score_max":0,"score_min":0,"flag":1,"level":1,"start_time":1700904360000,"end_time":1700904419000},{"score":0,"score_max":0,"score_min":0,"flag":1,"level":1,"start_time":1700904300000,"end_time":1700904359000},{"score":0,"score_max":1,"score_min":0,"flag":1,"level":1,"start_time":1700904240000,"end_time":1700904299000},{"score":0,"score_max":1,"score_min":0,"flag":1,"level":1,"start_time":1700904180000,"end_time":1700904239000},{"score":0,"score_max":0,"score_min":0,"flag":1,"level":1,"start_time":1700904120000,"end_time":1700904179000},{"score":0,"score_max":0,"score_min":0,"flag":1,"level":1,"start_time":1700904060000,"end_time":1700904119000},{"score":0,"score_max":0,"score_min":0,"flag":1,"level":1,"start_time":1700904000000,"end_time":1700904059000},{"score":0,"score_max":0,"score_min":0,"flag":1,"level":1,"start_time":1700903940000,"end_time":1700903999000},{"score":0,"score_max":0,"score_min":0,"flag":1,"level":1,"start_time":1700903880000,"end_time":1700903939000},{"score":0,"score_max":0,"score_min":0,"flag":1,"level":1,"start_time":1700902860000,"end_time":1700902919000},{"score":51,"score_max":69,"score_min":41,"flag":1,"level":1,"start_time":1700902800000,"end_time":1700902859000}]