[{"score":9,"score_max":35,"score_min":0,"flag":1,"level":1,"start_time":1700869920000,"end_time":1700869979000},{"score":34,"score_max":80,"score_min":22,"flag":1,"level":1,"start_time":1700869860000,"end_time":1700869919000},{"score":9,"score_max":22,"score_min":0,"flag":1,"level":1,"start_time":1700869380000,"end_time":1700869439000},{"score":79,"score_max":91,"score_min":68,"flag":1,"level":1,"start_time":1700869320000,"end_time":1700869379000},{"score":28,"score_max":66,"score_min":13,"flag":1,"level":1,"start_time":1700869260000,"end_time":1700869319000},{"score":22,"score_max":26,"score_min":19,"flag":1,"level":1,"start_time":1700869200000,"end_time":1700869259000},{"score":11,"score_max":31,"score_min":0,"flag":1,"level":1,"start_time":1700868900000,"end_time":1700868959000},{"score":89,"score_max":90,"score_min":88,"flag":1,"level":1,"start_time":1700868840000,"end_time":1700868899000},{"score":72,"score_max":88,"score_min":62,"flag":1,"level":1,"start_time":1700868780000,"end_time":1700868839000},{"score":53,"score_max":69,"score_min":44,"flag":1,"level":1,"start_time":1700868720000,"end_time":1700868779000},{"score":74,"score_max":77,"score_min":70,"flag":1,"level":1,"start_time":1700868660000,"end_time":1700868719000},{"score":80,"score_max":89,"score_min":72,"flag":1,"level":1,"start_time":1700868600000,"end_time":1700868659000},{"score":62,"score_max":72,"score_min":58,"flag":1,"level":1,"start_time":1700868540000,"end_time":1700868599000},{"score":61,"score_max":67,"score_min":57,"flag":1,"level":1,"start_time":1700868480000,"end_time":1700868539000},{"score":50,"score_max":63,"score_min":39,"flag":1,"level":1,"start_time":1700868420000,"end_time":1700868479000},{"score":21,"score_max":38,"score_min":13,"flag":1,"level":1,"start_time":1700868360000,"end_time":1700868419000},{"score":23,"score_max":32,"score_min":14,"flag":1,"level":1,"start_time":1700868300000,"end_time":1700868359000},{"score":33,"score_max":42,"score_min":29,"flag":1,"level":1,"start_time":1700868240000,"end_time":1700868299000},{"score":15,"score_max":29,"score_min":7,"flag":1,"level":1,"start_time":1700868060000,"end_time":1700868119000},{"score":8,"score_max":32,"score_min":0,"flag":1,"level":1,"start_time":1700868000000,"end_time":1700868059000},{"score":0,"score_max":0,"score_min":0,"flag":1,"level":1,"start_time":1700867040000,"end_time":1700867099000},{"score":89,"score_max":92,"score_min":86,"flag":1,"level":1,"start_time":1700866980000,"end_time":1700867039000},{"score":60,"score_max":63,"score_min":59,"flag":1,"level":1,"start_time":1700866920000,"end_time":1700866979000},{"score":22,"score_max":58,"score_min":2,"flag":1,"level":1,"start_time":1700866860000,"end_time":1700866919000},{"score":1,"score_max":2,"score_min":1,"flag":1,"level":1,"start_time":1700866800000,"end_time":1700866859000}]