[{"heart_rate":83.0,"start_time":1700783243925},{"heart_rate":83.0,"start_time":1700783244926},{"heart_rate":83.0,"start_time":1700783245926},{"heart_rate":83.0,"start_time":1700783246926},{"heart_rate":83.0,"start_time":1700783247926},{"heart_rate":83.0,"start_time":1700783248926},{"heart_rate":84.0,"start_time":1700783249926},{"heart_rate":84.0,"start_time":1700783250926},{"heart_rate":84.0,"start_time":1700783251926},{"heart_rate":84.0,"start_time":1700783252926},{"heart_rate":84.0,"start_time":1700783253926},{"heart_rate":84.0,"start_time":1700783254926},{"heart_rate":85.0,"start_time":1700783255926},{"heart_rate":85.0,"start_time":1700783256926},{"heart_rate":85.0,"start_time":1700783257926},{"heart_rate":85.0,"start_time":1700783258926},{"heart_rate":85.0,"start_time":1700783259926},{"heart_rate":85.0,"start_time":1700783260926},{"heart_rate":85.0,"start_time":1700783261926},{"heart_rate":84.0,"start_time":1700783262926},{"heart_rate":84.0,"start_time":1700783263926},{"heart_rate":84.0,"start_time":1700783264926},{"heart_rate":82.0,"start_time":1700783265926},{"heart_rate":82.0,"start_time":1700783266926},{"heart_rate":81.0,"start_time":1700783267926},{"heart_rate":82.0,"start_time":1700783268926},{"heart_rate":82.0,"start_time":1700783269926},{"heart_rate":82.0,"start_time":1700783270926},{"heart_rate":83.0,"start_time":1700783271926},{"heart_rate":83.0,"start_time":1700783272926},{"heart_rate":83.0,"start_time":1700783273926},{"heart_rate":82.0,"start_time":1700783274926},{"heart_rate":81.0,"start_time":1700783275926},{"heart_rate":81.0,"start_time":1700783276926},{"heart_rate":81.0,"start_time":1700783277926},{"heart_rate":81.0,"start_time":1700783278926},{"heart_rate":80.0,"start_time":1700783279926},{"heart_rate":81.0,"start_time":1700783280926},{"heart_rate":80.0,"start_time":1700783281926},{"heart_rate":80.0,"start_time":1700783282926},{"heart_rate":79.0,"start_time":1700783283926},{"heart_rate":80.0,"start_time":1700783284926},{"heart_rate":80.0,"start_time":1700783285926},{"heart_rate":80.0,"start_time":1700783286926},{"heart_rate":80.0,"start_time":1700783287926},{"heart_rate":80.0,"start_time":1700783288926},{"heart_rate":81.0,"start_time":1700783289926},{"heart_rate":81.0,"start_time":1700783290926},{"heart_rate":81.0,"start_time":1700783291927},{"heart_rate":81.0,"start_time":1700783292926},{"heart_rate":81.0,"start_time":1700783293926},{"heart_rate":81.0,"start_time":1700783294926},{"heart_rate":81.0,"start_time":1700783295926},{"heart_rate":81.0,"start_time":1700783296926},{"heart_rate":81.0,"start_time":1700783297926},{"heart_rate":81.0,"start_time":1700783298926},{"heart_rate":81.0,"start_time":1700783299926},{"heart_rate":81.0,"start_time":1700783300926},{"heart_rate":81.0,"start_time":1700783301926},{"heart_rate":81.0,"start_time":1700783302926},{"heart_rate":81.0,"start_time":1700783303925},{"heart_rate":81.0,"start_time":1700783304926},{"heart_rate":81.0,"start_time":1700783305926},{"heart_rate":81.0,"start_time":1700783306926},{"heart_rate":81.0,"start_time":1700783307926},{"heart_rate":81.0,"start_time":1700783308926},{"heart_rate":81.0,"start_time":1700783309926},{"heart_rate":81.0,"start_time":1700783310926},{"heart_rate":81.0,"start_time":1700783311926},{"heart_rate":81.0,"start_time":1700783312926},{"heart_rate":81.0,"start_time":1700783313926},{"heart_rate":81.0,"start_time":1700783314925},{"heart_rate":80.0,"start_time":1700783315926},{"heart_rate":82.0,"start_time":1700783316926},{"heart_rate":82.0,"start_time":1700783317926},{"heart_rate":81.0,"start_time":1700783318926},{"heart_rate":81.0,"start_time":1700783319926},{"heart_rate":83.0,"start_time":1700783320926},{"heart_rate":83.0,"start_time":1700783321926},{"heart_rate":83.0,"start_time":1700783322926},{"heart_rate":82.0,"start_time":1700783323926},{"heart_rate":81.0,"start_time":1700783324926},{"heart_rate":83.0,"start_time":1700783325927},{"heart_rate":84.0,"start_time":1700783326926},{"heart_rate":85.0,"start_time":1700783327926},{"heart_rate":84.0,"start_time":1700783328926},{"heart_rate":86.0,"start_time":1700783329926},{"heart_rate":85.0,"start_time":1700783330926},{"heart_rate":84.0,"start_time":1700783331926},{"heart_rate":83.0,"start_time":1700783332926},{"heart_rate":83.0,"start_time":1700783333926},{"heart_rate":83.0,"start_time":1700783334926},{"heart_rate":85.0,"start_time":1700783335926},{"heart_rate":86.0,"start_time":1700783336926},{"heart_rate":85.0,"start_time":1700783337926},{"heart_rate":84.0,"start_time":1700783338926},{"heart_rate":83.0,"start_time":1700783339926},{"heart_rate":84.0,"start_time":1700783340926},{"heart_rate":85.0,"start_time":1700783341926},{"heart_rate":84.0,"start_time":1700783342926},{"heart_rate":84.0,"start_time":1700783343927},{"heart_rate":85.0,"start_time":1700783344926},{"heart_rate":86.0,"start_time":1700783345925},{"heart_rate":86.0,"start_time":1700783347926},{"heart_rate":83.0,"start_time":1700783365926},{"heart_rate":82.0,"start_time":1700783366926},{"heart_rate":82.0,"start_time":1700783367926},{"heart_rate":83.0,"start_time":1700783368926},{"heart_rate":83.0,"start_time":1700783369926},{"heart_rate":82.0,"start_time":1700783370925},{"heart_rate":82.0,"start_time":1700783371926},{"heart_rate":82.0,"start_time":1700783372926},{"heart_rate":83.0,"start_time":1700783373926},{"heart_rate":84.0,"start_time":1700783374926},{"heart_rate":87.0,"start_time":1700783376927},{"heart_rate":88.0,"start_time":1700783377926},{"heart_rate":88.0,"start_time":1700783378926},{"heart_rate":87.0,"start_time":1700783379926},{"heart_rate":86.0,"start_time":1700783380926},{"heart_rate":86.0,"start_time":1700783381926},{"heart_rate":86.0,"start_time":1700783382926},{"heart_rate":86.0,"start_time":1700783383926},{"heart_rate":87.0,"start_time":1700783384926},{"heart_rate":88.0,"start_time":1700783385926},{"heart_rate":87.0,"start_time":1700783386926},{"heart_rate":88.0,"start_time":1700783387926},{"heart_rate":87.0,"start_time":1700783388926},{"heart_rate":89.0,"start_time":1700783389926},{"heart_rate":89.0,"start_time":1700783390926},{"heart_rate":89.0,"start_time":1700783390926},{"heart_rate":89.0,"start_time":1700783410098},{"heart_rate":89.0,"start_time":1700783411098},{"heart_rate":89.0,"start_time":1700783412098},{"heart_rate":90.0,"start_time":1700783413098},{"heart_rate":90.0,"start_time":1700783414098},{"heart_rate":90.0,"start_time":1700783415098},{"heart_rate":90.0,"start_time":1700783416098},{"heart_rate":90.0,"start_time":1700783417098},{"heart_rate":90.0,"start_time":1700783418098},{"heart_rate":90.0,"start_time":1700783419098},{"heart_rate":90.0,"start_time":1700783420098},{"heart_rate":90.0,"start_time":1700783421098},{"heart_rate":90.0,"start_time":1700783422101},{"heart_rate":89.0,"start_time":1700783423107},{"heart_rate":90.0,"start_time":1700783424107},{"heart_rate":90.0,"start_time":1700783425110},{"heart_rate":90.0,"start_time":1700783426120},{"heart_rate":90.0,"start_time":1700783427118},{"heart_rate":90.0,"start_time":1700783428121},{"heart_rate":91.0,"start_time":1700783429338},{"heart_rate":92.0,"start_time":1700783430338},{"heart_rate":93.0,"start_time":1700783431338},{"heart_rate":93.0,"start_time":1700783432338},{"heart_rate":94.0,"start_time":1700783433338},{"heart_rate":94.0,"start_time":1700783434338},{"heart_rate":95.0,"start_time":1700783435338},{"heart_rate":95.0,"start_time":1700783436338},{"heart_rate":96.0,"start_time":1700783437338},{"heart_rate":97.0,"start_time":1700783438338},{"heart_rate":97.0,"start_time":1700783439338},{"heart_rate":97.0,"start_time":1700783440338},{"heart_rate":97.0,"start_time":1700783441338},{"heart_rate":97.0,"start_time":1700783442338},{"heart_rate":97.0,"start_time":1700783443338},{"heart_rate":97.0,"start_time":1700783444338},{"heart_rate":98.0,"start_time":1700783445338},{"heart_rate":98.0,"start_time":1700783446338},{"heart_rate":99.0,"start_time":1700783447338},{"heart_rate":99.0,"start_time":1700783448338},{"heart_rate":99.0,"start_time":1700783449338},{"heart_rate":99.0,"start_time":1700783450338},{"heart_rate":99.0,"start_time":1700783451338},{"heart_rate":100.0,"start_time":1700783452338},{"heart_rate":100.0,"start_time":1700783452338},{"heart_rate":100.0,"start_time":1700783453338},{"heart_rate":99.0,"start_time":1700783454338},{"heart_rate":99.0,"start_time":1700783455338},{"heart_rate":99.0,"start_time":1700783456338},{"heart_rate":99.0,"start_time":1700783457338},{"heart_rate":99.0,"start_time":1700783458338},{"heart_rate":98.0,"start_time":1700783459338},{"heart_rate":98.0,"start_time":1700783460338},{"heart_rate":97.0,"start_time":1700783461338},{"heart_rate":97.0,"start_time":1700783462338},{"heart_rate":97.0,"start_time":1700783463338},{"heart_rate":97.0,"start_time":1700783464338},{"heart_rate":98.0,"start_time":1700783465338},{"heart_rate":98.0,"start_time":1700783466338},{"heart_rate":98.0,"start_time":1700783467338},{"heart_rate":97.0,"start_time":1700783468338},{"heart_rate":97.0,"start_time":1700783469338},{"heart_rate":97.0,"start_time":1700783470338},{"heart_rate":96.0,"start_time":1700783471574},{"heart_rate":96.0,"start_time":1700783472574},{"heart_rate":96.0,"start_time":1700783473574},{"heart_rate":96.0,"start_time":1700783474574},{"heart_rate":95.0,"start_time":1700783475574},{"heart_rate":95.0,"start_time":1700783476574},{"heart_rate":95.0,"start_time":1700783477574},{"heart_rate":94.0,"start_time":1700783478574},{"heart_rate":94.0,"start_time":1700783479574},{"heart_rate":94.0,"start_time":1700783480574},{"heart_rate":93.0,"start_time":1700783481574},{"heart_rate":93.0,"start_time":1700783482574},{"heart_rate":93.0,"start_time":1700783483574},{"heart_rate":93.0,"start_time":1700783484574},{"heart_rate":93.0,"start_time":1700783485574},{"heart_rate":93.0,"start_time":1700783486574},{"heart_rate":93.0,"start_time":1700783487574},{"heart_rate":93.0,"start_time":1700783488574},{"heart_rate":93.0,"start_time":1700783489574},{"heart_rate":92.0,"start_time":1700783490574},{"heart_rate":92.0,"start_time":1700783491574},{"heart_rate":89.0,"start_time":1700783492574},{"heart_rate":86.0,"start_time":1700783493574},{"heart_rate":84.0,"start_time":1700783494574},{"heart_rate":83.0,"start_time":1700783495574},{"heart_rate":83.0,"start_time":1700783496574},{"heart_rate":82.0,"start_time":1700783497574},{"heart_rate":83.0,"start_time":1700783498574},{"heart_rate":83.0,"start_time":1700783499574},{"heart_rate":83.0,"start_time":1700783500574},{"heart_rate":83.0,"start_time":1700783501574},{"heart_rate":83.0,"start_time":1700783502574},{"heart_rate":83.0,"start_time":1700783503574},{"heart_rate":83.0,"start_time":1700783504574},{"heart_rate":84.0,"start_time":1700783505574},{"heart_rate":84.0,"start_time":1700783506574},{"heart_rate":84.0,"start_time":1700783507574},{"heart_rate":84.0,"start_time":1700783508574},{"heart_rate":84.0,"start_time":1700783509574},{"heart_rate":84.0,"start_time":1700783510599},{"heart_rate":84.0,"start_time":1700783511599},{"heart_rate":84.0,"start_time":1700783512599},{"heart_rate":84.0,"start_time":1700783513599},{"heart_rate":84.0,"start_time":1700783514599},{"heart_rate":84.0,"start_time":1700783515599},{"heart_rate":84.0,"start_time":1700783516599},{"heart_rate":84.0,"start_time":1700783518066},{"heart_rate":84.0,"start_time":1700783519066},{"heart_rate":84.0,"start_time":1700783520066},{"heart_rate":84.0,"start_time":1700783521066},{"heart_rate":83.0,"start_time":1700783522066},{"heart_rate":83.0,"start_time":1700783523066},{"heart_rate":83.0,"start_time":1700783524066},{"heart_rate":83.0,"start_time":1700783525066},{"heart_rate":84.0,"start_time":1700783526066},{"heart_rate":84.0,"start_time":1700783527066},{"heart_rate":84.0,"start_time":1700783528066},{"heart_rate":84.0,"start_time":1700783529066},{"heart_rate":84.0,"start_time":1700783530066},{"heart_rate":84.0,"start_time":1700783531066},{"heart_rate":85.0,"start_time":1700783532066},{"heart_rate":85.0,"start_time":1700783533066},{"heart_rate":85.0,"start_time":1700783534066},{"heart_rate":85.0,"start_time":1700783535066},{"heart_rate":85.0,"start_time":1700783536066},{"heart_rate":85.0,"start_time":1700783537066},{"heart_rate":85.0,"start_time":1700783538066},{"heart_rate":86.0,"start_time":1700783539066},{"heart_rate":86.0,"start_time":1700783540066},{"heart_rate":85.0,"start_time":1700783541066},{"heart_rate":86.0,"start_time":1700783542066},{"heart_rate":86.0,"start_time":1700783543066},{"heart_rate":86.0,"start_time":1700783544066},{"heart_rate":87.0,"start_time":1700783545066},{"heart_rate":88.0,"start_time":1700783546066},{"heart_rate":88.0,"start_time":1700783547066},{"heart_rate":88.0,"start_time":1700783548066},{"heart_rate":88.0,"start_time":1700783549066},{"heart_rate":88.0,"start_time":1700783550066},{"heart_rate":88.0,"start_time":1700783551066},{"heart_rate":88.0,"start_time":1700783552066},{"heart_rate":88.0,"start_time":1700783553066},{"heart_rate":87.0,"start_time":1700783554066},{"heart_rate":87.0,"start_time":1700783555066},{"heart_rate":87.0,"start_time":1700783556066},{"heart_rate":86.0,"start_time":1700783557066},{"heart_rate":86.0,"start_time":1700783558066},{"heart_rate":86.0,"start_time":1700783559066},{"heart_rate":86.0,"start_time":1700783560066},{"heart_rate":86.0,"start_time":1700783561066},{"heart_rate":86.0,"start_time":1700783562066},{"heart_rate":86.0,"start_time":1700783563066},{"heart_rate":85.0,"start_time":1700783564066},{"heart_rate":85.0,"start_time":1700783565066},{"heart_rate":85.0,"start_time":1700783566066},{"heart_rate":85.0,"start_time":1700783567066},{"heart_rate":85.0,"start_time":1700783568066},{"heart_rate":84.0,"start_time":1700783569066},{"heart_rate":84.0,"start_time":1700783570066},{"heart_rate":84.0,"start_time":1700783571066},{"heart_rate":84.0,"start_time":1700783572066},{"heart_rate":84.0,"start_time":1700783573066},{"heart_rate":84.0,"start_time":1700783574066},{"heart_rate":85.0,"start_time":1700783575066},{"heart_rate":85.0,"start_time":1700783576066},{"heart_rate":85.0,"start_time":1700783577066},{"heart_rate":85.0,"start_time":1700783578066},{"heart_rate":85.0,"start_time":1700783579066},{"heart_rate":85.0,"start_time":1700783580066},{"heart_rate":86.0,"start_time":1700783581066},{"heart_rate":86.0,"start_time":1700783582066},{"heart_rate":86.0,"start_time":1700783583066},{"heart_rate":86.0,"start_time":1700783584066},{"heart_rate":86.0,"start_time":1700783585066},{"heart_rate":86.0,"start_time":1700783586066},{"heart_rate":86.0,"start_time":1700783587066},{"heart_rate":86.0,"start_time":1700783588066},{"heart_rate":86.0,"start_time":1700783589066},{"heart_rate":87.0,"start_time":1700783590066},{"heart_rate":87.0,"start_time":1700783591066},{"heart_rate":87.0,"start_time":1700783592066},{"heart_rate":87.0,"start_time":1700783593066},{"heart_rate":87.0,"start_time":1700783594066},{"heart_rate":87.0,"start_time":1700783595071},{"heart_rate":87.0,"start_time":1700783597566},{"heart_rate":87.0,"start_time":1700783598566},{"heart_rate":86.0,"start_time":1700783599566},{"heart_rate":86.0,"start_time":1700783600566},{"heart_rate":86.0,"start_time":1700783601566},{"heart_rate":85.0,"start_time":1700783602566},{"heart_rate":85.0,"start_time":1700783603566},{"heart_rate":85.0,"start_time":1700783604566},{"heart_rate":85.0,"start_time":1700783605566},{"heart_rate":85.0,"start_time":1700783606566},{"heart_rate":85.0,"start_time":1700783607566},{"heart_rate":85.0,"start_time":1700783608566},{"heart_rate":85.0,"start_time":1700783609566},{"heart_rate":85.0,"start_time":1700783610566},{"heart_rate":85.0,"start_time":1700783611566},{"heart_rate":85.0,"start_time":1700783612566},{"heart_rate":85.0,"start_time":1700783613566},{"heart_rate":85.0,"start_time":1700783614566},{"heart_rate":85.0,"start_time":1700783615566},{"heart_rate":86.0,"start_time":1700783616566},{"heart_rate":85.0,"start_time":1700783617566},{"heart_rate":85.0,"start_time":1700783618566},{"heart_rate":85.0,"start_time":1700783619566},{"heart_rate":85.0,"start_time":1700783620566},{"heart_rate":85.0,"start_time":1700783621566},{"heart_rate":85.0,"start_time":1700783622566},{"heart_rate":85.0,"start_time":1700783623566},{"heart_rate":85.0,"start_time":1700783624566},{"heart_rate":85.0,"start_time":1700783625566},{"heart_rate":85.0,"start_time":1700783626566},{"heart_rate":85.0,"start_time":1700783627566},{"heart_rate":85.0,"start_time":1700783628566},{"heart_rate":85.0,"start_time":1700783629566},{"heart_rate":86.0,"start_time":1700783630566},{"heart_rate":86.0,"start_time":1700783631566},{"heart_rate":86.0,"start_time":1700783632566},{"heart_rate":86.0,"start_time":1700783633566},{"heart_rate":86.0,"start_time":1700783634566},{"heart_rate":86.0,"start_time":1700783635566},{"heart_rate":87.0,"start_time":1700783636566},{"heart_rate":87.0,"start_time":1700783637566},{"heart_rate":87.0,"start_time":1700783638566},{"heart_rate":87.0,"start_time":1700783639566},{"heart_rate":87.0,"start_time":1700783640566},{"heart_rate":87.0,"start_time":1700783641566},{"heart_rate":88.0,"start_time":1700783642566},{"heart_rate":88.0,"start_time":1700783643566},{"heart_rate":88.0,"start_time":1700783644566},{"heart_rate":88.0,"start_time":1700783645566},{"heart_rate":88.0,"start_time":1700783646566},{"heart_rate":88.0,"start_time":1700783647566},{"heart_rate":88.0,"start_time":1700783648566},{"heart_rate":88.0,"start_time":1700783649566},{"heart_rate":88.0,"start_time":1700783650566},{"heart_rate":88.0,"start_time":1700783651566},{"heart_rate":88.0,"start_time":1700783652566},{"heart_rate":88.0,"start_time":1700783653566},{"heart_rate":88.0,"start_time":1700783654566},{"heart_rate":88.0,"start_time":1700783655566},{"heart_rate":88.0,"start_time":1700783656566},{"heart_rate":88.0,"start_time":1700783657566},{"heart_rate":87.0,"start_time":1700783658566},{"heart_rate":87.0,"start_time":1700783659566},{"heart_rate":87.0,"start_time":1700783660566},{"heart_rate":87.0,"start_time":1700783661566},{"heart_rate":87.0,"start_time":1700783662566},{"heart_rate":87.0,"start_time":1700783663566},{"heart_rate":87.0,"start_time":1700783664566},{"heart_rate":86.0,"start_time":1700783665566},{"heart_rate":86.0,"start_time":1700783666566},{"heart_rate":86.0,"start_time":1700783667566},{"heart_rate":86.0,"start_time":1700783668566},{"heart_rate":86.0,"start_time":1700783669566},{"heart_rate":86.0,"start_time":1700783670566},{"heart_rate":86.0,"start_time":1700783671566},{"heart_rate":86.0,"start_time":1700783672566},{"heart_rate":86.0,"start_time":1700783673566},{"heart_rate":86.0,"start_time":1700783674566},{"heart_rate":86.0,"start_time":1700783675566},{"heart_rate":86.0,"start_time":1700783676566},{"heart_rate":86.0,"start_time":1700783677566},{"heart_rate":86.0,"start_time":1700783678566},{"heart_rate":86.0,"start_time":1700783679566},{"heart_rate":86.0,"start_time":1700783680566},{"heart_rate":86.0,"start_time":1700783681566},{"heart_rate":86.0,"start_time":1700783682566},{"heart_rate":86.0,"start_time":1700783683566},{"heart_rate":85.0,"start_time":1700783684566},{"heart_rate":85.0,"start_time":1700783685566},{"heart_rate":85.0,"start_time":1700783686566},{"heart_rate":86.0,"start_time":1700783687566},{"heart_rate":86.0,"start_time":1700783688566},{"heart_rate":86.0,"start_time":1700783689566},{"heart_rate":86.0,"start_time":1700783690566},{"heart_rate":86.0,"start_time":1700783691566},{"heart_rate":86.0,"start_time":1700783692566},{"heart_rate":86.0,"start_time":1700783693566},{"heart_rate":86.0,"start_time":1700783694566},{"heart_rate":86.0,"start_time":1700783695566},{"heart_rate":86.0,"start_time":1700783696566},{"heart_rate":86.0,"start_time":1700783697566},{"heart_rate":86.0,"start_time":1700783698566},{"heart_rate":86.0,"start_time":1700783699566},{"heart_rate":86.0,"start_time":1700783700566},{"heart_rate":86.0,"start_time":1700783701566},{"heart_rate":86.0,"start_time":1700783702566},{"heart_rate":86.0,"start_time":1700783703566},{"heart_rate":86.0,"start_time":1700783704566},{"heart_rate":86.0,"start_time":1700783705566},{"heart_rate":86.0,"start_time":1700783706566},{"heart_rate":86.0,"start_time":1700783707566},{"heart_rate":86.0,"start_time":1700783708566},{"heart_rate":86.0,"start_time":1700783709566},{"heart_rate":86.0,"start_time":1700783710566},{"heart_rate":86.0,"start_time":1700783711566},{"heart_rate":87.0,"start_time":1700783712566},{"heart_rate":87.0,"start_time":1700783713566},{"heart_rate":87.0,"start_time":1700783714566},{"heart_rate":87.0,"start_time":1700783715566},{"heart_rate":87.0,"start_time":1700783716566},{"heart_rate":87.0,"start_time":1700783717566},{"heart_rate":87.0,"start_time":1700783718566},{"heart_rate":87.0,"start_time":1700783719566},{"heart_rate":87.0,"start_time":1700783720566},{"heart_rate":87.0,"start_time":1700783721566},{"heart_rate":87.0,"start_time":1700783722566},{"heart_rate":87.0,"start_time":1700783723566},{"heart_rate":87.0,"start_time":1700783724566},{"heart_rate":87.0,"start_time":1700783725566},{"heart_rate":87.0,"start_time":1700783726566},{"heart_rate":87.0,"start_time":1700783727566},{"heart_rate":87.0,"start_time":1700783728566},{"heart_rate":87.0,"start_time":1700783729566},{"heart_rate":86.0,"start_time":1700783730566},{"heart_rate":86.0,"start_time":1700783731566},{"heart_rate":86.0,"start_time":1700783732566},{"heart_rate":86.0,"start_time":1700783733566},{"heart_rate":86.0,"start_time":1700783734566},{"heart_rate":86.0,"start_time":1700783735566},{"heart_rate":86.0,"start_time":1700783736566},{"heart_rate":86.0,"start_time":1700783737566},{"heart_rate":86.0,"start_time":1700783738566},{"heart_rate":86.0,"start_time":1700783739566},{"heart_rate":86.0,"start_time":1700783740566},{"heart_rate":86.0,"start_time":1700783741566},{"heart_rate":86.0,"start_time":1700783742566},{"heart_rate":86.0,"start_time":1700783743566},{"heart_rate":86.0,"start_time":1700783744566},{"heart_rate":86.0,"start_time":1700783745566},{"heart_rate":86.0,"start_time":1700783746566},{"heart_rate":86.0,"start_time":1700783747566},{"heart_rate":86.0,"start_time":1700783748566},{"heart_rate":86.0,"start_time":1700783749566},{"heart_rate":86.0,"start_time":1700783750566},{"heart_rate":86.0,"start_time":1700783751566},{"heart_rate":86.0,"start_time":1700783752566},{"heart_rate":86.0,"start_time":1700783753566},{"heart_rate":86.0,"start_time":1700783754566},{"heart_rate":86.0,"start_time":1700783755566},{"heart_rate":86.0,"start_time":1700783756566},{"heart_rate":86.0,"start_time":1700783757566},{"heart_rate":86.0,"start_time":1700783758566},{"heart_rate":86.0,"start_time":1700783759566},{"heart_rate":86.0,"start_time":1700783760566},{"heart_rate":86.0,"start_time":1700783761566},{"heart_rate":86.0,"start_time":1700783762566},{"heart_rate":85.0,"start_time":1700783763566},{"heart_rate":85.0,"start_time":1700783764566},{"heart_rate":85.0,"start_time":1700783765566},{"heart_rate":85.0,"start_time":1700783766566},{"heart_rate":85.0,"start_time":1700783767566},{"heart_rate":85.0,"start_time":1700783768566},{"heart_rate":85.0,"start_time":1700783769566},{"heart_rate":85.0,"start_time":1700783770566},{"heart_rate":85.0,"start_time":1700783771566},{"heart_rate":85.0,"start_time":1700783772566},{"heart_rate":85.0,"start_time":1700783773566},{"heart_rate":85.0,"start_time":1700783774566},{"heart_rate":85.0,"start_time":1700783775566},{"heart_rate":85.0,"start_time":1700783776566},{"heart_rate":85.0,"start_time":1700783777566},{"heart_rate":85.0,"start_time":1700783778566},{"heart_rate":85.0,"start_time":1700783779566},{"heart_rate":85.0,"start_time":1700783780566},{"heart_rate":85.0,"start_time":1700783781566},{"heart_rate":85.0,"start_time":1700783782566},{"heart_rate":85.0,"start_time":1700783783566},{"heart_rate":85.0,"start_time":1700783784566},{"heart_rate":85.0,"start_time":1700783785566},{"heart_rate":86.0,"start_time":1700783786566},{"heart_rate":86.0,"start_time":1700783787566},{"heart_rate":86.0,"start_time":1700783788566},{"heart_rate":87.0,"start_time":1700783789566},{"heart_rate":87.0,"start_time":1700783790566},{"heart_rate":87.0,"start_time":1700783791566},{"heart_rate":87.0,"start_time":1700783792566},{"heart_rate":87.0,"start_time":1700783793566},{"heart_rate":87.0,"start_time":1700783794566},{"heart_rate":87.0,"start_time":1700783795566},{"heart_rate":87.0,"start_time":1700783796566},{"heart_rate":87.0,"start_time":1700783797566},{"heart_rate":87.0,"start_time":1700783798566},{"heart_rate":87.0,"start_time":1700783799566},{"heart_rate":87.0,"start_time":1700783800566},{"heart_rate":87.0,"start_time":1700783801566},{"heart_rate":88.0,"start_time":1700783802566},{"heart_rate":88.0,"start_time":1700783803566},{"heart_rate":89.0,"start_time":1700783804566},{"heart_rate":89.0,"start_time":1700783805566},{"heart_rate":90.0,"start_time":1700783806566},{"heart_rate":91.0,"start_time":1700783807566},{"heart_rate":91.0,"start_time":1700783808566},{"heart_rate":91.0,"start_time":1700783809566},{"heart_rate":91.0,"start_time":1700783810566},{"heart_rate":91.0,"start_time":1700783811566},{"heart_rate":91.0,"start_time":1700783812566},{"heart_rate":91.0,"start_time":1700783813566},{"heart_rate":91.0,"start_time":1700783814566},{"heart_rate":92.0,"start_time":1700783815566},{"heart_rate":92.0,"start_time":1700783816566},{"heart_rate":92.0,"start_time":1700783817566},{"heart_rate":92.0,"start_time":1700783818566},{"heart_rate":92.0,"start_time":1700783819566},{"heart_rate":92.0,"start_time":1700783820566},{"heart_rate":92.0,"start_time":1700783821566},{"heart_rate":92.0,"start_time":1700783822566},{"heart_rate":92.0,"start_time":1700783823566},{"heart_rate":92.0,"start_time":1700783824566},{"heart_rate":92.0,"start_time":1700783825566},{"heart_rate":92.0,"start_time":1700783826566},{"heart_rate":92.0,"start_time":1700783827566},{"heart_rate":93.0,"start_time":1700783828566},{"heart_rate":93.0,"start_time":1700783829566},{"heart_rate":93.0,"start_time":1700783830566},{"heart_rate":93.0,"start_time":1700783831566},{"heart_rate":93.0,"start_time":1700783832566},{"heart_rate":93.0,"start_time":1700783833566},{"heart_rate":93.0,"start_time":1700783834566},{"heart_rate":93.0,"start_time":1700783835566},{"heart_rate":93.0,"start_time":1700783836566},{"heart_rate":93.0,"start_time":1700783837566},{"heart_rate":92.0,"start_time":1700783838566},{"heart_rate":92.0,"start_time":1700783839566},{"heart_rate":92.0,"start_time":1700783840566},{"heart_rate":91.0,"start_time":1700783841566},{"heart_rate":90.0,"start_time":1700783842566},{"heart_rate":89.0,"start_time":1700783843566},{"heart_rate":88.0,"start_time":1700783844566},{"heart_rate":87.0,"start_time":1700783845566},{"heart_rate":86.0,"start_time":1700783846566},{"heart_rate":85.0,"start_time":1700783847566},{"heart_rate":84.0,"start_time":1700783848570},{"heart_rate":83.0,"start_time":1700783849589},{"heart_rate":83.0,"start_time":1700783850589},{"heart_rate":84.0,"start_time":1700783851589},{"heart_rate":84.0,"start_time":1700783852589},{"heart_rate":85.0,"start_time":1700783853589},{"heart_rate":87.0,"start_time":1700783854589},{"heart_rate":88.0,"start_time":1700783855591},{"heart_rate":89.0,"start_time":1700783856593},{"heart_rate":90.0,"start_time":1700783857597},{"heart_rate":91.0,"start_time":1700783858599},{"heart_rate":91.0,"start_time":1700783859602},{"heart_rate":91.0,"start_time":1700783860606},{"heart_rate":91.0,"start_time":1700783861697},{"heart_rate":92.0,"start_time":1700783862697},{"heart_rate":92.0,"start_time":1700783863697},{"heart_rate":92.0,"start_time":1700783864697},{"heart_rate":92.0,"start_time":1700783865697},{"heart_rate":92.0,"start_time":1700783866697},{"heart_rate":92.0,"start_time":1700783867697},{"heart_rate":92.0,"start_time":1700783868697},{"heart_rate":92.0,"start_time":1700783869697},{"heart_rate":93.0,"start_time":1700783870697},{"heart_rate":93.0,"start_time":1700783871697},{"heart_rate":93.0,"start_time":1700783872697},{"heart_rate":92.0,"start_time":1700783873697},{"heart_rate":92.0,"start_time":1700783874697},{"heart_rate":92.0,"start_time":1700783875697},{"heart_rate":93.0,"start_time":1700783876697},{"heart_rate":93.0,"start_time":1700783877697},{"heart_rate":93.0,"start_time":1700783878700},{"heart_rate":93.0,"start_time":1700783879701},{"heart_rate":92.0,"start_time":1700783880704},{"heart_rate":90.0,"start_time":1700783881687},{"heart_rate":87.0,"start_time":1700783882687},{"heart_rate":84.0,"start_time":1700783883689},{"heart_rate":82.0,"start_time":1700783884692},{"heart_rate":80.0,"start_time":1700783886694},{"heart_rate":79.0,"start_time":1700783887696},{"heart_rate":79.0,"start_time":1700783888698},{"heart_rate":78.0,"start_time":1700783889699},{"heart_rate":78.0,"start_time":1700783890702},{"heart_rate":78.0,"start_time":1700783893353},{"heart_rate":78.0,"start_time":1700783894353},{"heart_rate":79.0,"start_time":1700783895353},{"heart_rate":79.0,"start_time":1700783896353},{"heart_rate":79.0,"start_time":1700783897353},{"heart_rate":79.0,"start_time":1700783898353},{"heart_rate":79.0,"start_time":1700783899353},{"heart_rate":79.0,"start_time":1700783900353},{"heart_rate":80.0,"start_time":1700783901353},{"heart_rate":81.0,"start_time":1700783902353},{"heart_rate":82.0,"start_time":1700783903353},{"heart_rate":83.0,"start_time":1700783904353},{"heart_rate":82.0,"start_time":1700783905353},{"heart_rate":82.0,"start_time":1700783906353},{"heart_rate":82.0,"start_time":1700783907353},{"heart_rate":82.0,"start_time":1700783908353},{"heart_rate":82.0,"start_time":1700783909353},{"heart_rate":84.0,"start_time":1700783910353},{"heart_rate":85.0,"start_time":1700783911353},{"heart_rate":85.0,"start_time":1700783912353},{"heart_rate":85.0,"start_time":1700783913353},{"heart_rate":85.0,"start_time":1700783914353},{"heart_rate":85.0,"start_time":1700783915353},{"heart_rate":85.0,"start_time":1700783916353},{"heart_rate":85.0,"start_time":1700783917353},{"heart_rate":84.0,"start_time":1700783918353},{"heart_rate":84.0,"start_time":1700783919353},{"heart_rate":83.0,"start_time":1700783920353},{"heart_rate":82.0,"start_time":1700783921353},{"heart_rate":82.0,"start_time":1700783922353},{"heart_rate":81.0,"start_time":1700783923353},{"heart_rate":81.0,"start_time":1700783924353},{"heart_rate":81.0,"start_time":1700783925353},{"heart_rate":81.0,"start_time":1700783926353},{"heart_rate":82.0,"start_time":1700783927353},{"heart_rate":82.0,"start_time":1700783928353},{"heart_rate":82.0,"start_time":1700783929353},{"heart_rate":82.0,"start_time":1700783930353},{"heart_rate":82.0,"start_time":1700783931353},{"heart_rate":83.0,"start_time":1700783932353},{"heart_rate":84.0,"start_time":1700783933353},{"heart_rate":85.0,"start_time":1700783934353},{"heart_rate":84.0,"start_time":1700783935353},{"heart_rate":84.0,"start_time":1700783936353},{"heart_rate":84.0,"start_time":1700783937353},{"heart_rate":84.0,"start_time":1700783938353},{"heart_rate":84.0,"start_time":1700783939353},{"heart_rate":84.0,"start_time":1700783940353},{"heart_rate":83.0,"start_time":1700783941353},{"heart_rate":82.0,"start_time":1700783942353},{"heart_rate":82.0,"start_time":1700783943353},{"heart_rate":82.0,"start_time":1700783944353},{"heart_rate":81.0,"start_time":1700783945353},{"heart_rate":80.0,"start_time":1700783946353},{"heart_rate":79.0,"start_time":1700783947353},{"heart_rate":78.0,"start_time":1700783948353},{"heart_rate":77.0,"start_time":1700783949353},{"heart_rate":77.0,"start_time":1700783950353},{"heart_rate":78.0,"start_time":1700783951353},{"heart_rate":79.0,"start_time":1700783952353},{"heart_rate":79.0,"start_time":1700783953353},{"heart_rate":79.0,"start_time":1700783954353},{"heart_rate":79.0,"start_time":1700783955353},{"heart_rate":80.0,"start_time":1700783956353},{"heart_rate":80.0,"start_time":1700783957353},{"heart_rate":80.0,"start_time":1700783958353},{"heart_rate":81.0,"start_time":1700783959353},{"heart_rate":81.0,"start_time":1700783960353},{"heart_rate":81.0,"start_time":1700783961353},{"heart_rate":82.0,"start_time":1700783962353},{"heart_rate":82.0,"start_time":1700783963353},{"heart_rate":82.0,"start_time":1700783964353},{"heart_rate":82.0,"start_time":1700783965353},{"heart_rate":82.0,"start_time":1700783966353},{"heart_rate":82.0,"start_time":1700783967353},{"heart_rate":82.0,"start_time":1700783968353},{"heart_rate":82.0,"start_time":1700783969353},{"heart_rate":82.0,"start_time":1700783970353},{"heart_rate":81.0,"start_time":1700783971353},{"heart_rate":81.0,"start_time":1700783972353},{"heart_rate":81.0,"start_time":1700783973353},{"heart_rate":81.0,"start_time":1700783974353},{"heart_rate":81.0,"start_time":1700783975353},{"heart_rate":81.0,"start_time":1700783976353},{"heart_rate":81.0,"start_time":1700783977353},{"heart_rate":81.0,"start_time":1700783978353},{"heart_rate":81.0,"start_time":1700783979353},{"heart_rate":81.0,"start_time":1700783980353},{"heart_rate":81.0,"start_time":1700783981353},{"heart_rate":81.0,"start_time":1700783982353},{"heart_rate":81.0,"start_time":1700783983353},{"heart_rate":81.0,"start_time":1700783984353},{"heart_rate":81.0,"start_time":1700783985353},{"heart_rate":81.0,"start_time":1700783986353},{"heart_rate":81.0,"start_time":1700783987353},{"heart_rate":81.0,"start_time":1700783988353},{"heart_rate":81.0,"start_time":1700783989353},{"heart_rate":81.0,"start_time":1700783990353},{"heart_rate":81.0,"start_time":1700783991353},{"heart_rate":81.0,"start_time":1700783992353},{"heart_rate":81.0,"start_time":1700783993353},{"heart_rate":81.0,"start_time":1700783994353},{"heart_rate":82.0,"start_time":1700783995353},{"heart_rate":82.0,"start_time":1700783996353},{"heart_rate":82.0,"start_time":1700783997353},{"heart_rate":82.0,"start_time":1700783998353},{"heart_rate":82.0,"start_time":1700783999353},{"heart_rate":83.0,"start_time":1700784000353},{"heart_rate":83.0,"start_time":1700784001353},{"heart_rate":83.0,"start_time":1700784002353},{"heart_rate":83.0,"start_time":1700784003353},{"heart_rate":84.0,"start_time":1700784004353},{"heart_rate":84.0,"start_time":1700784005353},{"heart_rate":84.0,"start_time":1700784006353},{"heart_rate":84.0,"start_time":1700784007353},{"heart_rate":84.0,"start_time":1700784008353},{"heart_rate":85.0,"start_time":1700784009353},{"heart_rate":86.0,"start_time":1700784010353},{"heart_rate":87.0,"start_time":1700784011353},{"heart_rate":87.0,"start_time":1700784012353},{"heart_rate":87.0,"start_time":1700784013353},{"heart_rate":87.0,"start_time":1700784014353},{"heart_rate":86.0,"start_time":1700784015353},{"heart_rate":86.0,"start_time":1700784016353},{"heart_rate":86.0,"start_time":1700784017353},{"heart_rate":86.0,"start_time":1700784018353},{"heart_rate":86.0,"start_time":1700784019353},{"heart_rate":86.0,"start_time":1700784020353},{"heart_rate":86.0,"start_time":1700784021353},{"heart_rate":86.0,"start_time":1700784022353},{"heart_rate":86.0,"start_time":1700784023353},{"heart_rate":86.0,"start_time":1700784024353},{"heart_rate":86.0,"start_time":1700784025353},{"heart_rate":85.0,"start_time":1700784026353},{"heart_rate":85.0,"start_time":1700784027353},{"heart_rate":85.0,"start_time":1700784028353},{"heart_rate":85.0,"start_time":1700784029353},{"heart_rate":85.0,"start_time":1700784030353},{"heart_rate":85.0,"start_time":1700784031353},{"heart_rate":85.0,"start_time":1700784032353},{"heart_rate":85.0,"start_time":1700784033353},{"heart_rate":85.0,"start_time":1700784034353},{"heart_rate":85.0,"start_time":1700784035353},{"heart_rate":85.0,"start_time":1700784036353},{"heart_rate":85.0,"start_time":1700784037353},{"heart_rate":85.0,"start_time":1700784038353},{"heart_rate":85.0,"start_time":1700784039353},{"heart_rate":85.0,"start_time":1700784040353},{"heart_rate":85.0,"start_time":1700784041353},{"heart_rate":85.0,"start_time":1700784042353},{"heart_rate":85.0,"start_time":1700784043353},{"heart_rate":85.0,"start_time":1700784044353},{"heart_rate":85.0,"start_time":1700784045353},{"heart_rate":85.0,"start_time":1700784046353},{"heart_rate":85.0,"start_time":1700784047353},{"heart_rate":85.0,"start_time":1700784048353},{"heart_rate":85.0,"start_time":1700784049353},{"heart_rate":85.0,"start_time":1700784050353},{"heart_rate":85.0,"start_time":1700784051353},{"heart_rate":85.0,"start_time":1700784052353},{"heart_rate":85.0,"start_time":1700784053353},{"heart_rate":85.0,"start_time":1700784054353},{"heart_rate":85.0,"start_time":1700784055353},{"heart_rate":85.0,"start_time":1700784056353},{"heart_rate":85.0,"start_time":1700784057353},{"heart_rate":85.0,"start_time":1700784058353},{"heart_rate":85.0,"start_time":1700784059353},{"heart_rate":85.0,"start_time":1700784060353},{"heart_rate":85.0,"start_time":1700784061353},{"heart_rate":85.0,"start_time":1700784062353},{"heart_rate":85.0,"start_time":1700784063353},{"heart_rate":85.0,"start_time":1700784064353},{"heart_rate":84.0,"start_time":1700784065353},{"heart_rate":84.0,"start_time":1700784066353},{"heart_rate":84.0,"start_time":1700784067353},{"heart_rate":84.0,"start_time":1700784068353},{"heart_rate":84.0,"start_time":1700784069353},{"heart_rate":84.0,"start_time":1700784070353},{"heart_rate":84.0,"start_time":1700784071353},{"heart_rate":84.0,"start_time":1700784072353},{"heart_rate":84.0,"start_time":1700784073353},{"heart_rate":84.0,"start_time":1700784074353},{"heart_rate":84.0,"start_time":1700784075353},{"heart_rate":84.0,"start_time":1700784076353},{"heart_rate":84.0,"start_time":1700784077353},{"heart_rate":84.0,"start_time":1700784078353},{"heart_rate":84.0,"start_time":1700784079353},{"heart_rate":85.0,"start_time":1700784080353},{"heart_rate":85.0,"start_time":1700784081353},{"heart_rate":84.0,"start_time":1700784082353},{"heart_rate":84.0,"start_time":1700784083353},{"heart_rate":84.0,"start_time":1700784084353},{"heart_rate":84.0,"start_time":1700784085353},{"heart_rate":84.0,"start_time":1700784086353},{"heart_rate":84.0,"start_time":1700784087353},{"heart_rate":84.0,"start_time":1700784088353},{"heart_rate":84.0,"start_time":1700784089353},{"heart_rate":83.0,"start_time":1700784090353},{"heart_rate":83.0,"start_time":1700784091353},{"heart_rate":83.0,"start_time":1700784092353},{"heart_rate":83.0,"start_time":1700784093353},{"heart_rate":83.0,"start_time":1700784094353},{"heart_rate":83.0,"start_time":1700784095353},{"heart_rate":83.0,"start_time":1700784096353},{"heart_rate":83.0,"start_time":1700784097353},{"heart_rate":83.0,"start_time":1700784098353},{"heart_rate":83.0,"start_time":1700784099353},{"heart_rate":83.0,"start_time":1700784100353},{"heart_rate":83.0,"start_time":1700784101353},{"heart_rate":83.0,"start_time":1700784102353},{"heart_rate":84.0,"start_time":1700784103353},{"heart_rate":84.0,"start_time":1700784104353},{"heart_rate":84.0,"start_time":1700784105353},{"heart_rate":85.0,"start_time":1700784106353},{"heart_rate":85.0,"start_time":1700784107353},{"heart_rate":85.0,"start_time":1700784108353},{"heart_rate":85.0,"start_time":1700784109353},{"heart_rate":85.0,"start_time":1700784110353},{"heart_rate":85.0,"start_time":1700784111353},{"heart_rate":86.0,"start_time":1700784112353},{"heart_rate":86.0,"start_time":1700784113353},{"heart_rate":86.0,"start_time":1700784114353},{"heart_rate":86.0,"start_time":1700784115353},{"heart_rate":86.0,"start_time":1700784116353},{"heart_rate":86.0,"start_time":1700784117353},{"heart_rate":86.0,"start_time":1700784118353},{"heart_rate":86.0,"start_time":1700784119353},{"heart_rate":86.0,"start_time":1700784120353},{"heart_rate":86.0,"start_time":1700784121353},{"heart_rate":86.0,"start_time":1700784122353},{"heart_rate":86.0,"start_time":1700784123353},{"heart_rate":86.0,"start_time":1700784124353},{"heart_rate":86.0,"start_time":1700784125353},{"heart_rate":86.0,"start_time":1700784126353},{"heart_rate":86.0,"start_time":1700784127353},{"heart_rate":86.0,"start_time":1700784128353},{"heart_rate":86.0,"start_time":1700784129353},{"heart_rate":86.0,"start_time":1700784130353},{"heart_rate":86.0,"start_time":1700784131353},{"heart_rate":87.0,"start_time":1700784132353},{"heart_rate":87.0,"start_time":1700784133353},{"heart_rate":87.0,"start_time":1700784134353},{"heart_rate":87.0,"start_time":1700784135353},{"heart_rate":87.0,"start_time":1700784136353},{"heart_rate":87.0,"start_time":1700784137353},{"heart_rate":87.0,"start_time":1700784138353},{"heart_rate":87.0,"start_time":1700784139353},{"heart_rate":87.0,"start_time":1700784140353},{"heart_rate":87.0,"start_time":1700784141353},{"heart_rate":87.0,"start_time":1700784142353},{"heart_rate":87.0,"start_time":1700784143353},{"heart_rate":87.0,"start_time":1700784144353},{"heart_rate":87.0,"start_time":1700784145353},{"heart_rate":87.0,"start_time":1700784146353},{"heart_rate":87.0,"start_time":1700784147353},{"heart_rate":87.0,"start_time":1700784148353},{"heart_rate":87.0,"start_time":1700784149353},{"heart_rate":87.0,"start_time":1700784150353},{"heart_rate":86.0,"start_time":1700784151353},{"heart_rate":86.0,"start_time":1700784152353},{"heart_rate":86.0,"start_time":1700784153353},{"heart_rate":86.0,"start_time":1700784154353},{"heart_rate":86.0,"start_time":1700784155353},{"heart_rate":85.0,"start_time":1700784156353},{"heart_rate":86.0,"start_time":1700784157353},{"heart_rate":86.0,"start_time":1700784158353},{"heart_rate":87.0,"start_time":1700784160859},{"heart_rate":87.0,"start_time":1700784161859},{"heart_rate":86.0,"start_time":1700784162859},{"heart_rate":86.0,"start_time":1700784163859},{"heart_rate":86.0,"start_time":1700784164859},{"heart_rate":86.0,"start_time":1700784165859},{"heart_rate":86.0,"start_time":1700784166859},{"heart_rate":86.0,"start_time":1700784167859},{"heart_rate":86.0,"start_time":1700784168859},{"heart_rate":85.0,"start_time":1700784169859},{"heart_rate":85.0,"start_time":1700784170859},{"heart_rate":84.0,"start_time":1700784171859},{"heart_rate":84.0,"start_time":1700784172859},{"heart_rate":83.0,"start_time":1700784173859},{"heart_rate":83.0,"start_time":1700784174859},{"heart_rate":83.0,"start_time":1700784175859},{"heart_rate":83.0,"start_time":1700784176859},{"heart_rate":83.0,"start_time":1700784177859},{"heart_rate":83.0,"start_time":1700784178859},{"heart_rate":84.0,"start_time":1700784179859},{"heart_rate":84.0,"start_time":1700784180859},{"heart_rate":85.0,"start_time":1700784181859},{"heart_rate":85.0,"start_time":1700784182859},{"heart_rate":85.0,"start_time":1700784183859},{"heart_rate":85.0,"start_time":1700784184859},{"heart_rate":85.0,"start_time":1700784185859},{"heart_rate":86.0,"start_time":1700784186859},{"heart_rate":86.0,"start_time":1700784187859},{"heart_rate":86.0,"start_time":1700784188859},{"heart_rate":86.0,"start_time":1700784189859},{"heart_rate":86.0,"start_time":1700784190859},{"heart_rate":86.0,"start_time":1700784191859},{"heart_rate":87.0,"start_time":1700784192859},{"heart_rate":87.0,"start_time":1700784193859},{"heart_rate":87.0,"start_time":1700784194859},{"heart_rate":87.0,"start_time":1700784195859},{"heart_rate":87.0,"start_time":1700784196859},{"heart_rate":87.0,"start_time":1700784197859},{"heart_rate":86.0,"start_time":1700784198859},{"heart_rate":86.0,"start_time":1700784199859},{"heart_rate":85.0,"start_time":1700784200859},{"heart_rate":85.0,"start_time":1700784201859},{"heart_rate":85.0,"start_time":1700784202859},{"heart_rate":84.0,"start_time":1700784203859},{"heart_rate":84.0,"start_time":1700784204859},{"heart_rate":84.0,"start_time":1700784205859},{"heart_rate":82.0,"start_time":1700784206859},{"heart_rate":82.0,"start_time":1700784207859},{"heart_rate":81.0,"start_time":1700784208859},{"heart_rate":80.0,"start_time":1700784209859},{"heart_rate":80.0,"start_time":1700784210859},{"heart_rate":79.0,"start_time":1700784211859},{"heart_rate":79.0,"start_time":1700784212859},{"heart_rate":79.0,"start_time":1700784213859},{"heart_rate":79.0,"start_time":1700784214859},{"heart_rate":79.0,"start_time":1700784215859},{"heart_rate":79.0,"start_time":1700784216859},{"heart_rate":79.0,"start_time":1700784217859},{"heart_rate":79.0,"start_time":1700784218859},{"heart_rate":79.0,"start_time":1700784219859},{"heart_rate":78.0,"start_time":1700784220859},{"heart_rate":78.0,"start_time":1700784221859},{"heart_rate":78.0,"start_time":1700784222859},{"heart_rate":78.0,"start_time":1700784223859},{"heart_rate":78.0,"start_time":1700784224859},{"heart_rate":77.0,"start_time":1700784225859},{"heart_rate":77.0,"start_time":1700784226859},{"heart_rate":77.0,"start_time":1700784227859},{"heart_rate":77.0,"start_time":1700784228859},{"heart_rate":77.0,"start_time":1700784229859},{"heart_rate":77.0,"start_time":1700784230859},{"heart_rate":77.0,"start_time":1700784231859},{"heart_rate":77.0,"start_time":1700784232859},{"heart_rate":77.0,"start_time":1700784233859},{"heart_rate":77.0,"start_time":1700784234859},{"heart_rate":77.0,"start_time":1700784235859},{"heart_rate":77.0,"start_time":1700784236859},{"heart_rate":77.0,"start_time":1700784237859},{"heart_rate":77.0,"start_time":1700784238859},{"heart_rate":77.0,"start_time":1700784239859},{"heart_rate":77.0,"start_time":1700784240859},{"heart_rate":78.0,"start_time":1700784241859},{"heart_rate":78.0,"start_time":1700784242859},{"heart_rate":78.0,"start_time":1700784243859},{"heart_rate":78.0,"start_time":1700784244859},{"heart_rate":78.0,"start_time":1700784245859},{"heart_rate":78.0,"start_time":1700784246859},{"heart_rate":78.0,"start_time":1700784247859},{"heart_rate":79.0,"start_time":1700784248859},{"heart_rate":79.0,"start_time":1700784249859},{"heart_rate":79.0,"start_time":1700784250859},{"heart_rate":79.0,"start_time":1700784251859},{"heart_rate":79.0,"start_time":1700784252859},{"heart_rate":80.0,"start_time":1700784253859},{"heart_rate":80.0,"start_time":1700784254859},{"heart_rate":80.0,"start_time":1700784255859},{"heart_rate":80.0,"start_time":1700784256859},{"heart_rate":80.0,"start_time":1700784257859},{"heart_rate":81.0,"start_time":1700784258859},{"heart_rate":81.0,"start_time":1700784259860},{"heart_rate":82.0,"start_time":1700784261636},{"heart_rate":82.0,"start_time":1700784262636},{"heart_rate":83.0,"start_time":1700784263636},{"heart_rate":83.0,"start_time":1700784264636},{"heart_rate":84.0,"start_time":1700784265636},{"heart_rate":84.0,"start_time":1700784266636},{"heart_rate":85.0,"start_time":1700784267636},{"heart_rate":85.0,"start_time":1700784268636},{"heart_rate":85.0,"start_time":1700784269636},{"heart_rate":86.0,"start_time":1700784270636},{"heart_rate":86.0,"start_time":1700784271636},{"heart_rate":85.0,"start_time":1700784272636},{"heart_rate":85.0,"start_time":1700784273636},{"heart_rate":84.0,"start_time":1700784274636},{"heart_rate":84.0,"start_time":1700784275636},{"heart_rate":83.0,"start_time":1700784276636},{"heart_rate":83.0,"start_time":1700784277636},{"heart_rate":83.0,"start_time":1700784278636},{"heart_rate":83.0,"start_time":1700784279636},{"heart_rate":83.0,"start_time":1700784280636},{"heart_rate":83.0,"start_time":1700784281636},{"heart_rate":83.0,"start_time":1700784282636},{"heart_rate":84.0,"start_time":1700784283636},{"heart_rate":83.0,"start_time":1700784284636},{"heart_rate":84.0,"start_time":1700784285636},{"heart_rate":84.0,"start_time":1700784286636},{"heart_rate":84.0,"start_time":1700784287636},{"heart_rate":85.0,"start_time":1700784288636},{"heart_rate":85.0,"start_time":1700784289636},{"heart_rate":85.0,"start_time":1700784290636},{"heart_rate":86.0,"start_time":1700784291636},{"heart_rate":86.0,"start_time":1700784293796},{"heart_rate":87.0,"start_time":1700784294796},{"heart_rate":86.0,"start_time":1700784295796},{"heart_rate":86.0,"start_time":1700784296796},{"heart_rate":86.0,"start_time":1700784297796},{"heart_rate":86.0,"start_time":1700784298796},{"heart_rate":86.0,"start_time":1700784299796},{"heart_rate":86.0,"start_time":1700784300796},{"heart_rate":86.0,"start_time":1700784301796},{"heart_rate":86.0,"start_time":1700784302796},{"heart_rate":85.0,"start_time":1700784303796},{"heart_rate":85.0,"start_time":1700784304796},{"heart_rate":84.0,"start_time":1700784305796},{"heart_rate":83.0,"start_time":1700784306796},{"heart_rate":83.0,"start_time":1700784307796},{"heart_rate":82.0,"start_time":1700784308796},{"heart_rate":83.0,"start_time":1700784309796},{"heart_rate":83.0,"start_time":1700784310796},{"heart_rate":83.0,"start_time":1700784311796},{"heart_rate":84.0,"start_time":1700784312796},{"heart_rate":84.0,"start_time":1700784313796},{"heart_rate":83.0,"start_time":1700784314796},{"heart_rate":83.0,"start_time":1700784315796},{"heart_rate":83.0,"start_time":1700784316796},{"heart_rate":83.0,"start_time":1700784317796},{"heart_rate":84.0,"start_time":1700784318796},{"heart_rate":84.0,"start_time":1700784319796},{"heart_rate":84.0,"start_time":1700784320796},{"heart_rate":84.0,"start_time":1700784321796},{"heart_rate":84.0,"start_time":1700784322796},{"heart_rate":85.0,"start_time":1700784323796},{"heart_rate":86.0,"start_time":1700784324796},{"heart_rate":87.0,"start_time":1700784325796},{"heart_rate":89.0,"start_time":1700784326796},{"heart_rate":90.0,"start_time":1700784327796},{"heart_rate":91.0,"start_time":1700784328796},{"heart_rate":91.0,"start_time":1700784329796},{"heart_rate":91.0,"start_time":1700784330796},{"heart_rate":91.0,"start_time":1700784331796},{"heart_rate":91.0,"start_time":1700784332796},{"heart_rate":90.0,"start_time":1700784333796},{"heart_rate":88.0,"start_time":1700784334796},{"heart_rate":86.0,"start_time":1700784335796},{"heart_rate":85.0,"start_time":1700784336796},{"heart_rate":83.0,"start_time":1700784337796},{"heart_rate":82.0,"start_time":1700784338796},{"heart_rate":81.0,"start_time":1700784339796},{"heart_rate":81.0,"start_time":1700784340796},{"heart_rate":81.0,"start_time":1700784341796},{"heart_rate":81.0,"start_time":1700784342796},{"heart_rate":82.0,"start_time":1700784343796},{"heart_rate":82.0,"start_time":1700784344796},{"heart_rate":83.0,"start_time":1700784345796},{"heart_rate":83.0,"start_time":1700784346796},{"heart_rate":84.0,"start_time":1700784347796},{"heart_rate":84.0,"start_time":1700784348796},{"heart_rate":84.0,"start_time":1700784349796},{"heart_rate":84.0,"start_time":1700784350796},{"heart_rate":84.0,"start_time":1700784351796},{"heart_rate":83.0,"start_time":1700784352796},{"heart_rate":83.0,"start_time":1700784353796},{"heart_rate":83.0,"start_time":1700784354796},{"heart_rate":83.0,"start_time":1700784355796},{"heart_rate":83.0,"start_time":1700784356796},{"heart_rate":82.0,"start_time":1700784357796},{"heart_rate":83.0,"start_time":1700784358796},{"heart_rate":82.0,"start_time":1700784359796},{"heart_rate":82.0,"start_time":1700784360796},{"heart_rate":82.0,"start_time":1700784361796},{"heart_rate":82.0,"start_time":1700784362796},{"heart_rate":82.0,"start_time":1700784363796},{"heart_rate":82.0,"start_time":1700784364796},{"heart_rate":82.0,"start_time":1700784365796},{"heart_rate":82.0,"start_time":1700784366796},{"heart_rate":82.0,"start_time":1700784367796},{"heart_rate":82.0,"start_time":1700784368796},{"heart_rate":83.0,"start_time":1700784369796},{"heart_rate":83.0,"start_time":1700784370796},{"heart_rate":83.0,"start_time":1700784371796},{"heart_rate":83.0,"start_time":1700784372796},{"heart_rate":84.0,"start_time":1700784373796},{"heart_rate":84.0,"start_time":1700784374796},{"heart_rate":85.0,"start_time":1700784375796},{"heart_rate":85.0,"start_time":1700784376796},{"heart_rate":85.0,"start_time":1700784377796},{"heart_rate":85.0,"start_time":1700784378796},{"heart_rate":84.0,"start_time":1700784379796},{"heart_rate":84.0,"start_time":1700784380796},{"heart_rate":84.0,"start_time":1700784381796},{"heart_rate":84.0,"start_time":1700784382796},{"heart_rate":84.0,"start_time":1700784383796},{"heart_rate":84.0,"start_time":1700784384796},{"heart_rate":84.0,"start_time":1700784385796},{"heart_rate":85.0,"start_time":1700784386796},{"heart_rate":84.0,"start_time":1700784387796},{"heart_rate":84.0,"start_time":1700784388796},{"heart_rate":84.0,"start_time":1700784389796},{"heart_rate":84.0,"start_time":1700784390796},{"heart_rate":84.0,"start_time":1700784392714},{"heart_rate":83.0,"start_time":1700784393714},{"heart_rate":83.0,"start_time":1700784394714},{"heart_rate":82.0,"start_time":1700784395714},{"heart_rate":82.0,"start_time":1700784396714},{"heart_rate":82.0,"start_time":1700784397714},{"heart_rate":81.0,"start_time":1700784398714},{"heart_rate":81.0,"start_time":1700784399714},{"heart_rate":81.0,"start_time":1700784400714},{"heart_rate":81.0,"start_time":1700784401714},{"heart_rate":81.0,"start_time":1700784402714},{"heart_rate":80.0,"start_time":1700784403714},{"heart_rate":80.0,"start_time":1700784404714},{"heart_rate":80.0,"start_time":1700784405714},{"heart_rate":81.0,"start_time":1700784406714},{"heart_rate":81.0,"start_time":1700784407714},{"heart_rate":80.0,"start_time":1700784408716},{"heart_rate":80.0,"start_time":1700784409718},{"heart_rate":79.0,"start_time":1700784410719},{"heart_rate":80.0,"start_time":1700784411721},{"heart_rate":80.0,"start_time":1700784413327},{"heart_rate":80.0,"start_time":1700784414327},{"heart_rate":79.0,"start_time":1700784415327},{"heart_rate":80.0,"start_time":1700784416327},{"heart_rate":80.0,"start_time":1700784417327},{"heart_rate":79.0,"start_time":1700784418327},{"heart_rate":79.0,"start_time":1700784419327},{"heart_rate":78.0,"start_time":1700784420327},{"heart_rate":78.0,"start_time":1700784421327},{"heart_rate":77.0,"start_time":1700784422327},{"heart_rate":77.0,"start_time":1700784423327},{"heart_rate":77.0,"start_time":1700784424327},{"heart_rate":77.0,"start_time":1700784425327},{"heart_rate":77.0,"start_time":1700784426327},{"heart_rate":77.0,"start_time":1700784427327},{"heart_rate":77.0,"start_time":1700784428327},{"heart_rate":77.0,"start_time":1700784429327},{"heart_rate":78.0,"start_time":1700784430327},{"heart_rate":78.0,"start_time":1700784431327},{"heart_rate":78.0,"start_time":1700784432327},{"heart_rate":78.0,"start_time":1700784433327},{"heart_rate":79.0,"start_time":1700784434327},{"heart_rate":79.0,"start_time":1700784435327},{"heart_rate":80.0,"start_time":1700784436327},{"heart_rate":80.0,"start_time":1700784437327},{"heart_rate":80.0,"start_time":1700784438327},{"heart_rate":80.0,"start_time":1700784439327},{"heart_rate":80.0,"start_time":1700784440327},{"heart_rate":80.0,"start_time":1700784441327},{"cadence":39.0,"speed":1.2448734,"start_time":1700783244514},{"cadence":36.0,"speed":1.2777778,"start_time":1700783303514},{"cadence":73.0,"speed":1.3333334,"start_time":1700783363514},{"cadence":39.0,"speed":1.0769113,"start_time":1700783423514},{"cadence":38.0,"speed":1.1782281,"start_time":1700783483514},{"cadence":106.0,"speed":1.3333334,"start_time":1700783543514},{"cadence":107.0,"speed":1.2726667,"start_time":1700783603514},{"cadence":110.0,"speed":1.32,"start_time":1700783663514},{"cadence":110.0,"speed":1.32,"start_time":1700783663514},{"cadence":108.0,"speed":1.3055556,"start_time":1700783723514},{"cadence":23.0,"speed":1.25,"start_time":1700783783514},{"cadence":38.0,"speed":1.0719099,"start_time":1700783843514},{"cadence":13.0,"speed":1.3333334,"start_time":1700783903514},{"cadence":100.0,"speed":1.4444444,"start_time":1700783963514},{"cadence":100.0,"speed":1.4444444,"start_time":1700783963514},{"cadence":108.0,"speed":1.3333334,"start_time":1700784023514},{"cadence":108.0,"speed":1.2803334,"start_time":1700784083514},{"cadence":25.0,"speed":1.0611838,"start_time":1700784143514},{"cadence":94.0,"speed":1.25,"start_time":1700784203514},{"cadence":47.0,"speed":1.2540553,"start_time":1700784263514},{"cadence":85.0,"speed":1.3055556,"start_time":1700784323514},{"cadence":33.58209,"speed":1.0277778,"start_time":1700784383514},{"cadence":33.58209,"speed":1.0277778,"start_time":1700784383514}]