[{"elapsed_time":411,"segment":1,"source_type":4,"start_time":1700783243925},{"elapsed_time":1412,"segment":1,"source_type":4,"start_time":1700783244926},{"elapsed_time":2412,"segment":1,"source_type":4,"start_time":1700783245926},{"elapsed_time":3412,"segment":1,"source_type":4,"start_time":1700783246926},{"elapsed_time":4412,"segment":1,"source_type":4,"start_time":1700783247926},{"elapsed_time":5412,"segment":1,"source_type":4,"start_time":1700783248926},{"elapsed_time":6412,"segment":1,"source_type":4,"start_time":1700783249926},{"elapsed_time":7412,"segment":1,"source_type":4,"start_time":1700783250926},{"elapsed_time":8412,"segment":1,"source_type":4,"start_time":1700783251926},{"elapsed_time":9412,"segment":1,"source_type":4,"start_time":1700783252926},{"elapsed_time":10412,"segment":1,"source_type":4,"start_time":1700783253926},{"elapsed_time":11412,"segment":1,"source_type":4,"start_time":1700783254926},{"elapsed_time":12412,"segment":1,"source_type":4,"start_time":1700783255926},{"elapsed_time":13412,"segment":1,"source_type":4,"start_time":1700783256926},{"elapsed_time":14412,"segment":1,"source_type":4,"start_time":1700783257926},{"elapsed_time":15412,"segment":1,"source_type":4,"start_time":1700783258926},{"elapsed_time":16412,"segment":1,"source_type":4,"start_time":1700783259926},{"elapsed_time":17412,"segment":1,"source_type":4,"start_time":1700783260926},{"elapsed_time":18412,"segment":1,"source_type":4,"start_time":1700783261926},{"elapsed_time":19412,"segment":1,"source_type":4,"start_time":1700783262926},{"elapsed_time":20412,"segment":1,"source_type":4,"start_time":1700783263926},{"elapsed_time":21412,"segment":1,"source_type":4,"start_time":1700783264926},{"elapsed_time":22412,"segment":1,"source_type":4,"start_time":1700783265926},{"elapsed_time":23412,"segment":1,"source_type":4,"start_time":1700783266926},{"elapsed_time":24412,"segment":1,"source_type":4,"start_time":1700783267926},{"elapsed_time":25412,"segment":1,"source_type":4,"start_time":1700783268926},{"elapsed_time":26412,"segment":1,"source_type":4,"start_time":1700783269926},{"elapsed_time":27412,"segment":1,"source_type":4,"start_time":1700783270926},{"elapsed_time":28412,"segment":1,"source_type":4,"start_time":1700783271926},{"elapsed_time":29412,"segment":1,"source_type":4,"start_time":1700783272926},{"elapsed_time":30412,"segment":1,"source_type":4,"start_time":1700783273926},{"elapsed_time":31412,"segment":1,"source_type":4,"start_time":1700783274926},{"elapsed_time":32412,"segment":1,"source_type":4,"start_time":1700783275926},{"elapsed_time":33412,"segment":1,"source_type":4,"start_time":1700783276926},{"elapsed_time":34412,"segment":1,"source_type":4,"start_time":1700783277926},{"elapsed_time":35412,"segment":1,"source_type":4,"start_time":1700783278926},{"elapsed_time":36412,"segment":1,"source_type":4,"start_time":1700783279926},{"elapsed_time":37412,"segment":1,"source_type":4,"start_time":1700783280926},{"elapsed_time":38412,"segment":1,"source_type":4,"start_time":1700783281926},{"elapsed_time":39412,"segment":1,"source_type":4,"start_time":1700783282926},{"elapsed_time":40412,"segment":1,"source_type":4,"start_time":1700783283926},{"elapsed_time":41412,"segment":1,"source_type":4,"start_time":1700783284926},{"elapsed_time":42412,"segment":1,"source_type":4,"start_time":1700783285926},{"elapsed_time":43412,"segment":1,"source_type":4,"start_time":1700783286926},{"elapsed_time":44412,"segment":1,"source_type":4,"start_time":1700783287926},{"elapsed_time":45412,"segment":1,"source_type":4,"start_time":1700783288926},{"elapsed_time":46412,"segment":1,"source_type":4,"start_time":1700783289926},{"elapsed_time":47412,"segment":1,"source_type":4,"start_time":1700783290926},{"elapsed_time":48413,"segment":1,"source_type":4,"start_time":1700783291927},{"elapsed_time":49412,"segment":1,"source_type":4,"start_time":1700783292926},{"elapsed_time":50412,"segment":1,"source_type":4,"start_time":1700783293926},{"elapsed_time":51412,"segment":1,"source_type":4,"start_time":1700783294926},{"elapsed_time":52412,"segment":1,"source_type":4,"start_time":1700783295926},{"elapsed_time":53412,"segment":1,"source_type":4,"start_time":1700783296926},{"elapsed_time":54412,"segment":1,"source_type":4,"start_time":1700783297926},{"elapsed_time":55412,"segment":1,"source_type":4,"start_time":1700783298926},{"elapsed_time":56412,"segment":1,"source_type":4,"start_time":1700783299926},{"elapsed_time":57412,"segment":1,"source_type":4,"start_time":1700783300926},{"elapsed_time":58412,"segment":1,"source_type":4,"start_time":1700783301926},{"elapsed_time":59412,"segment":1,"source_type":4,"start_time":1700783302926},{"elapsed_time":60411,"segment":1,"source_type":4,"start_time":1700783303925},{"elapsed_time":61412,"segment":1,"source_type":4,"start_time":1700783304926},{"elapsed_time":62412,"segment":1,"source_type":4,"start_time":1700783305926},{"elapsed_time":63412,"segment":1,"source_type":4,"start_time":1700783306926},{"elapsed_time":64412,"segment":1,"source_type":4,"start_time":1700783307926},{"elapsed_time":65412,"segment":1,"source_type":4,"start_time":1700783308926},{"elapsed_time":66412,"segment":1,"source_type":4,"start_time":1700783309926},{"elapsed_time":67412,"segment":1,"source_type":4,"start_time":1700783310926},{"elapsed_time":68412,"segment":1,"source_type":4,"start_time":1700783311926},{"elapsed_time":69412,"segment":1,"source_type":4,"start_time":1700783312926},{"elapsed_time":70412,"segment":1,"source_type":4,"start_time":1700783313926},{"elapsed_time":71411,"segment":1,"source_type":4,"start_time":1700783314925},{"elapsed_time":72412,"segment":1,"source_type":4,"start_time":1700783315926},{"elapsed_time":73412,"segment":1,"source_type":4,"start_time":1700783316926},{"elapsed_time":74412,"segment":1,"source_type":4,"start_time":1700783317926},{"elapsed_time":75412,"segment":1,"source_type":4,"start_time":1700783318926},{"elapsed_time":76412,"segment":1,"source_type":4,"start_time":1700783319926},{"elapsed_time":77412,"segment":1,"source_type":4,"start_time":1700783320926},{"elapsed_time":78412,"segment":1,"source_type":4,"start_time":1700783321926},{"elapsed_time":79412,"segment":1,"source_type":4,"start_time":1700783322926},{"elapsed_time":80412,"segment":1,"source_type":4,"start_time":1700783323926},{"elapsed_time":81412,"segment":1,"source_type":4,"start_time":1700783324926},{"elapsed_time":82413,"segment":1,"source_type":4,"start_time":1700783325927},{"elapsed_time":83412,"segment":1,"source_type":4,"start_time":1700783326926},{"elapsed_time":84412,"segment":1,"source_type":4,"start_time":1700783327926},{"elapsed_time":85412,"segment":1,"source_type":4,"start_time":1700783328926},{"elapsed_time":86412,"segment":1,"source_type":4,"start_time":1700783329926},{"elapsed_time":87412,"segment":1,"source_type":4,"start_time":1700783330926},{"elapsed_time":88412,"segment":1,"source_type":4,"start_time":1700783331926},{"elapsed_time":89412,"segment":1,"source_type":4,"start_time":1700783332926},{"elapsed_time":90412,"segment":1,"source_type":4,"start_time":1700783333926},{"elapsed_time":91412,"segment":1,"source_type":4,"start_time":1700783334926},{"elapsed_time":92412,"segment":1,"source_type":4,"start_time":1700783335926},{"elapsed_time":93412,"segment":1,"source_type":4,"start_time":1700783336926},{"elapsed_time":94412,"segment":1,"source_type":4,"start_time":1700783337926},{"elapsed_time":95412,"segment":1,"source_type":4,"start_time":1700783338926},{"elapsed_time":96412,"segment":1,"source_type":4,"start_time":1700783339926},{"elapsed_time":97412,"segment":1,"source_type":4,"start_time":1700783340926},{"elapsed_time":98412,"segment":1,"source_type":4,"start_time":1700783341926},{"elapsed_time":99412,"segment":1,"source_type":4,"start_time":1700783342926},{"elapsed_time":100413,"segment":1,"source_type":4,"start_time":1700783343927},{"elapsed_time":101412,"segment":1,"source_type":4,"start_time":1700783344926},{"elapsed_time":102411,"segment":1,"source_type":4,"start_time":1700783345925},{"elapsed_time":104412,"segment":1,"source_type":4,"start_time":1700783347926},{"elapsed_time":122412,"segment":1,"source_type":4,"start_time":1700783365926},{"elapsed_time":123412,"segment":1,"source_type":4,"start_time":1700783366926},{"elapsed_time":124412,"segment":1,"source_type":4,"start_time":1700783367926},{"elapsed_time":125412,"segment":1,"source_type":4,"start_time":1700783368926},{"elapsed_time":126412,"segment":1,"source_type":4,"start_time":1700783369926},{"elapsed_time":127411,"segment":1,"source_type":4,"start_time":1700783370925},{"elapsed_time":128412,"segment":1,"source_type":4,"start_time":1700783371926},{"elapsed_time":129412,"segment":1,"source_type":4,"start_time":1700783372926},{"elapsed_time":130412,"segment":1,"source_type":4,"start_time":1700783373926},{"elapsed_time":131412,"segment":1,"source_type":4,"start_time":1700783374926},{"elapsed_time":133413,"segment":1,"source_type":4,"start_time":1700783376927},{"elapsed_time":134412,"segment":1,"source_type":4,"start_time":1700783377926},{"elapsed_time":135412,"segment":1,"source_type":4,"start_time":1700783378926},{"elapsed_time":136412,"segment":1,"source_type":4,"start_time":1700783379926},{"elapsed_time":137412,"segment":1,"source_type":4,"start_time":1700783380926},{"elapsed_time":138412,"segment":1,"source_type":4,"start_time":1700783381926},{"elapsed_time":139412,"segment":1,"source_type":4,"start_time":1700783382926},{"elapsed_time":140412,"segment":1,"source_type":4,"start_time":1700783383926},{"elapsed_time":141412,"segment":1,"source_type":4,"start_time":1700783384926},{"elapsed_time":142412,"segment":1,"source_type":4,"start_time":1700783385926},{"elapsed_time":143412,"segment":1,"source_type":4,"start_time":1700783386926},{"elapsed_time":144412,"segment":1,"source_type":4,"start_time":1700783387926},{"elapsed_time":145412,"segment":1,"source_type":4,"start_time":1700783388926},{"elapsed_time":146412,"segment":1,"source_type":4,"start_time":1700783389926},{"elapsed_time":147412,"segment":1,"source_type":4,"start_time":1700783390926},{"elapsed_time":147412,"segment":1,"source_type":4,"start_time":1700783390926},{"elapsed_time":166584,"segment":1,"source_type":4,"start_time":1700783410098},{"elapsed_time":167584,"segment":1,"source_type":4,"start_time":1700783411098},{"elapsed_time":168584,"segment":1,"source_type":4,"start_time":1700783412098},{"elapsed_time":169584,"segment":1,"source_type":4,"start_time":1700783413098},{"elapsed_time":170584,"segment":1,"source_type":4,"start_time":1700783414098},{"elapsed_time":171584,"segment":1,"source_type":4,"start_time":1700783415098},{"elapsed_time":172584,"segment":1,"source_type":4,"start_time":1700783416098},{"elapsed_time":173584,"segment":1,"source_type":4,"start_time":1700783417098},{"elapsed_time":174584,"segment":1,"source_type":4,"start_time":1700783418098},{"elapsed_time":175584,"segment":1,"source_type":4,"start_time":1700783419098},{"elapsed_time":176584,"segment":1,"source_type":4,"start_time":1700783420098},{"elapsed_time":177584,"segment":1,"source_type":4,"start_time":1700783421098},{"elapsed_time":178587,"segment":1,"source_type":4,"start_time":1700783422101},{"elapsed_time":179593,"segment":1,"source_type":4,"start_time":1700783423107},{"elapsed_time":180593,"segment":1,"source_type":4,"start_time":1700783424107},{"elapsed_time":181596,"segment":1,"source_type":4,"start_time":1700783425110},{"elapsed_time":182606,"segment":1,"source_type":4,"start_time":1700783426120},{"elapsed_time":183604,"segment":1,"source_type":4,"start_time":1700783427118},{"elapsed_time":184607,"segment":1,"source_type":4,"start_time":1700783428121},{"elapsed_time":185824,"segment":1,"source_type":4,"start_time":1700783429338},{"elapsed_time":186824,"segment":1,"source_type":4,"start_time":1700783430338},{"elapsed_time":187824,"segment":1,"source_type":4,"start_time":1700783431338},{"elapsed_time":188824,"segment":1,"source_type":4,"start_time":1700783432338},{"elapsed_time":189824,"segment":1,"source_type":4,"start_time":1700783433338},{"elapsed_time":190824,"segment":1,"source_type":4,"start_time":1700783434338},{"elapsed_time":191824,"segment":1,"source_type":4,"start_time":1700783435338},{"elapsed_time":192824,"segment":1,"source_type":4,"start_time":1700783436338},{"elapsed_time":193824,"segment":1,"source_type":4,"start_time":1700783437338},{"elapsed_time":194824,"segment":1,"source_type":4,"start_time":1700783438338},{"elapsed_time":195824,"segment":1,"source_type":4,"start_time":1700783439338},{"elapsed_time":196824,"segment":1,"source_type":4,"start_time":1700783440338},{"elapsed_time":197824,"segment":1,"source_type":4,"start_time":1700783441338},{"elapsed_time":198824,"segment":1,"source_type":4,"start_time":1700783442338},{"elapsed_time":199824,"segment":1,"source_type":4,"start_time":1700783443338},{"elapsed_time":200824,"segment":1,"source_type":4,"start_time":1700783444338},{"elapsed_time":201824,"segment":1,"source_type":4,"start_time":1700783445338},{"elapsed_time":202824,"segment":1,"source_type":4,"start_time":1700783446338},{"elapsed_time":203824,"segment":1,"source_type":4,"start_time":1700783447338},{"elapsed_time":204824,"segment":1,"source_type":4,"start_time":1700783448338},{"elapsed_time":205824,"segment":1,"source_type":4,"start_time":1700783449338},{"elapsed_time":206824,"segment":1,"source_type":4,"start_time":1700783450338},{"elapsed_time":207824,"segment":1,"source_type":4,"start_time":1700783451338},{"elapsed_time":208824,"segment":1,"source_type":4,"start_time":1700783452338},{"elapsed_time":208824,"segment":1,"source_type":4,"start_time":1700783452338},{"elapsed_time":209824,"segment":1,"source_type":4,"start_time":1700783453338},{"elapsed_time":210824,"segment":1,"source_type":4,"start_time":1700783454338},{"elapsed_time":211824,"segment":1,"source_type":4,"start_time":1700783455338},{"elapsed_time":212824,"segment":1,"source_type":4,"start_time":1700783456338},{"elapsed_time":213824,"segment":1,"source_type":4,"start_time":1700783457338},{"elapsed_time":214824,"segment":1,"source_type":4,"start_time":1700783458338},{"elapsed_time":215824,"segment":1,"source_type":4,"start_time":1700783459338},{"elapsed_time":216824,"segment":1,"source_type":4,"start_time":1700783460338},{"elapsed_time":217824,"segment":1,"source_type":4,"start_time":1700783461338},{"elapsed_time":218824,"segment":1,"source_type":4,"start_time":1700783462338},{"elapsed_time":219824,"segment":1,"source_type":4,"start_time":1700783463338},{"elapsed_time":220824,"segment":1,"source_type":4,"start_time":1700783464338},{"elapsed_time":221824,"segment":1,"source_type":4,"start_time":1700783465338},{"elapsed_time":222824,"segment":1,"source_type":4,"start_time":1700783466338},{"elapsed_time":223824,"segment":1,"source_type":4,"start_time":1700783467338},{"elapsed_time":224824,"segment":1,"source_type":4,"start_time":1700783468338},{"elapsed_time":225824,"segment":1,"source_type":4,"start_time":1700783469338},{"elapsed_time":226824,"segment":1,"source_type":4,"start_time":1700783470338},{"elapsed_time":228060,"segment":1,"source_type":4,"start_time":1700783471574},{"elapsed_time":229060,"segment":1,"source_type":4,"start_time":1700783472574},{"elapsed_time":230060,"segment":1,"source_type":4,"start_time":1700783473574},{"elapsed_time":231060,"segment":1,"source_type":4,"start_time":1700783474574},{"elapsed_time":232060,"segment":1,"source_type":4,"start_time":1700783475574},{"elapsed_time":233060,"segment":1,"source_type":4,"start_time":1700783476574},{"elapsed_time":234060,"segment":1,"source_type":4,"start_time":1700783477574},{"elapsed_time":235060,"segment":1,"source_type":4,"start_time":1700783478574},{"elapsed_time":236060,"segment":1,"source_type":4,"start_time":1700783479574},{"elapsed_time":237060,"segment":1,"source_type":4,"start_time":1700783480574},{"elapsed_time":238060,"segment":1,"source_type":4,"start_time":1700783481574},{"elapsed_time":239060,"segment":1,"source_type":4,"start_time":1700783482574},{"elapsed_time":240060,"segment":1,"source_type":4,"start_time":1700783483574},{"elapsed_time":241060,"segment":1,"source_type":4,"start_time":1700783484574},{"elapsed_time":242060,"segment":1,"source_type":4,"start_time":1700783485574},{"elapsed_time":243060,"segment":1,"source_type":4,"start_time":1700783486574},{"elapsed_time":244060,"segment":1,"source_type":4,"start_time":1700783487574},{"elapsed_time":245060,"segment":1,"source_type":4,"start_time":1700783488574},{"elapsed_time":246060,"segment":1,"source_type":4,"start_time":1700783489574},{"elapsed_time":247060,"segment":1,"source_type":4,"start_time":1700783490574},{"elapsed_time":248060,"segment":1,"source_type":4,"start_time":1700783491574},{"elapsed_time":249060,"segment":1,"source_type":4,"start_time":1700783492574},{"elapsed_time":250060,"segment":1,"source_type":4,"start_time":1700783493574},{"elapsed_time":251060,"segment":1,"source_type":4,"start_time":1700783494574},{"elapsed_time":252060,"segment":1,"source_type":4,"start_time":1700783495574},{"elapsed_time":253060,"segment":1,"source_type":4,"start_time":1700783496574},{"elapsed_time":254060,"segment":1,"source_type":4,"start_time":1700783497574},{"elapsed_time":255060,"segment":1,"source_type":4,"start_time":1700783498574},{"elapsed_time":256060,"segment":1,"source_type":4,"start_time":1700783499574},{"elapsed_time":257060,"segment":1,"source_type":4,"start_time":1700783500574},{"elapsed_time":258060,"segment":1,"source_type":4,"start_time":1700783501574},{"elapsed_time":259060,"segment":1,"source_type":4,"start_time":1700783502574},{"elapsed_time":260060,"segment":1,"source_type":4,"start_time":1700783503574},{"elapsed_time":261060,"segment":1,"source_type":4,"start_time":1700783504574},{"elapsed_time":262060,"segment":1,"source_type":4,"start_time":1700783505574},{"elapsed_time":263060,"segment":1,"source_type":4,"start_time":1700783506574},{"elapsed_time":264060,"segment":1,"source_type":4,"start_time":1700783507574},{"elapsed_time":265060,"segment":1,"source_type":4,"start_time":1700783508574},{"elapsed_time":266060,"segment":1,"source_type":4,"start_time":1700783509574},{"elapsed_time":267085,"segment":1,"source_type":4,"start_time":1700783510599},{"elapsed_time":268085,"segment":1,"source_type":4,"start_time":1700783511599},{"elapsed_time":269085,"segment":1,"source_type":4,"start_time":1700783512599},{"elapsed_time":270085,"segment":1,"source_type":4,"start_time":1700783513599},{"elapsed_time":271085,"segment":1,"source_type":4,"start_time":1700783514599},{"elapsed_time":272085,"segment":1,"source_type":4,"start_time":1700783515599},{"elapsed_time":273085,"segment":1,"source_type":4,"start_time":1700783516599},{"elapsed_time":274552,"segment":1,"source_type":4,"start_time":1700783518066},{"elapsed_time":275552,"segment":1,"source_type":4,"start_time":1700783519066},{"elapsed_time":276552,"segment":1,"source_type":4,"start_time":1700783520066},{"elapsed_time":277552,"segment":1,"source_type":4,"start_time":1700783521066},{"elapsed_time":278552,"segment":1,"source_type":4,"start_time":1700783522066},{"elapsed_time":279552,"segment":1,"source_type":4,"start_time":1700783523066},{"elapsed_time":280552,"segment":1,"source_type":4,"start_time":1700783524066},{"elapsed_time":281552,"segment":1,"source_type":4,"start_time":1700783525066},{"elapsed_time":282552,"segment":1,"source_type":4,"start_time":1700783526066},{"elapsed_time":283552,"segment":1,"source_type":4,"start_time":1700783527066},{"elapsed_time":284552,"segment":1,"source_type":4,"start_time":1700783528066},{"elapsed_time":285552,"segment":1,"source_type":4,"start_time":1700783529066},{"elapsed_time":286552,"segment":1,"source_type":4,"start_time":1700783530066},{"elapsed_time":287552,"segment":1,"source_type":4,"start_time":1700783531066},{"elapsed_time":288552,"segment":1,"source_type":4,"start_time":1700783532066},{"elapsed_time":289552,"segment":1,"source_type":4,"start_time":1700783533066},{"elapsed_time":290552,"segment":1,"source_type":4,"start_time":1700783534066},{"elapsed_time":291552,"segment":1,"source_type":4,"start_time":1700783535066},{"elapsed_time":292552,"segment":1,"source_type":4,"start_time":1700783536066},{"elapsed_time":293552,"segment":1,"source_type":4,"start_time":1700783537066},{"elapsed_time":294552,"segment":1,"source_type":4,"start_time":1700783538066},{"elapsed_time":295552,"segment":1,"source_type":4,"start_time":1700783539066},{"elapsed_time":296552,"segment":1,"source_type":4,"start_time":1700783540066},{"elapsed_time":297552,"segment":1,"source_type":4,"start_time":1700783541066},{"elapsed_time":298552,"segment":1,"source_type":4,"start_time":1700783542066},{"elapsed_time":299552,"segment":1,"source_type":4,"start_time":1700783543066},{"elapsed_time":300552,"segment":1,"source_type":4,"start_time":1700783544066},{"elapsed_time":301552,"segment":1,"source_type":4,"start_time":1700783545066},{"elapsed_time":302552,"segment":1,"source_type":4,"start_time":1700783546066},{"elapsed_time":303552,"segment":1,"source_type":4,"start_time":1700783547066},{"elapsed_time":304552,"segment":1,"source_type":4,"start_time":1700783548066},{"elapsed_time":305552,"segment":1,"source_type":4,"start_time":1700783549066},{"elapsed_time":306552,"segment":1,"source_type":4,"start_time":1700783550066},{"elapsed_time":307552,"segment":1,"source_type":4,"start_time":1700783551066},{"elapsed_time":308552,"segment":1,"source_type":4,"start_time":1700783552066},{"elapsed_time":309552,"segment":1,"source_type":4,"start_time":1700783553066},{"elapsed_time":310552,"segment":1,"source_type":4,"start_time":1700783554066},{"elapsed_time":311552,"segment":1,"source_type":4,"start_time":1700783555066},{"elapsed_time":312552,"segment":1,"source_type":4,"start_time":1700783556066},{"elapsed_time":313552,"segment":1,"source_type":4,"start_time":1700783557066},{"elapsed_time":314552,"segment":1,"source_type":4,"start_time":1700783558066},{"elapsed_time":315552,"segment":1,"source_type":4,"start_time":1700783559066},{"elapsed_time":316552,"segment":1,"source_type":4,"start_time":1700783560066},{"elapsed_time":317552,"segment":1,"source_type":4,"start_time":1700783561066},{"elapsed_time":318552,"segment":1,"source_type":4,"start_time":1700783562066},{"elapsed_time":319552,"segment":1,"source_type":4,"start_time":1700783563066},{"elapsed_time":320552,"segment":1,"source_type":4,"start_time":1700783564066},{"elapsed_time":321552,"segment":1,"source_type":4,"start_time":1700783565066},{"elapsed_time":322552,"segment":1,"source_type":4,"start_time":1700783566066},{"elapsed_time":323552,"segment":1,"source_type":4,"start_time":1700783567066},{"elapsed_time":324552,"segment":1,"source_type":4,"start_time":1700783568066},{"elapsed_time":325552,"segment":1,"source_type":4,"start_time":1700783569066},{"elapsed_time":326552,"segment":1,"source_type":4,"start_time":1700783570066},{"elapsed_time":327552,"segment":1,"source_type":4,"start_time":1700783571066},{"elapsed_time":328552,"segment":1,"source_type":4,"start_time":1700783572066},{"elapsed_time":329552,"segment":1,"source_type":4,"start_time":1700783573066},{"elapsed_time":330552,"segment":1,"source_type":4,"start_time":1700783574066},{"elapsed_time":331552,"segment":1,"source_type":4,"start_time":1700783575066},{"elapsed_time":332552,"segment":1,"source_type":4,"start_time":1700783576066},{"elapsed_time":333552,"segment":1,"source_type":4,"start_time":1700783577066},{"elapsed_time":334552,"segment":1,"source_type":4,"start_time":1700783578066},{"elapsed_time":335552,"segment":1,"source_type":4,"start_time":1700783579066},{"elapsed_time":336552,"segment":1,"source_type":4,"start_time":1700783580066},{"elapsed_time":337552,"segment":1,"source_type":4,"start_time":1700783581066},{"elapsed_time":338552,"segment":1,"source_type":4,"start_time":1700783582066},{"elapsed_time":339552,"segment":1,"source_type":4,"start_time":1700783583066},{"elapsed_time":340552,"segment":1,"source_type":4,"start_time":1700783584066},{"elapsed_time":341552,"segment":1,"source_type":4,"start_time":1700783585066},{"elapsed_time":342552,"segment":1,"source_type":4,"start_time":1700783586066},{"elapsed_time":343552,"segment":1,"source_type":4,"start_time":1700783587066},{"elapsed_time":344552,"segment":1,"source_type":4,"start_time":1700783588066},{"elapsed_time":345552,"segment":1,"source_type":4,"start_time":1700783589066},{"elapsed_time":346552,"segment":1,"source_type":4,"start_time":1700783590066},{"elapsed_time":347552,"segment":1,"source_type":4,"start_time":1700783591066},{"elapsed_time":348552,"segment":1,"source_type":4,"start_time":1700783592066},{"elapsed_time":349552,"segment":1,"source_type":4,"start_time":1700783593066},{"elapsed_time":350552,"segment":1,"source_type":4,"start_time":1700783594066},{"elapsed_time":351557,"segment":1,"source_type":4,"start_time":1700783595071},{"elapsed_time":354052,"segment":1,"source_type":4,"start_time":1700783597566},{"elapsed_time":355052,"segment":1,"source_type":4,"start_time":1700783598566},{"elapsed_time":356052,"segment":1,"source_type":4,"start_time":1700783599566},{"elapsed_time":357052,"segment":1,"source_type":4,"start_time":1700783600566},{"elapsed_time":358052,"segment":1,"source_type":4,"start_time":1700783601566},{"elapsed_time":359052,"segment":1,"source_type":4,"start_time":1700783602566},{"elapsed_time":360052,"segment":1,"source_type":4,"start_time":1700783603566},{"elapsed_time":361052,"segment":1,"source_type":4,"start_time":1700783604566},{"elapsed_time":362052,"segment":1,"source_type":4,"start_time":1700783605566},{"elapsed_time":363052,"segment":1,"source_type":4,"start_time":1700783606566},{"elapsed_time":364052,"segment":1,"source_type":4,"start_time":1700783607566},{"elapsed_time":365052,"segment":1,"source_type":4,"start_time":1700783608566},{"elapsed_time":366052,"segment":1,"source_type":4,"start_time":1700783609566},{"elapsed_time":367052,"segment":1,"source_type":4,"start_time":1700783610566},{"elapsed_time":368052,"segment":1,"source_type":4,"start_time":1700783611566},{"elapsed_time":369052,"segment":1,"source_type":4,"start_time":1700783612566},{"elapsed_time":370052,"segment":1,"source_type":4,"start_time":1700783613566},{"elapsed_time":371052,"segment":1,"source_type":4,"start_time":1700783614566},{"elapsed_time":372052,"segment":1,"source_type":4,"start_time":1700783615566},{"elapsed_time":373052,"segment":1,"source_type":4,"start_time":1700783616566},{"elapsed_time":374052,"segment":1,"source_type":4,"start_time":1700783617566},{"elapsed_time":375052,"segment":1,"source_type":4,"start_time":1700783618566},{"elapsed_time":376052,"segment":1,"source_type":4,"start_time":1700783619566},{"elapsed_time":377052,"segment":1,"source_type":4,"start_time":1700783620566},{"elapsed_time":378052,"segment":1,"source_type":4,"start_time":1700783621566},{"elapsed_time":379052,"segment":1,"source_type":4,"start_time":1700783622566},{"elapsed_time":380052,"segment":1,"source_type":4,"start_time":1700783623566},{"elapsed_time":381052,"segment":1,"source_type":4,"start_time":1700783624566},{"elapsed_time":382052,"segment":1,"source_type":4,"start_time":1700783625566},{"elapsed_time":383052,"segment":1,"source_type":4,"start_time":1700783626566},{"elapsed_time":384052,"segment":1,"source_type":4,"start_time":1700783627566},{"elapsed_time":385052,"segment":1,"source_type":4,"start_time":1700783628566},{"elapsed_time":386052,"segment":1,"source_type":4,"start_time":1700783629566},{"elapsed_time":387052,"segment":1,"source_type":4,"start_time":1700783630566},{"elapsed_time":388052,"segment":1,"source_type":4,"start_time":1700783631566},{"elapsed_time":389052,"segment":1,"source_type":4,"start_time":1700783632566},{"elapsed_time":390052,"segment":1,"source_type":4,"start_time":1700783633566},{"elapsed_time":391052,"segment":1,"source_type":4,"start_time":1700783634566},{"elapsed_time":392052,"segment":1,"source_type":4,"start_time":1700783635566},{"elapsed_time":393052,"segment":1,"source_type":4,"start_time":1700783636566},{"elapsed_time":394052,"segment":1,"source_type":4,"start_time":1700783637566},{"elapsed_time":395052,"segment":1,"source_type":4,"start_time":1700783638566},{"elapsed_time":396052,"segment":1,"source_type":4,"start_time":1700783639566},{"elapsed_time":397052,"segment":1,"source_type":4,"start_time":1700783640566},{"elapsed_time":398052,"segment":1,"source_type":4,"start_time":1700783641566},{"elapsed_time":399052,"segment":1,"source_type":4,"start_time":1700783642566},{"elapsed_time":400052,"segment":1,"source_type":4,"start_time":1700783643566},{"elapsed_time":401052,"segment":1,"source_type":4,"start_time":1700783644566},{"elapsed_time":402052,"segment":1,"source_type":4,"start_time":1700783645566},{"elapsed_time":403052,"segment":1,"source_type":4,"start_time":1700783646566},{"elapsed_time":404052,"segment":1,"source_type":4,"start_time":1700783647566},{"elapsed_time":405052,"segment":1,"source_type":4,"start_time":1700783648566},{"elapsed_time":406052,"segment":1,"source_type":4,"start_time":1700783649566},{"elapsed_time":407052,"segment":1,"source_type":4,"start_time":1700783650566},{"elapsed_time":408052,"segment":1,"source_type":4,"start_time":1700783651566},{"elapsed_time":409052,"segment":1,"source_type":4,"start_time":1700783652566},{"elapsed_time":410052,"segment":1,"source_type":4,"start_time":1700783653566},{"elapsed_time":411052,"segment":1,"source_type":4,"start_time":1700783654566},{"elapsed_time":412052,"segment":1,"source_type":4,"start_time":1700783655566},{"elapsed_time":413052,"segment":1,"source_type":4,"start_time":1700783656566},{"elapsed_time":414052,"segment":1,"source_type":4,"start_time":1700783657566},{"elapsed_time":415052,"segment":1,"source_type":4,"start_time":1700783658566},{"elapsed_time":416052,"segment":1,"source_type":4,"start_time":1700783659566},{"elapsed_time":417052,"segment":1,"source_type":4,"start_time":1700783660566},{"elapsed_time":418052,"segment":1,"source_type":4,"start_time":1700783661566},{"elapsed_time":419052,"segment":1,"source_type":4,"start_time":1700783662566},{"elapsed_time":420052,"segment":1,"source_type":4,"start_time":1700783663566},{"elapsed_time":421052,"segment":1,"source_type":4,"start_time":1700783664566},{"elapsed_time":422052,"segment":1,"source_type":4,"start_time":1700783665566},{"elapsed_time":423052,"segment":1,"source_type":4,"start_time":1700783666566},{"elapsed_time":424052,"segment":1,"source_type":4,"start_time":1700783667566},{"elapsed_time":425052,"segment":1,"source_type":4,"start_time":1700783668566},{"elapsed_time":426052,"segment":1,"source_type":4,"start_time":1700783669566},{"elapsed_time":427052,"segment":1,"source_type":4,"start_time":1700783670566},{"elapsed_time":428052,"segment":1,"source_type":4,"start_time":1700783671566},{"elapsed_time":429052,"segment":1,"source_type":4,"start_time":1700783672566},{"elapsed_time":430052,"segment":1,"source_type":4,"start_time":1700783673566},{"elapsed_time":431052,"segment":1,"source_type":4,"start_time":1700783674566},{"elapsed_time":432052,"segment":1,"source_type":4,"start_time":1700783675566},{"elapsed_time":433052,"segment":1,"source_type":4,"start_time":1700783676566},{"elapsed_time":434052,"segment":1,"source_type":4,"start_time":1700783677566},{"elapsed_time":435052,"segment":1,"source_type":4,"start_time":1700783678566},{"elapsed_time":436052,"segment":1,"source_type":4,"start_time":1700783679566},{"elapsed_time":437052,"segment":1,"source_type":4,"start_time":1700783680566},{"elapsed_time":438052,"segment":1,"source_type":4,"start_time":1700783681566},{"elapsed_time":439052,"segment":1,"source_type":4,"start_time":1700783682566},{"elapsed_time":440052,"segment":1,"source_type":4,"start_time":1700783683566},{"elapsed_time":441052,"segment":1,"source_type":4,"start_time":1700783684566},{"elapsed_time":442052,"segment":1,"source_type":4,"start_time":1700783685566},{"elapsed_time":443052,"segment":1,"source_type":4,"start_time":1700783686566},{"elapsed_time":444052,"segment":1,"source_type":4,"start_time":1700783687566},{"elapsed_time":445052,"segment":1,"source_type":4,"start_time":1700783688566},{"elapsed_time":446052,"segment":1,"source_type":4,"start_time":1700783689566},{"elapsed_time":447052,"segment":1,"source_type":4,"start_time":1700783690566},{"elapsed_time":448052,"segment":1,"source_type":4,"start_time":1700783691566},{"elapsed_time":449052,"segment":1,"source_type":4,"start_time":1700783692566},{"elapsed_time":450052,"segment":1,"source_type":4,"start_time":1700783693566},{"elapsed_time":451052,"segment":1,"source_type":4,"start_time":1700783694566},{"elapsed_time":452052,"segment":1,"source_type":4,"start_time":1700783695566},{"elapsed_time":453052,"segment":1,"source_type":4,"start_time":1700783696566},{"elapsed_time":454052,"segment":1,"source_type":4,"start_time":1700783697566},{"elapsed_time":455052,"segment":1,"source_type":4,"start_time":1700783698566},{"elapsed_time":456052,"segment":1,"source_type":4,"start_time":1700783699566},{"elapsed_time":457052,"segment":1,"source_type":4,"start_time":1700783700566},{"elapsed_time":458052,"segment":1,"source_type":4,"start_time":1700783701566},{"elapsed_time":459052,"segment":1,"source_type":4,"start_time":1700783702566},{"elapsed_time":460052,"segment":1,"source_type":4,"start_time":1700783703566},{"elapsed_time":461052,"segment":1,"source_type":4,"start_time":1700783704566},{"elapsed_time":462052,"segment":1,"source_type":4,"start_time":1700783705566},{"elapsed_time":463052,"segment":1,"source_type":4,"start_time":1700783706566},{"elapsed_time":464052,"segment":1,"source_type":4,"start_time":1700783707566},{"elapsed_time":465052,"segment":1,"source_type":4,"start_time":1700783708566},{"elapsed_time":466052,"segment":1,"source_type":4,"start_time":1700783709566},{"elapsed_time":467052,"segment":1,"source_type":4,"start_time":1700783710566},{"elapsed_time":468052,"segment":1,"source_type":4,"start_time":1700783711566},{"elapsed_time":469052,"segment":1,"source_type":4,"start_time":1700783712566},{"elapsed_time":470052,"segment":1,"source_type":4,"start_time":1700783713566},{"elapsed_time":471052,"segment":1,"source_type":4,"start_time":1700783714566},{"elapsed_time":472052,"segment":1,"source_type":4,"start_time":1700783715566},{"elapsed_time":473052,"segment":1,"source_type":4,"start_time":1700783716566},{"elapsed_time":474052,"segment":1,"source_type":4,"start_time":1700783717566},{"elapsed_time":475052,"segment":1,"source_type":4,"start_time":1700783718566},{"elapsed_time":476052,"segment":1,"source_type":4,"start_time":1700783719566},{"elapsed_time":477052,"segment":1,"source_type":4,"start_time":1700783720566},{"elapsed_time":478052,"segment":1,"source_type":4,"start_time":1700783721566},{"elapsed_time":479052,"segment":1,"source_type":4,"start_time":1700783722566},{"elapsed_time":480052,"segment":1,"source_type":4,"start_time":1700783723566},{"elapsed_time":481052,"segment":1,"source_type":4,"start_time":1700783724566},{"elapsed_time":482052,"segment":1,"source_type":4,"start_time":1700783725566},{"elapsed_time":483052,"segment":1,"source_type":4,"start_time":1700783726566},{"elapsed_time":484052,"segment":1,"source_type":4,"start_time":1700783727566},{"elapsed_time":485052,"segment":1,"source_type":4,"start_time":1700783728566},{"elapsed_time":486052,"segment":1,"source_type":4,"start_time":1700783729566},{"elapsed_time":487052,"segment":1,"source_type":4,"start_time":1700783730566},{"elapsed_time":488052,"segment":1,"source_type":4,"start_time":1700783731566},{"elapsed_time":489052,"segment":1,"source_type":4,"start_time":1700783732566},{"elapsed_time":490052,"segment":1,"source_type":4,"start_time":1700783733566},{"elapsed_time":491052,"segment":1,"source_type":4,"start_time":1700783734566},{"elapsed_time":492052,"segment":1,"source_type":4,"start_time":1700783735566},{"elapsed_time":493052,"segment":1,"source_type":4,"start_time":1700783736566},{"elapsed_time":494052,"segment":1,"source_type":4,"start_time":1700783737566},{"elapsed_time":495052,"segment":1,"source_type":4,"start_time":1700783738566},{"elapsed_time":496052,"segment":1,"source_type":4,"start_time":1700783739566},{"elapsed_time":497052,"segment":1,"source_type":4,"start_time":1700783740566},{"elapsed_time":498052,"segment":1,"source_type":4,"start_time":1700783741566},{"elapsed_time":499052,"segment":1,"source_type":4,"start_time":1700783742566},{"elapsed_time":500052,"segment":1,"source_type":4,"start_time":1700783743566},{"elapsed_time":501052,"segment":1,"source_type":4,"start_time":1700783744566},{"elapsed_time":502052,"segment":1,"source_type":4,"start_time":1700783745566},{"elapsed_time":503052,"segment":1,"source_type":4,"start_time":1700783746566},{"elapsed_time":504052,"segment":1,"source_type":4,"start_time":1700783747566},{"elapsed_time":505052,"segment":1,"source_type":4,"start_time":1700783748566},{"elapsed_time":506052,"segment":1,"source_type":4,"start_time":1700783749566},{"elapsed_time":507052,"segment":1,"source_type":4,"start_time":1700783750566},{"elapsed_time":508052,"segment":1,"source_type":4,"start_time":1700783751566},{"elapsed_time":509052,"segment":1,"source_type":4,"start_time":1700783752566},{"elapsed_time":510052,"segment":1,"source_type":4,"start_time":1700783753566},{"elapsed_time":511052,"segment":1,"source_type":4,"start_time":1700783754566},{"elapsed_time":512052,"segment":1,"source_type":4,"start_time":1700783755566},{"elapsed_time":513052,"segment":1,"source_type":4,"start_time":1700783756566},{"elapsed_time":514052,"segment":1,"source_type":4,"start_time":1700783757566},{"elapsed_time":515052,"segment":1,"source_type":4,"start_time":1700783758566},{"elapsed_time":516052,"segment":1,"source_type":4,"start_time":1700783759566},{"elapsed_time":517052,"segment":1,"source_type":4,"start_time":1700783760566},{"elapsed_time":518052,"segment":1,"source_type":4,"start_time":1700783761566},{"elapsed_time":519052,"segment":1,"source_type":4,"start_time":1700783762566},{"elapsed_time":520052,"segment":1,"source_type":4,"start_time":1700783763566},{"elapsed_time":521052,"segment":1,"source_type":4,"start_time":1700783764566},{"elapsed_time":522052,"segment":1,"source_type":4,"start_time":1700783765566},{"elapsed_time":523052,"segment":1,"source_type":4,"start_time":1700783766566},{"elapsed_time":524052,"segment":1,"source_type":4,"start_time":1700783767566},{"elapsed_time":525052,"segment":1,"source_type":4,"start_time":1700783768566},{"elapsed_time":526052,"segment":1,"source_type":4,"start_time":1700783769566},{"elapsed_time":527052,"segment":1,"source_type":4,"start_time":1700783770566},{"elapsed_time":528052,"segment":1,"source_type":4,"start_time":1700783771566},{"elapsed_time":529052,"segment":1,"source_type":4,"start_time":1700783772566},{"elapsed_time":530052,"segment":1,"source_type":4,"start_time":1700783773566},{"elapsed_time":531052,"segment":1,"source_type":4,"start_time":1700783774566},{"elapsed_time":532052,"segment":1,"source_type":4,"start_time":1700783775566},{"elapsed_time":533052,"segment":1,"source_type":4,"start_time":1700783776566},{"elapsed_time":534052,"segment":1,"source_type":4,"start_time":1700783777566},{"elapsed_time":535052,"segment":1,"source_type":4,"start_time":1700783778566},{"elapsed_time":536052,"segment":1,"source_type":4,"start_time":1700783779566},{"elapsed_time":537052,"segment":1,"source_type":4,"start_time":1700783780566},{"elapsed_time":538052,"segment":1,"source_type":4,"start_time":1700783781566},{"elapsed_time":539052,"segment":1,"source_type":4,"start_time":1700783782566},{"elapsed_time":540052,"segment":1,"source_type":4,"start_time":1700783783566},{"elapsed_time":541052,"segment":1,"source_type":4,"start_time":1700783784566},{"elapsed_time":542052,"segment":1,"source_type":4,"start_time":1700783785566},{"elapsed_time":543052,"segment":1,"source_type":4,"start_time":1700783786566},{"elapsed_time":544052,"segment":1,"source_type":4,"start_time":1700783787566},{"elapsed_time":545052,"segment":1,"source_type":4,"start_time":1700783788566},{"elapsed_time":546052,"segment":1,"source_type":4,"start_time":1700783789566},{"elapsed_time":547052,"segment":1,"source_type":4,"start_time":1700783790566},{"elapsed_time":548052,"segment":1,"source_type":4,"start_time":1700783791566},{"elapsed_time":549052,"segment":1,"source_type":4,"start_time":1700783792566},{"elapsed_time":550052,"segment":1,"source_type":4,"start_time":1700783793566},{"elapsed_time":551052,"segment":1,"source_type":4,"start_time":1700783794566},{"elapsed_time":552052,"segment":1,"source_type":4,"start_time":1700783795566},{"elapsed_time":553052,"segment":1,"source_type":4,"start_time":1700783796566},{"elapsed_time":554052,"segment":1,"source_type":4,"start_time":1700783797566},{"elapsed_time":555052,"segment":1,"source_type":4,"start_time":1700783798566},{"elapsed_time":556052,"segment":1,"source_type":4,"start_time":1700783799566},{"elapsed_time":557052,"segment":1,"source_type":4,"start_time":1700783800566},{"elapsed_time":558052,"segment":1,"source_type":4,"start_time":1700783801566},{"elapsed_time":559052,"segment":1,"source_type":4,"start_time":1700783802566},{"elapsed_time":560052,"segment":1,"source_type":4,"start_time":1700783803566},{"elapsed_time":561052,"segment":1,"source_type":4,"start_time":1700783804566},{"elapsed_time":562052,"segment":1,"source_type":4,"start_time":1700783805566},{"elapsed_time":563052,"segment":1,"source_type":4,"start_time":1700783806566},{"elapsed_time":564052,"segment":1,"source_type":4,"start_time":1700783807566},{"elapsed_time":565052,"segment":1,"source_type":4,"start_time":1700783808566},{"elapsed_time":566052,"segment":1,"source_type":4,"start_time":1700783809566},{"elapsed_time":567052,"segment":1,"source_type":4,"start_time":1700783810566},{"elapsed_time":568052,"segment":1,"source_type":4,"start_time":1700783811566},{"elapsed_time":569052,"segment":1,"source_type":4,"start_time":1700783812566},{"elapsed_time":570052,"segment":1,"source_type":4,"start_time":1700783813566},{"elapsed_time":571052,"segment":1,"source_type":4,"start_time":1700783814566},{"elapsed_time":572052,"segment":1,"source_type":4,"start_time":1700783815566},{"elapsed_time":573052,"segment":1,"source_type":4,"start_time":1700783816566},{"elapsed_time":574052,"segment":1,"source_type":4,"start_time":1700783817566},{"elapsed_time":575052,"segment":1,"source_type":4,"start_time":1700783818566},{"elapsed_time":576052,"segment":1,"source_type":4,"start_time":1700783819566},{"elapsed_time":577052,"segment":1,"source_type":4,"start_time":1700783820566},{"elapsed_time":578052,"segment":1,"source_type":4,"start_time":1700783821566},{"elapsed_time":579052,"segment":1,"source_type":4,"start_time":1700783822566},{"elapsed_time":580052,"segment":1,"source_type":4,"start_time":1700783823566},{"elapsed_time":581052,"segment":1,"source_type":4,"start_time":1700783824566},{"elapsed_time":582052,"segment":1,"source_type":4,"start_time":1700783825566},{"elapsed_time":583052,"segment":1,"source_type":4,"start_time":1700783826566},{"elapsed_time":584052,"segment":1,"source_type":4,"start_time":1700783827566},{"elapsed_time":585052,"segment":1,"source_type":4,"start_time":1700783828566},{"elapsed_time":586052,"segment":1,"source_type":4,"start_time":1700783829566},{"elapsed_time":587052,"segment":1,"source_type":4,"start_time":1700783830566},{"elapsed_time":588052,"segment":1,"source_type":4,"start_time":1700783831566},{"elapsed_time":589052,"segment":1,"source_type":4,"start_time":1700783832566},{"elapsed_time":590052,"segment":1,"source_type":4,"start_time":1700783833566},{"elapsed_time":591052,"segment":1,"source_type":4,"start_time":1700783834566},{"elapsed_time":592052,"segment":1,"source_type":4,"start_time":1700783835566},{"elapsed_time":593052,"segment":1,"source_type":4,"start_time":1700783836566},{"elapsed_time":594052,"segment":1,"source_type":4,"start_time":1700783837566},{"elapsed_time":595052,"segment":1,"source_type":4,"start_time":1700783838566},{"elapsed_time":596052,"segment":1,"source_type":4,"start_time":1700783839566},{"elapsed_time":597052,"segment":1,"source_type":4,"start_time":1700783840566},{"elapsed_time":598052,"segment":1,"source_type":4,"start_time":1700783841566},{"elapsed_time":599052,"segment":1,"source_type":4,"start_time":1700783842566},{"elapsed_time":600052,"segment":1,"source_type":4,"start_time":1700783843566},{"elapsed_time":601052,"segment":1,"source_type":4,"start_time":1700783844566},{"elapsed_time":602052,"segment":1,"source_type":4,"start_time":1700783845566},{"elapsed_time":603052,"segment":1,"source_type":4,"start_time":1700783846566},{"elapsed_time":604052,"segment":1,"source_type":4,"start_time":1700783847566},{"elapsed_time":605056,"segment":1,"source_type":4,"start_time":1700783848570},{"elapsed_time":606075,"segment":1,"source_type":4,"start_time":1700783849589},{"elapsed_time":607075,"segment":1,"source_type":4,"start_time":1700783850589},{"elapsed_time":608075,"segment":1,"source_type":4,"start_time":1700783851589},{"elapsed_time":609075,"segment":1,"source_type":4,"start_time":1700783852589},{"elapsed_time":610075,"segment":1,"source_type":4,"start_time":1700783853589},{"elapsed_time":611075,"segment":1,"source_type":4,"start_time":1700783854589},{"elapsed_time":612077,"segment":1,"source_type":4,"start_time":1700783855591},{"elapsed_time":613079,"segment":1,"source_type":4,"start_time":1700783856593},{"elapsed_time":614083,"segment":1,"source_type":4,"start_time":1700783857597},{"elapsed_time":615085,"segment":1,"source_type":4,"start_time":1700783858599},{"elapsed_time":616088,"segment":1,"source_type":4,"start_time":1700783859602},{"elapsed_time":617092,"segment":1,"source_type":4,"start_time":1700783860606},{"elapsed_time":618183,"segment":1,"source_type":4,"start_time":1700783861697},{"elapsed_time":619183,"segment":1,"source_type":4,"start_time":1700783862697},{"elapsed_time":620183,"segment":1,"source_type":4,"start_time":1700783863697},{"elapsed_time":621183,"segment":1,"source_type":4,"start_time":1700783864697},{"elapsed_time":622183,"segment":1,"source_type":4,"start_time":1700783865697},{"elapsed_time":623183,"segment":1,"source_type":4,"start_time":1700783866697},{"elapsed_time":624183,"segment":1,"source_type":4,"start_time":1700783867697},{"elapsed_time":625183,"segment":1,"source_type":4,"start_time":1700783868697},{"elapsed_time":626183,"segment":1,"source_type":4,"start_time":1700783869697},{"elapsed_time":627183,"segment":1,"source_type":4,"start_time":1700783870697},{"elapsed_time":628183,"segment":1,"source_type":4,"start_time":1700783871697},{"elapsed_time":629183,"segment":1,"source_type":4,"start_time":1700783872697},{"elapsed_time":630183,"segment":1,"source_type":4,"start_time":1700783873697},{"elapsed_time":631183,"segment":1,"source_type":4,"start_time":1700783874697},{"elapsed_time":632183,"segment":1,"source_type":4,"start_time":1700783875697},{"elapsed_time":633183,"segment":1,"source_type":4,"start_time":1700783876697},{"elapsed_time":634183,"segment":1,"source_type":4,"start_time":1700783877697},{"elapsed_time":635186,"segment":1,"source_type":4,"start_time":1700783878700},{"elapsed_time":636187,"segment":1,"source_type":4,"start_time":1700783879701},{"elapsed_time":637190,"segment":1,"source_type":4,"start_time":1700783880704},{"elapsed_time":638173,"segment":1,"source_type":4,"start_time":1700783881687},{"elapsed_time":639173,"segment":1,"source_type":4,"start_time":1700783882687},{"elapsed_time":640175,"segment":1,"source_type":4,"start_time":1700783883689},{"elapsed_time":641178,"segment":1,"source_type":4,"start_time":1700783884692},{"elapsed_time":643180,"segment":1,"source_type":4,"start_time":1700783886694},{"elapsed_time":644182,"segment":1,"source_type":4,"start_time":1700783887696},{"elapsed_time":645185,"segment":1,"source_type":4,"start_time":1700783888698},{"elapsed_time":646185,"segment":1,"source_type":4,"start_time":1700783889699},{"elapsed_time":647188,"segment":1,"source_type":4,"start_time":1700783890702},{"elapsed_time":649839,"segment":1,"source_type":4,"start_time":1700783893353},{"elapsed_time":650839,"segment":1,"source_type":4,"start_time":1700783894353},{"elapsed_time":651839,"segment":1,"source_type":4,"start_time":1700783895353},{"elapsed_time":652839,"segment":1,"source_type":4,"start_time":1700783896353},{"elapsed_time":653839,"segment":1,"source_type":4,"start_time":1700783897353},{"elapsed_time":654839,"segment":1,"source_type":4,"start_time":1700783898353},{"elapsed_time":655839,"segment":1,"source_type":4,"start_time":1700783899353},{"elapsed_time":656839,"segment":1,"source_type":4,"start_time":1700783900353},{"elapsed_time":657839,"segment":1,"source_type":4,"start_time":1700783901353},{"elapsed_time":658839,"segment":1,"source_type":4,"start_time":1700783902353},{"elapsed_time":659839,"segment":1,"source_type":4,"start_time":1700783903353},{"elapsed_time":660839,"segment":1,"source_type":4,"start_time":1700783904353},{"elapsed_time":661839,"segment":1,"source_type":4,"start_time":1700783905353},{"elapsed_time":662839,"segment":1,"source_type":4,"start_time":1700783906353},{"elapsed_time":663839,"segment":1,"source_type":4,"start_time":1700783907353},{"elapsed_time":664839,"segment":1,"source_type":4,"start_time":1700783908353},{"elapsed_time":665839,"segment":1,"source_type":4,"start_time":1700783909353},{"elapsed_time":666839,"segment":1,"source_type":4,"start_time":1700783910353},{"elapsed_time":667839,"segment":1,"source_type":4,"start_time":1700783911353},{"elapsed_time":668839,"segment":1,"source_type":4,"start_time":1700783912353},{"elapsed_time":669839,"segment":1,"source_type":4,"start_time":1700783913353},{"elapsed_time":670839,"segment":1,"source_type":4,"start_time":1700783914353},{"elapsed_time":671839,"segment":1,"source_type":4,"start_time":1700783915353},{"elapsed_time":672839,"segment":1,"source_type":4,"start_time":1700783916353},{"elapsed_time":673839,"segment":1,"source_type":4,"start_time":1700783917353},{"elapsed_time":674839,"segment":1,"source_type":4,"start_time":1700783918353},{"elapsed_time":675839,"segment":1,"source_type":4,"start_time":1700783919353},{"elapsed_time":676839,"segment":1,"source_type":4,"start_time":1700783920353},{"elapsed_time":677839,"segment":1,"source_type":4,"start_time":1700783921353},{"elapsed_time":678839,"segment":1,"source_type":4,"start_time":1700783922353},{"elapsed_time":679839,"segment":1,"source_type":4,"start_time":1700783923353},{"elapsed_time":680839,"segment":1,"source_type":4,"start_time":1700783924353},{"elapsed_time":681839,"segment":1,"source_type":4,"start_time":1700783925353},{"elapsed_time":682839,"segment":1,"source_type":4,"start_time":1700783926353},{"elapsed_time":683839,"segment":1,"source_type":4,"start_time":1700783927353},{"elapsed_time":684839,"segment":1,"source_type":4,"start_time":1700783928353},{"elapsed_time":685839,"segment":1,"source_type":4,"start_time":1700783929353},{"elapsed_time":686839,"segment":1,"source_type":4,"start_time":1700783930353},{"elapsed_time":687839,"segment":1,"source_type":4,"start_time":1700783931353},{"elapsed_time":688839,"segment":1,"source_type":4,"start_time":1700783932353},{"elapsed_time":689839,"segment":1,"source_type":4,"start_time":1700783933353},{"elapsed_time":690839,"segment":1,"source_type":4,"start_time":1700783934353},{"elapsed_time":691839,"segment":1,"source_type":4,"start_time":1700783935353},{"elapsed_time":692839,"segment":1,"source_type":4,"start_time":1700783936353},{"elapsed_time":693839,"segment":1,"source_type":4,"start_time":1700783937353},{"elapsed_time":694839,"segment":1,"source_type":4,"start_time":1700783938353},{"elapsed_time":695839,"segment":1,"source_type":4,"start_time":1700783939353},{"elapsed_time":696839,"segment":1,"source_type":4,"start_time":1700783940353},{"elapsed_time":697839,"segment":1,"source_type":4,"start_time":1700783941353},{"elapsed_time":698839,"segment":1,"source_type":4,"start_time":1700783942353},{"elapsed_time":699839,"segment":1,"source_type":4,"start_time":1700783943353},{"elapsed_time":700839,"segment":1,"source_type":4,"start_time":1700783944353},{"elapsed_time":701839,"segment":1,"source_type":4,"start_time":1700783945353},{"elapsed_time":702839,"segment":1,"source_type":4,"start_time":1700783946353},{"elapsed_time":703839,"segment":1,"source_type":4,"start_time":1700783947353},{"elapsed_time":704839,"segment":1,"source_type":4,"start_time":1700783948353},{"elapsed_time":705839,"segment":1,"source_type":4,"start_time":1700783949353},{"elapsed_time":706839,"segment":1,"source_type":4,"start_time":1700783950353},{"elapsed_time":707839,"segment":1,"source_type":4,"start_time":1700783951353},{"elapsed_time":708839,"segment":1,"source_type":4,"start_time":1700783952353},{"elapsed_time":709839,"segment":1,"source_type":4,"start_time":1700783953353},{"elapsed_time":710839,"segment":1,"source_type":4,"start_time":1700783954353},{"elapsed_time":711839,"segment":1,"source_type":4,"start_time":1700783955353},{"elapsed_time":712839,"segment":1,"source_type":4,"start_time":1700783956353},{"elapsed_time":713839,"segment":1,"source_type":4,"start_time":1700783957353},{"elapsed_time":714839,"segment":1,"source_type":4,"start_time":1700783958353},{"elapsed_time":715839,"segment":1,"source_type":4,"start_time":1700783959353},{"elapsed_time":716839,"segment":1,"source_type":4,"start_time":1700783960353},{"elapsed_time":717839,"segment":1,"source_type":4,"start_time":1700783961353},{"elapsed_time":718839,"segment":1,"source_type":4,"start_time":1700783962353},{"elapsed_time":719839,"segment":1,"source_type":4,"start_time":1700783963353},{"elapsed_time":720839,"segment":1,"source_type":4,"start_time":1700783964353},{"elapsed_time":721839,"segment":1,"source_type":4,"start_time":1700783965353},{"elapsed_time":722839,"segment":1,"source_type":4,"start_time":1700783966353},{"elapsed_time":723839,"segment":1,"source_type":4,"start_time":1700783967353},{"elapsed_time":724839,"segment":1,"source_type":4,"start_time":1700783968353},{"elapsed_time":725839,"segment":1,"source_type":4,"start_time":1700783969353},{"elapsed_time":726839,"segment":1,"source_type":4,"start_time":1700783970353},{"elapsed_time":727839,"segment":1,"source_type":4,"start_time":1700783971353},{"elapsed_time":728839,"segment":1,"source_type":4,"start_time":1700783972353},{"elapsed_time":729839,"segment":1,"source_type":4,"start_time":1700783973353},{"elapsed_time":730839,"segment":1,"source_type":4,"start_time":1700783974353},{"elapsed_time":731839,"segment":1,"source_type":4,"start_time":1700783975353},{"elapsed_time":732839,"segment":1,"source_type":4,"start_time":1700783976353},{"elapsed_time":733839,"segment":1,"source_type":4,"start_time":1700783977353},{"elapsed_time":734839,"segment":1,"source_type":4,"start_time":1700783978353},{"elapsed_time":735839,"segment":1,"source_type":4,"start_time":1700783979353},{"elapsed_time":736839,"segment":1,"source_type":4,"start_time":1700783980353},{"elapsed_time":737839,"segment":1,"source_type":4,"start_time":1700783981353},{"elapsed_time":738839,"segment":1,"source_type":4,"start_time":1700783982353},{"elapsed_time":739839,"segment":1,"source_type":4,"start_time":1700783983353},{"elapsed_time":740839,"segment":1,"source_type":4,"start_time":1700783984353},{"elapsed_time":741839,"segment":1,"source_type":4,"start_time":1700783985353},{"elapsed_time":742839,"segment":1,"source_type":4,"start_time":1700783986353},{"elapsed_time":743839,"segment":1,"source_type":4,"start_time":1700783987353},{"elapsed_time":744839,"segment":1,"source_type":4,"start_time":1700783988353},{"elapsed_time":745839,"segment":1,"source_type":4,"start_time":1700783989353},{"elapsed_time":746839,"segment":1,"source_type":4,"start_time":1700783990353},{"elapsed_time":747839,"segment":1,"source_type":4,"start_time":1700783991353},{"elapsed_time":748839,"segment":1,"source_type":4,"start_time":1700783992353},{"elapsed_time":749839,"segment":1,"source_type":4,"start_time":1700783993353},{"elapsed_time":750839,"segment":1,"source_type":4,"start_time":1700783994353},{"elapsed_time":751839,"segment":1,"source_type":4,"start_time":1700783995353},{"elapsed_time":752839,"segment":1,"source_type":4,"start_time":1700783996353},{"elapsed_time":753839,"segment":1,"source_type":4,"start_time":1700783997353},{"elapsed_time":754839,"segment":1,"source_type":4,"start_time":1700783998353},{"elapsed_time":755839,"segment":1,"source_type":4,"start_time":1700783999353},{"elapsed_time":756839,"segment":1,"source_type":4,"start_time":1700784000353},{"elapsed_time":757839,"segment":1,"source_type":4,"start_time":1700784001353},{"elapsed_time":758839,"segment":1,"source_type":4,"start_time":1700784002353},{"elapsed_time":759839,"segment":1,"source_type":4,"start_time":1700784003353},{"elapsed_time":760839,"segment":1,"source_type":4,"start_time":1700784004353},{"elapsed_time":761839,"segment":1,"source_type":4,"start_time":1700784005353},{"elapsed_time":762839,"segment":1,"source_type":4,"start_time":1700784006353},{"elapsed_time":763839,"segment":1,"source_type":4,"start_time":1700784007353},{"elapsed_time":764839,"segment":1,"source_type":4,"start_time":1700784008353},{"elapsed_time":765839,"segment":1,"source_type":4,"start_time":1700784009353},{"elapsed_time":766839,"segment":1,"source_type":4,"start_time":1700784010353},{"elapsed_time":767839,"segment":1,"source_type":4,"start_time":1700784011353},{"elapsed_time":768839,"segment":1,"source_type":4,"start_time":1700784012353},{"elapsed_time":769839,"segment":1,"source_type":4,"start_time":1700784013353},{"elapsed_time":770839,"segment":1,"source_type":4,"start_time":1700784014353},{"elapsed_time":771839,"segment":1,"source_type":4,"start_time":1700784015353},{"elapsed_time":772839,"segment":1,"source_type":4,"start_time":1700784016353},{"elapsed_time":773839,"segment":1,"source_type":4,"start_time":1700784017353},{"elapsed_time":774839,"segment":1,"source_type":4,"start_time":1700784018353},{"elapsed_time":775839,"segment":1,"source_type":4,"start_time":1700784019353},{"elapsed_time":776839,"segment":1,"source_type":4,"start_time":1700784020353},{"elapsed_time":777839,"segment":1,"source_type":4,"start_time":1700784021353},{"elapsed_time":778839,"segment":1,"source_type":4,"start_time":1700784022353},{"elapsed_time":779839,"segment":1,"source_type":4,"start_time":1700784023353},{"elapsed_time":780839,"segment":1,"source_type":4,"start_time":1700784024353},{"elapsed_time":781839,"segment":1,"source_type":4,"start_time":1700784025353},{"elapsed_time":782839,"segment":1,"source_type":4,"start_time":1700784026353},{"elapsed_time":783839,"segment":1,"source_type":4,"start_time":1700784027353},{"elapsed_time":784839,"segment":1,"source_type":4,"start_time":1700784028353},{"elapsed_time":785839,"segment":1,"source_type":4,"start_time":1700784029353},{"elapsed_time":786839,"segment":1,"source_type":4,"start_time":1700784030353},{"elapsed_time":787839,"segment":1,"source_type":4,"start_time":1700784031353},{"elapsed_time":788839,"segment":1,"source_type":4,"start_time":1700784032353},{"elapsed_time":789839,"segment":1,"source_type":4,"start_time":1700784033353},{"elapsed_time":790839,"segment":1,"source_type":4,"start_time":1700784034353},{"elapsed_time":791839,"segment":1,"source_type":4,"start_time":1700784035353},{"elapsed_time":792839,"segment":1,"source_type":4,"start_time":1700784036353},{"elapsed_time":793839,"segment":1,"source_type":4,"start_time":1700784037353},{"elapsed_time":794839,"segment":1,"source_type":4,"start_time":1700784038353},{"elapsed_time":795839,"segment":1,"source_type":4,"start_time":1700784039353},{"elapsed_time":796839,"segment":1,"source_type":4,"start_time":1700784040353},{"elapsed_time":797839,"segment":1,"source_type":4,"start_time":1700784041353},{"elapsed_time":798839,"segment":1,"source_type":4,"start_time":1700784042353},{"elapsed_time":799839,"segment":1,"source_type":4,"start_time":1700784043353},{"elapsed_time":800839,"segment":1,"source_type":4,"start_time":1700784044353},{"elapsed_time":801839,"segment":1,"source_type":4,"start_time":1700784045353},{"elapsed_time":802839,"segment":1,"source_type":4,"start_time":1700784046353},{"elapsed_time":803839,"segment":1,"source_type":4,"start_time":1700784047353},{"elapsed_time":804839,"segment":1,"source_type":4,"start_time":1700784048353},{"elapsed_time":805839,"segment":1,"source_type":4,"start_time":1700784049353},{"elapsed_time":806839,"segment":1,"source_type":4,"start_time":1700784050353},{"elapsed_time":807839,"segment":1,"source_type":4,"start_time":1700784051353},{"elapsed_time":808839,"segment":1,"source_type":4,"start_time":1700784052353},{"elapsed_time":809839,"segment":1,"source_type":4,"start_time":1700784053353},{"elapsed_time":810839,"segment":1,"source_type":4,"start_time":1700784054353},{"elapsed_time":811839,"segment":1,"source_type":4,"start_time":1700784055353},{"elapsed_time":812839,"segment":1,"source_type":4,"start_time":1700784056353},{"elapsed_time":813839,"segment":1,"source_type":4,"start_time":1700784057353},{"elapsed_time":814839,"segment":1,"source_type":4,"start_time":1700784058353},{"elapsed_time":815839,"segment":1,"source_type":4,"start_time":1700784059353},{"elapsed_time":816839,"segment":1,"source_type":4,"start_time":1700784060353},{"elapsed_time":817839,"segment":1,"source_type":4,"start_time":1700784061353},{"elapsed_time":818839,"segment":1,"source_type":4,"start_time":1700784062353},{"elapsed_time":819839,"segment":1,"source_type":4,"start_time":1700784063353},{"elapsed_time":820839,"segment":1,"source_type":4,"start_time":1700784064353},{"elapsed_time":821839,"segment":1,"source_type":4,"start_time":1700784065353},{"elapsed_time":822839,"segment":1,"source_type":4,"start_time":1700784066353},{"elapsed_time":823839,"segment":1,"source_type":4,"start_time":1700784067353},{"elapsed_time":824839,"segment":1,"source_type":4,"start_time":1700784068353},{"elapsed_time":825839,"segment":1,"source_type":4,"start_time":1700784069353},{"elapsed_time":826839,"segment":1,"source_type":4,"start_time":1700784070353},{"elapsed_time":827839,"segment":1,"source_type":4,"start_time":1700784071353},{"elapsed_time":828839,"segment":1,"source_type":4,"start_time":1700784072353},{"elapsed_time":829839,"segment":1,"source_type":4,"start_time":1700784073353},{"elapsed_time":830839,"segment":1,"source_type":4,"start_time":1700784074353},{"elapsed_time":831839,"segment":1,"source_type":4,"start_time":1700784075353},{"elapsed_time":832839,"segment":1,"source_type":4,"start_time":1700784076353},{"elapsed_time":833839,"segment":1,"source_type":4,"start_time":1700784077353},{"elapsed_time":834839,"segment":1,"source_type":4,"start_time":1700784078353},{"elapsed_time":835839,"segment":1,"source_type":4,"start_time":1700784079353},{"elapsed_time":836840,"segment":1,"source_type":4,"start_time":1700784080353},{"elapsed_time":837840,"segment":1,"source_type":4,"start_time":1700784081353},{"elapsed_time":838840,"segment":1,"source_type":4,"start_time":1700784082353},{"elapsed_time":839840,"segment":1,"source_type":4,"start_time":1700784083353},{"elapsed_time":840840,"segment":1,"source_type":4,"start_time":1700784084353},{"elapsed_time":841840,"segment":1,"source_type":4,"start_time":1700784085353},{"elapsed_time":842839,"segment":1,"source_type":4,"start_time":1700784086353},{"elapsed_time":843839,"segment":1,"source_type":4,"start_time":1700784087353},{"elapsed_time":844839,"segment":1,"source_type":4,"start_time":1700784088353},{"elapsed_time":845839,"segment":1,"source_type":4,"start_time":1700784089353},{"elapsed_time":846839,"segment":1,"source_type":4,"start_time":1700784090353},{"elapsed_time":847839,"segment":1,"source_type":4,"start_time":1700784091353},{"elapsed_time":848839,"segment":1,"source_type":4,"start_time":1700784092353},{"elapsed_time":849839,"segment":1,"source_type":4,"start_time":1700784093353},{"elapsed_time":850839,"segment":1,"source_type":4,"start_time":1700784094353},{"elapsed_time":851839,"segment":1,"source_type":4,"start_time":1700784095353},{"elapsed_time":852839,"segment":1,"source_type":4,"start_time":1700784096353},{"elapsed_time":853839,"segment":1,"source_type":4,"start_time":1700784097353},{"elapsed_time":854839,"segment":1,"source_type":4,"start_time":1700784098353},{"elapsed_time":855839,"segment":1,"source_type":4,"start_time":1700784099353},{"elapsed_time":856839,"segment":1,"source_type":4,"start_time":1700784100353},{"elapsed_time":857839,"segment":1,"source_type":4,"start_time":1700784101353},{"elapsed_time":858839,"segment":1,"source_type":4,"start_time":1700784102353},{"elapsed_time":859839,"segment":1,"source_type":4,"start_time":1700784103353},{"elapsed_time":860839,"segment":1,"source_type":4,"start_time":1700784104353},{"elapsed_time":861839,"segment":1,"source_type":4,"start_time":1700784105353},{"elapsed_time":862839,"segment":1,"source_type":4,"start_time":1700784106353},{"elapsed_time":863839,"segment":1,"source_type":4,"start_time":1700784107353},{"elapsed_time":864839,"segment":1,"source_type":4,"start_time":1700784108353},{"elapsed_time":865839,"segment":1,"source_type":4,"start_time":1700784109353},{"elapsed_time":866839,"segment":1,"source_type":4,"start_time":1700784110353},{"elapsed_time":867839,"segment":1,"source_type":4,"start_time":1700784111353},{"elapsed_time":868839,"segment":1,"source_type":4,"start_time":1700784112353},{"elapsed_time":869839,"segment":1,"source_type":4,"start_time":1700784113353},{"elapsed_time":870839,"segment":1,"source_type":4,"start_time":1700784114353},{"elapsed_time":871839,"segment":1,"source_type":4,"start_time":1700784115353},{"elapsed_time":872839,"segment":1,"source_type":4,"start_time":1700784116353},{"elapsed_time":873839,"segment":1,"source_type":4,"start_time":1700784117353},{"elapsed_time":874839,"segment":1,"source_type":4,"start_time":1700784118353},{"elapsed_time":875839,"segment":1,"source_type":4,"start_time":1700784119353},{"elapsed_time":876839,"segment":1,"source_type":4,"start_time":1700784120353},{"elapsed_time":877839,"segment":1,"source_type":4,"start_time":1700784121353},{"elapsed_time":878839,"segment":1,"source_type":4,"start_time":1700784122353},{"elapsed_time":879839,"segment":1,"source_type":4,"start_time":1700784123353},{"elapsed_time":880839,"segment":1,"source_type":4,"start_time":1700784124353},{"elapsed_time":881839,"segment":1,"source_type":4,"start_time":1700784125353},{"elapsed_time":882839,"segment":1,"source_type":4,"start_time":1700784126353},{"elapsed_time":883839,"segment":1,"source_type":4,"start_time":1700784127353},{"elapsed_time":884839,"segment":1,"source_type":4,"start_time":1700784128353},{"elapsed_time":885839,"segment":1,"source_type":4,"start_time":1700784129353},{"elapsed_time":886839,"segment":1,"source_type":4,"start_time":1700784130353},{"elapsed_time":887839,"segment":1,"source_type":4,"start_time":1700784131353},{"elapsed_time":888839,"segment":1,"source_type":4,"start_time":1700784132353},{"elapsed_time":889839,"segment":1,"source_type":4,"start_time":1700784133353},{"elapsed_time":890839,"segment":1,"source_type":4,"start_time":1700784134353},{"elapsed_time":891839,"segment":1,"source_type":4,"start_time":1700784135353},{"elapsed_time":892839,"segment":1,"source_type":4,"start_time":1700784136353},{"elapsed_time":893839,"segment":1,"source_type":4,"start_time":1700784137353},{"elapsed_time":894839,"segment":1,"source_type":4,"start_time":1700784138353},{"elapsed_time":895839,"segment":1,"source_type":4,"start_time":1700784139353},{"elapsed_time":896839,"segment":1,"source_type":4,"start_time":1700784140353},{"elapsed_time":897839,"segment":1,"source_type":4,"start_time":1700784141353},{"elapsed_time":898839,"segment":1,"source_type":4,"start_time":1700784142353},{"elapsed_time":899839,"segment":1,"source_type":4,"start_time":1700784143353},{"elapsed_time":900839,"segment":1,"source_type":4,"start_time":1700784144353},{"elapsed_time":901839,"segment":1,"source_type":4,"start_time":1700784145353},{"elapsed_time":902839,"segment":1,"source_type":4,"start_time":1700784146353},{"elapsed_time":903839,"segment":1,"source_type":4,"start_time":1700784147353},{"elapsed_time":904839,"segment":1,"source_type":4,"start_time":1700784148353},{"elapsed_time":905839,"segment":1,"source_type":4,"start_time":1700784149353},{"elapsed_time":906839,"segment":1,"source_type":4,"start_time":1700784150353},{"elapsed_time":907839,"segment":1,"source_type":4,"start_time":1700784151353},{"elapsed_time":908839,"segment":1,"source_type":4,"start_time":1700784152353},{"elapsed_time":909839,"segment":1,"source_type":4,"start_time":1700784153353},{"elapsed_time":910839,"segment":1,"source_type":4,"start_time":1700784154353},{"elapsed_time":911839,"segment":1,"source_type":4,"start_time":1700784155353},{"elapsed_time":912839,"segment":1,"source_type":4,"start_time":1700784156353},{"elapsed_time":913839,"segment":1,"source_type":4,"start_time":1700784157353},{"elapsed_time":914839,"segment":1,"source_type":4,"start_time":1700784158353},{"elapsed_time":917345,"segment":1,"source_type":4,"start_time":1700784160859},{"elapsed_time":918345,"segment":1,"source_type":4,"start_time":1700784161859},{"elapsed_time":919345,"segment":1,"source_type":4,"start_time":1700784162859},{"elapsed_time":920345,"segment":1,"source_type":4,"start_time":1700784163859},{"elapsed_time":921345,"segment":1,"source_type":4,"start_time":1700784164859},{"elapsed_time":922345,"segment":1,"source_type":4,"start_time":1700784165859},{"elapsed_time":923345,"segment":1,"source_type":4,"start_time":1700784166859},{"elapsed_time":924345,"segment":1,"source_type":4,"start_time":1700784167859},{"elapsed_time":925345,"segment":1,"source_type":4,"start_time":1700784168859},{"elapsed_time":926345,"segment":1,"source_type":4,"start_time":1700784169859},{"elapsed_time":927345,"segment":1,"source_type":4,"start_time":1700784170859},{"elapsed_time":928345,"segment":1,"source_type":4,"start_time":1700784171859},{"elapsed_time":929345,"segment":1,"source_type":4,"start_time":1700784172859},{"elapsed_time":930345,"segment":1,"source_type":4,"start_time":1700784173859},{"elapsed_time":931345,"segment":1,"source_type":4,"start_time":1700784174859},{"elapsed_time":932345,"segment":1,"source_type":4,"start_time":1700784175859},{"elapsed_time":933345,"segment":1,"source_type":4,"start_time":1700784176859},{"elapsed_time":934345,"segment":1,"source_type":4,"start_time":1700784177859},{"elapsed_time":935345,"segment":1,"source_type":4,"start_time":1700784178859},{"elapsed_time":936345,"segment":1,"source_type":4,"start_time":1700784179859},{"elapsed_time":937345,"segment":1,"source_type":4,"start_time":1700784180859},{"elapsed_time":938345,"segment":1,"source_type":4,"start_time":1700784181859},{"elapsed_time":939345,"segment":1,"source_type":4,"start_time":1700784182859},{"elapsed_time":940345,"segment":1,"source_type":4,"start_time":1700784183859},{"elapsed_time":941345,"segment":1,"source_type":4,"start_time":1700784184859},{"elapsed_time":942345,"segment":1,"source_type":4,"start_time":1700784185859},{"elapsed_time":943345,"segment":1,"source_type":4,"start_time":1700784186859},{"elapsed_time":944345,"segment":1,"source_type":4,"start_time":1700784187859},{"elapsed_time":945345,"segment":1,"source_type":4,"start_time":1700784188859},{"elapsed_time":946345,"segment":1,"source_type":4,"start_time":1700784189859},{"elapsed_time":947345,"segment":1,"source_type":4,"start_time":1700784190859},{"elapsed_time":948345,"segment":1,"source_type":4,"start_time":1700784191859},{"elapsed_time":949345,"segment":1,"source_type":4,"start_time":1700784192859},{"elapsed_time":950345,"segment":1,"source_type":4,"start_time":1700784193859},{"elapsed_time":951345,"segment":1,"source_type":4,"start_time":1700784194859},{"elapsed_time":952345,"segment":1,"source_type":4,"start_time":1700784195859},{"elapsed_time":953345,"segment":1,"source_type":4,"start_time":1700784196859},{"elapsed_time":954345,"segment":1,"source_type":4,"start_time":1700784197859},{"elapsed_time":955345,"segment":1,"source_type":4,"start_time":1700784198859},{"elapsed_time":956345,"segment":1,"source_type":4,"start_time":1700784199859},{"elapsed_time":957345,"segment":1,"source_type":4,"start_time":1700784200859},{"elapsed_time":958345,"segment":1,"source_type":4,"start_time":1700784201859},{"elapsed_time":959345,"segment":1,"source_type":4,"start_time":1700784202859},{"elapsed_time":960345,"segment":1,"source_type":4,"start_time":1700784203859},{"elapsed_time":961345,"segment":1,"source_type":4,"start_time":1700784204859},{"elapsed_time":962345,"segment":1,"source_type":4,"start_time":1700784205859},{"elapsed_time":963345,"segment":1,"source_type":4,"start_time":1700784206859},{"elapsed_time":964345,"segment":1,"source_type":4,"start_time":1700784207859},{"elapsed_time":965345,"segment":1,"source_type":4,"start_time":1700784208859},{"elapsed_time":966345,"segment":1,"source_type":4,"start_time":1700784209859},{"elapsed_time":967345,"segment":1,"source_type":4,"start_time":1700784210859},{"elapsed_time":968345,"segment":1,"source_type":4,"start_time":1700784211859},{"elapsed_time":969345,"segment":1,"source_type":4,"start_time":1700784212859},{"elapsed_time":970345,"segment":1,"source_type":4,"start_time":1700784213859},{"elapsed_time":971345,"segment":1,"source_type":4,"start_time":1700784214859},{"elapsed_time":972345,"segment":1,"source_type":4,"start_time":1700784215859},{"elapsed_time":973345,"segment":1,"source_type":4,"start_time":1700784216859},{"elapsed_time":974345,"segment":1,"source_type":4,"start_time":1700784217859},{"elapsed_time":975345,"segment":1,"source_type":4,"start_time":1700784218859},{"elapsed_time":976345,"segment":1,"source_type":4,"start_time":1700784219859},{"elapsed_time":977345,"segment":1,"source_type":4,"start_time":1700784220859},{"elapsed_time":978345,"segment":1,"source_type":4,"start_time":1700784221859},{"elapsed_time":979345,"segment":1,"source_type":4,"start_time":1700784222859},{"elapsed_time":980345,"segment":1,"source_type":4,"start_time":1700784223859},{"elapsed_time":981345,"segment":1,"source_type":4,"start_time":1700784224859},{"elapsed_time":982345,"segment":1,"source_type":4,"start_time":1700784225859},{"elapsed_time":983345,"segment":1,"source_type":4,"start_time":1700784226859},{"elapsed_time":984345,"segment":1,"source_type":4,"start_time":1700784227859},{"elapsed_time":985345,"segment":1,"source_type":4,"start_time":1700784228859},{"elapsed_time":986345,"segment":1,"source_type":4,"start_time":1700784229859},{"elapsed_time":987345,"segment":1,"source_type":4,"start_time":1700784230859},{"elapsed_time":988345,"segment":1,"source_type":4,"start_time":1700784231859},{"elapsed_time":989345,"segment":1,"source_type":4,"start_time":1700784232859},{"elapsed_time":990345,"segment":1,"source_type":4,"start_time":1700784233859},{"elapsed_time":991345,"segment":1,"source_type":4,"start_time":1700784234859},{"elapsed_time":992345,"segment":1,"source_type":4,"start_time":1700784235859},{"elapsed_time":993345,"segment":1,"source_type":4,"start_time":1700784236859},{"elapsed_time":994345,"segment":1,"source_type":4,"start_time":1700784237859},{"elapsed_time":995345,"segment":1,"source_type":4,"start_time":1700784238859},{"elapsed_time":996345,"segment":1,"source_type":4,"start_time":1700784239859},{"elapsed_time":997345,"segment":1,"source_type":4,"start_time":1700784240859},{"elapsed_time":998345,"segment":1,"source_type":4,"start_time":1700784241859},{"elapsed_time":999345,"segment":1,"source_type":4,"start_time":1700784242859},{"elapsed_time":1000345,"segment":1,"source_type":4,"start_time":1700784243859},{"elapsed_time":1001345,"segment":1,"source_type":4,"start_time":1700784244859},{"elapsed_time":1002345,"segment":1,"source_type":4,"start_time":1700784245859},{"elapsed_time":1003345,"segment":1,"source_type":4,"start_time":1700784246859},{"elapsed_time":1004345,"segment":1,"source_type":4,"start_time":1700784247859},{"elapsed_time":1005345,"segment":1,"source_type":4,"start_time":1700784248859},{"elapsed_time":1006345,"segment":1,"source_type":4,"start_time":1700784249859},{"elapsed_time":1007345,"segment":1,"source_type":4,"start_time":1700784250859},{"elapsed_time":1008345,"segment":1,"source_type":4,"start_time":1700784251859},{"elapsed_time":1009345,"segment":1,"source_type":4,"start_time":1700784252859},{"elapsed_time":1010345,"segment":1,"source_type":4,"start_time":1700784253859},{"elapsed_time":1011345,"segment":1,"source_type":4,"start_time":1700784254859},{"elapsed_time":1012345,"segment":1,"source_type":4,"start_time":1700784255859},{"elapsed_time":1013345,"segment":1,"source_type":4,"start_time":1700784256859},{"elapsed_time":1014345,"segment":1,"source_type":4,"start_time":1700784257859},{"elapsed_time":1015345,"segment":1,"source_type":4,"start_time":1700784258859},{"elapsed_time":1016346,"segment":1,"source_type":4,"start_time":1700784259860},{"elapsed_time":1018122,"segment":1,"source_type":4,"start_time":1700784261636},{"elapsed_time":1019122,"segment":1,"source_type":4,"start_time":1700784262636},{"elapsed_time":1020122,"segment":1,"source_type":4,"start_time":1700784263636},{"elapsed_time":1021122,"segment":1,"source_type":4,"start_time":1700784264636},{"elapsed_time":1022122,"segment":1,"source_type":4,"start_time":1700784265636},{"elapsed_time":1023122,"segment":1,"source_type":4,"start_time":1700784266636},{"elapsed_time":1024122,"segment":1,"source_type":4,"start_time":1700784267636},{"elapsed_time":1025122,"segment":1,"source_type":4,"start_time":1700784268636},{"elapsed_time":1026122,"segment":1,"source_type":4,"start_time":1700784269636},{"elapsed_time":1027122,"segment":1,"source_type":4,"start_time":1700784270636},{"elapsed_time":1028122,"segment":1,"source_type":4,"start_time":1700784271636},{"elapsed_time":1029122,"segment":1,"source_type":4,"start_time":1700784272636},{"elapsed_time":1030122,"segment":1,"source_type":4,"start_time":1700784273636},{"elapsed_time":1031122,"segment":1,"source_type":4,"start_time":1700784274636},{"elapsed_time":1032122,"segment":1,"source_type":4,"start_time":1700784275636},{"elapsed_time":1033122,"segment":1,"source_type":4,"start_time":1700784276636},{"elapsed_time":1034122,"segment":1,"source_type":4,"start_time":1700784277636},{"elapsed_time":1035122,"segment":1,"source_type":4,"start_time":1700784278636},{"elapsed_time":1036122,"segment":1,"source_type":4,"start_time":1700784279636},{"elapsed_time":1037122,"segment":1,"source_type":4,"start_time":1700784280636},{"elapsed_time":1038122,"segment":1,"source_type":4,"start_time":1700784281636},{"elapsed_time":1039122,"segment":1,"source_type":4,"start_time":1700784282636},{"elapsed_time":1040122,"segment":1,"source_type":4,"start_time":1700784283636},{"elapsed_time":1041122,"segment":1,"source_type":4,"start_time":1700784284636},{"elapsed_time":1042122,"segment":1,"source_type":4,"start_time":1700784285636},{"elapsed_time":1043122,"segment":1,"source_type":4,"start_time":1700784286636},{"elapsed_time":1044122,"segment":1,"source_type":4,"start_time":1700784287636},{"elapsed_time":1045122,"segment":1,"source_type":4,"start_time":1700784288636},{"elapsed_time":1046122,"segment":1,"source_type":4,"start_time":1700784289636},{"elapsed_time":1047122,"segment":1,"source_type":4,"start_time":1700784290636},{"elapsed_time":1048122,"segment":1,"source_type":4,"start_time":1700784291636},{"elapsed_time":1050282,"segment":1,"source_type":4,"start_time":1700784293796},{"elapsed_time":1051282,"segment":1,"source_type":4,"start_time":1700784294796},{"elapsed_time":1052282,"segment":1,"source_type":4,"start_time":1700784295796},{"elapsed_time":1053282,"segment":1,"source_type":4,"start_time":1700784296796},{"elapsed_time":1054282,"segment":1,"source_type":4,"start_time":1700784297796},{"elapsed_time":1055282,"segment":1,"source_type":4,"start_time":1700784298796},{"elapsed_time":1056282,"segment":1,"source_type":4,"start_time":1700784299796},{"elapsed_time":1057282,"segment":1,"source_type":4,"start_time":1700784300796},{"elapsed_time":1058282,"segment":1,"source_type":4,"start_time":1700784301796},{"elapsed_time":1059282,"segment":1,"source_type":4,"start_time":1700784302796},{"elapsed_time":1060282,"segment":1,"source_type":4,"start_time":1700784303796},{"elapsed_time":1061282,"segment":1,"source_type":4,"start_time":1700784304796},{"elapsed_time":1062282,"segment":1,"source_type":4,"start_time":1700784305796},{"elapsed_time":1063282,"segment":1,"source_type":4,"start_time":1700784306796},{"elapsed_time":1064282,"segment":1,"source_type":4,"start_time":1700784307796},{"elapsed_time":1065282,"segment":1,"source_type":4,"start_time":1700784308796},{"elapsed_time":1066282,"segment":1,"source_type":4,"start_time":1700784309796},{"elapsed_time":1067282,"segment":1,"source_type":4,"start_time":1700784310796},{"elapsed_time":1068282,"segment":1,"source_type":4,"start_time":1700784311796},{"elapsed_time":1069282,"segment":1,"source_type":4,"start_time":1700784312796},{"elapsed_time":1070282,"segment":1,"source_type":4,"start_time":1700784313796},{"elapsed_time":1071282,"segment":1,"source_type":4,"start_time":1700784314796},{"elapsed_time":1072282,"segment":1,"source_type":4,"start_time":1700784315796},{"elapsed_time":1073282,"segment":1,"source_type":4,"start_time":1700784316796},{"elapsed_time":1074282,"segment":1,"source_type":4,"start_time":1700784317796},{"elapsed_time":1075282,"segment":1,"source_type":4,"start_time":1700784318796},{"elapsed_time":1076282,"segment":1,"source_type":4,"start_time":1700784319796},{"elapsed_time":1077282,"segment":1,"source_type":4,"start_time":1700784320796},{"elapsed_time":1078282,"segment":1,"source_type":4,"start_time":1700784321796},{"elapsed_time":1079282,"segment":1,"source_type":4,"start_time":1700784322796},{"elapsed_time":1080282,"segment":1,"source_type":4,"start_time":1700784323796},{"elapsed_time":1081282,"segment":1,"source_type":4,"start_time":1700784324796},{"elapsed_time":1082282,"segment":1,"source_type":4,"start_time":1700784325796},{"elapsed_time":1083282,"segment":1,"source_type":4,"start_time":1700784326796},{"elapsed_time":1084282,"segment":1,"source_type":4,"start_time":1700784327796},{"elapsed_time":1085282,"segment":1,"source_type":4,"start_time":1700784328796},{"elapsed_time":1086282,"segment":1,"source_type":4,"start_time":1700784329796},{"elapsed_time":1087282,"segment":1,"source_type":4,"start_time":1700784330796},{"elapsed_time":1088282,"segment":1,"source_type":4,"start_time":1700784331796},{"elapsed_time":1089282,"segment":1,"source_type":4,"start_time":1700784332796},{"elapsed_time":1090282,"segment":1,"source_type":4,"start_time":1700784333796},{"elapsed_time":1091282,"segment":1,"source_type":4,"start_time":1700784334796},{"elapsed_time":1092282,"segment":1,"source_type":4,"start_time":1700784335796},{"elapsed_time":1093282,"segment":1,"source_type":4,"start_time":1700784336796},{"elapsed_time":1094282,"segment":1,"source_type":4,"start_time":1700784337796},{"elapsed_time":1095282,"segment":1,"source_type":4,"start_time":1700784338796},{"elapsed_time":1096282,"segment":1,"source_type":4,"start_time":1700784339796},{"elapsed_time":1097282,"segment":1,"source_type":4,"start_time":1700784340796},{"elapsed_time":1098282,"segment":1,"source_type":4,"start_time":1700784341796},{"elapsed_time":1099282,"segment":1,"source_type":4,"start_time":1700784342796},{"elapsed_time":1100282,"segment":1,"source_type":4,"start_time":1700784343796},{"elapsed_time":1101282,"segment":1,"source_type":4,"start_time":1700784344796},{"elapsed_time":1102282,"segment":1,"source_type":4,"start_time":1700784345796},{"elapsed_time":1103282,"segment":1,"source_type":4,"start_time":1700784346796},{"elapsed_time":1104282,"segment":1,"source_type":4,"start_time":1700784347796},{"elapsed_time":1105282,"segment":1,"source_type":4,"start_time":1700784348796},{"elapsed_time":1106282,"segment":1,"source_type":4,"start_time":1700784349796},{"elapsed_time":1107282,"segment":1,"source_type":4,"start_time":1700784350796},{"elapsed_time":1108282,"segment":1,"source_type":4,"start_time":1700784351796},{"elapsed_time":1109282,"segment":1,"source_type":4,"start_time":1700784352796},{"elapsed_time":1110282,"segment":1,"source_type":4,"start_time":1700784353796},{"elapsed_time":1111282,"segment":1,"source_type":4,"start_time":1700784354796},{"elapsed_time":1112282,"segment":1,"source_type":4,"start_time":1700784355796},{"elapsed_time":1113282,"segment":1,"source_type":4,"start_time":1700784356796},{"elapsed_time":1114282,"segment":1,"source_type":4,"start_time":1700784357796},{"elapsed_time":1115282,"segment":1,"source_type":4,"start_time":1700784358796},{"elapsed_time":1116282,"segment":1,"source_type":4,"start_time":1700784359796},{"elapsed_time":1117282,"segment":1,"source_type":4,"start_time":1700784360796},{"elapsed_time":1118282,"segment":1,"source_type":4,"start_time":1700784361796},{"elapsed_time":1119282,"segment":1,"source_type":4,"start_time":1700784362796},{"elapsed_time":1120282,"segment":1,"source_type":4,"start_time":1700784363796},{"elapsed_time":1121282,"segment":1,"source_type":4,"start_time":1700784364796},{"elapsed_time":1122282,"segment":1,"source_type":4,"start_time":1700784365796},{"elapsed_time":1123282,"segment":1,"source_type":4,"start_time":1700784366796},{"elapsed_time":1124282,"segment":1,"source_type":4,"start_time":1700784367796},{"elapsed_time":1125282,"segment":1,"source_type":4,"start_time":1700784368796},{"elapsed_time":1126282,"segment":1,"source_type":4,"start_time":1700784369796},{"elapsed_time":1127282,"segment":1,"source_type":4,"start_time":1700784370796},{"elapsed_time":1128282,"segment":1,"source_type":4,"start_time":1700784371796},{"elapsed_time":1129282,"segment":1,"source_type":4,"start_time":1700784372796},{"elapsed_time":1130282,"segment":1,"source_type":4,"start_time":1700784373796},{"elapsed_time":1131282,"segment":1,"source_type":4,"start_time":1700784374796},{"elapsed_time":1132282,"segment":1,"source_type":4,"start_time":1700784375796},{"elapsed_time":1133282,"segment":1,"source_type":4,"start_time":1700784376796},{"elapsed_time":1134282,"segment":1,"source_type":4,"start_time":1700784377796},{"elapsed_time":1135282,"segment":1,"source_type":4,"start_time":1700784378796},{"elapsed_time":1136282,"segment":1,"source_type":4,"start_time":1700784379796},{"elapsed_time":1137282,"segment":1,"source_type":4,"start_time":1700784380796},{"elapsed_time":1138282,"segment":1,"source_type":4,"start_time":1700784381796},{"elapsed_time":1139282,"segment":1,"source_type":4,"start_time":1700784382796},{"elapsed_time":1140282,"segment":1,"source_type":4,"start_time":1700784383796},{"elapsed_time":1141282,"segment":1,"source_type":4,"start_time":1700784384796},{"elapsed_time":1142282,"segment":1,"source_type":4,"start_time":1700784385796},{"elapsed_time":1143282,"segment":1,"source_type":4,"start_time":1700784386796},{"elapsed_time":1144282,"segment":1,"source_type":4,"start_time":1700784387796},{"elapsed_time":1145282,"segment":1,"source_type":4,"start_time":1700784388796},{"elapsed_time":1146282,"segment":1,"source_type":4,"start_time":1700784389796},{"elapsed_time":1147282,"segment":1,"source_type":4,"start_time":1700784390796},{"elapsed_time":1149200,"segment":1,"source_type":4,"start_time":1700784392714},{"elapsed_time":1150200,"segment":1,"source_type":4,"start_time":1700784393714},{"elapsed_time":1151200,"segment":1,"source_type":4,"start_time":1700784394714},{"elapsed_time":1152200,"segment":1,"source_type":4,"start_time":1700784395714},{"elapsed_time":1153200,"segment":1,"source_type":4,"start_time":1700784396714},{"elapsed_time":1154200,"segment":1,"source_type":4,"start_time":1700784397714},{"elapsed_time":1155200,"segment":1,"source_type":4,"start_time":1700784398714},{"elapsed_time":1156200,"segment":1,"source_type":4,"start_time":1700784399714},{"elapsed_time":1157200,"segment":1,"source_type":4,"start_time":1700784400714},{"elapsed_time":1158200,"segment":1,"source_type":4,"start_time":1700784401714},{"elapsed_time":1159200,"segment":1,"source_type":4,"start_time":1700784402714},{"elapsed_time":1160200,"segment":1,"source_type":4,"start_time":1700784403714},{"elapsed_time":1161200,"segment":1,"source_type":4,"start_time":1700784404714},{"elapsed_time":1162200,"segment":1,"source_type":4,"start_time":1700784405714},{"elapsed_time":1163200,"segment":1,"source_type":4,"start_time":1700784406714},{"elapsed_time":1164200,"segment":1,"source_type":4,"start_time":1700784407714},{"elapsed_time":1165202,"segment":1,"source_type":4,"start_time":1700784408716},{"elapsed_time":1166204,"segment":1,"source_type":4,"start_time":1700784409718},{"elapsed_time":1167205,"segment":1,"source_type":4,"start_time":1700784410719},{"elapsed_time":1168207,"segment":1,"source_type":4,"start_time":1700784411721},{"elapsed_time":1169813,"segment":1,"source_type":4,"start_time":1700784413327},{"elapsed_time":1170813,"segment":1,"source_type":4,"start_time":1700784414327},{"elapsed_time":1171813,"segment":1,"source_type":4,"start_time":1700784415327},{"elapsed_time":1172813,"segment":1,"source_type":4,"start_time":1700784416327},{"elapsed_time":1173813,"segment":1,"source_type":4,"start_time":1700784417327},{"elapsed_time":1174813,"segment":1,"source_type":4,"start_time":1700784418327},{"elapsed_time":1175813,"segment":1,"source_type":4,"start_time":1700784419327},{"elapsed_time":1176813,"segment":1,"source_type":4,"start_time":1700784420327},{"elapsed_time":1177813,"segment":1,"source_type":4,"start_time":1700784421327},{"elapsed_time":1178813,"segment":1,"source_type":4,"start_time":1700784422327},{"elapsed_time":1179813,"segment":1,"source_type":4,"start_time":1700784423327},{"elapsed_time":1180813,"segment":1,"source_type":4,"start_time":1700784424327},{"elapsed_time":1181813,"segment":1,"source_type":4,"start_time":1700784425327},{"elapsed_time":1182813,"segment":1,"source_type":4,"start_time":1700784426327},{"elapsed_time":1183813,"segment":1,"source_type":4,"start_time":1700784427327},{"elapsed_time":1184813,"segment":1,"source_type":4,"start_time":1700784428327},{"elapsed_time":1185813,"segment":1,"source_type":4,"start_time":1700784429327},{"elapsed_time":1186813,"segment":1,"source_type":4,"start_time":1700784430327},{"elapsed_time":1187813,"segment":1,"source_type":4,"start_time":1700784431327},{"elapsed_time":1188813,"segment":1,"source_type":4,"start_time":1700784432327},{"elapsed_time":1189813,"segment":1,"source_type":4,"start_time":1700784433327},{"elapsed_time":1190813,"segment":1,"source_type":4,"start_time":1700784434327},{"elapsed_time":1191813,"segment":1,"source_type":4,"start_time":1700784435327},{"elapsed_time":1192813,"segment":1,"source_type":4,"start_time":1700784436327},{"elapsed_time":1193813,"segment":1,"source_type":4,"start_time":1700784437327},{"elapsed_time":1194813,"segment":1,"source_type":4,"start_time":1700784438327},{"elapsed_time":1195813,"segment":1,"source_type":4,"start_time":1700784439327},{"elapsed_time":1196813,"segment":1,"source_type":4,"start_time":1700784440327},{"elapsed_time":1197813,"segment":1,"source_type":4,"start_time":1700784441327},{"elapsed_time":1000,"segment":1,"source_type":4,"start_time":1700783244514},{"elapsed_time":60000,"segment":1,"source_type":4,"start_time":1700783303514},{"elapsed_time":120000,"segment":1,"source_type":4,"start_time":1700783363514},{"elapsed_time":180000,"segment":1,"source_type":4,"start_time":1700783423514},{"elapsed_time":240000,"segment":1,"source_type":4,"start_time":1700783483514},{"elapsed_time":300000,"segment":1,"source_type":4,"start_time":1700783543514},{"elapsed_time":360000,"segment":1,"source_type":4,"start_time":1700783603514},{"elapsed_time":420000,"segment":1,"source_type":4,"start_time":1700783663514},{"elapsed_time":420000,"segment":1,"source_type":4,"start_time":1700783663514},{"elapsed_time":480000,"segment":1,"source_type":4,"start_time":1700783723514},{"elapsed_time":540000,"segment":1,"source_type":4,"start_time":1700783783514},{"elapsed_time":600000,"segment":1,"source_type":4,"start_time":1700783843514},{"elapsed_time":660000,"segment":1,"source_type":4,"start_time":1700783903514},{"elapsed_time":720000,"segment":1,"source_type":4,"start_time":1700783963514},{"elapsed_time":720000,"segment":1,"source_type":4,"start_time":1700783963514},{"elapsed_time":780000,"segment":1,"source_type":4,"start_time":1700784023514},{"elapsed_time":840000,"segment":1,"source_type":4,"start_time":1700784083514},{"elapsed_time":900000,"segment":1,"source_type":4,"start_time":1700784143514},{"elapsed_time":960000,"segment":1,"source_type":4,"start_time":1700784203514},{"elapsed_time":1020000,"segment":1,"source_type":4,"start_time":1700784263514},{"elapsed_time":1080000,"segment":1,"source_type":4,"start_time":1700784323514},{"elapsed_time":1140000,"segment":1,"source_type":4,"start_time":1700784383514},{"elapsed_time":1140000,"segment":1,"source_type":4,"start_time":1700784383514}]