[{"score":7,"score_max":15,"score_min":1,"flag":1,"level":1,"start_time":1700866740000,"end_time":1700866799000},{"score":22,"score_max":37,"score_min":14,"flag":1,"level":1,"start_time":1700866680000,"end_time":1700866739000},{"score":48,"score_max":56,"score_min":37,"flag":1,"level":1,"start_time":1700866620000,"end_time":1700866679000},{"score":23,"score_max":36,"score_min":17,"flag":1,"level":1,"start_time":1700866560000,"end_time":1700866619000},{"score":51,"score_max":63,"score_min":32,"flag":1,"level":1,"start_time":1700866500000,"end_time":1700866559000},{"score":51,"score_max":51,"score_min":51,"flag":1,"level":1,"start_time":1700866440000,"end_time":1700866499000},{"score":29,"score_max":54,"score_min":16,"flag":1,"level":1,"start_time":1700866380000,"end_time":1700866439000},{"score":15,"score_max":18,"score_min":14,"flag":1,"level":1,"start_time":1700866320000,"end_time":1700866379000},{"score":25,"score_max":51,"score_min":14,"flag":1,"level":1,"start_time":1700866260000,"end_time":1700866319000},{"score":56,"score_max":58,"score_min":54,"flag":1,"level":1,"start_time":1700866140000,"end_time":1700866199000},{"score":28,"score_max":35,"score_min":18,"flag":1,"level":1,"start_time":1700866080000,"end_time":1700866139000},{"score":16,"score_max":18,"score_min":14,"flag":1,"level":1,"start_time":1700866020000,"end_time":1700866079000},{"score":7,"score_max":14,"score_min":0,"flag":1,"level":1,"start_time":1700865360000,"end_time":1700865419000},{"score":22,"score_max":40,"score_min":15,"flag":1,"level":1,"start_time":1700865300000,"end_time":1700865359000},{"score":16,"score_max":31,"score_min":0,"flag":1,"level":1,"start_time":1700865240000,"end_time":1700865299000},{"score":0,"score_max":0,"score_min":0,"flag":1,"level":1,"start_time":1700863380000,"end_time":1700863439000},{"score":50,"score_max":51,"score_min":50,"flag":1,"level":1,"start_time":1700863320000,"end_time":1700863379000},{"score":51,"score_max":52,"score_min":49,"flag":1,"level":1,"start_time":1700863260000,"end_time":1700863319000},{"score":51,"score_max":60,"score_min":40,"flag":1,"level":1,"start_time":1700863200000,"end_time":1700863259000}]