[{"score":8,"score_max":30,"score_min":0,"flag":1,"level":1,"start_time":1700733000000,"end_time":1700733059000},{"score":0,"score_max":0,"score_min":0,"flag":1,"level":1,"start_time":1700732940000,"end_time":1700732999000},{"score":1,"score_max":6,"score_min":0,"flag":1,"level":1,"start_time":1700732880000,"end_time":1700732939000},{"score":16,"score_max":21,"score_min":6,"flag":1,"level":1,"start_time":1700732820000,"end_time":1700732879000},{"score":10,"score_max":17,"score_min":6,"flag":1,"level":1,"start_time":1700732760000,"end_time":1700732819000},{"score":7,"score_max":10,"score_min":5,"flag":1,"level":1,"start_time":1700732700000,"end_time":1700732759000},{"score":4,"score_max":9,"score_min":2,"flag":1,"level":1,"start_time":1700732640000,"end_time":1700732699000},{"score":3,"score_max":6,"score_min":2,"flag":1,"level":1,"start_time":1700732580000,"end_time":1700732639000},{"score":1,"score_max":3,"score_min":0,"flag":1,"level":1,"start_time":1700732340000,"end_time":1700732399000},{"score":99,"score_max":100,"score_min":98,"flag":1,"level":0,"start_time":1700732280000,"end_time":1700732339000},{"score":80,"score_max":98,"score_min":61,"flag":1,"level":0,"start_time":1700732220000,"end_time":1700732279000},{"score":39,"score_max":60,"score_min":25,"flag":1,"level":1,"start_time":1700732160000,"end_time":1700732219000},{"score":23,"score_max":31,"score_min":17,"flag":1,"level":1,"start_time":1700732100000,"end_time":1700732159000},{"score":9,"score_max":24,"score_min":0,"flag":1,"level":1,"start_time":1700732040000,"end_time":1700732099000},{"score":0,"score_max":0,"score_min":0,"flag":1,"level":1,"start_time":1700731980000,"end_time":1700732039000},{"score":0,"score_max":0,"score_min":0,"flag":1,"level":1,"start_time":1700731920000,"end_time":1700731979000},{"score":0,"score_max":0,"score_min":0,"flag":1,"level":1,"start_time":1700731860000,"end_time":1700731919000},{"score":0,"score_max":2,"score_min":0,"flag":1,"level":1,"start_time":1700731800000,"end_time":1700731859000},{"score":0,"score_max":0,"score_min":0,"flag":1,"level":1,"start_time":1700731740000,"end_time":1700731799000},{"score":0,"score_max":0,"score_min":0,"flag":1,"level":1,"start_time":1700731680000,"end_time":1700731739000},{"score":0,"score_max":0,"score_min":0,"flag":1,"level":1,"start_time":1700731620000,"end_time":1700731679000},{"score":0,"score_max":0,"score_min":0,"flag":1,"level":1,"start_time":1700731560000,"end_time":1700731619000},{"score":0,"score_max":0,"score_min":0,"flag":1,"level":1,"start_time":1700731500000,"end_time":1700731559000},{"score":0,"score_max":0,"score_min":0,"flag":1,"level":1,"start_time":1700731440000,"end_time":1700731499000},{"score":0,"score_max":0,"score_min":0,"flag":1,"level":1,"start_time":1700731380000,"end_time":1700731439000},{"score":0,"score_max":0,"score_min":0,"flag":1,"level":1,"start_time":1700731320000,"end_time":1700731379000},{"score":0,"score_max":0,"score_min":0,"flag":1,"level":1,"start_time":1700731260000,"end_time":1700731319000},{"score":0,"score_max":0,"score_min":0,"flag":1,"level":1,"start_time":1700731200000,"end_time":1700731259000},{"score":0,"score_max":0,"score_min":0,"flag":1,"level":1,"start_time":1700731140000,"end_time":1700731199000},{"score":0,"score_max":0,"score_min":0,"flag":1,"level":1,"start_time":1700731080000,"end_time":1700731139000},{"score":0,"score_max":0,"score_min":0,"flag":1,"level":1,"start_time":1700731020000,"end_time":1700731079000},{"score":0,"score_max":0,"score_min":0,"flag":1,"level":1,"start_time":1700730960000,"end_time":1700731019000},{"score":0,"score_max":0,"score_min":0,"flag":1,"level":1,"start_time":1700730900000,"end_time":1700730959000},{"score":0,"score_max":0,"score_min":0,"flag":1,"level":1,"start_time":1700730840000,"end_time":1700730899000},{"score":0,"score_max":0,"score_min":0,"flag":1,"level":1,"start_time":1700730540000,"end_time":1700730599000},{"score":40,"score_max":90,"score_min":7,"flag":1,"level":1,"start_time":1700730480000,"end_time":1700730539000},{"score":5,"score_max":8,"score_min":2,"flag":1,"level":1,"start_time":1700730300000,"end_time":1700730359000},{"score":16,"score_max":22,"score_min":14,"flag":1,"level":1,"start_time":1700730240000,"end_time":1700730299000},{"score":61,"score_max":83,"score_min":16,"flag":1,"level":0,"start_time":1700730180000,"end_time":1700730239000},{"score":42,"score_max":83,"score_min":24,"flag":1,"level":1,"start_time":1700730120000,"end_time":1700730179000},{"score":24,"score_max":34,"score_min":14,"flag":1,"level":1,"start_time":1700730060000,"end_time":1700730119000},{"score":20,"score_max":28,"score_min":13,"flag":1,"level":1,"start_time":1700730000000,"end_time":1700730059000}]