[{"score":0,"score_max":1,"score_min":0,"flag":1,"level":1,"start_time":1701057540000,"end_time":1701057599000},{"score":0,"score_max":1,"score_min":0,"flag":1,"level":1,"start_time":1701057480000,"end_time":1701057539000},{"score":1,"score_max":2,"score_min":0,"flag":1,"level":1,"start_time":1701057420000,"end_time":1701057479000},{"score":0,"score_max":2,"score_min":0,"flag":1,"level":1,"start_time":1701057360000,"end_time":1701057419000},{"score":0,"score_max":0,"score_min":0,"flag":1,"level":1,"start_time":1701057300000,"end_time":1701057359000},{"score":0,"score_max":0,"score_min":0,"flag":1,"level":1,"start_time":1701057240000,"end_time":1701057299000},{"score":0,"score_max":0,"score_min":0,"flag":1,"level":1,"start_time":1701057180000,"end_time":1701057239000},{"score":0,"score_max":0,"score_min":0,"flag":1,"level":1,"start_time":1701057120000,"end_time":1701057179000},{"score":0,"score_max":0,"score_min":0,"flag":1,"level":1,"start_time":1701057060000,"end_time":1701057119000},{"score":0,"score_max":1,"score_min":0,"flag":1,"level":1,"start_time":1701057000000,"end_time":1701057059000},{"score":0,"score_max":1,"score_min":0,"flag":1,"level":1,"start_time":1701056940000,"end_time":1701056999000},{"score":0,"score_max":0,"score_min":0,"flag":1,"level":1,"start_time":1701056880000,"end_time":1701056939000},{"score":0,"score_max":1,"score_min":0,"flag":1,"level":1,"start_time":1701056820000,"end_time":1701056879000},{"score":1,"score_max":1,"score_min":1,"flag":1,"level":1,"start_time":1701056760000,"end_time":1701056819000},{"score":0,"score_max":1,"score_min":0,"flag":1,"level":1,"start_time":1701056700000,"end_time":1701056759000},{"score":1,"score_max":2,"score_min":1,"flag":1,"level":1,"start_time":1701056640000,"end_time":1701056699000},{"score":1,"score_max":2,"score_min":1,"flag":1,"level":1,"start_time":1701056580000,"end_time":1701056639000},{"score":0,"score_max":1,"score_min":0,"flag":1,"level":1,"start_time":1701056520000,"end_time":1701056579000},{"score":0,"score_max":1,"score_min":0,"flag":1,"level":1,"start_time":1701056460000,"end_time":1701056519000},{"score":1,"score_max":1,"score_min":1,"flag":1,"level":1,"start_time":1701056400000,"end_time":1701056459000},{"score":1,"score_max":3,"score_min":1,"flag":1,"level":1,"start_time":1701056340000,"end_time":1701056399000},{"score":2,"score_max":7,"score_min":1,"flag":1,"level":1,"start_time":1701056280000,"end_time":1701056339000},{"score":3,"score_max":7,"score_min":1,"flag":1,"level":1,"start_time":1701056220000,"end_time":1701056279000},{"score":1,"score_max":2,"score_min":1,"flag":1,"level":1,"start_time":1701056160000,"end_time":1701056219000},{"score":2,"score_max":4,"score_min":2,"flag":1,"level":1,"start_time":1701056100000,"end_time":1701056159000},{"score":1,"score_max":2,"score_min":1,"flag":1,"level":1,"start_time":1701056040000,"end_time":1701056099000},{"score":1,"score_max":1,"score_min":1,"flag":1,"level":1,"start_time":1701055980000,"end_time":1701056039000},{"score":1,"score_max":1,"score_min":1,"flag":1,"level":1,"start_time":1701055920000,"end_time":1701055979000},{"score":1,"score_max":1,"score_min":1,"flag":1,"level":1,"start_time":1701055860000,"end_time":1701055919000},{"score":1,"score_max":1,"score_min":1,"flag":1,"level":1,"start_time":1701055800000,"end_time":1701055859000},{"score":1,"score_max":1,"score_min":1,"flag":1,"level":1,"start_time":1701055740000,"end_time":1701055799000},{"score":1,"score_max":1,"score_min":1,"flag":1,"level":1,"start_time":1701055680000,"end_time":1701055739000},{"score":1,"score_max":1,"score_min":1,"flag":1,"level":1,"start_time":1701055620000,"end_time":1701055679000},{"score":1,"score_max":2,"score_min":1,"flag":1,"level":1,"start_time":1701055560000,"end_time":1701055619000},{"score":1,"score_max":2,"score_min":1,"flag":1,"level":1,"start_time":1701055500000,"end_time":1701055559000},{"score":1,"score_max":1,"score_min":1,"flag":1,"level":1,"start_time":1701055440000,"end_time":1701055499000},{"score":1,"score_max":1,"score_min":1,"flag":1,"level":1,"start_time":1701055380000,"end_time":1701055439000},{"score":1,"score_max":1,"score_min":1,"flag":1,"level":1,"start_time":1701055320000,"end_time":1701055379000},{"score":1,"score_max":1,"score_min":1,"flag":1,"level":1,"start_time":1701055260000,"end_time":1701055319000},{"score":3,"score_max":12,"score_min":1,"flag":1,"level":1,"start_time":1701055200000,"end_time":1701055259000},{"score":11,"score_max":18,"score_min":3,"flag":1,"level":1,"start_time":1701055140000,"end_time":1701055199000},{"score":1,"score_max":3,"score_min":1,"flag":1,"level":1,"start_time":1701055080000,"end_time":1701055139000},{"score":1,"score_max":1,"score_min":1,"flag":1,"level":1,"start_time":1701055020000,"end_time":1701055079000},{"score":1,"score_max":1,"score_min":1,"flag":1,"level":1,"start_time":1701054960000,"end_time":1701055019000},{"score":1,"score_max":1,"score_min":1,"flag":1,"level":1,"start_time":1701054900000,"end_time":1701054959000},{"score":0,"score_max":2,"score_min":0,"flag":1,"level":1,"start_time":1701054840000,"end_time":1701054899000},{"score":10,"score_max":20,"score_min":2,"flag":1,"level":1,"start_time":1701054780000,"end_time":1701054839000},{"score":3,"score_max":10,"score_min":0,"flag":1,"level":1,"start_time":1701054720000,"end_time":1701054779000},{"score":4,"score_max":14,"score_min":1,"flag":1,"level":1,"start_time":1701054660000,"end_time":1701054719000},{"score":5,"score_max":13,"score_min":1,"flag":1,"level":1,"start_time":1701054600000,"end_time":1701054659000},{"score":1,"score_max":2,"score_min":1,"flag":1,"level":1,"start_time":1701054540000,"end_time":1701054599000},{"score":1,"score_max":3,"score_min":1,"flag":1,"level":1,"start_time":1701054480000,"end_time":1701054539000},{"score":1,"score_max":1,"score_min":1,"flag":1,"level":1,"start_time":1701054420000,"end_time":1701054479000},{"score":1,"score_max":4,"score_min":1,"flag":1,"level":1,"start_time":1701054360000,"end_time":1701054419000},{"score":7,"score_max":18,"score_min":4,"flag":1,"level":1,"start_time":1701054300000,"end_time":1701054359000},{"score":39,"score_max":54,"score_min":19,"flag":1,"level":1,"start_time":1701054240000,"end_time":1701054299000},{"score":8,"score_max":18,"score_min":6,"flag":1,"level":1,"start_time":1701054180000,"end_time":1701054239000},{"score":26,"score_max":47,"score_min":7,"flag":1,"level":1,"start_time":1701054120000,"end_time":1701054179000},{"score":11,"score_max":38,"score_min":1,"flag":1,"level":1,"start_time":1701054060000,"end_time":1701054119000},{"score":1,"score_max":1,"score_min":1,"flag":1,"level":1,"start_time":1701054000000,"end_time":1701054059000}]