[{"score":27,"score_max":38,"score_min":15,"flag":1,"level":1,"start_time":1700967540000,"end_time":1700967599000},{"score":4,"score_max":14,"score_min":1,"flag":1,"level":1,"start_time":1700967480000,"end_time":1700967539000},{"score":0,"score_max":1,"score_min":0,"flag":1,"level":1,"start_time":1700967420000,"end_time":1700967479000},{"score":1,"score_max":1,"score_min":1,"flag":1,"level":1,"start_time":1700967360000,"end_time":1700967419000},{"score":1,"score_max":4,"score_min":1,"flag":1,"level":1,"start_time":1700967300000,"end_time":1700967359000},{"score":2,"score_max":4,"score_min":1,"flag":1,"level":1,"start_time":1700967240000,"end_time":1700967299000},{"score":2,"score_max":4,"score_min":1,"flag":1,"level":1,"start_time":1700967180000,"end_time":1700967239000},{"score":2,"score_max":4,"score_min":1,"flag":1,"level":1,"start_time":1700967120000,"end_time":1700967179000},{"score":1,"score_max":1,"score_min":1,"flag":1,"level":1,"start_time":1700967060000,"end_time":1700967119000},{"score":5,"score_max":19,"score_min":1,"flag":1,"level":1,"start_time":1700967000000,"end_time":1700967059000},{"score":22,"score_max":34,"score_min":16,"flag":1,"level":1,"start_time":1700966940000,"end_time":1700966999000},{"score":45,"score_max":52,"score_min":35,"flag":1,"level":1,"start_time":1700966880000,"end_time":1700966939000},{"score":4,"score_max":8,"score_min":2,"flag":1,"level":1,"start_time":1700966820000,"end_time":1700966879000},{"score":2,"score_max":3,"score_min":2,"flag":1,"level":1,"start_time":1700966760000,"end_time":1700966819000},{"score":6,"score_max":10,"score_min":3,"flag":1,"level":1,"start_time":1700966700000,"end_time":1700966759000},{"score":4,"score_max":8,"score_min":2,"flag":1,"level":1,"start_time":1700966640000,"end_time":1700966699000},{"score":2,"score_max":4,"score_min":2,"flag":1,"level":1,"start_time":1700966580000,"end_time":1700966639000},{"score":3,"score_max":7,"score_min":3,"flag":1,"level":1,"start_time":1700966520000,"end_time":1700966579000},{"score":10,"score_max":18,"score_min":6,"flag":1,"level":1,"start_time":1700966400000,"end_time":1700966459000},{"score":2,"score_max":3,"score_min":2,"flag":1,"level":1,"start_time":1700966340000,"end_time":1700966399000},{"score":98,"score_max":99,"score_min":98,"flag":1,"level":0,"start_time":1700966280000,"end_time":1700966339000},{"score":95,"score_max":99,"score_min":89,"flag":1,"level":0,"start_time":1700966220000,"end_time":1700966279000},{"score":47,"score_max":88,"score_min":17,"flag":1,"level":1,"start_time":1700966160000,"end_time":1700966219000},{"score":28,"score_max":39,"score_min":17,"flag":1,"level":1,"start_time":1700966100000,"end_time":1700966159000},{"score":24,"score_max":39,"score_min":18,"flag":1,"level":1,"start_time":1700966040000,"end_time":1700966099000},{"score":17,"score_max":24,"score_min":15,"flag":1,"level":1,"start_time":1700965980000,"end_time":1700966039000},{"score":33,"score_max":75,"score_min":16,"flag":1,"level":1,"start_time":1700965920000,"end_time":1700965979000},{"score":64,"score_max":79,"score_min":26,"flag":1,"level":1,"start_time":1700965860000,"end_time":1700965919000},{"score":32,"score_max":45,"score_min":16,"flag":1,"level":1,"start_time":1700965800000,"end_time":1700965859000},{"score":14,"score_max":16,"score_min":12,"flag":1,"level":1,"start_time":1700965740000,"end_time":1700965799000},{"score":14,"score_max":16,"score_min":13,"flag":1,"level":1,"start_time":1700965680000,"end_time":1700965739000},{"score":20,"score_max":29,"score_min":14,"flag":1,"level":1,"start_time":1700965620000,"end_time":1700965679000},{"score":11,"score_max":21,"score_min":1,"flag":1,"level":1,"start_time":1700965500000,"end_time":1700965559000},{"score":46,"score_max":63,"score_min":35,"flag":1,"level":1,"start_time":1700965440000,"end_time":1700965499000},{"score":16,"score_max":19,"score_min":12,"flag":1,"level":1,"start_time":1700965380000,"end_time":1700965439000},{"score":8,"score_max":16,"score_min":1,"flag":1,"level":1,"start_time":1700965140000,"end_time":1700965199000},{"score":50,"score_max":63,"score_min":42,"flag":1,"level":1,"start_time":1700965080000,"end_time":1700965139000},{"score":24,"score_max":42,"score_min":13,"flag":1,"level":1,"start_time":1700964960000,"end_time":1700965019000},{"score":80,"score_max":94,"score_min":56,"flag":1,"level":0,"start_time":1700964900000,"end_time":1700964959000},{"score":33,"score_max":54,"score_min":27,"flag":1,"level":1,"start_time":1700964840000,"end_time":1700964899000},{"score":23,"score_max":33,"score_min":13,"flag":1,"level":1,"start_time":1700964780000,"end_time":1700964839000},{"score":9,"score_max":13,"score_min":7,"flag":1,"level":1,"start_time":1700964720000,"end_time":1700964779000},{"score":7,"score_max":9,"score_min":6,"flag":1,"level":1,"start_time":1700964660000,"end_time":1700964719000},{"score":11,"score_max":12,"score_min":9,"flag":1,"level":1,"start_time":1700964600000,"end_time":1700964659000},{"score":10,"score_max":11,"score_min":10,"flag":1,"level":1,"start_time":1700964540000,"end_time":1700964599000},{"score":16,"score_max":20,"score_min":11,"flag":1,"level":1,"start_time":1700964480000,"end_time":1700964539000},{"score":18,"score_max":20,"score_min":14,"flag":1,"level":1,"start_time":1700964420000,"end_time":1700964479000},{"score":10,"score_max":14,"score_min":9,"flag":1,"level":1,"start_time":1700964360000,"end_time":1700964419000},{"score":22,"score_max":33,"score_min":12,"flag":1,"level":1,"start_time":1700964300000,"end_time":1700964359000},{"score":29,"score_max":34,"score_min":26,"flag":1,"level":1,"start_time":1700964240000,"end_time":1700964299000},{"score":30,"score_max":32,"score_min":27,"flag":1,"level":1,"start_time":1700964180000,"end_time":1700964239000},{"score":28,"score_max":35,"score_min":24,"flag":1,"level":1,"start_time":1700964120000,"end_time":1700964179000},{"score":49,"score_max":65,"score_min":36,"flag":1,"level":1,"start_time":1700964060000,"end_time":1700964119000},{"score":54,"score_max":65,"score_min":39,"flag":1,"level":1,"start_time":1700964000000,"end_time":1700964059000}]