[{"score":0,"score_max":1,"score_min":0,"flag":1,"level":1,"start_time":1700956740000,"end_time":1700956799000},{"score":0,"score_max":1,"score_min":0,"flag":1,"level":1,"start_time":1700956680000,"end_time":1700956739000},{"score":0,"score_max":0,"score_min":0,"flag":1,"level":1,"start_time":1700956620000,"end_time":1700956679000},{"score":0,"score_max":0,"score_min":0,"flag":1,"level":1,"start_time":1700956560000,"end_time":1700956619000},{"score":0,"score_max":0,"score_min":0,"flag":1,"level":1,"start_time":1700956500000,"end_time":1700956559000},{"score":0,"score_max":0,"score_min":0,"flag":1,"level":1,"start_time":1700956440000,"end_time":1700956499000},{"score":0,"score_max":0,"score_min":0,"flag":1,"level":1,"start_time":1700956380000,"end_time":1700956439000},{"score":0,"score_max":0,"score_min":0,"flag":1,"level":1,"start_time":1700956320000,"end_time":1700956379000},{"score":0,"score_max":0,"score_min":0,"flag":1,"level":1,"start_time":1700956260000,"end_time":1700956319000},{"score":0,"score_max":0,"score_min":0,"flag":1,"level":1,"start_time":1700956200000,"end_time":1700956259000},{"score":0,"score_max":0,"score_min":0,"flag":1,"level":1,"start_time":1700956140000,"end_time":1700956199000},{"score":0,"score_max":0,"score_min":0,"flag":1,"level":1,"start_time":1700956080000,"end_time":1700956139000},{"score":0,"score_max":0,"score_min":0,"flag":1,"level":1,"start_time":1700956020000,"end_time":1700956079000},{"score":0,"score_max":0,"score_min":0,"flag":1,"level":1,"start_time":1700955960000,"end_time":1700956019000},{"score":0,"score_max":0,"score_min":0,"flag":1,"level":1,"start_time":1700955840000,"end_time":1700955899000},{"score":9,"score_max":17,"score_min":0,"flag":1,"level":1,"start_time":1700955420000,"end_time":1700955479000},{"score":100,"score_max":100,"score_min":100,"flag":1,"level":1,"start_time":1700955360000,"end_time":1700955419000},{"score":99,"score_max":100,"score_min":99,"flag":1,"level":1,"start_time":1700955000000,"end_time":1700955059000},{"score":64,"score_max":73,"score_min":61,"flag":1,"level":1,"start_time":1700954940000,"end_time":1700954999000},{"score":63,"score_max":83,"score_min":43,"flag":1,"level":1,"start_time":1700954880000,"end_time":1700954939000},{"score":42,"score_max":81,"score_min":20,"flag":1,"level":1,"start_time":1700954820000,"end_time":1700954879000},{"score":11,"score_max":19,"score_min":4,"flag":1,"level":1,"start_time":1700954760000,"end_time":1700954819000},{"score":8,"score_max":29,"score_min":3,"flag":1,"level":1,"start_time":1700954700000,"end_time":1700954759000},{"score":38,"score_max":58,"score_min":7,"flag":1,"level":1,"start_time":1700954640000,"end_time":1700954699000},{"score":1,"score_max":6,"score_min":1,"flag":1,"level":1,"start_time":1700954580000,"end_time":1700954639000},{"score":1,"score_max":1,"score_min":1,"flag":1,"level":1,"start_time":1700954520000,"end_time":1700954579000},{"score":0,"score_max":1,"score_min":0,"flag":1,"level":1,"start_time":1700954100000,"end_time":1700954159000},{"score":93,"score_max":96,"score_min":90,"flag":1,"level":1,"start_time":1700954040000,"end_time":1700954099000},{"score":74,"score_max":89,"score_min":62,"flag":1,"level":1,"start_time":1700953980000,"end_time":1700954039000},{"score":51,"score_max":62,"score_min":45,"flag":1,"level":1,"start_time":1700953920000,"end_time":1700953979000},{"score":63,"score_max":69,"score_min":58,"flag":1,"level":1,"start_time":1700953860000,"end_time":1700953919000},{"score":76,"score_max":83,"score_min":59,"flag":1,"level":1,"start_time":1700953800000,"end_time":1700953859000},{"score":73,"score_max":83,"score_min":68,"flag":1,"level":1,"start_time":1700953740000,"end_time":1700953799000},{"score":70,"score_max":80,"score_min":42,"flag":1,"level":1,"start_time":1700953680000,"end_time":1700953739000},{"score":31,"score_max":41,"score_min":28,"flag":1,"level":1,"start_time":1700953620000,"end_time":1700953679000},{"score":38,"score_max":54,"score_min":32,"flag":1,"level":1,"start_time":1700953560000,"end_time":1700953619000},{"score":78,"score_max":86,"score_min":54,"flag":1,"level":1,"start_time":1700953500000,"end_time":1700953559000},{"score":74,"score_max":84,"score_min":58,"flag":1,"level":1,"start_time":1700953440000,"end_time":1700953499000},{"score":54,"score_max":67,"score_min":48,"flag":1,"level":1,"start_time":1700953380000,"end_time":1700953439000},{"score":53,"score_max":70,"score_min":28,"flag":1,"level":1,"start_time":1700953320000,"end_time":1700953379000},{"score":22,"score_max":32,"score_min":18,"flag":1,"level":1,"start_time":1700953260000,"end_time":1700953319000},{"score":45,"score_max":54,"score_min":33,"flag":1,"level":1,"start_time":1700953200000,"end_time":1700953259000}]