[{"score":22,"score_max":44,"score_min":8,"flag":1,"level":1,"start_time":1700999940000,"end_time":1700999999000},{"score":38,"score_max":59,"score_min":11,"flag":1,"level":1,"start_time":1700999880000,"end_time":1700999939000},{"score":4,"score_max":11,"score_min":4,"flag":1,"level":1,"start_time":1700999820000,"end_time":1700999879000},{"score":5,"score_max":7,"score_min":4,"flag":1,"level":1,"start_time":1700999760000,"end_time":1700999819000},{"score":13,"score_max":27,"score_min":7,"flag":1,"level":1,"start_time":1700999700000,"end_time":1700999759000},{"score":42,"score_max":56,"score_min":28,"flag":1,"level":1,"start_time":1700999640000,"end_time":1700999699000},{"score":12,"score_max":36,"score_min":1,"flag":1,"level":1,"start_time":1700999580000,"end_time":1700999639000},{"score":0,"score_max":1,"score_min":0,"flag":1,"level":1,"start_time":1700999520000,"end_time":1700999579000},{"score":0,"score_max":0,"score_min":0,"flag":1,"level":1,"start_time":1700999460000,"end_time":1700999519000},{"score":0,"score_max":0,"score_min":0,"flag":1,"level":1,"start_time":1700999400000,"end_time":1700999459000},{"score":0,"score_max":1,"score_min":0,"flag":1,"level":1,"start_time":1700999340000,"end_time":1700999399000},{"score":0,"score_max":1,"score_min":0,"flag":1,"level":1,"start_time":1700999280000,"end_time":1700999339000},{"score":1,"score_max":1,"score_min":1,"flag":1,"level":1,"start_time":1700999220000,"end_time":1700999279000},{"score":0,"score_max":1,"score_min":0,"flag":1,"level":1,"start_time":1700999160000,"end_time":1700999219000},{"score":0,"score_max":1,"score_min":0,"flag":1,"level":1,"start_time":1700999100000,"end_time":1700999159000},{"score":1,"score_max":2,"score_min":1,"flag":1,"level":1,"start_time":1700999040000,"end_time":1700999099000},{"score":1,"score_max":2,"score_min":1,"flag":1,"level":1,"start_time":1700998980000,"end_time":1700999039000},{"score":1,"score_max":2,"score_min":0,"flag":1,"level":1,"start_time":1700998920000,"end_time":1700998979000},{"score":0,"score_max":1,"score_min":0,"flag":1,"level":1,"start_time":1700998860000,"end_time":1700998919000},{"score":0,"score_max":1,"score_min":0,"flag":1,"level":1,"start_time":1700998800000,"end_time":1700998859000},{"score":0,"score_max":1,"score_min":0,"flag":1,"level":1,"start_time":1700998740000,"end_time":1700998799000},{"score":1,"score_max":1,"score_min":1,"flag":1,"level":1,"start_time":1700998680000,"end_time":1700998739000},{"score":0,"score_max":1,"score_min":0,"flag":1,"level":1,"start_time":1700998620000,"end_time":1700998679000},{"score":1,"score_max":3,"score_min":1,"flag":1,"level":1,"start_time":1700998560000,"end_time":1700998619000},{"score":2,"score_max":3,"score_min":2,"flag":1,"level":1,"start_time":1700998500000,"end_time":1700998559000},{"score":1,"score_max":2,"score_min":0,"flag":1,"level":1,"start_time":1700998440000,"end_time":1700998499000},{"score":0,"score_max":1,"score_min":0,"flag":1,"level":1,"start_time":1700998380000,"end_time":1700998439000},{"score":1,"score_max":2,"score_min":1,"flag":1,"level":1,"start_time":1700998320000,"end_time":1700998379000},{"score":1,"score_max":2,"score_min":1,"flag":1,"level":1,"start_time":1700998260000,"end_time":1700998319000},{"score":2,"score_max":3,"score_min":2,"flag":1,"level":1,"start_time":1700998200000,"end_time":1700998259000},{"score":1,"score_max":2,"score_min":0,"flag":1,"level":1,"start_time":1700998140000,"end_time":1700998199000},{"score":0,"score_max":0,"score_min":0,"flag":1,"level":1,"start_time":1700997960000,"end_time":1700998019000},{"score":97,"score_max":99,"score_min":93,"flag":1,"level":1,"start_time":1700997900000,"end_time":1700997959000},{"score":42,"score_max":91,"score_min":11,"flag":1,"level":1,"start_time":1700997840000,"end_time":1700997899000},{"score":10,"score_max":12,"score_min":8,"flag":1,"level":1,"start_time":1700997780000,"end_time":1700997839000},{"score":9,"score_max":12,"score_min":6,"flag":1,"level":1,"start_time":1700997720000,"end_time":1700997779000},{"score":2,"score_max":6,"score_min":1,"flag":1,"level":1,"start_time":1700997660000,"end_time":1700997719000},{"score":2,"score_max":5,"score_min":1,"flag":1,"level":1,"start_time":1700997600000,"end_time":1700997659000},{"score":12,"score_max":21,"score_min":5,"flag":1,"level":1,"start_time":1700997540000,"end_time":1700997599000},{"score":15,"score_max":22,"score_min":10,"flag":1,"level":1,"start_time":1700997480000,"end_time":1700997539000},{"score":19,"score_max":24,"score_min":14,"flag":1,"level":1,"start_time":1700997420000,"end_time":1700997479000},{"score":18,"score_max":25,"score_min":13,"flag":1,"level":1,"start_time":1700997360000,"end_time":1700997419000},{"score":12,"score_max":24,"score_min":7,"flag":1,"level":1,"start_time":1700997300000,"end_time":1700997359000},{"score":10,"score_max":18,"score_min":6,"flag":1,"level":1,"start_time":1700997240000,"end_time":1700997299000},{"score":12,"score_max":20,"score_min":3,"flag":1,"level":1,"start_time":1700997120000,"end_time":1700997179000},{"score":53,"score_max":57,"score_min":47,"flag":1,"level":1,"start_time":1700997060000,"end_time":1700997119000},{"score":18,"score_max":46,"score_min":0,"flag":1,"level":1,"start_time":1700996820000,"end_time":1700996879000},{"score":100,"score_max":100,"score_min":100,"flag":1,"level":1,"start_time":1700996760000,"end_time":1700996819000},{"score":90,"score_max":100,"score_min":85,"flag":1,"level":1,"start_time":1700996700000,"end_time":1700996759000},{"score":62,"score_max":85,"score_min":26,"flag":1,"level":1,"start_time":1700996640000,"end_time":1700996699000},{"score":37,"score_max":64,"score_min":24,"flag":1,"level":1,"start_time":1700996580000,"end_time":1700996639000},{"score":58,"score_max":66,"score_min":35,"flag":1,"level":1,"start_time":1700996520000,"end_time":1700996579000},{"score":45,"score_max":59,"score_min":32,"flag":1,"level":1,"start_time":1700996460000,"end_time":1700996519000}]