[{"score":0,"score_max":0,"score_min":0,"flag":1,"level":1,"start_time":1701093540000,"end_time":1701093599000},{"score":0,"score_max":0,"score_min":0,"flag":1,"level":1,"start_time":1701093480000,"end_time":1701093539000},{"score":0,"score_max":0,"score_min":0,"flag":1,"level":1,"start_time":1701093420000,"end_time":1701093479000},{"score":0,"score_max":0,"score_min":0,"flag":1,"level":1,"start_time":1701093360000,"end_time":1701093419000},{"score":0,"score_max":0,"score_min":0,"flag":1,"level":1,"start_time":1701093300000,"end_time":1701093359000},{"score":0,"score_max":0,"score_min":0,"flag":1,"level":1,"start_time":1701093240000,"end_time":1701093299000},{"score":0,"score_max":0,"score_min":0,"flag":1,"level":1,"start_time":1701093180000,"end_time":1701093239000},{"score":0,"score_max":0,"score_min":0,"flag":1,"level":1,"start_time":1701093120000,"end_time":1701093179000},{"score":0,"score_max":0,"score_min":0,"flag":1,"level":1,"start_time":1701093060000,"end_time":1701093119000},{"score":0,"score_max":1,"score_min":0,"flag":1,"level":1,"start_time":1701093000000,"end_time":1701093059000},{"score":1,"score_max":3,"score_min":1,"flag":1,"level":1,"start_time":1701092940000,"end_time":1701092999000},{"score":0,"score_max":0,"score_min":0,"flag":1,"level":1,"start_time":1701092880000,"end_time":1701092939000},{"score":0,"score_max":0,"score_min":0,"flag":1,"level":1,"start_time":1701092820000,"end_time":1701092879000},{"score":0,"score_max":0,"score_min":0,"flag":1,"level":1,"start_time":1701092760000,"end_time":1701092819000},{"score":0,"score_max":0,"score_min":0,"flag":1,"level":1,"start_time":1701092700000,"end_time":1701092759000},{"score":0,"score_max":0,"score_min":0,"flag":1,"level":1,"start_time":1701092640000,"end_time":1701092699000},{"score":0,"score_max":0,"score_min":0,"flag":1,"level":1,"start_time":1701092580000,"end_time":1701092639000},{"score":0,"score_max":0,"score_min":0,"flag":1,"level":1,"start_time":1701092520000,"end_time":1701092579000},{"score":0,"score_max":1,"score_min":0,"flag":1,"level":1,"start_time":1701092460000,"end_time":1701092519000},{"score":1,"score_max":3,"score_min":1,"flag":1,"level":1,"start_time":1701092400000,"end_time":1701092459000},{"score":32,"score_max":66,"score_min":3,"flag":1,"level":1,"start_time":1701092340000,"end_time":1701092399000},{"score":58,"score_max":66,"score_min":49,"flag":1,"level":1,"start_time":1701092280000,"end_time":1701092339000},{"score":39,"score_max":61,"score_min":3,"flag":1,"level":1,"start_time":1701092220000,"end_time":1701092279000},{"score":0,"score_max":3,"score_min":0,"flag":1,"level":1,"start_time":1701092160000,"end_time":1701092219000},{"score":0,"score_max":0,"score_min":0,"flag":1,"level":1,"start_time":1701092100000,"end_time":1701092159000},{"score":0,"score_max":2,"score_min":0,"flag":1,"level":1,"start_time":1701092040000,"end_time":1701092099000},{"score":4,"score_max":5,"score_min":3,"flag":1,"level":1,"start_time":1701091980000,"end_time":1701092039000},{"score":1,"score_max":3,"score_min":1,"flag":1,"level":1,"start_time":1701091920000,"end_time":1701091979000},{"score":2,"score_max":21,"score_min":0,"flag":1,"level":1,"start_time":1701091860000,"end_time":1701091919000},{"score":28,"score_max":42,"score_min":18,"flag":1,"level":1,"start_time":1701091800000,"end_time":1701091859000},{"score":45,"score_max":65,"score_min":23,"flag":1,"level":1,"start_time":1701091740000,"end_time":1701091799000},{"score":25,"score_max":67,"score_min":1,"flag":1,"level":1,"start_time":1701091680000,"end_time":1701091739000},{"score":0,"score_max":1,"score_min":0,"flag":1,"level":1,"start_time":1701091620000,"end_time":1701091679000},{"score":2,"score_max":6,"score_min":0,"flag":1,"level":1,"start_time":1701091560000,"end_time":1701091619000},{"score":3,"score_max":6,"score_min":0,"flag":1,"level":1,"start_time":1701091500000,"end_time":1701091559000},{"score":0,"score_max":0,"score_min":0,"flag":1,"level":1,"start_time":1701091440000,"end_time":1701091499000},{"score":0,"score_max":0,"score_min":0,"flag":1,"level":1,"start_time":1701091320000,"end_time":1701091379000}]