[{"score":19,"score_max":23,"score_min":15,"flag":1,"level":1,"start_time":1701086340000,"end_time":1701086399000},{"score":15,"score_max":18,"score_min":14,"flag":1,"level":1,"start_time":1701086280000,"end_time":1701086339000},{"score":27,"score_max":43,"score_min":15,"flag":1,"level":1,"start_time":1701086220000,"end_time":1701086279000},{"score":30,"score_max":44,"score_min":20,"flag":1,"level":1,"start_time":1701086160000,"end_time":1701086219000},{"score":14,"score_max":20,"score_min":8,"flag":1,"level":1,"start_time":1701086100000,"end_time":1701086159000},{"score":7,"score_max":8,"score_min":7,"flag":1,"level":1,"start_time":1701086040000,"end_time":1701086099000},{"score":89,"score_max":92,"score_min":88,"flag":1,"level":0,"start_time":1701085980000,"end_time":1701086039000},{"score":80,"score_max":89,"score_min":73,"flag":1,"level":0,"start_time":1701085920000,"end_time":1701085979000},{"score":82,"score_max":85,"score_min":76,"flag":1,"level":0,"start_time":1701085860000,"end_time":1701085919000},{"score":62,"score_max":78,"score_min":59,"flag":1,"level":1,"start_time":1701085800000,"end_time":1701085859000},{"score":54,"score_max":62,"score_min":47,"flag":1,"level":1,"start_time":1701085740000,"end_time":1701085799000},{"score":78,"score_max":94,"score_min":49,"flag":1,"level":0,"start_time":1701085680000,"end_time":1701085739000},{"score":73,"score_max":93,"score_min":54,"flag":1,"level":1,"start_time":1701085620000,"end_time":1701085679000},{"score":40,"score_max":60,"score_min":4,"flag":1,"level":1,"start_time":1701085560000,"end_time":1701085619000},{"score":4,"score_max":5,"score_min":4,"flag":1,"level":1,"start_time":1701085500000,"end_time":1701085559000},{"score":0,"score_max":0,"score_min":0,"flag":1,"level":1,"start_time":1701084960000,"end_time":1701085019000},{"score":58,"score_max":61,"score_min":56,"flag":1,"level":1,"start_time":1701084900000,"end_time":1701084959000},{"score":36,"score_max":62,"score_min":6,"flag":1,"level":1,"start_time":1701084840000,"end_time":1701084899000},{"score":2,"score_max":5,"score_min":1,"flag":1,"level":1,"start_time":1701084780000,"end_time":1701084839000},{"score":98,"score_max":99,"score_min":94,"flag":1,"level":0,"start_time":1701084720000,"end_time":1701084779000},{"score":84,"score_max":94,"score_min":77,"flag":1,"level":0,"start_time":1701084660000,"end_time":1701084719000},{"score":92,"score_max":97,"score_min":74,"flag":1,"level":0,"start_time":1701084600000,"end_time":1701084659000},{"score":61,"score_max":73,"score_min":51,"flag":1,"level":1,"start_time":1701084540000,"end_time":1701084599000},{"score":72,"score_max":75,"score_min":64,"flag":1,"level":1,"start_time":1701084480000,"end_time":1701084539000},{"score":28,"score_max":63,"score_min":14,"flag":1,"level":1,"start_time":1701084420000,"end_time":1701084479000},{"score":23,"score_max":29,"score_min":14,"flag":1,"level":1,"start_time":1701084360000,"end_time":1701084419000},{"score":15,"score_max":21,"score_min":5,"flag":1,"level":1,"start_time":1701084300000,"end_time":1701084359000},{"score":2,"score_max":4,"score_min":0,"flag":1,"level":1,"start_time":1701084120000,"end_time":1701084179000},{"score":64,"score_max":80,"score_min":42,"flag":1,"level":1,"start_time":1701084060000,"end_time":1701084119000},{"score":18,"score_max":24,"score_min":15,"flag":1,"level":1,"start_time":1701084000000,"end_time":1701084059000},{"score":14,"score_max":24,"score_min":11,"flag":1,"level":1,"start_time":1701083940000,"end_time":1701083999000},{"score":30,"score_max":35,"score_min":24,"flag":1,"level":1,"start_time":1701083880000,"end_time":1701083939000},{"score":33,"score_max":40,"score_min":24,"flag":1,"level":1,"start_time":1701083820000,"end_time":1701083879000},{"score":13,"score_max":23,"score_min":1,"flag":1,"level":1,"start_time":1701083760000,"end_time":1701083819000},{"score":0,"score_max":0,"score_min":0,"flag":1,"level":1,"start_time":1701083280000,"end_time":1701083339000},{"score":100,"score_max":100,"score_min":100,"flag":1,"level":0,"start_time":1701083220000,"end_time":1701083279000},{"score":66,"score_max":100,"score_min":35,"flag":1,"level":1,"start_time":1701083160000,"end_time":1701083219000},{"score":51,"score_max":58,"score_min":41,"flag":1,"level":1,"start_time":1701083100000,"end_time":1701083159000},{"score":59,"score_max":64,"score_min":56,"flag":1,"level":1,"start_time":1701083040000,"end_time":1701083099000},{"score":35,"score_max":59,"score_min":20,"flag":1,"level":1,"start_time":1701082980000,"end_time":1701083039000},{"score":27,"score_max":36,"score_min":18,"flag":1,"level":1,"start_time":1701082920000,"end_time":1701082979000},{"score":44,"score_max":63,"score_min":36,"flag":1,"level":1,"start_time":1701082860000,"end_time":1701082919000},{"score":87,"score_max":96,"score_min":63,"flag":1,"level":0,"start_time":1701082800000,"end_time":1701082859000}]