[{"score":0,"score_max":0,"score_min":0,"flag":1,"level":1,"start_time":1701097140000,"end_time":1701097199000},{"score":0,"score_max":0,"score_min":0,"flag":1,"level":1,"start_time":1701097080000,"end_time":1701097139000},{"score":0,"score_max":1,"score_min":0,"flag":1,"level":1,"start_time":1701097020000,"end_time":1701097079000},{"score":0,"score_max":1,"score_min":0,"flag":1,"level":1,"start_time":1701096960000,"end_time":1701097019000},{"score":0,"score_max":0,"score_min":0,"flag":1,"level":1,"start_time":1701096900000,"end_time":1701096959000},{"score":0,"score_max":0,"score_min":0,"flag":1,"level":1,"start_time":1701096840000,"end_time":1701096899000},{"score":0,"score_max":0,"score_min":0,"flag":1,"level":1,"start_time":1701096780000,"end_time":1701096839000},{"score":0,"score_max":0,"score_min":0,"flag":1,"level":1,"start_time":1701096720000,"end_time":1701096779000},{"score":0,"score_max":0,"score_min":0,"flag":1,"level":1,"start_time":1701096660000,"end_time":1701096719000},{"score":0,"score_max":0,"score_min":0,"flag":1,"level":1,"start_time":1701096600000,"end_time":1701096659000},{"score":0,"score_max":0,"score_min":0,"flag":1,"level":1,"start_time":1701096540000,"end_time":1701096599000},{"score":0,"score_max":0,"score_min":0,"flag":1,"level":1,"start_time":1701096480000,"end_time":1701096539000},{"score":0,"score_max":0,"score_min":0,"flag":1,"level":1,"start_time":1701096420000,"end_time":1701096479000},{"score":0,"score_max":0,"score_min":0,"flag":1,"level":1,"start_time":1701096360000,"end_time":1701096419000},{"score":0,"score_max":0,"score_min":0,"flag":1,"level":1,"start_time":1701096300000,"end_time":1701096359000},{"score":0,"score_max":0,"score_min":0,"flag":1,"level":1,"start_time":1701096240000,"end_time":1701096299000},{"score":0,"score_max":0,"score_min":0,"flag":1,"level":1,"start_time":1701096180000,"end_time":1701096239000},{"score":0,"score_max":0,"score_min":0,"flag":1,"level":1,"start_time":1701096120000,"end_time":1701096179000},{"score":0,"score_max":0,"score_min":0,"flag":1,"level":1,"start_time":1701096060000,"end_time":1701096119000},{"score":0,"score_max":0,"score_min":0,"flag":1,"level":1,"start_time":1701096000000,"end_time":1701096059000},{"score":0,"score_max":0,"score_min":0,"flag":1,"level":1,"start_time":1701095940000,"end_time":1701095999000},{"score":0,"score_max":0,"score_min":0,"flag":1,"level":1,"start_time":1701095880000,"end_time":1701095939000},{"score":0,"score_max":0,"score_min":0,"flag":1,"level":1,"start_time":1701095820000,"end_time":1701095879000},{"score":0,"score_max":0,"score_min":0,"flag":1,"level":1,"start_time":1701095760000,"end_time":1701095819000},{"score":0,"score_max":0,"score_min":0,"flag":1,"level":1,"start_time":1701095700000,"end_time":1701095759000},{"score":0,"score_max":0,"score_min":0,"flag":1,"level":1,"start_time":1701095640000,"end_time":1701095699000},{"score":0,"score_max":0,"score_min":0,"flag":1,"level":1,"start_time":1701095580000,"end_time":1701095639000},{"score":0,"score_max":0,"score_min":0,"flag":1,"level":1,"start_time":1701095520000,"end_time":1701095579000},{"score":0,"score_max":0,"score_min":0,"flag":1,"level":1,"start_time":1701095460000,"end_time":1701095519000},{"score":0,"score_max":0,"score_min":0,"flag":1,"level":1,"start_time":1701095400000,"end_time":1701095459000},{"score":0,"score_max":0,"score_min":0,"flag":1,"level":1,"start_time":1701095340000,"end_time":1701095399000},{"score":0,"score_max":2,"score_min":0,"flag":1,"level":1,"start_time":1701095280000,"end_time":1701095339000},{"score":1,"score_max":2,"score_min":1,"flag":1,"level":1,"start_time":1701095220000,"end_time":1701095279000},{"score":0,"score_max":1,"score_min":0,"flag":1,"level":1,"start_time":1701095160000,"end_time":1701095219000},{"score":0,"score_max":0,"score_min":0,"flag":1,"level":1,"start_time":1701095100000,"end_time":1701095159000},{"score":0,"score_max":0,"score_min":0,"flag":1,"level":1,"start_time":1701095040000,"end_time":1701095099000},{"score":0,"score_max":0,"score_min":0,"flag":1,"level":1,"start_time":1701094980000,"end_time":1701095039000},{"score":0,"score_max":0,"score_min":0,"flag":1,"level":1,"start_time":1701094920000,"end_time":1701094979000},{"score":1,"score_max":2,"score_min":1,"flag":1,"level":1,"start_time":1701094860000,"end_time":1701094919000},{"score":2,"score_max":5,"score_min":1,"flag":1,"level":1,"start_time":1701094740000,"end_time":1701094799000},{"score":0,"score_max":2,"score_min":0,"flag":1,"level":1,"start_time":1701094680000,"end_time":1701094739000},{"score":0,"score_max":0,"score_min":0,"flag":1,"level":1,"start_time":1701094620000,"end_time":1701094679000},{"score":0,"score_max":0,"score_min":0,"flag":1,"level":1,"start_time":1701094560000,"end_time":1701094619000},{"score":0,"score_max":0,"score_min":0,"flag":1,"level":1,"start_time":1701094500000,"end_time":1701094559000},{"score":0,"score_max":0,"score_min":0,"flag":1,"level":1,"start_time":1701094440000,"end_time":1701094499000},{"score":0,"score_max":0,"score_min":0,"flag":1,"level":1,"start_time":1701094380000,"end_time":1701094439000},{"score":0,"score_max":0,"score_min":0,"flag":1,"level":1,"start_time":1701094320000,"end_time":1701094379000},{"score":0,"score_max":0,"score_min":0,"flag":1,"level":1,"start_time":1701094260000,"end_time":1701094319000},{"score":0,"score_max":0,"score_min":0,"flag":1,"level":1,"start_time":1701094200000,"end_time":1701094259000},{"score":0,"score_max":0,"score_min":0,"flag":1,"level":1,"start_time":1701094140000,"end_time":1701094199000},{"score":0,"score_max":0,"score_min":0,"flag":1,"level":1,"start_time":1701094080000,"end_time":1701094139000},{"score":0,"score_max":0,"score_min":0,"flag":1,"level":1,"start_time":1701094020000,"end_time":1701094079000},{"score":0,"score_max":0,"score_min":0,"flag":1,"level":1,"start_time":1701093960000,"end_time":1701094019000},{"score":0,"score_max":0,"score_min":0,"flag":1,"level":1,"start_time":1701093900000,"end_time":1701093959000},{"score":0,"score_max":0,"score_min":0,"flag":1,"level":1,"start_time":1701093840000,"end_time":1701093899000},{"score":0,"score_max":0,"score_min":0,"flag":1,"level":1,"start_time":1701093780000,"end_time":1701093839000},{"score":0,"score_max":0,"score_min":0,"flag":1,"level":1,"start_time":1701093720000,"end_time":1701093779000},{"score":0,"score_max":0,"score_min":0,"flag":1,"level":1,"start_time":1701093660000,"end_time":1701093719000},{"score":0,"score_max":1,"score_min":0,"flag":1,"level":1,"start_time":1701093600000,"end_time":1701093659000}]