[{"score":0,"score_max":0,"score_min":0,"flag":1,"level":1,"start_time":1700957040000,"end_time":1700957099000},{"score":0,"score_max":0,"score_min":0,"flag":1,"level":1,"start_time":1700956980000,"end_time":1700957039000},{"score":0,"score_max":0,"score_min":0,"flag":1,"level":1,"start_time":1700956920000,"end_time":1700956979000},{"score":0,"score_max":0,"score_min":0,"flag":1,"level":1,"start_time":1700956860000,"end_time":1700956919000},{"score":0,"score_max":0,"score_min":0,"flag":1,"level":1,"start_time":1700956800000,"end_time":1700956859000}]