[{"score":49,"score_max":70,"score_min":41,"flag":1,"level":1,"start_time":1700953140000,"end_time":1700953199000},{"score":59,"score_max":71,"score_min":43,"flag":1,"level":1,"start_time":1700953080000,"end_time":1700953139000},{"score":62,"score_max":87,"score_min":43,"flag":1,"level":1,"start_time":1700953020000,"end_time":1700953079000},{"score":92,"score_max":94,"score_min":87,"flag":1,"level":1,"start_time":1700952960000,"end_time":1700953019000},{"score":83,"score_max":91,"score_min":75,"flag":1,"level":1,"start_time":1700952900000,"end_time":1700952959000},{"score":78,"score_max":83,"score_min":75,"flag":1,"level":1,"start_time":1700952840000,"end_time":1700952899000},{"score":84,"score_max":86,"score_min":83,"flag":1,"level":1,"start_time":1700952780000,"end_time":1700952839000},{"score":61,"score_max":84,"score_min":34,"flag":1,"level":1,"start_time":1700952720000,"end_time":1700952779000},{"score":31,"score_max":38,"score_min":29,"flag":1,"level":1,"start_time":1700952660000,"end_time":1700952719000},{"score":62,"score_max":77,"score_min":39,"flag":1,"level":1,"start_time":1700952600000,"end_time":1700952659000},{"score":41,"score_max":67,"score_min":19,"flag":1,"level":1,"start_time":1700952540000,"end_time":1700952599000},{"score":11,"score_max":20,"score_min":1,"flag":1,"level":1,"start_time":1700952360000,"end_time":1700952419000},{"score":87,"score_max":89,"score_min":86,"flag":1,"level":1,"start_time":1700952300000,"end_time":1700952359000},{"score":42,"score_max":85,"score_min":18,"flag":1,"level":1,"start_time":1700952240000,"end_time":1700952299000},{"score":19,"score_max":26,"score_min":9,"flag":1,"level":1,"start_time":1700952180000,"end_time":1700952239000},{"score":5,"score_max":9,"score_min":5,"flag":1,"level":1,"start_time":1700952120000,"end_time":1700952179000},{"score":24,"score_max":66,"score_min":6,"flag":1,"level":1,"start_time":1700952060000,"end_time":1700952119000},{"score":40,"score_max":67,"score_min":9,"flag":1,"level":1,"start_time":1700952000000,"end_time":1700952059000},{"score":9,"score_max":10,"score_min":8,"flag":1,"level":1,"start_time":1700951940000,"end_time":1700951999000},{"score":15,"score_max":34,"score_min":9,"flag":1,"level":1,"start_time":1700951880000,"end_time":1700951939000},{"score":25,"score_max":37,"score_min":5,"flag":1,"level":1,"start_time":1700951820000,"end_time":1700951879000},{"score":3,"score_max":6,"score_min":0,"flag":1,"level":1,"start_time":1700951700000,"end_time":1700951759000},{"score":14,"score_max":15,"score_min":14,"flag":1,"level":1,"start_time":1700951640000,"end_time":1700951699000},{"score":69,"score_max":74,"score_min":14,"flag":1,"level":1,"start_time":1700951580000,"end_time":1700951639000},{"score":17,"score_max":67,"score_min":0,"flag":1,"level":1,"start_time":1700950800000,"end_time":1700950859000},{"score":38,"score_max":94,"score_min":16,"flag":1,"level":1,"start_time":1700950740000,"end_time":1700950799000},{"score":13,"score_max":18,"score_min":4,"flag":1,"level":1,"start_time":1700950680000,"end_time":1700950739000},{"score":2,"score_max":3,"score_min":2,"flag":1,"level":1,"start_time":1700950440000,"end_time":1700950499000},{"score":79,"score_max":87,"score_min":65,"flag":1,"level":1,"start_time":1700950380000,"end_time":1700950439000},{"score":58,"score_max":64,"score_min":54,"flag":1,"level":1,"start_time":1700950320000,"end_time":1700950379000},{"score":30,"score_max":59,"score_min":12,"flag":1,"level":1,"start_time":1700950260000,"end_time":1700950319000},{"score":15,"score_max":18,"score_min":12,"flag":1,"level":1,"start_time":1700950200000,"end_time":1700950259000},{"score":7,"score_max":15,"score_min":0,"flag":1,"level":1,"start_time":1700949780000,"end_time":1700949839000},{"score":96,"score_max":100,"score_min":80,"flag":1,"level":1,"start_time":1700949720000,"end_time":1700949779000},{"score":48,"score_max":80,"score_min":35,"flag":1,"level":1,"start_time":1700949660000,"end_time":1700949719000}]