[{"score":54,"score_max":61,"score_min":47,"flag":1,"level":1,"start_time":1700989140000,"end_time":1700989199000},{"score":17,"score_max":45,"score_min":1,"flag":1,"level":1,"start_time":1700989080000,"end_time":1700989139000},{"score":0,"score_max":1,"score_min":0,"flag":1,"level":1,"start_time":1700989020000,"end_time":1700989079000},{"score":0,"score_max":0,"score_min":0,"flag":1,"level":1,"start_time":1700988960000,"end_time":1700989019000},{"score":0,"score_max":0,"score_min":0,"flag":1,"level":1,"start_time":1700988900000,"end_time":1700988959000},{"score":0,"score_max":0,"score_min":0,"flag":1,"level":1,"start_time":1700988600000,"end_time":1700988659000},{"score":90,"score_max":93,"score_min":88,"flag":1,"level":1,"start_time":1700988540000,"end_time":1700988599000},{"score":48,"score_max":87,"score_min":19,"flag":1,"level":1,"start_time":1700988480000,"end_time":1700988539000},{"score":4,"score_max":18,"score_min":1,"flag":1,"level":1,"start_time":1700988420000,"end_time":1700988479000},{"score":1,"score_max":1,"score_min":1,"flag":1,"level":1,"start_time":1700988360000,"end_time":1700988419000},{"score":0,"score_max":1,"score_min":0,"flag":1,"level":1,"start_time":1700988300000,"end_time":1700988359000},{"score":0,"score_max":2,"score_min":0,"flag":1,"level":1,"start_time":1700988240000,"end_time":1700988299000},{"score":5,"score_max":12,"score_min":3,"flag":1,"level":1,"start_time":1700988180000,"end_time":1700988239000},{"score":4,"score_max":8,"score_min":3,"flag":1,"level":1,"start_time":1700988120000,"end_time":1700988179000},{"score":1,"score_max":4,"score_min":1,"flag":1,"level":1,"start_time":1700988060000,"end_time":1700988119000},{"score":1,"score_max":1,"score_min":1,"flag":1,"level":1,"start_time":1700988000000,"end_time":1700988059000},{"score":1,"score_max":3,"score_min":0,"flag":1,"level":1,"start_time":1700987940000,"end_time":1700987999000},{"score":0,"score_max":0,"score_min":0,"flag":1,"level":1,"start_time":1700987880000,"end_time":1700987939000},{"score":0,"score_max":0,"score_min":0,"flag":1,"level":1,"start_time":1700987820000,"end_time":1700987879000},{"score":0,"score_max":1,"score_min":0,"flag":1,"level":1,"start_time":1700987760000,"end_time":1700987819000},{"score":0,"score_max":1,"score_min":0,"flag":1,"level":1,"start_time":1700987700000,"end_time":1700987759000},{"score":0,"score_max":0,"score_min":0,"flag":1,"level":1,"start_time":1700987640000,"end_time":1700987699000},{"score":0,"score_max":1,"score_min":0,"flag":1,"level":1,"start_time":1700987580000,"end_time":1700987639000},{"score":4,"score_max":8,"score_min":2,"flag":1,"level":1,"start_time":1700987520000,"end_time":1700987579000},{"score":0,"score_max":2,"score_min":0,"flag":1,"level":1,"start_time":1700987460000,"end_time":1700987519000},{"score":6,"score_max":16,"score_min":0,"flag":1,"level":1,"start_time":1700987400000,"end_time":1700987459000},{"score":14,"score_max":23,"score_min":5,"flag":1,"level":1,"start_time":1700987340000,"end_time":1700987399000},{"score":2,"score_max":5,"score_min":1,"flag":1,"level":1,"start_time":1700987280000,"end_time":1700987339000},{"score":1,"score_max":1,"score_min":1,"flag":1,"level":1,"start_time":1700987220000,"end_time":1700987279000},{"score":0,"score_max":0,"score_min":0,"flag":1,"level":1,"start_time":1700987160000,"end_time":1700987219000},{"score":0,"score_max":0,"score_min":0,"flag":1,"level":1,"start_time":1700986920000,"end_time":1700986979000},{"score":24,"score_max":77,"score_min":5,"flag":1,"level":1,"start_time":1700986860000,"end_time":1700986919000},{"score":1,"score_max":5,"score_min":0,"flag":1,"level":1,"start_time":1700986800000,"end_time":1700986859000},{"score":0,"score_max":1,"score_min":0,"flag":1,"level":1,"start_time":1700986740000,"end_time":1700986799000},{"score":0,"score_max":1,"score_min":0,"flag":1,"level":1,"start_time":1700986680000,"end_time":1700986739000},{"score":0,"score_max":0,"score_min":0,"flag":1,"level":1,"start_time":1700986620000,"end_time":1700986679000},{"score":0,"score_max":0,"score_min":0,"flag":1,"level":1,"start_time":1700986560000,"end_time":1700986619000},{"score":0,"score_max":0,"score_min":0,"flag":1,"level":1,"start_time":1700986500000,"end_time":1700986559000},{"score":0,"score_max":0,"score_min":0,"flag":1,"level":1,"start_time":1700986440000,"end_time":1700986499000},{"score":0,"score_max":0,"score_min":0,"flag":1,"level":1,"start_time":1700986380000,"end_time":1700986439000},{"score":0,"score_max":0,"score_min":0,"flag":1,"level":1,"start_time":1700986320000,"end_time":1700986379000},{"score":0,"score_max":0,"score_min":0,"flag":1,"level":1,"start_time":1700986260000,"end_time":1700986319000},{"score":0,"score_max":0,"score_min":0,"flag":1,"level":1,"start_time":1700986200000,"end_time":1700986259000},{"score":0,"score_max":1,"score_min":0,"flag":1,"level":1,"start_time":1700986140000,"end_time":1700986199000},{"score":0,"score_max":1,"score_min":0,"flag":1,"level":1,"start_time":1700986080000,"end_time":1700986139000},{"score":0,"score_max":0,"score_min":0,"flag":1,"level":1,"start_time":1700986020000,"end_time":1700986079000},{"score":0,"score_max":0,"score_min":0,"flag":1,"level":1,"start_time":1700985960000,"end_time":1700986019000},{"score":0,"score_max":1,"score_min":0,"flag":1,"level":1,"start_time":1700985900000,"end_time":1700985959000},{"score":0,"score_max":0,"score_min":0,"flag":1,"level":1,"start_time":1700985840000,"end_time":1700985899000},{"score":0,"score_max":1,"score_min":0,"flag":1,"level":1,"start_time":1700985780000,"end_time":1700985839000},{"score":0,"score_max":0,"score_min":0,"flag":1,"level":1,"start_time":1700985720000,"end_time":1700985779000},{"score":0,"score_max":0,"score_min":0,"flag":1,"level":1,"start_time":1700985660000,"end_time":1700985719000},{"score":0,"score_max":0,"score_min":0,"flag":1,"level":1,"start_time":1700985600000,"end_time":1700985659000}]