[{"score":0,"score_max":0,"score_min":0,"flag":1,"level":1,"start_time":1701028740000,"end_time":1701028799000},{"score":0,"score_max":0,"score_min":0,"flag":1,"level":1,"start_time":1701028680000,"end_time":1701028739000},{"score":0,"score_max":0,"score_min":0,"flag":1,"level":1,"start_time":1701028620000,"end_time":1701028679000},{"score":0,"score_max":0,"score_min":0,"flag":1,"level":1,"start_time":1701028560000,"end_time":1701028619000},{"score":0,"score_max":0,"score_min":0,"flag":1,"level":1,"start_time":1701028500000,"end_time":1701028559000},{"score":0,"score_max":0,"score_min":0,"flag":1,"level":1,"start_time":1701028440000,"end_time":1701028499000},{"score":0,"score_max":0,"score_min":0,"flag":1,"level":1,"start_time":1701028380000,"end_time":1701028439000},{"score":0,"score_max":0,"score_min":0,"flag":1,"level":1,"start_time":1701028320000,"end_time":1701028379000},{"score":0,"score_max":0,"score_min":0,"flag":1,"level":1,"start_time":1701028260000,"end_time":1701028319000},{"score":0,"score_max":0,"score_min":0,"flag":1,"level":1,"start_time":1701028200000,"end_time":1701028259000},{"score":0,"score_max":0,"score_min":0,"flag":1,"level":1,"start_time":1701028140000,"end_time":1701028199000},{"score":0,"score_max":0,"score_min":0,"flag":1,"level":1,"start_time":1701028080000,"end_time":1701028139000},{"score":0,"score_max":0,"score_min":0,"flag":1,"level":1,"start_time":1701028020000,"end_time":1701028079000},{"score":0,"score_max":0,"score_min":0,"flag":1,"level":1,"start_time":1701027960000,"end_time":1701028019000},{"score":0,"score_max":0,"score_min":0,"flag":1,"level":1,"start_time":1701027900000,"end_time":1701027959000},{"score":0,"score_max":0,"score_min":0,"flag":1,"level":1,"start_time":1701027840000,"end_time":1701027899000},{"score":0,"score_max":0,"score_min":0,"flag":1,"level":1,"start_time":1701027780000,"end_time":1701027839000},{"score":0,"score_max":0,"score_min":0,"flag":1,"level":1,"start_time":1701027720000,"end_time":1701027779000},{"score":0,"score_max":0,"score_min":0,"flag":1,"level":1,"start_time":1701027660000,"end_time":1701027719000}]