[{"score":8,"score_max":26,"score_min":1,"flag":1,"level":1,"start_time":1700798340000,"end_time":1700798399000},{"score":0,"score_max":1,"score_min":0,"flag":1,"level":1,"start_time":1700798280000,"end_time":1700798339000},{"score":0,"score_max":1,"score_min":0,"flag":1,"level":1,"start_time":1700798220000,"end_time":1700798279000},{"score":0,"score_max":1,"score_min":0,"flag":1,"level":1,"start_time":1700798160000,"end_time":1700798219000},{"score":0,"score_max":0,"score_min":0,"flag":1,"level":1,"start_time":1700798100000,"end_time":1700798159000},{"score":1,"score_max":1,"score_min":1,"flag":1,"level":1,"start_time":1700798040000,"end_time":1700798099000},{"score":1,"score_max":1,"score_min":1,"flag":1,"level":1,"start_time":1700797980000,"end_time":1700798039000},{"score":1,"score_max":1,"score_min":1,"flag":1,"level":1,"start_time":1700797920000,"end_time":1700797979000},{"score":1,"score_max":1,"score_min":1,"flag":1,"level":1,"start_time":1700797860000,"end_time":1700797919000},{"score":0,"score_max":1,"score_min":0,"flag":1,"level":1,"start_time":1700797800000,"end_time":1700797859000},{"score":0,"score_max":1,"score_min":0,"flag":1,"level":1,"start_time":1700797740000,"end_time":1700797799000},{"score":0,"score_max":0,"score_min":0,"flag":1,"level":1,"start_time":1700797680000,"end_time":1700797739000},{"score":0,"score_max":1,"score_min":0,"flag":1,"level":1,"start_time":1700797620000,"end_time":1700797679000},{"score":5,"score_max":7,"score_min":1,"flag":1,"level":1,"start_time":1700797560000,"end_time":1700797619000},{"score":1,"score_max":6,"score_min":0,"flag":1,"level":1,"start_time":1700797500000,"end_time":1700797559000},{"score":0,"score_max":0,"score_min":0,"flag":1,"level":1,"start_time":1700797440000,"end_time":1700797499000},{"score":0,"score_max":0,"score_min":0,"flag":1,"level":1,"start_time":1700797380000,"end_time":1700797439000},{"score":0,"score_max":5,"score_min":0,"flag":1,"level":1,"start_time":1700797320000,"end_time":1700797379000},{"score":22,"score_max":38,"score_min":5,"flag":1,"level":1,"start_time":1700797260000,"end_time":1700797319000},{"score":6,"score_max":10,"score_min":4,"flag":1,"level":1,"start_time":1700797200000,"end_time":1700797259000},{"score":12,"score_max":18,"score_min":6,"flag":1,"level":1,"start_time":1700797140000,"end_time":1700797199000},{"score":1,"score_max":6,"score_min":1,"flag":1,"level":1,"start_time":1700797080000,"end_time":1700797139000},{"score":0,"score_max":1,"score_min":0,"flag":1,"level":1,"start_time":1700797020000,"end_time":1700797079000},{"score":0,"score_max":1,"score_min":0,"flag":1,"level":1,"start_time":1700796960000,"end_time":1700797019000},{"score":0,"score_max":0,"score_min":0,"flag":1,"level":1,"start_time":1700796900000,"end_time":1700796959000},{"score":0,"score_max":0,"score_min":0,"flag":1,"level":1,"start_time":1700796840000,"end_time":1700796899000},{"score":0,"score_max":0,"score_min":0,"flag":1,"level":1,"start_time":1700796780000,"end_time":1700796839000},{"score":0,"score_max":1,"score_min":0,"flag":1,"level":1,"start_time":1700796720000,"end_time":1700796779000},{"score":3,"score_max":6,"score_min":1,"flag":1,"level":1,"start_time":1700796660000,"end_time":1700796719000},{"score":0,"score_max":1,"score_min":0,"flag":1,"level":1,"start_time":1700796600000,"end_time":1700796659000},{"score":0,"score_max":0,"score_min":0,"flag":1,"level":1,"start_time":1700796540000,"end_time":1700796599000},{"score":0,"score_max":1,"score_min":0,"flag":1,"level":1,"start_time":1700796480000,"end_time":1700796539000},{"score":1,"score_max":1,"score_min":1,"flag":1,"level":1,"start_time":1700796420000,"end_time":1700796479000},{"score":0,"score_max":1,"score_min":0,"flag":1,"level":1,"start_time":1700796360000,"end_time":1700796419000},{"score":0,"score_max":0,"score_min":0,"flag":1,"level":1,"start_time":1700796300000,"end_time":1700796359000},{"score":1,"score_max":3,"score_min":0,"flag":1,"level":1,"start_time":1700796240000,"end_time":1700796299000},{"score":1,"score_max":3,"score_min":1,"flag":1,"level":1,"start_time":1700796180000,"end_time":1700796239000},{"score":0,"score_max":1,"score_min":0,"flag":1,"level":1,"start_time":1700796120000,"end_time":1700796179000},{"score":1,"score_max":1,"score_min":1,"flag":1,"level":1,"start_time":1700796060000,"end_time":1700796119000},{"score":0,"score_max":1,"score_min":0,"flag":1,"level":1,"start_time":1700796000000,"end_time":1700796059000},{"score":1,"score_max":2,"score_min":1,"flag":1,"level":1,"start_time":1700795940000,"end_time":1700795999000},{"score":1,"score_max":2,"score_min":1,"flag":1,"level":1,"start_time":1700795880000,"end_time":1700795939000},{"score":1,"score_max":2,"score_min":1,"flag":1,"level":1,"start_time":1700795820000,"end_time":1700795879000},{"score":2,"score_max":5,"score_min":1,"flag":1,"level":1,"start_time":1700795760000,"end_time":1700795819000},{"score":3,"score_max":5,"score_min":2,"flag":1,"level":1,"start_time":1700795700000,"end_time":1700795759000},{"score":1,"score_max":2,"score_min":0,"flag":1,"level":1,"start_time":1700795580000,"end_time":1700795639000},{"score":99,"score_max":99,"score_min":99,"flag":1,"level":1,"start_time":1700795520000,"end_time":1700795579000},{"score":66,"score_max":99,"score_min":37,"flag":1,"level":1,"start_time":1700795460000,"end_time":1700795519000},{"score":58,"score_max":73,"score_min":41,"flag":1,"level":1,"start_time":1700795400000,"end_time":1700795459000},{"score":69,"score_max":74,"score_min":64,"flag":1,"level":1,"start_time":1700795340000,"end_time":1700795399000},{"score":39,"score_max":66,"score_min":24,"flag":1,"level":1,"start_time":1700795280000,"end_time":1700795339000},{"score":36,"score_max":51,"score_min":13,"flag":1,"level":1,"start_time":1700795220000,"end_time":1700795279000},{"score":6,"score_max":12,"score_min":4,"flag":1,"level":1,"start_time":1700795160000,"end_time":1700795219000},{"score":26,"score_max":59,"score_min":4,"flag":1,"level":1,"start_time":1700795100000,"end_time":1700795159000},{"score":50,"score_max":69,"score_min":18,"flag":1,"level":1,"start_time":1700795040000,"end_time":1700795099000},{"score":12,"score_max":18,"score_min":10,"flag":1,"level":1,"start_time":1700794980000,"end_time":1700795039000},{"score":6,"score_max":13,"score_min":3,"flag":1,"level":1,"start_time":1700794920000,"end_time":1700794979000},{"score":2,"score_max":4,"score_min":2,"flag":1,"level":1,"start_time":1700794860000,"end_time":1700794919000},{"score":9,"score_max":14,"score_min":4,"flag":1,"level":1,"start_time":1700794800000,"end_time":1700794859000}]