[{"heart_rate":77,"heart_rate_max":83,"heart_rate_min":71,"start_time":1700902740000,"end_time":1700902799000},{"heart_rate":73,"heart_rate_max":76,"heart_rate_min":69,"start_time":1700902680000,"end_time":1700902739000},{"heart_rate":63,"heart_rate_max":73,"heart_rate_min":57,"start_time":1700902620000,"end_time":1700902679000},{"heart_rate":63,"heart_rate_max":75,"heart_rate_min":58,"start_time":1700902560000,"end_time":1700902619000},{"heart_rate":63,"heart_rate_max":72,"heart_rate_min":59,"start_time":1700902500000,"end_time":1700902559000},{"heart_rate":61,"heart_rate_max":67,"heart_rate_min":55,"start_time":1700902440000,"end_time":1700902499000},{"heart_rate":60,"heart_rate_max":67,"heart_rate_min":58,"start_time":1700902380000,"end_time":1700902439000},{"heart_rate":62,"heart_rate_max":67,"heart_rate_min":59,"start_time":1700902320000,"end_time":1700902379000},{"heart_rate":60,"heart_rate_max":69,"heart_rate_min":55,"start_time":1700902260000,"end_time":1700902319000},{"heart_rate":57,"heart_rate_max":60,"heart_rate_min":55,"start_time":1700902200000,"end_time":1700902259000},{"heart_rate":61,"heart_rate_max":67,"heart_rate_min":58,"start_time":1700902140000,"end_time":1700902199000},{"heart_rate":58,"heart_rate_max":65,"heart_rate_min":55,"start_time":1700902080000,"end_time":1700902139000},{"heart_rate":64,"heart_rate_max":74,"heart_rate_min":60,"start_time":1700902020000,"end_time":1700902079000},{"heart_rate":68,"heart_rate_max":75,"heart_rate_min":65,"start_time":1700901960000,"end_time":1700902019000},{"heart_rate":68,"heart_rate_max":75,"heart_rate_min":63,"start_time":1700901900000,"end_time":1700901959000},{"heart_rate":66,"heart_rate_max":74,"heart_rate_min":60,"start_time":1700901840000,"end_time":1700901899000},{"heart_rate":71,"heart_rate_max":80,"heart_rate_min":66,"start_time":1700901780000,"end_time":1700901839000},{"heart_rate":67,"heart_rate_max":72,"heart_rate_min":64,"start_time":1700901720000,"end_time":1700901779000},{"heart_rate":63,"heart_rate_max":67,"heart_rate_min":61,"start_time":1700901660000,"end_time":1700901719000},{"heart_rate":67,"heart_rate_max":78,"heart_rate_min":62,"start_time":1700901600000,"end_time":1700901659000},{"heart_rate":66,"heart_rate_max":72,"heart_rate_min":61,"start_time":1700901540000,"end_time":1700901599000},{"heart_rate":74,"heart_rate_max":79,"heart_rate_min":69,"start_time":1700901480000,"end_time":1700901539000},{"heart_rate":66,"heart_rate_max":75,"heart_rate_min":61,"start_time":1700901420000,"end_time":1700901479000},{"heart_rate":66,"heart_rate_max":72,"heart_rate_min":63,"start_time":1700901360000,"end_time":1700901419000},{"heart_rate":67,"heart_rate_max":74,"heart_rate_min":62,"start_time":1700901300000,"end_time":1700901359000},{"heart_rate":68,"heart_rate_max":72,"heart_rate_min":64,"start_time":1700901240000,"end_time":1700901299000},{"heart_rate":68,"heart_rate_max":74,"heart_rate_min":65,"start_time":1700901180000,"end_time":1700901239000},{"heart_rate":70,"heart_rate_max":78,"heart_rate_min":64,"start_time":1700901120000,"end_time":1700901179000},{"heart_rate":66,"heart_rate_max":70,"heart_rate_min":60,"start_time":1700901060000,"end_time":1700901119000},{"heart_rate":69,"heart_rate_max":74,"heart_rate_min":67,"start_time":1700901000000,"end_time":1700901059000},{"heart_rate":82,"heart_rate_max":86,"heart_rate_min":75,"start_time":1700900940000,"end_time":1700900999000},{"heart_rate":74,"heart_rate_max":77,"heart_rate_min":73,"start_time":1700900880000,"end_time":1700900939000},{"heart_rate":74,"heart_rate_max":83,"heart_rate_min":65,"start_time":1700900820000,"end_time":1700900879000},{"heart_rate":92,"heart_rate_max":103,"heart_rate_min":66,"start_time":1700900760000,"end_time":1700900819000},{"heart_rate":100,"heart_rate_max":103,"heart_rate_min":75,"start_time":1700900700000,"end_time":1700900759000},{"heart_rate":82,"heart_rate_max":88,"heart_rate_min":75,"start_time":1700900640000,"end_time":1700900699000},{"heart_rate":77,"heart_rate_max":81,"heart_rate_min":74,"start_time":1700900580000,"end_time":1700900639000},{"heart_rate":81,"heart_rate_max":88,"heart_rate_min":76,"start_time":1700900520000,"end_time":1700900579000},{"heart_rate":75,"heart_rate_max":88,"heart_rate_min":67,"start_time":1700900460000,"end_time":1700900519000},{"heart_rate":67,"heart_rate_max":79,"heart_rate_min":59,"start_time":1700900400000,"end_time":1700900459000},{"heart_rate":66,"heart_rate_max":77,"heart_rate_min":60,"start_time":1700900340000,"end_time":1700900399000},{"heart_rate":66,"heart_rate_max":68,"heart_rate_min":63,"start_time":1700900280000,"end_time":1700900339000},{"heart_rate":71,"heart_rate_max":76,"heart_rate_min":66,"start_time":1700900220000,"end_time":1700900279000},{"heart_rate":70,"heart_rate_max":74,"heart_rate_min":67,"start_time":1700900160000,"end_time":1700900219000},{"heart_rate":69,"heart_rate_max":73,"heart_rate_min":67,"start_time":1700900100000,"end_time":1700900159000},{"heart_rate":69,"heart_rate_max":75,"heart_rate_min":65,"start_time":1700900040000,"end_time":1700900099000},{"heart_rate":73,"heart_rate_max":77,"heart_rate_min":70,"start_time":1700899980000,"end_time":1700900039000},{"heart_rate":82,"heart_rate_max":92,"heart_rate_min":73,"start_time":1700899920000,"end_time":1700899979000},{"heart_rate":71,"heart_rate_max":78,"heart_rate_min":68,"start_time":1700899860000,"end_time":1700899919000},{"heart_rate":69,"heart_rate_max":79,"heart_rate_min":66,"start_time":1700899800000,"end_time":1700899859000},{"heart_rate":69,"heart_rate_max":78,"heart_rate_min":61,"start_time":1700899740000,"end_time":1700899799000},{"heart_rate":63,"heart_rate_max":68,"heart_rate_min":58,"start_time":1700899680000,"end_time":1700899739000},{"heart_rate":62,"heart_rate_max":66,"heart_rate_min":60,"start_time":1700899620000,"end_time":1700899679000},{"heart_rate":66,"heart_rate_max":71,"heart_rate_min":63,"start_time":1700899560000,"end_time":1700899619000},{"heart_rate":66,"heart_rate_max":69,"heart_rate_min":63,"start_time":1700899500000,"end_time":1700899559000},{"heart_rate":67,"heart_rate_max":73,"heart_rate_min":61,"start_time":1700899440000,"end_time":1700899499000},{"heart_rate":72,"heart_rate_max":79,"heart_rate_min":64,"start_time":1700899380000,"end_time":1700899439000},{"heart_rate":72,"heart_rate_max":80,"heart_rate_min":67,"start_time":1700899320000,"end_time":1700899379000},{"heart_rate":74,"heart_rate_max":78,"heart_rate_min":71,"start_time":1700899260000,"end_time":1700899319000},{"heart_rate":76,"heart_rate_max":81,"heart_rate_min":66,"start_time":1700899200000,"end_time":1700899259000}]