[{"heart_rate":79,"heart_rate_max":86,"heart_rate_min":76,"start_time":1700708340000,"end_time":1700708399000},{"heart_rate":75,"heart_rate_max":79,"heart_rate_min":74,"start_time":1700708280000,"end_time":1700708339000},{"heart_rate":77,"heart_rate_max":81,"heart_rate_min":75,"start_time":1700708220000,"end_time":1700708279000},{"heart_rate":76,"heart_rate_max":80,"heart_rate_min":74,"start_time":1700708160000,"end_time":1700708219000},{"heart_rate":73,"heart_rate_max":79,"heart_rate_min":71,"start_time":1700708100000,"end_time":1700708159000},{"heart_rate":71,"heart_rate_max":73,"heart_rate_min":69,"start_time":1700708040000,"end_time":1700708099000},{"heart_rate":75,"heart_rate_max":77,"heart_rate_min":72,"start_time":1700707980000,"end_time":1700708039000},{"heart_rate":73,"heart_rate_max":77,"heart_rate_min":71,"start_time":1700707920000,"end_time":1700707979000},{"heart_rate":74,"heart_rate_max":79,"heart_rate_min":72,"start_time":1700707860000,"end_time":1700707919000},{"heart_rate":80,"heart_rate_max":85,"heart_rate_min":75,"start_time":1700707800000,"end_time":1700707859000},{"heart_rate":75,"heart_rate_max":79,"heart_rate_min":73,"start_time":1700707740000,"end_time":1700707799000},{"heart_rate":77,"heart_rate_max":82,"heart_rate_min":74,"start_time":1700707680000,"end_time":1700707739000},{"heart_rate":79,"heart_rate_max":84,"heart_rate_min":76,"start_time":1700707620000,"end_time":1700707679000},{"heart_rate":79,"heart_rate_max":83,"heart_rate_min":75,"start_time":1700707560000,"end_time":1700707619000},{"heart_rate":76,"heart_rate_max":82,"heart_rate_min":73,"start_time":1700707500000,"end_time":1700707559000},{"heart_rate":77,"heart_rate_max":80,"heart_rate_min":75,"start_time":1700707440000,"end_time":1700707499000},{"heart_rate":80,"heart_rate_max":84,"heart_rate_min":78,"start_time":1700707380000,"end_time":1700707439000},{"heart_rate":81,"heart_rate_max":85,"heart_rate_min":78,"start_time":1700707320000,"end_time":1700707379000},{"heart_rate":83,"heart_rate_max":89,"heart_rate_min":78,"start_time":1700707260000,"end_time":1700707319000},{"heart_rate":84,"heart_rate_max":90,"heart_rate_min":79,"start_time":1700707200000,"end_time":1700707259000},{"heart_rate":80,"heart_rate_max":84,"heart_rate_min":79,"start_time":1700707140000,"end_time":1700707199000},{"heart_rate":81,"heart_rate_max":89,"heart_rate_min":78,"start_time":1700707080000,"end_time":1700707139000},{"heart_rate":81,"heart_rate_max":92,"heart_rate_min":78,"start_time":1700707020000,"end_time":1700707079000},{"heart_rate":85,"heart_rate_max":88,"heart_rate_min":82,"start_time":1700706960000,"end_time":1700707019000},{"heart_rate":80,"heart_rate_max":84,"heart_rate_min":77,"start_time":1700706900000,"end_time":1700706959000},{"heart_rate":77,"heart_rate_max":82,"heart_rate_min":75,"start_time":1700706840000,"end_time":1700706899000},{"heart_rate":84,"heart_rate_max":87,"heart_rate_min":82,"start_time":1700706780000,"end_time":1700706839000},{"heart_rate":86,"heart_rate_max":90,"heart_rate_min":82,"start_time":1700706720000,"end_time":1700706779000},{"heart_rate":84,"heart_rate_max":88,"heart_rate_min":82,"start_time":1700706660000,"end_time":1700706719000},{"heart_rate":86,"heart_rate_max":91,"heart_rate_min":82,"start_time":1700706600000,"end_time":1700706659000},{"heart_rate":86,"heart_rate_max":92,"heart_rate_min":84,"start_time":1700706540000,"end_time":1700706599000},{"heart_rate":82,"heart_rate_max":86,"heart_rate_min":81,"start_time":1700706480000,"end_time":1700706539000},{"heart_rate":84,"heart_rate_max":87,"heart_rate_min":81,"start_time":1700706420000,"end_time":1700706479000},{"heart_rate":84,"heart_rate_max":88,"heart_rate_min":82,"start_time":1700706360000,"end_time":1700706419000},{"heart_rate":88,"heart_rate_max":90,"heart_rate_min":86,"start_time":1700706300000,"end_time":1700706359000},{"heart_rate":88,"heart_rate_max":90,"heart_rate_min":85,"start_time":1700706240000,"end_time":1700706299000},{"heart_rate":86,"heart_rate_max":97,"heart_rate_min":80,"start_time":1700706180000,"end_time":1700706239000},{"heart_rate":88,"heart_rate_max":93,"heart_rate_min":84,"start_time":1700706120000,"end_time":1700706179000},{"heart_rate":88,"heart_rate_max":94,"heart_rate_min":85,"start_time":1700706060000,"end_time":1700706119000},{"heart_rate":89,"heart_rate_max":97,"heart_rate_min":87,"start_time":1700706000000,"end_time":1700706059000},{"heart_rate":89,"heart_rate_max":95,"heart_rate_min":83,"start_time":1700705940000,"end_time":1700705999000},{"heart_rate":91,"heart_rate_max":94,"heart_rate_min":89,"start_time":1700705880000,"end_time":1700705939000},{"heart_rate":91,"heart_rate_max":97,"heart_rate_min":86,"start_time":1700705820000,"end_time":1700705879000},{"heart_rate":88,"heart_rate_max":91,"heart_rate_min":84,"start_time":1700705760000,"end_time":1700705819000},{"heart_rate":86,"heart_rate_max":90,"heart_rate_min":84,"start_time":1700705700000,"end_time":1700705759000},{"heart_rate":82,"heart_rate_max":88,"heart_rate_min":81,"start_time":1700705640000,"end_time":1700705699000},{"heart_rate":85,"heart_rate_max":89,"heart_rate_min":80,"start_time":1700705580000,"end_time":1700705639000},{"heart_rate":87,"heart_rate_max":99,"heart_rate_min":86,"start_time":1700705520000,"end_time":1700705579000},{"heart_rate":91,"heart_rate_max":97,"heart_rate_min":82,"start_time":1700705460000,"end_time":1700705519000},{"heart_rate":80,"heart_rate_max":85,"heart_rate_min":76,"start_time":1700705400000,"end_time":1700705459000},{"heart_rate":78,"heart_rate_max":85,"heart_rate_min":74,"start_time":1700705340000,"end_time":1700705399000},{"heart_rate":76,"heart_rate_max":84,"heart_rate_min":71,"start_time":1700705280000,"end_time":1700705339000},{"heart_rate":79,"heart_rate_max":82,"heart_rate_min":76,"start_time":1700705220000,"end_time":1700705279000},{"heart_rate":80,"heart_rate_max":85,"heart_rate_min":76,"start_time":1700705160000,"end_time":1700705219000},{"heart_rate":84,"heart_rate_max":89,"heart_rate_min":82,"start_time":1700705100000,"end_time":1700705159000},{"heart_rate":82,"heart_rate_max":90,"heart_rate_min":78,"start_time":1700705040000,"end_time":1700705099000},{"heart_rate":83,"heart_rate_max":87,"heart_rate_min":81,"start_time":1700704980000,"end_time":1700705039000},{"heart_rate":81,"heart_rate_max":84,"heart_rate_min":81,"start_time":1700704920000,"end_time":1700704979000},{"heart_rate":85,"heart_rate_max":88,"heart_rate_min":83,"start_time":1700704860000,"end_time":1700704919000},{"heart_rate":86,"heart_rate_max":90,"heart_rate_min":84,"start_time":1700704800000,"end_time":1700704859000}]