[{"heart_rate":53,"heart_rate_max":54,"heart_rate_min":52,"start_time":1700942340000,"end_time":1700942399000},{"heart_rate":56,"heart_rate_max":58,"heart_rate_min":53,"start_time":1700942280000,"end_time":1700942339000},{"heart_rate":56,"heart_rate_max":58,"heart_rate_min":55,"start_time":1700942220000,"end_time":1700942279000},{"heart_rate":55,"heart_rate_max":57,"heart_rate_min":55,"start_time":1700942160000,"end_time":1700942219000},{"heart_rate":56,"heart_rate_max":57,"heart_rate_min":55,"start_time":1700942100000,"end_time":1700942159000},{"heart_rate":54,"heart_rate_max":56,"heart_rate_min":53,"start_time":1700942040000,"end_time":1700942099000},{"heart_rate":56,"heart_rate_max":60,"heart_rate_min":53,"start_time":1700941980000,"end_time":1700942039000},{"heart_rate":55,"heart_rate_max":57,"heart_rate_min":55,"start_time":1700941920000,"end_time":1700941979000},{"heart_rate":55,"heart_rate_max":60,"heart_rate_min":54,"start_time":1700941860000,"end_time":1700941919000},{"heart_rate":62,"heart_rate_max":69,"heart_rate_min":58,"start_time":1700941800000,"end_time":1700941859000},{"heart_rate":57,"heart_rate_max":59,"heart_rate_min":57,"start_time":1700941740000,"end_time":1700941799000},{"heart_rate":55,"heart_rate_max":58,"heart_rate_min":54,"start_time":1700941680000,"end_time":1700941739000},{"heart_rate":57,"heart_rate_max":58,"heart_rate_min":55,"start_time":1700941620000,"end_time":1700941679000},{"heart_rate":57,"heart_rate_max":58,"heart_rate_min":56,"start_time":1700941560000,"end_time":1700941619000},{"heart_rate":55,"heart_rate_max":57,"heart_rate_min":54,"start_time":1700941500000,"end_time":1700941559000},{"heart_rate":55,"heart_rate_max":56,"heart_rate_min":54,"start_time":1700941440000,"end_time":1700941499000},{"heart_rate":55,"heart_rate_max":58,"heart_rate_min":54,"start_time":1700941380000,"end_time":1700941439000},{"heart_rate":56,"heart_rate_max":58,"heart_rate_min":55,"start_time":1700941320000,"end_time":1700941379000},{"heart_rate":54,"heart_rate_max":56,"heart_rate_min":53,"start_time":1700941260000,"end_time":1700941319000},{"heart_rate":54,"heart_rate_max":55,"heart_rate_min":54,"start_time":1700941200000,"end_time":1700941259000},{"heart_rate":54,"heart_rate_max":56,"heart_rate_min":53,"start_time":1700941140000,"end_time":1700941199000},{"heart_rate":54,"heart_rate_max":55,"heart_rate_min":53,"start_time":1700941080000,"end_time":1700941139000},{"heart_rate":54,"heart_rate_max":55,"heart_rate_min":53,"start_time":1700941020000,"end_time":1700941079000},{"heart_rate":54,"heart_rate_max":56,"heart_rate_min":53,"start_time":1700940960000,"end_time":1700941019000},{"heart_rate":55,"heart_rate_max":56,"heart_rate_min":55,"start_time":1700940900000,"end_time":1700940959000},{"heart_rate":59,"heart_rate_max":67,"heart_rate_min":55,"start_time":1700940840000,"end_time":1700940899000},{"heart_rate":55,"heart_rate_max":56,"heart_rate_min":55,"start_time":1700940780000,"end_time":1700940839000},{"heart_rate":55,"heart_rate_max":56,"heart_rate_min":55,"start_time":1700940720000,"end_time":1700940779000},{"heart_rate":55,"heart_rate_max":56,"heart_rate_min":54,"start_time":1700940660000,"end_time":1700940719000},{"heart_rate":55,"heart_rate_max":56,"heart_rate_min":55,"start_time":1700940600000,"end_time":1700940659000},{"heart_rate":54,"heart_rate_max":56,"heart_rate_min":54,"start_time":1700940540000,"end_time":1700940599000},{"heart_rate":55,"heart_rate_max":56,"heart_rate_min":55,"start_time":1700940480000,"end_time":1700940539000},{"heart_rate":55,"heart_rate_max":56,"heart_rate_min":55,"start_time":1700940420000,"end_time":1700940479000},{"heart_rate":55,"heart_rate_max":56,"heart_rate_min":55,"start_time":1700940360000,"end_time":1700940419000},{"heart_rate":55,"heart_rate_max":56,"heart_rate_min":55,"start_time":1700940300000,"end_time":1700940359000},{"heart_rate":54,"heart_rate_max":56,"heart_rate_min":54,"start_time":1700940240000,"end_time":1700940299000},{"heart_rate":54,"heart_rate_max":56,"heart_rate_min":54,"start_time":1700940180000,"end_time":1700940239000},{"heart_rate":54,"heart_rate_max":55,"heart_rate_min":54,"start_time":1700940120000,"end_time":1700940179000},{"heart_rate":54,"heart_rate_max":55,"heart_rate_min":54,"start_time":1700940060000,"end_time":1700940119000},{"heart_rate":54,"heart_rate_max":55,"heart_rate_min":54,"start_time":1700940000000,"end_time":1700940059000},{"heart_rate":54,"heart_rate_max":55,"heart_rate_min":54,"start_time":1700939940000,"end_time":1700939999000},{"heart_rate":54,"heart_rate_max":55,"heart_rate_min":53,"start_time":1700939880000,"end_time":1700939939000},{"heart_rate":54,"heart_rate_max":55,"heart_rate_min":54,"start_time":1700939820000,"end_time":1700939879000},{"heart_rate":54,"heart_rate_max":55,"heart_rate_min":53,"start_time":1700939760000,"end_time":1700939819000},{"heart_rate":54,"heart_rate_max":56,"heart_rate_min":54,"start_time":1700939700000,"end_time":1700939759000},{"heart_rate":54,"heart_rate_max":55,"heart_rate_min":53,"start_time":1700939640000,"end_time":1700939699000},{"heart_rate":54,"heart_rate_max":55,"heart_rate_min":54,"start_time":1700939580000,"end_time":1700939639000},{"heart_rate":54,"heart_rate_max":56,"heart_rate_min":54,"start_time":1700939520000,"end_time":1700939579000},{"heart_rate":54,"heart_rate_max":56,"heart_rate_min":54,"start_time":1700939460000,"end_time":1700939519000},{"heart_rate":55,"heart_rate_max":56,"heart_rate_min":54,"start_time":1700939400000,"end_time":1700939459000},{"heart_rate":55,"heart_rate_max":56,"heart_rate_min":55,"start_time":1700939340000,"end_time":1700939399000},{"heart_rate":55,"heart_rate_max":56,"heart_rate_min":53,"start_time":1700939280000,"end_time":1700939339000},{"heart_rate":55,"heart_rate_max":58,"heart_rate_min":54,"start_time":1700939220000,"end_time":1700939279000},{"heart_rate":58,"heart_rate_max":66,"heart_rate_min":56,"start_time":1700939160000,"end_time":1700939219000},{"heart_rate":57,"heart_rate_max":67,"heart_rate_min":53,"start_time":1700939100000,"end_time":1700939159000},{"heart_rate":53,"heart_rate_max":56,"heart_rate_min":52,"start_time":1700939040000,"end_time":1700939099000},{"heart_rate":53,"heart_rate_max":54,"heart_rate_min":52,"start_time":1700938980000,"end_time":1700939039000},{"heart_rate":54,"heart_rate_max":57,"heart_rate_min":54,"start_time":1700938920000,"end_time":1700938979000},{"heart_rate":55,"heart_rate_max":57,"heart_rate_min":53,"start_time":1700938860000,"end_time":1700938919000},{"heart_rate":55,"heart_rate_max":57,"heart_rate_min":53,"start_time":1700938800000,"end_time":1700938859000}]