[{"heart_rate":75,"heart_rate_max":80,"heart_rate_min":73,"start_time":1700877540000,"end_time":1700877599000},{"heart_rate":77,"heart_rate_max":87,"heart_rate_min":72,"start_time":1700877480000,"end_time":1700877539000},{"heart_rate":77,"heart_rate_max":82,"heart_rate_min":74,"start_time":1700877420000,"end_time":1700877479000},{"heart_rate":87,"heart_rate_max":100,"heart_rate_min":76,"start_time":1700877360000,"end_time":1700877419000},{"heart_rate":83,"heart_rate_max":90,"heart_rate_min":76,"start_time":1700877300000,"end_time":1700877359000},{"heart_rate":77,"heart_rate_max":88,"heart_rate_min":73,"start_time":1700877240000,"end_time":1700877299000},{"heart_rate":79,"heart_rate_max":86,"heart_rate_min":75,"start_time":1700877180000,"end_time":1700877239000},{"heart_rate":79,"heart_rate_max":86,"heart_rate_min":76,"start_time":1700877120000,"end_time":1700877179000},{"heart_rate":77,"heart_rate_max":80,"heart_rate_min":76,"start_time":1700877060000,"end_time":1700877119000},{"heart_rate":76,"heart_rate_max":79,"heart_rate_min":75,"start_time":1700877000000,"end_time":1700877059000},{"heart_rate":76,"heart_rate_max":78,"heart_rate_min":74,"start_time":1700876940000,"end_time":1700876999000},{"heart_rate":75,"heart_rate_max":77,"heart_rate_min":74,"start_time":1700876880000,"end_time":1700876939000},{"heart_rate":76,"heart_rate_max":77,"heart_rate_min":75,"start_time":1700876820000,"end_time":1700876879000},{"heart_rate":77,"heart_rate_max":80,"heart_rate_min":76,"start_time":1700876760000,"end_time":1700876819000},{"heart_rate":76,"heart_rate_max":81,"heart_rate_min":74,"start_time":1700876700000,"end_time":1700876759000},{"heart_rate":88,"heart_rate_max":93,"heart_rate_min":83,"start_time":1700876640000,"end_time":1700876699000},{"heart_rate":92,"heart_rate_max":94,"heart_rate_min":91,"start_time":1700876580000,"end_time":1700876639000},{"heart_rate":95,"heart_rate_max":98,"heart_rate_min":94,"start_time":1700876520000,"end_time":1700876579000},{"heart_rate":96,"heart_rate_max":99,"heart_rate_min":93,"start_time":1700876460000,"end_time":1700876519000},{"heart_rate":92,"heart_rate_max":95,"heart_rate_min":88,"start_time":1700876400000,"end_time":1700876459000},{"heart_rate":87,"heart_rate_max":90,"heart_rate_min":87,"start_time":1700876340000,"end_time":1700876399000}]