[{"heart_rate":78,"heart_rate_max":84,"heart_rate_min":68,"start_time":1700729940000,"end_time":1700729999000},{"heart_rate":66,"heart_rate_max":76,"heart_rate_min":61,"start_time":1700729880000,"end_time":1700729939000},{"heart_rate":79,"heart_rate_max":79,"heart_rate_min":79,"start_time":1700729820000,"end_time":1700729879000},{"heart_rate":99,"heart_rate_max":102,"heart_rate_min":98,"start_time":1700729760000,"end_time":1700729819000},{"heart_rate":96,"heart_rate_max":102,"heart_rate_min":94,"start_time":1700729700000,"end_time":1700729759000},{"heart_rate":86,"heart_rate_max":94,"heart_rate_min":82,"start_time":1700729640000,"end_time":1700729699000},{"heart_rate":82,"heart_rate_max":88,"heart_rate_min":79,"start_time":1700729580000,"end_time":1700729639000},{"heart_rate":80,"heart_rate_max":85,"heart_rate_min":74,"start_time":1700729520000,"end_time":1700729579000},{"heart_rate":66,"heart_rate_max":75,"heart_rate_min":60,"start_time":1700729460000,"end_time":1700729519000},{"heart_rate":62,"heart_rate_max":69,"heart_rate_min":59,"start_time":1700729400000,"end_time":1700729459000},{"heart_rate":61,"heart_rate_max":69,"heart_rate_min":57,"start_time":1700729340000,"end_time":1700729399000},{"heart_rate":63,"heart_rate_max":79,"heart_rate_min":57,"start_time":1700729280000,"end_time":1700729339000},{"heart_rate":61,"heart_rate_max":67,"heart_rate_min":58,"start_time":1700729220000,"end_time":1700729279000},{"heart_rate":64,"heart_rate_max":71,"heart_rate_min":60,"start_time":1700729160000,"end_time":1700729219000},{"heart_rate":61,"heart_rate_max":73,"heart_rate_min":58,"start_time":1700729100000,"end_time":1700729159000},{"heart_rate":59,"heart_rate_max":62,"heart_rate_min":57,"start_time":1700729040000,"end_time":1700729099000},{"heart_rate":59,"heart_rate_max":63,"heart_rate_min":57,"start_time":1700728980000,"end_time":1700729039000},{"heart_rate":60,"heart_rate_max":62,"heart_rate_min":59,"start_time":1700728920000,"end_time":1700728979000},{"heart_rate":59,"heart_rate_max":60,"heart_rate_min":58,"start_time":1700728860000,"end_time":1700728919000},{"heart_rate":60,"heart_rate_max":61,"heart_rate_min":59,"start_time":1700728800000,"end_time":1700728859000},{"heart_rate":59,"heart_rate_max":61,"heart_rate_min":57,"start_time":1700728740000,"end_time":1700728799000},{"heart_rate":57,"heart_rate_max":59,"heart_rate_min":56,"start_time":1700728680000,"end_time":1700728739000},{"heart_rate":59,"heart_rate_max":62,"heart_rate_min":58,"start_time":1700728620000,"end_time":1700728679000},{"heart_rate":58,"heart_rate_max":60,"heart_rate_min":57,"start_time":1700728560000,"end_time":1700728619000},{"heart_rate":58,"heart_rate_max":61,"heart_rate_min":57,"start_time":1700728500000,"end_time":1700728559000},{"heart_rate":59,"heart_rate_max":61,"heart_rate_min":58,"start_time":1700728440000,"end_time":1700728499000},{"heart_rate":59,"heart_rate_max":62,"heart_rate_min":58,"start_time":1700728380000,"end_time":1700728439000},{"heart_rate":60,"heart_rate_max":62,"heart_rate_min":60,"start_time":1700728320000,"end_time":1700728379000},{"heart_rate":61,"heart_rate_max":64,"heart_rate_min":60,"start_time":1700728260000,"end_time":1700728319000},{"heart_rate":61,"heart_rate_max":65,"heart_rate_min":59,"start_time":1700728200000,"end_time":1700728259000},{"heart_rate":64,"heart_rate_max":75,"heart_rate_min":58,"start_time":1700728140000,"end_time":1700728199000},{"heart_rate":61,"heart_rate_max":64,"heart_rate_min":58,"start_time":1700728080000,"end_time":1700728139000},{"heart_rate":63,"heart_rate_max":70,"heart_rate_min":61,"start_time":1700728020000,"end_time":1700728079000},{"heart_rate":74,"heart_rate_max":82,"heart_rate_min":69,"start_time":1700727960000,"end_time":1700728019000},{"heart_rate":71,"heart_rate_max":80,"heart_rate_min":67,"start_time":1700727900000,"end_time":1700727959000},{"heart_rate":66,"heart_rate_max":72,"heart_rate_min":63,"start_time":1700727840000,"end_time":1700727899000},{"heart_rate":72,"heart_rate_max":78,"heart_rate_min":65,"start_time":1700727780000,"end_time":1700727839000},{"heart_rate":65,"heart_rate_max":72,"heart_rate_min":61,"start_time":1700727720000,"end_time":1700727779000},{"heart_rate":67,"heart_rate_max":76,"heart_rate_min":61,"start_time":1700727660000,"end_time":1700727719000},{"heart_rate":64,"heart_rate_max":70,"heart_rate_min":59,"start_time":1700727600000,"end_time":1700727659000},{"heart_rate":63,"heart_rate_max":70,"heart_rate_min":56,"start_time":1700727540000,"end_time":1700727599000},{"heart_rate":62,"heart_rate_max":65,"heart_rate_min":59,"start_time":1700727480000,"end_time":1700727539000},{"heart_rate":63,"heart_rate_max":68,"heart_rate_min":60,"start_time":1700727420000,"end_time":1700727479000},{"heart_rate":70,"heart_rate_max":81,"heart_rate_min":63,"start_time":1700727360000,"end_time":1700727419000},{"heart_rate":67,"heart_rate_max":77,"heart_rate_min":63,"start_time":1700727300000,"end_time":1700727359000},{"heart_rate":64,"heart_rate_max":69,"heart_rate_min":62,"start_time":1700727240000,"end_time":1700727299000},{"heart_rate":63,"heart_rate_max":69,"heart_rate_min":61,"start_time":1700727180000,"end_time":1700727239000},{"heart_rate":64,"heart_rate_max":66,"heart_rate_min":62,"start_time":1700727120000,"end_time":1700727179000},{"heart_rate":61,"heart_rate_max":65,"heart_rate_min":60,"start_time":1700727060000,"end_time":1700727119000},{"heart_rate":62,"heart_rate_max":67,"heart_rate_min":58,"start_time":1700727000000,"end_time":1700727059000},{"heart_rate":69,"heart_rate_max":73,"heart_rate_min":66,"start_time":1700726940000,"end_time":1700726999000},{"heart_rate":67,"heart_rate_max":74,"heart_rate_min":63,"start_time":1700726880000,"end_time":1700726939000},{"heart_rate":68,"heart_rate_max":73,"heart_rate_min":64,"start_time":1700726820000,"end_time":1700726879000},{"heart_rate":64,"heart_rate_max":67,"heart_rate_min":62,"start_time":1700726760000,"end_time":1700726819000},{"heart_rate":63,"heart_rate_max":69,"heart_rate_min":58,"start_time":1700726700000,"end_time":1700726759000},{"heart_rate":63,"heart_rate_max":66,"heart_rate_min":61,"start_time":1700726640000,"end_time":1700726699000},{"heart_rate":62,"heart_rate_max":66,"heart_rate_min":60,"start_time":1700726580000,"end_time":1700726639000},{"heart_rate":66,"heart_rate_max":72,"heart_rate_min":63,"start_time":1700726520000,"end_time":1700726579000},{"heart_rate":68,"heart_rate_max":74,"heart_rate_min":64,"start_time":1700726460000,"end_time":1700726519000},{"heart_rate":65,"heart_rate_max":70,"heart_rate_min":63,"start_time":1700726400000,"end_time":1700726459000}]