[{"heart_rate":72,"heart_rate_max":84,"heart_rate_min":67,"start_time":1700773140000,"end_time":1700773199000},{"heart_rate":74,"heart_rate_max":82,"heart_rate_min":70,"start_time":1700773080000,"end_time":1700773139000},{"heart_rate":69,"heart_rate_max":79,"heart_rate_min":61,"start_time":1700773020000,"end_time":1700773079000},{"heart_rate":68,"heart_rate_max":72,"heart_rate_min":61,"start_time":1700772960000,"end_time":1700773019000},{"heart_rate":65,"heart_rate_max":69,"heart_rate_min":57,"start_time":1700772900000,"end_time":1700772959000},{"heart_rate":60,"heart_rate_max":64,"heart_rate_min":57,"start_time":1700772840000,"end_time":1700772899000},{"heart_rate":69,"heart_rate_max":74,"heart_rate_min":63,"start_time":1700772780000,"end_time":1700772839000},{"heart_rate":61,"heart_rate_max":68,"heart_rate_min":60,"start_time":1700772720000,"end_time":1700772779000},{"heart_rate":60,"heart_rate_max":65,"heart_rate_min":59,"start_time":1700772660000,"end_time":1700772719000},{"heart_rate":59,"heart_rate_max":61,"heart_rate_min":58,"start_time":1700772600000,"end_time":1700772659000},{"heart_rate":59,"heart_rate_max":61,"heart_rate_min":57,"start_time":1700772540000,"end_time":1700772599000},{"heart_rate":61,"heart_rate_max":63,"heart_rate_min":59,"start_time":1700772480000,"end_time":1700772539000},{"heart_rate":62,"heart_rate_max":68,"heart_rate_min":59,"start_time":1700772420000,"end_time":1700772479000},{"heart_rate":61,"heart_rate_max":63,"heart_rate_min":61,"start_time":1700772360000,"end_time":1700772419000},{"heart_rate":63,"heart_rate_max":66,"heart_rate_min":62,"start_time":1700772300000,"end_time":1700772359000},{"heart_rate":64,"heart_rate_max":68,"heart_rate_min":61,"start_time":1700772240000,"end_time":1700772299000},{"heart_rate":66,"heart_rate_max":67,"heart_rate_min":65,"start_time":1700772180000,"end_time":1700772239000},{"heart_rate":65,"heart_rate_max":70,"heart_rate_min":63,"start_time":1700772120000,"end_time":1700772179000},{"heart_rate":67,"heart_rate_max":73,"heart_rate_min":63,"start_time":1700772060000,"end_time":1700772119000},{"heart_rate":61,"heart_rate_max":65,"heart_rate_min":58,"start_time":1700772000000,"end_time":1700772059000},{"heart_rate":58,"heart_rate_max":60,"heart_rate_min":57,"start_time":1700771940000,"end_time":1700771999000},{"heart_rate":61,"heart_rate_max":67,"heart_rate_min":58,"start_time":1700771880000,"end_time":1700771939000},{"heart_rate":65,"heart_rate_max":82,"heart_rate_min":56,"start_time":1700771820000,"end_time":1700771879000},{"heart_rate":55,"heart_rate_max":57,"heart_rate_min":54,"start_time":1700771760000,"end_time":1700771819000},{"heart_rate":55,"heart_rate_max":59,"heart_rate_min":54,"start_time":1700771700000,"end_time":1700771759000},{"heart_rate":54,"heart_rate_max":55,"heart_rate_min":53,"start_time":1700771640000,"end_time":1700771699000},{"heart_rate":54,"heart_rate_max":56,"heart_rate_min":53,"start_time":1700771580000,"end_time":1700771639000},{"heart_rate":55,"heart_rate_max":57,"heart_rate_min":53,"start_time":1700771520000,"end_time":1700771579000},{"heart_rate":54,"heart_rate_max":56,"heart_rate_min":53,"start_time":1700771460000,"end_time":1700771519000},{"heart_rate":55,"heart_rate_max":57,"heart_rate_min":54,"start_time":1700771400000,"end_time":1700771459000},{"heart_rate":55,"heart_rate_max":57,"heart_rate_min":55,"start_time":1700771340000,"end_time":1700771399000},{"heart_rate":57,"heart_rate_max":60,"heart_rate_min":54,"start_time":1700771280000,"end_time":1700771339000},{"heart_rate":54,"heart_rate_max":56,"heart_rate_min":54,"start_time":1700771220000,"end_time":1700771279000},{"heart_rate":55,"heart_rate_max":57,"heart_rate_min":54,"start_time":1700771160000,"end_time":1700771219000},{"heart_rate":55,"heart_rate_max":57,"heart_rate_min":55,"start_time":1700771100000,"end_time":1700771159000},{"heart_rate":56,"heart_rate_max":58,"heart_rate_min":55,"start_time":1700771040000,"end_time":1700771099000},{"heart_rate":57,"heart_rate_max":64,"heart_rate_min":54,"start_time":1700770980000,"end_time":1700771039000},{"heart_rate":56,"heart_rate_max":58,"heart_rate_min":56,"start_time":1700770920000,"end_time":1700770979000},{"heart_rate":58,"heart_rate_max":59,"heart_rate_min":57,"start_time":1700770860000,"end_time":1700770919000},{"heart_rate":57,"heart_rate_max":59,"heart_rate_min":57,"start_time":1700770800000,"end_time":1700770859000},{"heart_rate":55,"heart_rate_max":57,"heart_rate_min":55,"start_time":1700770740000,"end_time":1700770799000},{"heart_rate":56,"heart_rate_max":59,"heart_rate_min":55,"start_time":1700770680000,"end_time":1700770739000},{"heart_rate":57,"heart_rate_max":59,"heart_rate_min":56,"start_time":1700770620000,"end_time":1700770679000},{"heart_rate":57,"heart_rate_max":59,"heart_rate_min":57,"start_time":1700770560000,"end_time":1700770619000},{"heart_rate":56,"heart_rate_max":58,"heart_rate_min":55,"start_time":1700770500000,"end_time":1700770559000},{"heart_rate":56,"heart_rate_max":58,"heart_rate_min":55,"start_time":1700770440000,"end_time":1700770499000},{"heart_rate":56,"heart_rate_max":57,"heart_rate_min":55,"start_time":1700770380000,"end_time":1700770439000},{"heart_rate":57,"heart_rate_max":59,"heart_rate_min":55,"start_time":1700770320000,"end_time":1700770379000},{"heart_rate":62,"heart_rate_max":69,"heart_rate_min":54,"start_time":1700770260000,"end_time":1700770319000},{"heart_rate":54,"heart_rate_max":57,"heart_rate_min":53,"start_time":1700770200000,"end_time":1700770259000},{"heart_rate":53,"heart_rate_max":56,"heart_rate_min":52,"start_time":1700770140000,"end_time":1700770199000},{"heart_rate":54,"heart_rate_max":57,"heart_rate_min":52,"start_time":1700770080000,"end_time":1700770139000},{"heart_rate":56,"heart_rate_max":57,"heart_rate_min":55,"start_time":1700770020000,"end_time":1700770079000},{"heart_rate":53,"heart_rate_max":55,"heart_rate_min":51,"start_time":1700769960000,"end_time":1700770019000},{"heart_rate":56,"heart_rate_max":62,"heart_rate_min":53,"start_time":1700769900000,"end_time":1700769959000},{"heart_rate":54,"heart_rate_max":56,"heart_rate_min":54,"start_time":1700769840000,"end_time":1700769899000},{"heart_rate":55,"heart_rate_max":64,"heart_rate_min":53,"start_time":1700769780000,"end_time":1700769839000},{"heart_rate":54,"heart_rate_max":64,"heart_rate_min":51,"start_time":1700769720000,"end_time":1700769779000},{"heart_rate":59,"heart_rate_max":69,"heart_rate_min":53,"start_time":1700769660000,"end_time":1700769719000},{"heart_rate":58,"heart_rate_max":59,"heart_rate_min":57,"start_time":1700769600000,"end_time":1700769659000}]