[{"heart_rate":85.0,"start_time":1700777217188},{"heart_rate":84.0,"start_time":1700777218188},{"heart_rate":85.0,"start_time":1700777219188},{"heart_rate":85.0,"start_time":1700777220189},{"heart_rate":85.0,"start_time":1700777221188},{"heart_rate":85.0,"start_time":1700777222188},{"heart_rate":84.0,"start_time":1700777223188},{"heart_rate":84.0,"start_time":1700777224188},{"heart_rate":85.0,"start_time":1700777225188},{"heart_rate":85.0,"start_time":1700777226188},{"heart_rate":85.0,"start_time":1700777227188},{"heart_rate":85.0,"start_time":1700777228188},{"heart_rate":85.0,"start_time":1700777230188},{"heart_rate":87.0,"start_time":1700777231188},{"heart_rate":87.0,"start_time":1700777232188},{"heart_rate":87.0,"start_time":1700777233188},{"heart_rate":86.0,"start_time":1700777234188},{"heart_rate":86.0,"start_time":1700777235188},{"heart_rate":85.0,"start_time":1700777236189},{"heart_rate":85.0,"start_time":1700777237188},{"heart_rate":85.0,"start_time":1700777238188},{"heart_rate":85.0,"start_time":1700777239188},{"heart_rate":85.0,"start_time":1700777240188},{"heart_rate":84.0,"start_time":1700777241188},{"heart_rate":82.0,"start_time":1700777242188},{"heart_rate":82.0,"start_time":1700777243188},{"heart_rate":81.0,"start_time":1700777244188},{"heart_rate":81.0,"start_time":1700777245188},{"heart_rate":81.0,"start_time":1700777246188},{"heart_rate":81.0,"start_time":1700777247188},{"heart_rate":80.0,"start_time":1700777248189},{"heart_rate":79.0,"start_time":1700777249190},{"heart_rate":78.0,"start_time":1700777250237},{"heart_rate":77.0,"start_time":1700777251237},{"heart_rate":77.0,"start_time":1700777252237},{"heart_rate":78.0,"start_time":1700777253237},{"heart_rate":78.0,"start_time":1700777254237},{"heart_rate":78.0,"start_time":1700777255237},{"heart_rate":78.0,"start_time":1700777256237},{"heart_rate":77.0,"start_time":1700777257237},{"heart_rate":76.0,"start_time":1700777258237},{"heart_rate":76.0,"start_time":1700777259243},{"heart_rate":77.0,"start_time":1700777260242},{"heart_rate":77.0,"start_time":1700777261241},{"heart_rate":77.0,"start_time":1700777262307},{"heart_rate":77.0,"start_time":1700777263307},{"heart_rate":78.0,"start_time":1700777264307},{"heart_rate":78.0,"start_time":1700777265307},{"heart_rate":79.0,"start_time":1700777266307},{"heart_rate":79.0,"start_time":1700777267306},{"heart_rate":79.0,"start_time":1700777268312},{"heart_rate":78.0,"start_time":1700777269307},{"heart_rate":78.0,"start_time":1700777270307},{"heart_rate":77.0,"start_time":1700777271307},{"heart_rate":77.0,"start_time":1700777272307},{"heart_rate":77.0,"start_time":1700777273307},{"heart_rate":78.0,"start_time":1700777274307},{"heart_rate":79.0,"start_time":1700777275307},{"heart_rate":80.0,"start_time":1700777276307},{"heart_rate":79.0,"start_time":1700777288326},{"heart_rate":79.0,"start_time":1700777289326},{"heart_rate":79.0,"start_time":1700777290331},{"heart_rate":80.0,"start_time":1700777291486},{"heart_rate":81.0,"start_time":1700777292486},{"heart_rate":83.0,"start_time":1700777293486},{"heart_rate":83.0,"start_time":1700777294486},{"heart_rate":83.0,"start_time":1700777295486},{"heart_rate":82.0,"start_time":1700777296486},{"heart_rate":81.0,"start_time":1700777297486},{"heart_rate":81.0,"start_time":1700777298485},{"heart_rate":81.0,"start_time":1700777299486},{"heart_rate":83.0,"start_time":1700777300486},{"heart_rate":82.0,"start_time":1700777301486},{"heart_rate":83.0,"start_time":1700777302486},{"heart_rate":84.0,"start_time":1700777303486},{"heart_rate":85.0,"start_time":1700777304486},{"heart_rate":86.0,"start_time":1700777305486},{"heart_rate":85.0,"start_time":1700777306486},{"heart_rate":87.0,"start_time":1700777307487},{"heart_rate":85.0,"start_time":1700777308486},{"heart_rate":84.0,"start_time":1700777309486},{"heart_rate":85.0,"start_time":1700777310486},{"heart_rate":85.0,"start_time":1700777311486},{"heart_rate":84.0,"start_time":1700777312486},{"heart_rate":84.0,"start_time":1700777315486},{"heart_rate":86.0,"start_time":1700777316486},{"heart_rate":86.0,"start_time":1700777317486},{"heart_rate":86.0,"start_time":1700777318486},{"heart_rate":83.0,"start_time":1700777321732},{"heart_rate":83.0,"start_time":1700777322732},{"heart_rate":84.0,"start_time":1700777323732},{"heart_rate":85.0,"start_time":1700777324732},{"heart_rate":85.0,"start_time":1700777325732},{"heart_rate":85.0,"start_time":1700777326732},{"heart_rate":85.0,"start_time":1700777327732},{"heart_rate":84.0,"start_time":1700777328732},{"heart_rate":83.0,"start_time":1700777329732},{"heart_rate":82.0,"start_time":1700777330732},{"heart_rate":82.0,"start_time":1700777331732},{"heart_rate":81.0,"start_time":1700777332732},{"heart_rate":80.0,"start_time":1700777333732},{"heart_rate":80.0,"start_time":1700777334732},{"heart_rate":80.0,"start_time":1700777335732},{"heart_rate":81.0,"start_time":1700777336732},{"heart_rate":81.0,"start_time":1700777337732},{"heart_rate":80.0,"start_time":1700777338732},{"heart_rate":80.0,"start_time":1700777339732},{"heart_rate":80.0,"start_time":1700777340732},{"heart_rate":80.0,"start_time":1700777341732},{"heart_rate":81.0,"start_time":1700777342732},{"heart_rate":82.0,"start_time":1700777343732},{"heart_rate":82.0,"start_time":1700777344732},{"heart_rate":82.0,"start_time":1700777345732},{"heart_rate":84.0,"start_time":1700777346732},{"heart_rate":83.0,"start_time":1700777347732},{"heart_rate":84.0,"start_time":1700777348733},{"heart_rate":84.0,"start_time":1700777349732},{"heart_rate":85.0,"start_time":1700777350732},{"heart_rate":87.0,"start_time":1700777351732},{"heart_rate":88.0,"start_time":1700777352732},{"heart_rate":87.0,"start_time":1700777353732},{"heart_rate":87.0,"start_time":1700777354732},{"heart_rate":89.0,"start_time":1700777355732},{"heart_rate":90.0,"start_time":1700777356732},{"heart_rate":91.0,"start_time":1700777357731},{"heart_rate":91.0,"start_time":1700777358732},{"heart_rate":92.0,"start_time":1700777359732},{"heart_rate":93.0,"start_time":1700777360732},{"heart_rate":93.0,"start_time":1700777361731},{"heart_rate":86.0,"start_time":1700777375919},{"heart_rate":86.0,"start_time":1700777376919},{"heart_rate":86.0,"start_time":1700777377919},{"heart_rate":86.0,"start_time":1700777378919},{"heart_rate":86.0,"start_time":1700777379919},{"heart_rate":85.0,"start_time":1700777380919},{"heart_rate":84.0,"start_time":1700777381919},{"heart_rate":83.0,"start_time":1700777382919},{"heart_rate":82.0,"start_time":1700777383919},{"heart_rate":81.0,"start_time":1700777384919},{"heart_rate":80.0,"start_time":1700777385919},{"heart_rate":80.0,"start_time":1700777386919},{"heart_rate":79.0,"start_time":1700777387919},{"heart_rate":78.0,"start_time":1700777388919},{"heart_rate":78.0,"start_time":1700777389919},{"heart_rate":77.0,"start_time":1700777390919},{"heart_rate":77.0,"start_time":1700777391919},{"heart_rate":76.0,"start_time":1700777392919},{"heart_rate":75.0,"start_time":1700777393919},{"heart_rate":75.0,"start_time":1700777394919},{"heart_rate":75.0,"start_time":1700777395919},{"heart_rate":74.0,"start_time":1700777396919},{"heart_rate":74.0,"start_time":1700777396919},{"heart_rate":74.0,"start_time":1700777397919},{"heart_rate":74.0,"start_time":1700777398920},{"heart_rate":74.0,"start_time":1700777399921},{"heart_rate":74.0,"start_time":1700777400923},{"heart_rate":74.0,"start_time":1700777401927},{"heart_rate":74.0,"start_time":1700777402928},{"heart_rate":74.0,"start_time":1700777403931},{"heart_rate":74.0,"start_time":1700777404934},{"heart_rate":74.0,"start_time":1700777405935},{"heart_rate":75.0,"start_time":1700777406937},{"heart_rate":75.0,"start_time":1700777407939},{"heart_rate":75.0,"start_time":1700777408941},{"heart_rate":74.0,"start_time":1700777409942},{"heart_rate":75.0,"start_time":1700777410958},{"heart_rate":75.0,"start_time":1700777411958},{"heart_rate":75.0,"start_time":1700777412958},{"heart_rate":75.0,"start_time":1700777413958},{"heart_rate":76.0,"start_time":1700777414958},{"heart_rate":76.0,"start_time":1700777415969},{"heart_rate":76.0,"start_time":1700777416969},{"heart_rate":76.0,"start_time":1700777417969},{"heart_rate":76.0,"start_time":1700777419079},{"heart_rate":76.0,"start_time":1700777420079},{"heart_rate":76.0,"start_time":1700777421079},{"heart_rate":76.0,"start_time":1700777422079},{"heart_rate":76.0,"start_time":1700777423079},{"heart_rate":77.0,"start_time":1700777424079},{"heart_rate":78.0,"start_time":1700777425079},{"heart_rate":79.0,"start_time":1700777426079},{"heart_rate":80.0,"start_time":1700777427079},{"heart_rate":80.0,"start_time":1700777428079},{"heart_rate":80.0,"start_time":1700777429079},{"heart_rate":80.0,"start_time":1700777430079},{"heart_rate":80.0,"start_time":1700777431079},{"heart_rate":79.0,"start_time":1700777432079},{"heart_rate":79.0,"start_time":1700777433079},{"heart_rate":79.0,"start_time":1700777434079},{"heart_rate":79.0,"start_time":1700777435079},{"heart_rate":79.0,"start_time":1700777436079},{"heart_rate":78.0,"start_time":1700777437079},{"heart_rate":78.0,"start_time":1700777438079},{"heart_rate":78.0,"start_time":1700777439079},{"heart_rate":78.0,"start_time":1700777440082},{"heart_rate":78.0,"start_time":1700777441083},{"heart_rate":79.0,"start_time":1700777442084},{"heart_rate":79.0,"start_time":1700777443086},{"heart_rate":79.0,"start_time":1700777444088},{"heart_rate":79.0,"start_time":1700777445164},{"heart_rate":79.0,"start_time":1700777446164},{"heart_rate":79.0,"start_time":1700777447164},{"heart_rate":79.0,"start_time":1700777448164},{"heart_rate":79.0,"start_time":1700777449164},{"heart_rate":79.0,"start_time":1700777450164},{"heart_rate":78.0,"start_time":1700777451164},{"heart_rate":78.0,"start_time":1700777452164},{"heart_rate":78.0,"start_time":1700777453164},{"heart_rate":78.0,"start_time":1700777454164},{"heart_rate":78.0,"start_time":1700777455164},{"heart_rate":78.0,"start_time":1700777456164},{"heart_rate":79.0,"start_time":1700777457164},{"heart_rate":79.0,"start_time":1700777458164},{"heart_rate":78.0,"start_time":1700777459167},{"heart_rate":78.0,"start_time":1700777460180},{"heart_rate":78.0,"start_time":1700777461180},{"heart_rate":78.0,"start_time":1700777462180},{"heart_rate":78.0,"start_time":1700777463180},{"heart_rate":78.0,"start_time":1700777464180},{"heart_rate":77.0,"start_time":1700777465183},{"heart_rate":77.0,"start_time":1700777466215},{"heart_rate":77.0,"start_time":1700777467215},{"heart_rate":76.0,"start_time":1700777468215},{"heart_rate":76.0,"start_time":1700777469215},{"heart_rate":75.0,"start_time":1700777470215},{"heart_rate":75.0,"start_time":1700777471215},{"heart_rate":75.0,"start_time":1700777472215},{"heart_rate":76.0,"start_time":1700777473224},{"heart_rate":76.0,"start_time":1700777474224},{"heart_rate":76.0,"start_time":1700777475224},{"heart_rate":76.0,"start_time":1700777476239},{"heart_rate":77.0,"start_time":1700777477239},{"heart_rate":77.0,"start_time":1700777478239},{"heart_rate":78.0,"start_time":1700777479242},{"heart_rate":78.0,"start_time":1700777480247},{"heart_rate":79.0,"start_time":1700777481255},{"heart_rate":79.0,"start_time":1700777482255},{"heart_rate":79.0,"start_time":1700777483255},{"heart_rate":79.0,"start_time":1700777484285},{"heart_rate":79.0,"start_time":1700777485285},{"heart_rate":79.0,"start_time":1700777486285},{"heart_rate":79.0,"start_time":1700777487285},{"heart_rate":79.0,"start_time":1700777488285},{"heart_rate":79.0,"start_time":1700777489285},{"heart_rate":79.0,"start_time":1700777490285},{"heart_rate":79.0,"start_time":1700777491396},{"heart_rate":79.0,"start_time":1700777492396},{"heart_rate":79.0,"start_time":1700777493396},{"heart_rate":79.0,"start_time":1700777494396},{"heart_rate":79.0,"start_time":1700777495396},{"heart_rate":79.0,"start_time":1700777496396},{"heart_rate":79.0,"start_time":1700777497396},{"heart_rate":79.0,"start_time":1700777498396},{"heart_rate":79.0,"start_time":1700777499396},{"heart_rate":79.0,"start_time":1700777500396},{"heart_rate":79.0,"start_time":1700777501396},{"heart_rate":79.0,"start_time":1700777502396},{"heart_rate":79.0,"start_time":1700777503396},{"heart_rate":79.0,"start_time":1700777504396},{"heart_rate":79.0,"start_time":1700777505396},{"heart_rate":79.0,"start_time":1700777506396},{"heart_rate":79.0,"start_time":1700777507396},{"heart_rate":79.0,"start_time":1700777508396},{"heart_rate":79.0,"start_time":1700777509401},{"heart_rate":79.0,"start_time":1700777510401},{"heart_rate":79.0,"start_time":1700777511401},{"heart_rate":78.0,"start_time":1700777512410},{"heart_rate":78.0,"start_time":1700777513410},{"heart_rate":78.0,"start_time":1700777514410},{"heart_rate":79.0,"start_time":1700777515425},{"heart_rate":79.0,"start_time":1700777516425},{"heart_rate":79.0,"start_time":1700777517425},{"heart_rate":79.0,"start_time":1700777518425},{"heart_rate":79.0,"start_time":1700777519585},{"heart_rate":80.0,"start_time":1700777520585},{"heart_rate":80.0,"start_time":1700777521585},{"heart_rate":80.0,"start_time":1700777522585},{"heart_rate":81.0,"start_time":1700777523585},{"heart_rate":82.0,"start_time":1700777524585},{"heart_rate":83.0,"start_time":1700777525585},{"heart_rate":84.0,"start_time":1700777526585},{"heart_rate":85.0,"start_time":1700777527585},{"heart_rate":87.0,"start_time":1700777528585},{"heart_rate":88.0,"start_time":1700777529585},{"heart_rate":89.0,"start_time":1700777530585},{"heart_rate":90.0,"start_time":1700777531585},{"heart_rate":91.0,"start_time":1700777532585},{"heart_rate":92.0,"start_time":1700777533585},{"heart_rate":93.0,"start_time":1700777534585},{"heart_rate":93.0,"start_time":1700777535585},{"heart_rate":93.0,"start_time":1700777536585},{"heart_rate":93.0,"start_time":1700777537585},{"heart_rate":94.0,"start_time":1700777538585},{"heart_rate":94.0,"start_time":1700777539585},{"heart_rate":94.0,"start_time":1700777540585},{"heart_rate":94.0,"start_time":1700777541585},{"heart_rate":94.0,"start_time":1700777542585},{"heart_rate":94.0,"start_time":1700777543585},{"heart_rate":93.0,"start_time":1700777544585},{"heart_rate":93.0,"start_time":1700777545585},{"heart_rate":93.0,"start_time":1700777546585},{"heart_rate":92.0,"start_time":1700777547585},{"heart_rate":92.0,"start_time":1700777548585},{"heart_rate":92.0,"start_time":1700777549590},{"heart_rate":92.0,"start_time":1700777550590},{"heart_rate":92.0,"start_time":1700777551591},{"heart_rate":93.0,"start_time":1700777552594},{"heart_rate":93.0,"start_time":1700777553595},{"heart_rate":94.0,"start_time":1700777554597},{"heart_rate":95.0,"start_time":1700777555600},{"heart_rate":96.0,"start_time":1700777556602},{"heart_rate":97.0,"start_time":1700777557602},{"heart_rate":98.0,"start_time":1700777558607},{"heart_rate":99.0,"start_time":1700777559607},{"heart_rate":99.0,"start_time":1700777560609},{"heart_rate":99.0,"start_time":1700777561614},{"heart_rate":99.0,"start_time":1700777562614},{"heart_rate":100.0,"start_time":1700777563627},{"heart_rate":100.0,"start_time":1700777564627},{"heart_rate":100.0,"start_time":1700777565627},{"heart_rate":100.0,"start_time":1700777566630},{"heart_rate":101.0,"start_time":1700777567630},{"heart_rate":101.0,"start_time":1700777568638},{"heart_rate":102.0,"start_time":1700777569638},{"heart_rate":102.0,"start_time":1700777570638},{"heart_rate":103.0,"start_time":1700777571674},{"heart_rate":104.0,"start_time":1700777572674},{"heart_rate":105.0,"start_time":1700777573674},{"heart_rate":106.0,"start_time":1700777574674},{"heart_rate":107.0,"start_time":1700777575674},{"heart_rate":108.0,"start_time":1700777576674},{"heart_rate":109.0,"start_time":1700777577674},{"heart_rate":109.0,"start_time":1700777578674},{"heart_rate":110.0,"start_time":1700777579688},{"heart_rate":110.0,"start_time":1700777580688},{"heart_rate":111.0,"start_time":1700777581688},{"heart_rate":111.0,"start_time":1700777582688},{"heart_rate":111.0,"start_time":1700777583688},{"heart_rate":111.0,"start_time":1700777584690},{"heart_rate":111.0,"start_time":1700777585690},{"heart_rate":111.0,"start_time":1700777586695},{"heart_rate":111.0,"start_time":1700777587695},{"heart_rate":111.0,"start_time":1700777588703},{"heart_rate":110.0,"start_time":1700777589703},{"heart_rate":110.0,"start_time":1700777590714},{"heart_rate":110.0,"start_time":1700777591714},{"heart_rate":110.0,"start_time":1700777592714},{"heart_rate":110.0,"start_time":1700777593714},{"heart_rate":110.0,"start_time":1700777594732},{"heart_rate":111.0,"start_time":1700777595732},{"heart_rate":111.0,"start_time":1700777596732},{"heart_rate":111.0,"start_time":1700777597732},{"heart_rate":110.0,"start_time":1700777598846},{"heart_rate":109.0,"start_time":1700777599846},{"heart_rate":108.0,"start_time":1700777600846},{"heart_rate":108.0,"start_time":1700777601846},{"heart_rate":108.0,"start_time":1700777602846},{"heart_rate":108.0,"start_time":1700777603846},{"heart_rate":108.0,"start_time":1700777604846},{"heart_rate":109.0,"start_time":1700777605846},{"heart_rate":109.0,"start_time":1700777606846},{"heart_rate":110.0,"start_time":1700777607846},{"heart_rate":111.0,"start_time":1700777608846},{"heart_rate":112.0,"start_time":1700777609846},{"heart_rate":112.0,"start_time":1700777610846},{"heart_rate":113.0,"start_time":1700777611846},{"heart_rate":114.0,"start_time":1700777612846},{"heart_rate":116.0,"start_time":1700777613846},{"heart_rate":117.0,"start_time":1700777614846},{"heart_rate":118.0,"start_time":1700777615846},{"heart_rate":119.0,"start_time":1700777616846},{"heart_rate":120.0,"start_time":1700777617846},{"heart_rate":120.0,"start_time":1700777618846},{"heart_rate":121.0,"start_time":1700777619927},{"heart_rate":121.0,"start_time":1700777620927},{"heart_rate":121.0,"start_time":1700777621927},{"heart_rate":121.0,"start_time":1700777622927},{"heart_rate":122.0,"start_time":1700777623927},{"heart_rate":122.0,"start_time":1700777624927},{"heart_rate":122.0,"start_time":1700777625927},{"heart_rate":122.0,"start_time":1700777626927},{"heart_rate":121.0,"start_time":1700777627927},{"heart_rate":121.0,"start_time":1700777628927},{"heart_rate":121.0,"start_time":1700777629927},{"heart_rate":121.0,"start_time":1700777630927},{"heart_rate":121.0,"start_time":1700777631927},{"heart_rate":120.0,"start_time":1700777632927},{"heart_rate":120.0,"start_time":1700777633975},{"heart_rate":120.0,"start_time":1700777634975},{"heart_rate":119.0,"start_time":1700777635975},{"heart_rate":118.0,"start_time":1700777636975},{"heart_rate":118.0,"start_time":1700777637975},{"heart_rate":117.0,"start_time":1700777638975},{"heart_rate":117.0,"start_time":1700777639975},{"heart_rate":116.0,"start_time":1700777640975},{"heart_rate":115.0,"start_time":1700777641975},{"heart_rate":114.0,"start_time":1700777642975},{"heart_rate":113.0,"start_time":1700777643975},{"heart_rate":113.0,"start_time":1700777644975},{"heart_rate":113.0,"start_time":1700777645982},{"heart_rate":113.0,"start_time":1700777646982},{"heart_rate":112.0,"start_time":1700777647982},{"heart_rate":112.0,"start_time":1700777649020},{"heart_rate":112.0,"start_time":1700777650020},{"heart_rate":112.0,"start_time":1700777651020},{"heart_rate":112.0,"start_time":1700777652020},{"heart_rate":112.0,"start_time":1700777653020},{"heart_rate":112.0,"start_time":1700777654020},{"heart_rate":113.0,"start_time":1700777655020},{"heart_rate":113.0,"start_time":1700777656021},{"heart_rate":114.0,"start_time":1700777657028},{"heart_rate":115.0,"start_time":1700777658028},{"heart_rate":116.0,"start_time":1700777659038},{"heart_rate":118.0,"start_time":1700777660038},{"heart_rate":119.0,"start_time":1700777661045},{"heart_rate":119.0,"start_time":1700777662045},{"heart_rate":119.0,"start_time":1700777663048},{"heart_rate":119.0,"start_time":1700777664048},{"heart_rate":119.0,"start_time":1700777665946},{"heart_rate":119.0,"start_time":1700777666946},{"heart_rate":120.0,"start_time":1700777667946},{"heart_rate":120.0,"start_time":1700777668946},{"heart_rate":120.0,"start_time":1700777669946},{"heart_rate":121.0,"start_time":1700777670946},{"heart_rate":121.0,"start_time":1700777671946},{"heart_rate":122.0,"start_time":1700777672946},{"heart_rate":122.0,"start_time":1700777673946},{"heart_rate":123.0,"start_time":1700777674946},{"heart_rate":123.0,"start_time":1700777675946},{"heart_rate":123.0,"start_time":1700777676946},{"heart_rate":123.0,"start_time":1700777677946},{"heart_rate":123.0,"start_time":1700777678946},{"heart_rate":124.0,"start_time":1700777679946},{"heart_rate":124.0,"start_time":1700777680946},{"heart_rate":124.0,"start_time":1700777681946},{"heart_rate":124.0,"start_time":1700777682946},{"heart_rate":124.0,"start_time":1700777683946},{"heart_rate":124.0,"start_time":1700777684946},{"heart_rate":123.0,"start_time":1700777685946},{"heart_rate":122.0,"start_time":1700777686946},{"heart_rate":122.0,"start_time":1700777687946},{"heart_rate":123.0,"start_time":1700777688946},{"heart_rate":123.0,"start_time":1700777689946},{"heart_rate":124.0,"start_time":1700777690946},{"heart_rate":124.0,"start_time":1700777691946},{"heart_rate":124.0,"start_time":1700777692946},{"heart_rate":123.0,"start_time":1700777693946},{"heart_rate":122.0,"start_time":1700777694946},{"heart_rate":121.0,"start_time":1700777695946},{"heart_rate":120.0,"start_time":1700777696946},{"heart_rate":119.0,"start_time":1700777697946},{"heart_rate":119.0,"start_time":1700777698946},{"heart_rate":118.0,"start_time":1700777699946},{"heart_rate":118.0,"start_time":1700777700946},{"heart_rate":117.0,"start_time":1700777701946},{"heart_rate":117.0,"start_time":1700777702946},{"heart_rate":116.0,"start_time":1700777703946},{"heart_rate":115.0,"start_time":1700777704946},{"heart_rate":115.0,"start_time":1700777705946},{"heart_rate":114.0,"start_time":1700777706946},{"heart_rate":114.0,"start_time":1700777707946},{"heart_rate":113.0,"start_time":1700777708946},{"heart_rate":113.0,"start_time":1700777709946},{"heart_rate":113.0,"start_time":1700777710946},{"heart_rate":113.0,"start_time":1700777711946},{"heart_rate":113.0,"start_time":1700777712946},{"heart_rate":114.0,"start_time":1700777713946},{"heart_rate":114.0,"start_time":1700777714946},{"heart_rate":115.0,"start_time":1700777715946},{"heart_rate":115.0,"start_time":1700777716946},{"heart_rate":114.0,"start_time":1700777717946},{"heart_rate":114.0,"start_time":1700777718946},{"heart_rate":114.0,"start_time":1700777719946},{"heart_rate":114.0,"start_time":1700777720946},{"heart_rate":114.0,"start_time":1700777721946},{"heart_rate":114.0,"start_time":1700777722946},{"heart_rate":114.0,"start_time":1700777723946},{"heart_rate":114.0,"start_time":1700777724946},{"heart_rate":114.0,"start_time":1700777725946},{"heart_rate":113.0,"start_time":1700777726946},{"heart_rate":113.0,"start_time":1700777727946},{"heart_rate":113.0,"start_time":1700777728946},{"heart_rate":112.0,"start_time":1700777729946},{"heart_rate":112.0,"start_time":1700777730946},{"heart_rate":112.0,"start_time":1700777731946},{"heart_rate":111.0,"start_time":1700777732946},{"heart_rate":111.0,"start_time":1700777733946},{"heart_rate":110.0,"start_time":1700777734946},{"heart_rate":108.0,"start_time":1700777735946},{"heart_rate":107.0,"start_time":1700777736946},{"heart_rate":106.0,"start_time":1700777737946},{"heart_rate":105.0,"start_time":1700777738946},{"heart_rate":104.0,"start_time":1700777739946},{"heart_rate":103.0,"start_time":1700777740946},{"heart_rate":102.0,"start_time":1700777741946},{"heart_rate":100.0,"start_time":1700777742946},{"heart_rate":99.0,"start_time":1700777743946},{"heart_rate":98.0,"start_time":1700777744946},{"heart_rate":98.0,"start_time":1700777745946},{"heart_rate":98.0,"start_time":1700777746946},{"heart_rate":98.0,"start_time":1700777747946},{"heart_rate":98.0,"start_time":1700777748946},{"heart_rate":98.0,"start_time":1700777749946},{"heart_rate":98.0,"start_time":1700777750946},{"heart_rate":98.0,"start_time":1700777751946},{"heart_rate":99.0,"start_time":1700777752946},{"heart_rate":99.0,"start_time":1700777753946},{"heart_rate":99.0,"start_time":1700777754946},{"heart_rate":99.0,"start_time":1700777755946},{"heart_rate":99.0,"start_time":1700777756946},{"heart_rate":99.0,"start_time":1700777757946},{"heart_rate":100.0,"start_time":1700777758946},{"heart_rate":100.0,"start_time":1700777759946},{"heart_rate":100.0,"start_time":1700777760946},{"heart_rate":100.0,"start_time":1700777761946},{"heart_rate":101.0,"start_time":1700777762946},{"heart_rate":101.0,"start_time":1700777763946},{"heart_rate":101.0,"start_time":1700777764946},{"heart_rate":101.0,"start_time":1700777765946},{"heart_rate":102.0,"start_time":1700777766946},{"heart_rate":102.0,"start_time":1700777767946},{"heart_rate":102.0,"start_time":1700777768946},{"heart_rate":103.0,"start_time":1700777769946},{"heart_rate":103.0,"start_time":1700777770946},{"heart_rate":103.0,"start_time":1700777771946},{"heart_rate":103.0,"start_time":1700777772946},{"heart_rate":103.0,"start_time":1700777773946},{"heart_rate":103.0,"start_time":1700777774946},{"heart_rate":104.0,"start_time":1700777775946},{"heart_rate":104.0,"start_time":1700777776946},{"heart_rate":104.0,"start_time":1700777777946},{"heart_rate":104.0,"start_time":1700777778946},{"heart_rate":105.0,"start_time":1700777779946},{"heart_rate":105.0,"start_time":1700777780946},{"heart_rate":105.0,"start_time":1700777781946},{"heart_rate":105.0,"start_time":1700777782946},{"heart_rate":105.0,"start_time":1700777783946},{"heart_rate":105.0,"start_time":1700777784946},{"heart_rate":105.0,"start_time":1700777785946},{"heart_rate":105.0,"start_time":1700777786946},{"heart_rate":105.0,"start_time":1700777787946},{"heart_rate":105.0,"start_time":1700777788946},{"heart_rate":104.0,"start_time":1700777789946},{"heart_rate":104.0,"start_time":1700777790946},{"heart_rate":104.0,"start_time":1700777791946},{"heart_rate":104.0,"start_time":1700777792946},{"heart_rate":104.0,"start_time":1700777793946},{"heart_rate":104.0,"start_time":1700777794946},{"heart_rate":104.0,"start_time":1700777795946},{"heart_rate":103.0,"start_time":1700777796946},{"heart_rate":103.0,"start_time":1700777797946},{"heart_rate":103.0,"start_time":1700777798946},{"heart_rate":103.0,"start_time":1700777799946},{"heart_rate":103.0,"start_time":1700777800946},{"heart_rate":103.0,"start_time":1700777801946},{"heart_rate":103.0,"start_time":1700777802946},{"heart_rate":103.0,"start_time":1700777803946},{"heart_rate":103.0,"start_time":1700777804946},{"heart_rate":103.0,"start_time":1700777805946},{"heart_rate":103.0,"start_time":1700777806946},{"heart_rate":103.0,"start_time":1700777807946},{"heart_rate":103.0,"start_time":1700777808946},{"heart_rate":103.0,"start_time":1700777809946},{"heart_rate":103.0,"start_time":1700777810946},{"heart_rate":104.0,"start_time":1700777811946},{"heart_rate":104.0,"start_time":1700777812946},{"heart_rate":104.0,"start_time":1700777813946},{"heart_rate":105.0,"start_time":1700777814946},{"heart_rate":105.0,"start_time":1700777815946},{"heart_rate":105.0,"start_time":1700777817645},{"heart_rate":105.0,"start_time":1700777818645},{"heart_rate":106.0,"start_time":1700777819645},{"heart_rate":106.0,"start_time":1700777820645},{"heart_rate":106.0,"start_time":1700777821645},{"heart_rate":107.0,"start_time":1700777822645},{"heart_rate":107.0,"start_time":1700777823645},{"heart_rate":107.0,"start_time":1700777824645},{"heart_rate":107.0,"start_time":1700777825645},{"heart_rate":108.0,"start_time":1700777826645},{"heart_rate":108.0,"start_time":1700777827645},{"heart_rate":108.0,"start_time":1700777828645},{"heart_rate":108.0,"start_time":1700777829645},{"heart_rate":108.0,"start_time":1700777830645},{"heart_rate":108.0,"start_time":1700777831645},{"heart_rate":108.0,"start_time":1700777832645},{"heart_rate":108.0,"start_time":1700777833645},{"heart_rate":108.0,"start_time":1700777834645},{"heart_rate":108.0,"start_time":1700777835645},{"heart_rate":108.0,"start_time":1700777836645},{"heart_rate":108.0,"start_time":1700777837645},{"heart_rate":108.0,"start_time":1700777838645},{"heart_rate":108.0,"start_time":1700777839645},{"heart_rate":108.0,"start_time":1700777840645},{"heart_rate":108.0,"start_time":1700777841645},{"heart_rate":108.0,"start_time":1700777842645},{"heart_rate":109.0,"start_time":1700777843645},{"heart_rate":109.0,"start_time":1700777844645},{"heart_rate":109.0,"start_time":1700777845645},{"heart_rate":109.0,"start_time":1700777846645},{"heart_rate":109.0,"start_time":1700777847645},{"heart_rate":108.0,"start_time":1700777848645},{"heart_rate":108.0,"start_time":1700777849645},{"heart_rate":108.0,"start_time":1700777850645},{"heart_rate":108.0,"start_time":1700777851645},{"heart_rate":108.0,"start_time":1700777852645},{"heart_rate":108.0,"start_time":1700777853645},{"heart_rate":108.0,"start_time":1700777854645},{"heart_rate":108.0,"start_time":1700777855645},{"heart_rate":108.0,"start_time":1700777856645},{"heart_rate":107.0,"start_time":1700777857645},{"heart_rate":107.0,"start_time":1700777858645},{"heart_rate":107.0,"start_time":1700777859645},{"heart_rate":107.0,"start_time":1700777860645},{"heart_rate":107.0,"start_time":1700777861645},{"heart_rate":107.0,"start_time":1700777862645},{"heart_rate":107.0,"start_time":1700777863645},{"heart_rate":107.0,"start_time":1700777864645},{"heart_rate":107.0,"start_time":1700777865645},{"heart_rate":107.0,"start_time":1700777866645},{"heart_rate":107.0,"start_time":1700777867645},{"heart_rate":107.0,"start_time":1700777868645},{"heart_rate":107.0,"start_time":1700777869645},{"heart_rate":107.0,"start_time":1700777870645},{"heart_rate":107.0,"start_time":1700777871645},{"heart_rate":107.0,"start_time":1700777872645},{"heart_rate":108.0,"start_time":1700777873645},{"heart_rate":108.0,"start_time":1700777874645},{"heart_rate":108.0,"start_time":1700777875645},{"heart_rate":108.0,"start_time":1700777876645},{"heart_rate":108.0,"start_time":1700777877645},{"heart_rate":109.0,"start_time":1700777878645},{"heart_rate":109.0,"start_time":1700777879645},{"heart_rate":109.0,"start_time":1700777880645},{"heart_rate":109.0,"start_time":1700777881645},{"heart_rate":109.0,"start_time":1700777882645},{"heart_rate":109.0,"start_time":1700777883645},{"heart_rate":109.0,"start_time":1700777884645},{"heart_rate":110.0,"start_time":1700777885645},{"heart_rate":110.0,"start_time":1700777886645},{"heart_rate":110.0,"start_time":1700777887645},{"heart_rate":110.0,"start_time":1700777888645},{"heart_rate":110.0,"start_time":1700777889645},{"heart_rate":110.0,"start_time":1700777890645},{"heart_rate":110.0,"start_time":1700777891645},{"heart_rate":110.0,"start_time":1700777892645},{"heart_rate":111.0,"start_time":1700777893645},{"heart_rate":111.0,"start_time":1700777894645},{"heart_rate":111.0,"start_time":1700777895645},{"heart_rate":112.0,"start_time":1700777896645},{"heart_rate":112.0,"start_time":1700777897645},{"heart_rate":112.0,"start_time":1700777898645},{"heart_rate":112.0,"start_time":1700777899645},{"heart_rate":113.0,"start_time":1700777900645},{"heart_rate":113.0,"start_time":1700777901645},{"heart_rate":113.0,"start_time":1700777902645},{"heart_rate":113.0,"start_time":1700777903645},{"heart_rate":113.0,"start_time":1700777904645},{"heart_rate":113.0,"start_time":1700777905645},{"heart_rate":112.0,"start_time":1700777906645},{"heart_rate":112.0,"start_time":1700777907645},{"heart_rate":112.0,"start_time":1700777908645},{"heart_rate":112.0,"start_time":1700777909645},{"heart_rate":112.0,"start_time":1700777910645},{"heart_rate":112.0,"start_time":1700777911645},{"heart_rate":112.0,"start_time":1700777912645},{"heart_rate":111.0,"start_time":1700777913645},{"heart_rate":112.0,"start_time":1700777914645},{"heart_rate":112.0,"start_time":1700777915645},{"heart_rate":111.0,"start_time":1700777916645},{"heart_rate":111.0,"start_time":1700777917645},{"heart_rate":111.0,"start_time":1700777918645},{"heart_rate":111.0,"start_time":1700777919645},{"heart_rate":111.0,"start_time":1700777920645},{"heart_rate":110.0,"start_time":1700777921645},{"heart_rate":110.0,"start_time":1700777922645},{"heart_rate":109.0,"start_time":1700777923645},{"heart_rate":109.0,"start_time":1700777924645},{"heart_rate":108.0,"start_time":1700777925645},{"heart_rate":108.0,"start_time":1700777926645},{"heart_rate":108.0,"start_time":1700777927645},{"heart_rate":108.0,"start_time":1700777928645},{"heart_rate":108.0,"start_time":1700777929645},{"heart_rate":108.0,"start_time":1700777930645},{"heart_rate":108.0,"start_time":1700777931645},{"heart_rate":107.0,"start_time":1700777932645},{"heart_rate":107.0,"start_time":1700777933646},{"heart_rate":107.0,"start_time":1700777935045},{"heart_rate":106.0,"start_time":1700777936045},{"heart_rate":106.0,"start_time":1700777937045},{"heart_rate":106.0,"start_time":1700777938045},{"heart_rate":106.0,"start_time":1700777939045},{"heart_rate":106.0,"start_time":1700777940045},{"heart_rate":106.0,"start_time":1700777941045},{"heart_rate":106.0,"start_time":1700777942045},{"heart_rate":107.0,"start_time":1700777943045},{"heart_rate":107.0,"start_time":1700777944045},{"heart_rate":107.0,"start_time":1700777945045},{"heart_rate":107.0,"start_time":1700777946045},{"heart_rate":107.0,"start_time":1700777947045},{"heart_rate":107.0,"start_time":1700777948045},{"heart_rate":107.0,"start_time":1700777949045},{"heart_rate":107.0,"start_time":1700777950045},{"heart_rate":107.0,"start_time":1700777951045},{"heart_rate":106.0,"start_time":1700777952045},{"heart_rate":106.0,"start_time":1700777953045},{"heart_rate":106.0,"start_time":1700777954045},{"heart_rate":106.0,"start_time":1700777955045},{"heart_rate":106.0,"start_time":1700777956045},{"heart_rate":106.0,"start_time":1700777957045},{"heart_rate":106.0,"start_time":1700777958045},{"heart_rate":106.0,"start_time":1700777959045},{"heart_rate":106.0,"start_time":1700777960045},{"heart_rate":106.0,"start_time":1700777961045},{"heart_rate":106.0,"start_time":1700777962045},{"heart_rate":106.0,"start_time":1700777963045},{"heart_rate":106.0,"start_time":1700777964045},{"heart_rate":106.0,"start_time":1700777965045},{"heart_rate":106.0,"start_time":1700777966045},{"heart_rate":106.0,"start_time":1700777967045},{"heart_rate":106.0,"start_time":1700777968045},{"heart_rate":106.0,"start_time":1700777969045},{"heart_rate":106.0,"start_time":1700777970045},{"heart_rate":106.0,"start_time":1700777971045},{"heart_rate":106.0,"start_time":1700777972045},{"heart_rate":106.0,"start_time":1700777973045},{"heart_rate":105.0,"start_time":1700777974045},{"heart_rate":105.0,"start_time":1700777975045},{"heart_rate":105.0,"start_time":1700777976045},{"heart_rate":105.0,"start_time":1700777977045},{"heart_rate":105.0,"start_time":1700777978045},{"heart_rate":105.0,"start_time":1700777979045},{"heart_rate":105.0,"start_time":1700777980045},{"heart_rate":105.0,"start_time":1700777981045},{"heart_rate":105.0,"start_time":1700777982045},{"heart_rate":105.0,"start_time":1700777983045},{"heart_rate":106.0,"start_time":1700777984045},{"heart_rate":106.0,"start_time":1700777985045},{"heart_rate":106.0,"start_time":1700777986045},{"heart_rate":106.0,"start_time":1700777987045},{"heart_rate":106.0,"start_time":1700777988045},{"heart_rate":106.0,"start_time":1700777989045},{"heart_rate":106.0,"start_time":1700777990045},{"heart_rate":106.0,"start_time":1700777991045},{"heart_rate":106.0,"start_time":1700777992045},{"heart_rate":105.0,"start_time":1700777993045},{"heart_rate":105.0,"start_time":1700777994045},{"heart_rate":105.0,"start_time":1700777995045},{"heart_rate":105.0,"start_time":1700777996045},{"heart_rate":104.0,"start_time":1700777997045},{"heart_rate":104.0,"start_time":1700777998045},{"heart_rate":103.0,"start_time":1700777999045},{"heart_rate":103.0,"start_time":1700778000045},{"heart_rate":103.0,"start_time":1700778001045},{"heart_rate":103.0,"start_time":1700778002045},{"heart_rate":104.0,"start_time":1700778003046},{"heart_rate":104.0,"start_time":1700778004046},{"heart_rate":105.0,"start_time":1700778005051},{"heart_rate":105.0,"start_time":1700778006051},{"heart_rate":105.0,"start_time":1700778007055},{"heart_rate":106.0,"start_time":1700778008055},{"heart_rate":107.0,"start_time":1700778009056},{"heart_rate":109.0,"start_time":1700778010064},{"heart_rate":110.0,"start_time":1700778011064},{"heart_rate":111.0,"start_time":1700778012065},{"heart_rate":112.0,"start_time":1700778013067},{"heart_rate":114.0,"start_time":1700778014070},{"heart_rate":116.0,"start_time":1700778015071},{"heart_rate":117.0,"start_time":1700778016096},{"heart_rate":119.0,"start_time":1700778017096},{"heart_rate":120.0,"start_time":1700778018096},{"heart_rate":121.0,"start_time":1700778019096},{"heart_rate":123.0,"start_time":1700778020096},{"heart_rate":124.0,"start_time":1700778021096},{"heart_rate":125.0,"start_time":1700778022096},{"heart_rate":126.0,"start_time":1700778023102},{"heart_rate":127.0,"start_time":1700778024102},{"heart_rate":128.0,"start_time":1700778025102},{"heart_rate":129.0,"start_time":1700778026124},{"heart_rate":130.0,"start_time":1700778027124},{"heart_rate":131.0,"start_time":1700778028124},{"heart_rate":132.0,"start_time":1700778029127},{"heart_rate":132.0,"start_time":1700778030132},{"heart_rate":133.0,"start_time":1700778031132},{"heart_rate":134.0,"start_time":1700778032135},{"heart_rate":135.0,"start_time":1700778033140},{"heart_rate":135.0,"start_time":1700778034140},{"heart_rate":136.0,"start_time":1700778035144},{"heart_rate":136.0,"start_time":1700778036144},{"heart_rate":136.0,"start_time":1700778038149},{"heart_rate":136.0,"start_time":1700778039150},{"heart_rate":136.0,"start_time":1700778040155},{"heart_rate":137.0,"start_time":1700778041155},{"heart_rate":138.0,"start_time":1700778042155},{"heart_rate":138.0,"start_time":1700778043160},{"heart_rate":138.0,"start_time":1700778044160},{"heart_rate":138.0,"start_time":1700778045161},{"heart_rate":138.0,"start_time":1700778046166},{"heart_rate":138.0,"start_time":1700778047166},{"heart_rate":138.0,"start_time":1700778048166},{"heart_rate":138.0,"start_time":1700778049168},{"heart_rate":138.0,"start_time":1700778050173},{"heart_rate":139.0,"start_time":1700778051173},{"heart_rate":139.0,"start_time":1700778052173},{"heart_rate":139.0,"start_time":1700778053178},{"heart_rate":139.0,"start_time":1700778054178},{"heart_rate":139.0,"start_time":1700778055180},{"heart_rate":139.0,"start_time":1700778056185},{"heart_rate":139.0,"start_time":1700778057185},{"heart_rate":139.0,"start_time":1700778058187},{"heart_rate":139.0,"start_time":1700778059190},{"heart_rate":139.0,"start_time":1700778060191},{"heart_rate":140.0,"start_time":1700778061194},{"heart_rate":140.0,"start_time":1700778062200},{"heart_rate":140.0,"start_time":1700778063200},{"heart_rate":141.0,"start_time":1700778064202},{"heart_rate":141.0,"start_time":1700778065208},{"heart_rate":141.0,"start_time":1700778066208},{"heart_rate":141.0,"start_time":1700778067211},{"heart_rate":141.0,"start_time":1700778068218},{"heart_rate":142.0,"start_time":1700778069218},{"heart_rate":142.0,"start_time":1700778070220},{"heart_rate":143.0,"start_time":1700778071240},{"heart_rate":144.0,"start_time":1700778072240},{"heart_rate":145.0,"start_time":1700778073240},{"heart_rate":146.0,"start_time":1700778074240},{"heart_rate":146.0,"start_time":1700778075240},{"heart_rate":147.0,"start_time":1700778076240},{"heart_rate":147.0,"start_time":1700778077248},{"heart_rate":147.0,"start_time":1700778078248},{"heart_rate":147.0,"start_time":1700778079248},{"heart_rate":147.0,"start_time":1700778080252},{"heart_rate":147.0,"start_time":1700778081257},{"heart_rate":147.0,"start_time":1700778082257},{"heart_rate":148.0,"start_time":1700778083262},{"heart_rate":148.0,"start_time":1700778084262},{"heart_rate":148.0,"start_time":1700778085262},{"heart_rate":148.0,"start_time":1700778086265},{"heart_rate":148.0,"start_time":1700778087268},{"heart_rate":148.0,"start_time":1700778088268},{"heart_rate":149.0,"start_time":1700778089272},{"heart_rate":149.0,"start_time":1700778091144},{"heart_rate":149.0,"start_time":1700778092288},{"heart_rate":150.0,"start_time":1700778093291},{"heart_rate":150.0,"start_time":1700778094291},{"heart_rate":151.0,"start_time":1700778095295},{"heart_rate":151.0,"start_time":1700778096300},{"heart_rate":152.0,"start_time":1700778097300},{"heart_rate":153.0,"start_time":1700778098304},{"heart_rate":154.0,"start_time":1700778099310},{"heart_rate":154.0,"start_time":1700778100310},{"heart_rate":155.0,"start_time":1700778101314},{"heart_rate":155.0,"start_time":1700778102320},{"heart_rate":155.0,"start_time":1700778103320},{"heart_rate":156.0,"start_time":1700778104323},{"heart_rate":156.0,"start_time":1700778105326},{"heart_rate":156.0,"start_time":1700778106326},{"heart_rate":157.0,"start_time":1700778107330},{"heart_rate":157.0,"start_time":1700778108335},{"heart_rate":157.0,"start_time":1700778109335},{"heart_rate":157.0,"start_time":1700778110338},{"heart_rate":158.0,"start_time":1700778111343},{"heart_rate":158.0,"start_time":1700778111343},{"heart_rate":158.0,"start_time":1700778112343},{"heart_rate":158.0,"start_time":1700778113349},{"heart_rate":158.0,"start_time":1700778114349},{"heart_rate":158.0,"start_time":1700778115352},{"heart_rate":158.0,"start_time":1700778117080},{"heart_rate":158.0,"start_time":1700778118080},{"heart_rate":158.0,"start_time":1700778119080},{"heart_rate":158.0,"start_time":1700778120080},{"heart_rate":157.0,"start_time":1700778121080},{"heart_rate":157.0,"start_time":1700778122080},{"heart_rate":156.0,"start_time":1700778123080},{"heart_rate":156.0,"start_time":1700778124080},{"heart_rate":155.0,"start_time":1700778125080},{"heart_rate":155.0,"start_time":1700778126080},{"heart_rate":155.0,"start_time":1700778127080},{"heart_rate":155.0,"start_time":1700778128080},{"heart_rate":155.0,"start_time":1700778129080},{"heart_rate":155.0,"start_time":1700778130080},{"heart_rate":155.0,"start_time":1700778131080},{"heart_rate":154.0,"start_time":1700778132080},{"heart_rate":153.0,"start_time":1700778133080},{"heart_rate":152.0,"start_time":1700778134080},{"heart_rate":151.0,"start_time":1700778135080},{"heart_rate":151.0,"start_time":1700778136080},{"heart_rate":150.0,"start_time":1700778137080},{"heart_rate":150.0,"start_time":1700778138080},{"heart_rate":150.0,"start_time":1700778139080},{"heart_rate":150.0,"start_time":1700778140080},{"heart_rate":149.0,"start_time":1700778141080},{"heart_rate":149.0,"start_time":1700778142080},{"heart_rate":148.0,"start_time":1700778143080},{"heart_rate":148.0,"start_time":1700778144080},{"heart_rate":148.0,"start_time":1700778145080},{"heart_rate":148.0,"start_time":1700778146080},{"heart_rate":148.0,"start_time":1700778147080},{"heart_rate":148.0,"start_time":1700778148080},{"heart_rate":148.0,"start_time":1700778149080},{"heart_rate":148.0,"start_time":1700778150080},{"heart_rate":148.0,"start_time":1700778151080},{"heart_rate":147.0,"start_time":1700778152080},{"heart_rate":147.0,"start_time":1700778153080},{"heart_rate":146.0,"start_time":1700778154080},{"heart_rate":146.0,"start_time":1700778155080},{"heart_rate":145.0,"start_time":1700778156080},{"heart_rate":144.0,"start_time":1700778157080},{"heart_rate":143.0,"start_time":1700778158080},{"heart_rate":142.0,"start_time":1700778159080},{"heart_rate":140.0,"start_time":1700778160080},{"heart_rate":138.0,"start_time":1700778161080},{"heart_rate":137.0,"start_time":1700778162080},{"heart_rate":135.0,"start_time":1700778163080},{"heart_rate":134.0,"start_time":1700778164080},{"heart_rate":132.0,"start_time":1700778165080},{"heart_rate":131.0,"start_time":1700778166080},{"heart_rate":129.0,"start_time":1700778167080},{"heart_rate":127.0,"start_time":1700778168080},{"heart_rate":125.0,"start_time":1700778169080},{"heart_rate":124.0,"start_time":1700778170080},{"heart_rate":123.0,"start_time":1700778171080},{"heart_rate":122.0,"start_time":1700778172080},{"heart_rate":121.0,"start_time":1700778173080},{"heart_rate":121.0,"start_time":1700778174080},{"heart_rate":121.0,"start_time":1700778175080},{"heart_rate":120.0,"start_time":1700778176080},{"heart_rate":120.0,"start_time":1700778177080},{"heart_rate":120.0,"start_time":1700778178080},{"heart_rate":119.0,"start_time":1700778179080},{"heart_rate":119.0,"start_time":1700778180080},{"heart_rate":119.0,"start_time":1700778181080},{"heart_rate":117.0,"start_time":1700778182080},{"heart_rate":117.0,"start_time":1700778183080},{"heart_rate":116.0,"start_time":1700778184080},{"heart_rate":116.0,"start_time":1700778185080},{"heart_rate":116.0,"start_time":1700778186080},{"heart_rate":115.0,"start_time":1700778187080},{"heart_rate":115.0,"start_time":1700778188080},{"heart_rate":114.0,"start_time":1700778189080},{"heart_rate":113.0,"start_time":1700778190080},{"heart_rate":113.0,"start_time":1700778191080},{"heart_rate":113.0,"start_time":1700778192080},{"heart_rate":113.0,"start_time":1700778193080},{"heart_rate":114.0,"start_time":1700778194080},{"heart_rate":113.0,"start_time":1700778195080},{"heart_rate":113.0,"start_time":1700778196080},{"heart_rate":114.0,"start_time":1700778197080},{"heart_rate":114.0,"start_time":1700778198080},{"heart_rate":115.0,"start_time":1700778199080},{"heart_rate":115.0,"start_time":1700778200080},{"heart_rate":115.0,"start_time":1700778201080},{"heart_rate":115.0,"start_time":1700778202080},{"heart_rate":116.0,"start_time":1700778203080},{"heart_rate":116.0,"start_time":1700778204080},{"heart_rate":116.0,"start_time":1700778205080},{"heart_rate":116.0,"start_time":1700778206080},{"heart_rate":115.0,"start_time":1700778207080},{"heart_rate":116.0,"start_time":1700778208080},{"heart_rate":116.0,"start_time":1700778209080},{"heart_rate":116.0,"start_time":1700778210080},{"heart_rate":117.0,"start_time":1700778211080},{"heart_rate":117.0,"start_time":1700778212080},{"heart_rate":117.0,"start_time":1700778213080},{"heart_rate":117.0,"start_time":1700778214080},{"heart_rate":118.0,"start_time":1700778215080},{"heart_rate":118.0,"start_time":1700778216080},{"heart_rate":118.0,"start_time":1700778217080},{"heart_rate":118.0,"start_time":1700778218080},{"heart_rate":118.0,"start_time":1700778219080},{"heart_rate":118.0,"start_time":1700778220080},{"heart_rate":117.0,"start_time":1700778221080},{"heart_rate":117.0,"start_time":1700778222080},{"heart_rate":117.0,"start_time":1700778223080},{"heart_rate":117.0,"start_time":1700778224080},{"heart_rate":117.0,"start_time":1700778225080},{"heart_rate":117.0,"start_time":1700778226080},{"heart_rate":117.0,"start_time":1700778227080},{"heart_rate":117.0,"start_time":1700778228080},{"heart_rate":118.0,"start_time":1700778229080},{"heart_rate":118.0,"start_time":1700778230080},{"heart_rate":117.0,"start_time":1700778231080},{"heart_rate":118.0,"start_time":1700778232080},{"heart_rate":118.0,"start_time":1700778233080},{"heart_rate":118.0,"start_time":1700778234080},{"heart_rate":118.0,"start_time":1700778235080},{"heart_rate":118.0,"start_time":1700778236080},{"heart_rate":118.0,"start_time":1700778237083},{"heart_rate":118.0,"start_time":1700778238074},{"heart_rate":118.0,"start_time":1700778239074},{"heart_rate":119.0,"start_time":1700778240074},{"heart_rate":119.0,"start_time":1700778241074},{"heart_rate":120.0,"start_time":1700778242076},{"heart_rate":121.0,"start_time":1700778243079},{"heart_rate":121.0,"start_time":1700778244080},{"heart_rate":120.0,"start_time":1700778245082},{"heart_rate":119.0,"start_time":1700778246086},{"heart_rate":118.0,"start_time":1700778247087},{"heart_rate":118.0,"start_time":1700778248093},{"heart_rate":118.0,"start_time":1700778249093},{"heart_rate":119.0,"start_time":1700778250095},{"heart_rate":119.0,"start_time":1700778251098},{"heart_rate":121.0,"start_time":1700778252101},{"heart_rate":121.0,"start_time":1700778253103},{"heart_rate":122.0,"start_time":1700778254111},{"heart_rate":123.0,"start_time":1700778255111},{"heart_rate":123.0,"start_time":1700778256111},{"heart_rate":124.0,"start_time":1700778257115},{"heart_rate":124.0,"start_time":1700778258121},{"heart_rate":125.0,"start_time":1700778259121},{"heart_rate":125.0,"start_time":1700778260124},{"heart_rate":125.0,"start_time":1700778261114},{"heart_rate":126.0,"start_time":1700778262114},{"heart_rate":126.0,"start_time":1700778263114},{"heart_rate":127.0,"start_time":1700778264117},{"heart_rate":127.0,"start_time":1700778265120},{"heart_rate":127.0,"start_time":1700778266120},{"heart_rate":127.0,"start_time":1700778267127},{"heart_rate":127.0,"start_time":1700778268127},{"heart_rate":127.0,"start_time":1700778269127},{"heart_rate":128.0,"start_time":1700778270130},{"heart_rate":128.0,"start_time":1700778272134},{"heart_rate":128.0,"start_time":1700778273138},{"heart_rate":128.0,"start_time":1700778274146},{"heart_rate":128.0,"start_time":1700778275146},{"heart_rate":128.0,"start_time":1700778276146},{"heart_rate":128.0,"start_time":1700778277148},{"heart_rate":128.0,"start_time":1700778278156},{"heart_rate":128.0,"start_time":1700778279156},{"heart_rate":129.0,"start_time":1700778280158},{"heart_rate":129.0,"start_time":1700778281167},{"heart_rate":130.0,"start_time":1700778282167},{"heart_rate":131.0,"start_time":1700778283168},{"heart_rate":131.0,"start_time":1700778284174},{"heart_rate":131.0,"start_time":1700778285174},{"heart_rate":131.0,"start_time":1700778286175},{"heart_rate":131.0,"start_time":1700778287181},{"heart_rate":131.0,"start_time":1700778288181},{"heart_rate":131.0,"start_time":1700778289184},{"heart_rate":131.0,"start_time":1700778290193},{"heart_rate":131.0,"start_time":1700778291193},{"heart_rate":130.0,"start_time":1700778292193},{"heart_rate":130.0,"start_time":1700778293202},{"heart_rate":131.0,"start_time":1700778294202},{"heart_rate":131.0,"start_time":1700778295202},{"heart_rate":132.0,"start_time":1700778296205},{"heart_rate":133.0,"start_time":1700778297211},{"heart_rate":133.0,"start_time":1700778298211},{"heart_rate":133.0,"start_time":1700778299219},{"heart_rate":134.0,"start_time":1700778300219},{"heart_rate":135.0,"start_time":1700778301219},{"heart_rate":135.0,"start_time":1700778302236},{"heart_rate":136.0,"start_time":1700778303236},{"heart_rate":136.0,"start_time":1700778304236},{"heart_rate":136.0,"start_time":1700778305236},{"heart_rate":136.0,"start_time":1700778306236},{"heart_rate":136.0,"start_time":1700778307236},{"heart_rate":136.0,"start_time":1700778308236},{"heart_rate":136.0,"start_time":1700778309236},{"heart_rate":135.0,"start_time":1700778310237},{"heart_rate":135.0,"start_time":1700778311244},{"heart_rate":135.0,"start_time":1700778312244},{"heart_rate":135.0,"start_time":1700778313257},{"heart_rate":135.0,"start_time":1700778314257},{"heart_rate":134.0,"start_time":1700778315257},{"heart_rate":134.0,"start_time":1700778316258},{"heart_rate":134.0,"start_time":1700778317266},{"heart_rate":134.0,"start_time":1700778318266},{"heart_rate":134.0,"start_time":1700778319268},{"heart_rate":134.0,"start_time":1700778320276},{"heart_rate":134.0,"start_time":1700778321276},{"heart_rate":135.0,"start_time":1700778322283},{"heart_rate":135.0,"start_time":1700778323283},{"heart_rate":135.0,"start_time":1700778324283},{"heart_rate":135.0,"start_time":1700778325284},{"heart_rate":136.0,"start_time":1700778326287},{"heart_rate":136.0,"start_time":1700778327291},{"heart_rate":136.0,"start_time":1700778328292},{"heart_rate":136.0,"start_time":1700778329295},{"heart_rate":137.0,"start_time":1700778330299},{"heart_rate":137.0,"start_time":1700778331301},{"heart_rate":137.0,"start_time":1700778332304},{"heart_rate":137.0,"start_time":1700778333309},{"heart_rate":138.0,"start_time":1700778334311},{"heart_rate":138.0,"start_time":1700778335319},{"heart_rate":139.0,"start_time":1700778336319},{"heart_rate":139.0,"start_time":1700778337321},{"heart_rate":139.0,"start_time":1700778338323},{"heart_rate":139.0,"start_time":1700778339326},{"heart_rate":139.0,"start_time":1700778340327},{"heart_rate":139.0,"start_time":1700778341335},{"heart_rate":139.0,"start_time":1700778342335},{"heart_rate":139.0,"start_time":1700778343337},{"heart_rate":139.0,"start_time":1700778344361},{"heart_rate":139.0,"start_time":1700778345361},{"heart_rate":139.0,"start_time":1700778346361},{"heart_rate":140.0,"start_time":1700778347361},{"heart_rate":140.0,"start_time":1700778348361},{"heart_rate":140.0,"start_time":1700778349363},{"heart_rate":141.0,"start_time":1700778350366},{"heart_rate":141.0,"start_time":1700778351369},{"heart_rate":142.0,"start_time":1700778352371},{"heart_rate":142.0,"start_time":1700778353377},{"heart_rate":142.0,"start_time":1700778354377},{"heart_rate":142.0,"start_time":1700778355378},{"heart_rate":142.0,"start_time":1700778356418},{"heart_rate":141.0,"start_time":1700778357418},{"heart_rate":141.0,"start_time":1700778358418},{"heart_rate":141.0,"start_time":1700778359418},{"heart_rate":140.0,"start_time":1700778360418},{"heart_rate":140.0,"start_time":1700778361418},{"heart_rate":139.0,"start_time":1700778362418},{"heart_rate":139.0,"start_time":1700778363421},{"heart_rate":139.0,"start_time":1700778365295},{"heart_rate":138.0,"start_time":1700778366295},{"heart_rate":138.0,"start_time":1700778367295},{"heart_rate":137.0,"start_time":1700778368295},{"heart_rate":136.0,"start_time":1700778369295},{"heart_rate":135.0,"start_time":1700778370295},{"heart_rate":134.0,"start_time":1700778371295},{"heart_rate":134.0,"start_time":1700778372295},{"heart_rate":134.0,"start_time":1700778373295},{"heart_rate":133.0,"start_time":1700778374295},{"heart_rate":132.0,"start_time":1700778375295},{"heart_rate":132.0,"start_time":1700778376295},{"heart_rate":131.0,"start_time":1700778377295},{"heart_rate":131.0,"start_time":1700778378295},{"heart_rate":130.0,"start_time":1700778379295},{"heart_rate":130.0,"start_time":1700778380295},{"heart_rate":130.0,"start_time":1700778381295},{"heart_rate":129.0,"start_time":1700778382295},{"heart_rate":128.0,"start_time":1700778383295},{"heart_rate":127.0,"start_time":1700778384295},{"heart_rate":126.0,"start_time":1700778385295},{"heart_rate":125.0,"start_time":1700778386295},{"heart_rate":125.0,"start_time":1700778387295},{"heart_rate":124.0,"start_time":1700778388295},{"heart_rate":123.0,"start_time":1700778389295},{"heart_rate":123.0,"start_time":1700778390295},{"heart_rate":122.0,"start_time":1700778391295},{"heart_rate":121.0,"start_time":1700778392295},{"heart_rate":120.0,"start_time":1700778393295},{"heart_rate":120.0,"start_time":1700778394295},{"heart_rate":119.0,"start_time":1700778395295},{"heart_rate":118.0,"start_time":1700778396295},{"heart_rate":117.0,"start_time":1700778397295},{"heart_rate":116.0,"start_time":1700778398295},{"heart_rate":116.0,"start_time":1700778399295},{"heart_rate":115.0,"start_time":1700778400295},{"heart_rate":115.0,"start_time":1700778401295},{"heart_rate":115.0,"start_time":1700778402295},{"heart_rate":115.0,"start_time":1700778403295},{"heart_rate":115.0,"start_time":1700778404295},{"heart_rate":115.0,"start_time":1700778405295},{"heart_rate":115.0,"start_time":1700778406295},{"heart_rate":114.0,"start_time":1700778407295},{"heart_rate":113.0,"start_time":1700778408295},{"heart_rate":112.0,"start_time":1700778409295},{"heart_rate":111.0,"start_time":1700778410295},{"heart_rate":111.0,"start_time":1700778411295},{"heart_rate":110.0,"start_time":1700778412295},{"heart_rate":109.0,"start_time":1700778413295},{"heart_rate":109.0,"start_time":1700778414295},{"heart_rate":108.0,"start_time":1700778415295},{"heart_rate":107.0,"start_time":1700778416295},{"heart_rate":106.0,"start_time":1700778417295},{"heart_rate":106.0,"start_time":1700778418295},{"heart_rate":105.0,"start_time":1700778419295},{"heart_rate":105.0,"start_time":1700778420295},{"heart_rate":104.0,"start_time":1700778421295},{"heart_rate":104.0,"start_time":1700778422295},{"heart_rate":104.0,"start_time":1700778423295},{"heart_rate":104.0,"start_time":1700778424295},{"heart_rate":104.0,"start_time":1700778425295},{"heart_rate":104.0,"start_time":1700778426295},{"heart_rate":103.0,"start_time":1700778427295},{"heart_rate":103.0,"start_time":1700778428295},{"heart_rate":102.0,"start_time":1700778429295},{"heart_rate":101.0,"start_time":1700778430295},{"heart_rate":100.0,"start_time":1700778431295},{"heart_rate":99.0,"start_time":1700778432295},{"heart_rate":98.0,"start_time":1700778433295},{"heart_rate":97.0,"start_time":1700778434295},{"heart_rate":96.0,"start_time":1700778435295},{"heart_rate":96.0,"start_time":1700778436295},{"heart_rate":95.0,"start_time":1700778437295},{"heart_rate":95.0,"start_time":1700778438295},{"heart_rate":96.0,"start_time":1700778439295},{"heart_rate":96.0,"start_time":1700778440295},{"heart_rate":96.0,"start_time":1700778441295},{"heart_rate":96.0,"start_time":1700778442295},{"heart_rate":96.0,"start_time":1700778443295},{"heart_rate":96.0,"start_time":1700778444295},{"heart_rate":95.0,"start_time":1700778445295},{"heart_rate":95.0,"start_time":1700778446295},{"heart_rate":93.0,"start_time":1700778447295},{"heart_rate":92.0,"start_time":1700778448295},{"heart_rate":91.0,"start_time":1700778449295},{"heart_rate":90.0,"start_time":1700778450295},{"heart_rate":88.0,"start_time":1700778451295},{"heart_rate":86.0,"start_time":1700778452295},{"heart_rate":84.0,"start_time":1700778453295},{"heart_rate":82.0,"start_time":1700778454295},{"heart_rate":82.0,"start_time":1700778455295},{"heart_rate":82.0,"start_time":1700778456295},{"heart_rate":82.0,"start_time":1700778457295},{"heart_rate":82.0,"start_time":1700778458295},{"heart_rate":83.0,"start_time":1700778459295},{"heart_rate":83.0,"start_time":1700778460295},{"heart_rate":83.0,"start_time":1700778461295},{"heart_rate":83.0,"start_time":1700778462295},{"heart_rate":83.0,"start_time":1700778463295},{"heart_rate":82.0,"start_time":1700778464295},{"heart_rate":82.0,"start_time":1700778465295},{"heart_rate":82.0,"start_time":1700778466295},{"heart_rate":82.0,"start_time":1700778467295},{"heart_rate":82.0,"start_time":1700778468295},{"heart_rate":82.0,"start_time":1700778469295},{"heart_rate":82.0,"start_time":1700778470295},{"heart_rate":82.0,"start_time":1700778471295},{"heart_rate":81.0,"start_time":1700778472295},{"heart_rate":81.0,"start_time":1700778473295},{"heart_rate":82.0,"start_time":1700778474295},{"heart_rate":82.0,"start_time":1700778475295},{"heart_rate":83.0,"start_time":1700778476295},{"heart_rate":83.0,"start_time":1700778477295},{"heart_rate":84.0,"start_time":1700778478295},{"heart_rate":84.0,"start_time":1700778479295},{"heart_rate":84.0,"start_time":1700778480295},{"heart_rate":84.0,"start_time":1700778481295},{"heart_rate":84.0,"start_time":1700778482295},{"heart_rate":85.0,"start_time":1700778483295},{"heart_rate":85.0,"start_time":1700778484295},{"heart_rate":85.0,"start_time":1700778485295},{"heart_rate":85.0,"start_time":1700778486295},{"heart_rate":85.0,"start_time":1700778487295},{"heart_rate":86.0,"start_time":1700778488295},{"heart_rate":86.0,"start_time":1700778489295},{"heart_rate":86.0,"start_time":1700778490295},{"heart_rate":86.0,"start_time":1700778491295},{"heart_rate":86.0,"start_time":1700778492295},{"heart_rate":86.0,"start_time":1700778493295},{"heart_rate":85.0,"start_time":1700778494295},{"heart_rate":85.0,"start_time":1700778495295},{"heart_rate":85.0,"start_time":1700778496295},{"heart_rate":85.0,"start_time":1700778497295},{"heart_rate":85.0,"start_time":1700778498295},{"heart_rate":85.0,"start_time":1700778499295},{"heart_rate":85.0,"start_time":1700778500295},{"heart_rate":84.0,"start_time":1700778501295},{"heart_rate":84.0,"start_time":1700778502295},{"heart_rate":84.0,"start_time":1700778503295},{"heart_rate":83.0,"start_time":1700778504295},{"heart_rate":83.0,"start_time":1700778505295},{"heart_rate":83.0,"start_time":1700778506295},{"heart_rate":83.0,"start_time":1700778507295},{"heart_rate":83.0,"start_time":1700778508295},{"heart_rate":83.0,"start_time":1700778509295},{"heart_rate":82.0,"start_time":1700778510295},{"heart_rate":82.0,"start_time":1700778511295},{"heart_rate":82.0,"start_time":1700778512295},{"heart_rate":82.0,"start_time":1700778513295},{"heart_rate":82.0,"start_time":1700778514298},{"heart_rate":82.0,"start_time":1700778515299},{"heart_rate":82.0,"start_time":1700778516303},{"heart_rate":82.0,"start_time":1700778517306},{"heart_rate":81.0,"start_time":1700778518308},{"heart_rate":81.0,"start_time":1700778519311},{"heart_rate":81.0,"start_time":1700778522634},{"heart_rate":81.0,"start_time":1700778523634},{"heart_rate":82.0,"start_time":1700778524634},{"heart_rate":83.0,"start_time":1700778525634},{"heart_rate":83.0,"start_time":1700778526634},{"heart_rate":84.0,"start_time":1700778527634},{"heart_rate":84.0,"start_time":1700778528634},{"heart_rate":84.0,"start_time":1700778529634},{"heart_rate":84.0,"start_time":1700778530634},{"heart_rate":83.0,"start_time":1700778531634},{"heart_rate":83.0,"start_time":1700778532634},{"heart_rate":84.0,"start_time":1700778533634},{"heart_rate":84.0,"start_time":1700778534634},{"heart_rate":84.0,"start_time":1700778535634},{"heart_rate":85.0,"start_time":1700778536634},{"heart_rate":85.0,"start_time":1700778537634},{"heart_rate":85.0,"start_time":1700778538634},{"heart_rate":85.0,"start_time":1700778539634},{"heart_rate":85.0,"start_time":1700778540634},{"heart_rate":85.0,"start_time":1700778541634},{"heart_rate":85.0,"start_time":1700778542634},{"heart_rate":85.0,"start_time":1700778543634},{"heart_rate":86.0,"start_time":1700778544634},{"heart_rate":85.0,"start_time":1700778545634},{"heart_rate":85.0,"start_time":1700778546634},{"heart_rate":85.0,"start_time":1700778547634},{"heart_rate":85.0,"start_time":1700778548634},{"heart_rate":85.0,"start_time":1700778549634},{"heart_rate":85.0,"start_time":1700778550634},{"heart_rate":86.0,"start_time":1700778551634},{"heart_rate":86.0,"start_time":1700778552634},{"heart_rate":86.0,"start_time":1700778553634},{"heart_rate":86.0,"start_time":1700778554634},{"heart_rate":86.0,"start_time":1700778555634},{"heart_rate":86.0,"start_time":1700778556634},{"heart_rate":86.0,"start_time":1700778557634},{"heart_rate":85.0,"start_time":1700778558634},{"heart_rate":85.0,"start_time":1700778559634},{"heart_rate":85.0,"start_time":1700778560634},{"heart_rate":85.0,"start_time":1700778561634},{"heart_rate":85.0,"start_time":1700778562634},{"heart_rate":85.0,"start_time":1700778563634},{"heart_rate":85.0,"start_time":1700778564634},{"heart_rate":85.0,"start_time":1700778565634},{"heart_rate":85.0,"start_time":1700778566634},{"heart_rate":84.0,"start_time":1700778567634},{"heart_rate":84.0,"start_time":1700778568634},{"heart_rate":84.0,"start_time":1700778569634},{"heart_rate":84.0,"start_time":1700778570634},{"heart_rate":84.0,"start_time":1700778571634},{"heart_rate":84.0,"start_time":1700778572634},{"heart_rate":84.0,"start_time":1700778573634},{"heart_rate":83.0,"start_time":1700778574634},{"heart_rate":83.0,"start_time":1700778575634},{"heart_rate":83.0,"start_time":1700778576634},{"heart_rate":83.0,"start_time":1700778577634},{"heart_rate":83.0,"start_time":1700778578634},{"heart_rate":83.0,"start_time":1700778579634},{"heart_rate":83.0,"start_time":1700778580634},{"heart_rate":83.0,"start_time":1700778581634},{"heart_rate":83.0,"start_time":1700778582634},{"heart_rate":83.0,"start_time":1700778583634},{"heart_rate":83.0,"start_time":1700778584634},{"heart_rate":83.0,"start_time":1700778585634},{"heart_rate":83.0,"start_time":1700778586634},{"heart_rate":83.0,"start_time":1700778587634},{"heart_rate":83.0,"start_time":1700778588634},{"heart_rate":83.0,"start_time":1700778589634},{"heart_rate":83.0,"start_time":1700778590634},{"heart_rate":83.0,"start_time":1700778591634},{"heart_rate":83.0,"start_time":1700778592634},{"heart_rate":83.0,"start_time":1700778593634},{"heart_rate":83.0,"start_time":1700778594634},{"heart_rate":83.0,"start_time":1700778595634},{"heart_rate":83.0,"start_time":1700778596634},{"heart_rate":83.0,"start_time":1700778597634},{"heart_rate":83.0,"start_time":1700778598634},{"heart_rate":83.0,"start_time":1700778599634},{"heart_rate":83.0,"start_time":1700778600634},{"heart_rate":83.0,"start_time":1700778601634},{"heart_rate":83.0,"start_time":1700778602634},{"heart_rate":83.0,"start_time":1700778603634},{"heart_rate":83.0,"start_time":1700778604634},{"heart_rate":83.0,"start_time":1700778605634},{"heart_rate":83.0,"start_time":1700778606634},{"heart_rate":83.0,"start_time":1700778607634},{"heart_rate":84.0,"start_time":1700778608634},{"heart_rate":84.0,"start_time":1700778609634},{"heart_rate":84.0,"start_time":1700778610634},{"heart_rate":84.0,"start_time":1700778611634},{"heart_rate":84.0,"start_time":1700778612634},{"heart_rate":84.0,"start_time":1700778613634},{"heart_rate":84.0,"start_time":1700778614634},{"heart_rate":85.0,"start_time":1700778615634},{"heart_rate":84.0,"start_time":1700778616634},{"heart_rate":84.0,"start_time":1700778617634},{"heart_rate":84.0,"start_time":1700778618634},{"heart_rate":84.0,"start_time":1700778619634},{"heart_rate":84.0,"start_time":1700778620634},{"heart_rate":84.0,"start_time":1700778621634},{"heart_rate":84.0,"start_time":1700778622634},{"heart_rate":84.0,"start_time":1700778623634},{"heart_rate":84.0,"start_time":1700778624634},{"heart_rate":84.0,"start_time":1700778625634},{"heart_rate":84.0,"start_time":1700778626634},{"heart_rate":84.0,"start_time":1700778627634},{"heart_rate":84.0,"start_time":1700778628634},{"heart_rate":84.0,"start_time":1700778629634},{"heart_rate":83.0,"start_time":1700778630634},{"heart_rate":83.0,"start_time":1700778631634},{"heart_rate":83.0,"start_time":1700778632634},{"heart_rate":83.0,"start_time":1700778633634},{"heart_rate":83.0,"start_time":1700778634634},{"heart_rate":83.0,"start_time":1700778635634},{"heart_rate":82.0,"start_time":1700778636634},{"heart_rate":82.0,"start_time":1700778637634},{"heart_rate":82.0,"start_time":1700778638634},{"heart_rate":83.0,"start_time":1700778639634},{"heart_rate":83.0,"start_time":1700778640634},{"heart_rate":83.0,"start_time":1700778641634},{"heart_rate":84.0,"start_time":1700778642634},{"heart_rate":84.0,"start_time":1700778643634},{"heart_rate":83.0,"start_time":1700778644634},{"heart_rate":83.0,"start_time":1700778645634},{"heart_rate":83.0,"start_time":1700778646634},{"heart_rate":83.0,"start_time":1700778647634},{"heart_rate":83.0,"start_time":1700778648634},{"heart_rate":83.0,"start_time":1700778649634},{"heart_rate":83.0,"start_time":1700778650634},{"heart_rate":83.0,"start_time":1700778651634},{"heart_rate":83.0,"start_time":1700778652634},{"heart_rate":83.0,"start_time":1700778653634},{"heart_rate":83.0,"start_time":1700778654634},{"heart_rate":84.0,"start_time":1700778655634},{"heart_rate":84.0,"start_time":1700778656634},{"heart_rate":84.0,"start_time":1700778657634},{"heart_rate":84.0,"start_time":1700778658634},{"heart_rate":84.0,"start_time":1700778659634},{"heart_rate":84.0,"start_time":1700778660634},{"heart_rate":84.0,"start_time":1700778661634},{"heart_rate":84.0,"start_time":1700778662634},{"heart_rate":84.0,"start_time":1700778663634},{"heart_rate":84.0,"start_time":1700778664634},{"heart_rate":84.0,"start_time":1700778665634},{"heart_rate":85.0,"start_time":1700778666634},{"heart_rate":85.0,"start_time":1700778667634},{"heart_rate":84.0,"start_time":1700778668634},{"heart_rate":84.0,"start_time":1700778669634},{"heart_rate":84.0,"start_time":1700778670634},{"heart_rate":84.0,"start_time":1700778671634},{"heart_rate":84.0,"start_time":1700778672634},{"heart_rate":84.0,"start_time":1700778673634},{"heart_rate":84.0,"start_time":1700778674634},{"heart_rate":84.0,"start_time":1700778675634},{"heart_rate":84.0,"start_time":1700778676634},{"heart_rate":84.0,"start_time":1700778677634},{"heart_rate":84.0,"start_time":1700778678634},{"heart_rate":84.0,"start_time":1700778679634},{"heart_rate":84.0,"start_time":1700778680634},{"heart_rate":84.0,"start_time":1700778681634},{"heart_rate":84.0,"start_time":1700778682634},{"heart_rate":83.0,"start_time":1700778683634},{"heart_rate":84.0,"start_time":1700778684634},{"heart_rate":84.0,"start_time":1700778685634},{"heart_rate":84.0,"start_time":1700778686634},{"heart_rate":84.0,"start_time":1700778687634},{"heart_rate":84.0,"start_time":1700778688634},{"heart_rate":84.0,"start_time":1700778689634},{"heart_rate":84.0,"start_time":1700778690634},{"heart_rate":84.0,"start_time":1700778691634},{"heart_rate":85.0,"start_time":1700778692634},{"heart_rate":85.0,"start_time":1700778693634},{"heart_rate":85.0,"start_time":1700778694634},{"heart_rate":85.0,"start_time":1700778695634},{"heart_rate":85.0,"start_time":1700778696634},{"heart_rate":85.0,"start_time":1700778697634},{"heart_rate":85.0,"start_time":1700778698634},{"heart_rate":85.0,"start_time":1700778699634},{"heart_rate":85.0,"start_time":1700778700634},{"heart_rate":85.0,"start_time":1700778701634},{"heart_rate":85.0,"start_time":1700778702634},{"heart_rate":85.0,"start_time":1700778703634},{"heart_rate":85.0,"start_time":1700778704634},{"heart_rate":85.0,"start_time":1700778705634},{"heart_rate":86.0,"start_time":1700778706634},{"heart_rate":86.0,"start_time":1700778707634},{"heart_rate":86.0,"start_time":1700778708634},{"heart_rate":86.0,"start_time":1700778709634},{"heart_rate":85.0,"start_time":1700778710634},{"heart_rate":85.0,"start_time":1700778711634},{"heart_rate":85.0,"start_time":1700778712634},{"heart_rate":85.0,"start_time":1700778713634},{"heart_rate":85.0,"start_time":1700778714634},{"heart_rate":85.0,"start_time":1700778715634},{"heart_rate":85.0,"start_time":1700778716634},{"heart_rate":85.0,"start_time":1700778717634},{"heart_rate":85.0,"start_time":1700778718634},{"heart_rate":85.0,"start_time":1700778719634},{"heart_rate":85.0,"start_time":1700778720634},{"heart_rate":85.0,"start_time":1700778721634},{"heart_rate":85.0,"start_time":1700778722634},{"heart_rate":85.0,"start_time":1700778723634},{"heart_rate":85.0,"start_time":1700778724634},{"heart_rate":85.0,"start_time":1700778725634},{"heart_rate":85.0,"start_time":1700778726634},{"heart_rate":85.0,"start_time":1700778727634},{"heart_rate":85.0,"start_time":1700778728634},{"heart_rate":85.0,"start_time":1700778729634},{"heart_rate":85.0,"start_time":1700778730634},{"heart_rate":85.0,"start_time":1700778731634},{"heart_rate":85.0,"start_time":1700778732634},{"heart_rate":85.0,"start_time":1700778733634},{"heart_rate":85.0,"start_time":1700778734634},{"heart_rate":85.0,"start_time":1700778735634},{"heart_rate":85.0,"start_time":1700778736634},{"heart_rate":85.0,"start_time":1700778737634},{"heart_rate":85.0,"start_time":1700778738634},{"heart_rate":85.0,"start_time":1700778739634},{"heart_rate":85.0,"start_time":1700778740634},{"heart_rate":85.0,"start_time":1700778741634},{"heart_rate":85.0,"start_time":1700778742634},{"heart_rate":85.0,"start_time":1700778743634},{"heart_rate":84.0,"start_time":1700778744634},{"heart_rate":84.0,"start_time":1700778745634},{"heart_rate":84.0,"start_time":1700778746634},{"heart_rate":84.0,"start_time":1700778747634},{"heart_rate":84.0,"start_time":1700778748634},{"heart_rate":84.0,"start_time":1700778749634},{"heart_rate":84.0,"start_time":1700778750634},{"heart_rate":83.0,"start_time":1700778751634},{"heart_rate":83.0,"start_time":1700778752634},{"heart_rate":83.0,"start_time":1700778753634},{"heart_rate":83.0,"start_time":1700778754634},{"heart_rate":83.0,"start_time":1700778755634},{"heart_rate":83.0,"start_time":1700778756634},{"heart_rate":83.0,"start_time":1700778757634},{"heart_rate":83.0,"start_time":1700778758634},{"heart_rate":83.0,"start_time":1700778759634},{"heart_rate":83.0,"start_time":1700778760634},{"heart_rate":83.0,"start_time":1700778761634},{"heart_rate":84.0,"start_time":1700778762634},{"heart_rate":84.0,"start_time":1700778763634},{"heart_rate":84.0,"start_time":1700778764634},{"heart_rate":85.0,"start_time":1700778765634},{"heart_rate":85.0,"start_time":1700778766634},{"heart_rate":85.0,"start_time":1700778767634},{"heart_rate":85.0,"start_time":1700778768634},{"heart_rate":85.0,"start_time":1700778769634},{"heart_rate":85.0,"start_time":1700778770634},{"heart_rate":85.0,"start_time":1700778771634},{"heart_rate":85.0,"start_time":1700778772634},{"heart_rate":85.0,"start_time":1700778773634},{"heart_rate":85.0,"start_time":1700778774634},{"heart_rate":85.0,"start_time":1700778775634},{"heart_rate":85.0,"start_time":1700778776634},{"heart_rate":85.0,"start_time":1700778777634},{"heart_rate":85.0,"start_time":1700778778634},{"heart_rate":85.0,"start_time":1700778779634},{"heart_rate":85.0,"start_time":1700778780634},{"heart_rate":85.0,"start_time":1700778781634},{"heart_rate":85.0,"start_time":1700778782634},{"heart_rate":85.0,"start_time":1700778783634},{"heart_rate":85.0,"start_time":1700778784634},{"heart_rate":85.0,"start_time":1700778785634},{"heart_rate":85.0,"start_time":1700778786634},{"heart_rate":86.0,"start_time":1700778787634},{"heart_rate":86.0,"start_time":1700778788634},{"heart_rate":86.0,"start_time":1700778789634},{"heart_rate":86.0,"start_time":1700778790634},{"heart_rate":86.0,"start_time":1700778791634},{"heart_rate":86.0,"start_time":1700778792634},{"heart_rate":86.0,"start_time":1700778793634},{"heart_rate":86.0,"start_time":1700778794634},{"heart_rate":86.0,"start_time":1700778795634},{"heart_rate":86.0,"start_time":1700778796634},{"heart_rate":86.0,"start_time":1700778797634},{"heart_rate":86.0,"start_time":1700778798634},{"heart_rate":86.0,"start_time":1700778799634},{"heart_rate":86.0,"start_time":1700778800634},{"heart_rate":86.0,"start_time":1700778801634},{"heart_rate":86.0,"start_time":1700778802634},{"heart_rate":87.0,"start_time":1700778803634},{"heart_rate":87.0,"start_time":1700778804634},{"heart_rate":86.0,"start_time":1700778805634},{"heart_rate":86.0,"start_time":1700778806634},{"heart_rate":86.0,"start_time":1700778807634},{"heart_rate":86.0,"start_time":1700778808634},{"heart_rate":86.0,"start_time":1700778809634},{"heart_rate":86.0,"start_time":1700778810634},{"heart_rate":86.0,"start_time":1700778811634},{"heart_rate":86.0,"start_time":1700778812634},{"heart_rate":85.0,"start_time":1700778813634},{"heart_rate":85.0,"start_time":1700778814634},{"heart_rate":85.0,"start_time":1700778815634},{"heart_rate":85.0,"start_time":1700778816634},{"heart_rate":85.0,"start_time":1700778817634},{"heart_rate":86.0,"start_time":1700778818634},{"heart_rate":86.0,"start_time":1700778819634},{"heart_rate":86.0,"start_time":1700778820634},{"heart_rate":86.0,"start_time":1700778821634},{"heart_rate":86.0,"start_time":1700778822634},{"heart_rate":86.0,"start_time":1700778823634},{"heart_rate":85.0,"start_time":1700778824634},{"heart_rate":85.0,"start_time":1700778825634},{"heart_rate":85.0,"start_time":1700778826634},{"heart_rate":85.0,"start_time":1700778827634},{"heart_rate":85.0,"start_time":1700778828634},{"heart_rate":85.0,"start_time":1700778829634},{"heart_rate":85.0,"start_time":1700778830634},{"heart_rate":85.0,"start_time":1700778831634},{"heart_rate":86.0,"start_time":1700778832634},{"heart_rate":86.0,"start_time":1700778833634},{"heart_rate":86.0,"start_time":1700778834634},{"heart_rate":86.0,"start_time":1700778835634},{"heart_rate":86.0,"start_time":1700778836634},{"heart_rate":86.0,"start_time":1700778837634},{"heart_rate":86.0,"start_time":1700778838634},{"heart_rate":86.0,"start_time":1700778839634},{"heart_rate":85.0,"start_time":1700778842634},{"heart_rate":86.0,"start_time":1700778844739},{"heart_rate":86.0,"start_time":1700778845739},{"heart_rate":86.0,"start_time":1700778846739},{"heart_rate":86.0,"start_time":1700778847739},{"heart_rate":86.0,"start_time":1700778848739},{"heart_rate":86.0,"start_time":1700778849739},{"heart_rate":86.0,"start_time":1700778850739},{"heart_rate":86.0,"start_time":1700778851739},{"heart_rate":86.0,"start_time":1700778852739},{"heart_rate":87.0,"start_time":1700778853739},{"heart_rate":87.0,"start_time":1700778854739},{"heart_rate":88.0,"start_time":1700778855739},{"heart_rate":88.0,"start_time":1700778856739},{"heart_rate":88.0,"start_time":1700778857739},{"heart_rate":89.0,"start_time":1700778858739},{"heart_rate":89.0,"start_time":1700778859739},{"heart_rate":89.0,"start_time":1700778860739},{"heart_rate":89.0,"start_time":1700778861739},{"heart_rate":88.0,"start_time":1700778862739},{"heart_rate":88.0,"start_time":1700778863739},{"heart_rate":88.0,"start_time":1700778864739},{"heart_rate":88.0,"start_time":1700778865739},{"heart_rate":88.0,"start_time":1700778866739},{"heart_rate":87.0,"start_time":1700778867739},{"heart_rate":87.0,"start_time":1700778868739},{"heart_rate":87.0,"start_time":1700778869739},{"heart_rate":87.0,"start_time":1700778870739},{"heart_rate":86.0,"start_time":1700778871739},{"heart_rate":85.0,"start_time":1700778872739},{"heart_rate":85.0,"start_time":1700778873739},{"heart_rate":85.0,"start_time":1700778874739},{"heart_rate":85.0,"start_time":1700778875739},{"heart_rate":86.0,"start_time":1700778876739},{"heart_rate":86.0,"start_time":1700778877739},{"heart_rate":86.0,"start_time":1700778878739},{"heart_rate":85.0,"start_time":1700778881347},{"heart_rate":84.0,"start_time":1700778882347},{"heart_rate":83.0,"start_time":1700778883347},{"heart_rate":83.0,"start_time":1700778884347},{"heart_rate":83.0,"start_time":1700778885347},{"heart_rate":83.0,"start_time":1700778886347},{"heart_rate":83.0,"start_time":1700778887347},{"heart_rate":84.0,"start_time":1700778888347},{"heart_rate":85.0,"start_time":1700778889347},{"heart_rate":85.0,"start_time":1700778890347},{"heart_rate":86.0,"start_time":1700778891347},{"heart_rate":86.0,"start_time":1700778892347},{"heart_rate":85.0,"start_time":1700778893347},{"heart_rate":85.0,"start_time":1700778894347},{"heart_rate":84.0,"start_time":1700778895347},{"heart_rate":84.0,"start_time":1700778896347},{"heart_rate":83.0,"start_time":1700778897347},{"heart_rate":83.0,"start_time":1700778898347},{"heart_rate":83.0,"start_time":1700778899347},{"heart_rate":83.0,"start_time":1700778900347},{"heart_rate":83.0,"start_time":1700778901347},{"heart_rate":84.0,"start_time":1700778902347},{"heart_rate":85.0,"start_time":1700778903347},{"heart_rate":85.0,"start_time":1700778904347},{"heart_rate":84.0,"start_time":1700778905347},{"heart_rate":84.0,"start_time":1700778906347},{"heart_rate":84.0,"start_time":1700778907347},{"heart_rate":84.0,"start_time":1700778908347},{"heart_rate":83.0,"start_time":1700778909347},{"heart_rate":84.0,"start_time":1700778910347},{"heart_rate":83.0,"start_time":1700778911347},{"heart_rate":83.0,"start_time":1700778912347},{"heart_rate":83.0,"start_time":1700778913347},{"heart_rate":83.0,"start_time":1700778914347},{"heart_rate":83.0,"start_time":1700778915347},{"heart_rate":83.0,"start_time":1700778916347},{"heart_rate":83.0,"start_time":1700778917347},{"heart_rate":83.0,"start_time":1700778918347},{"heart_rate":83.0,"start_time":1700778919347},{"heart_rate":83.0,"start_time":1700778920347},{"heart_rate":83.0,"start_time":1700778921347},{"heart_rate":83.0,"start_time":1700778922347},{"heart_rate":83.0,"start_time":1700778923347},{"heart_rate":83.0,"start_time":1700778924347},{"heart_rate":83.0,"start_time":1700778925347},{"heart_rate":83.0,"start_time":1700778926347},{"heart_rate":83.0,"start_time":1700778927347},{"heart_rate":83.0,"start_time":1700778928347},{"heart_rate":84.0,"start_time":1700778929347},{"heart_rate":84.0,"start_time":1700778930347},{"heart_rate":83.0,"start_time":1700778931347},{"heart_rate":83.0,"start_time":1700778932347},{"heart_rate":83.0,"start_time":1700778933347},{"heart_rate":83.0,"start_time":1700778934347},{"heart_rate":83.0,"start_time":1700778935347},{"heart_rate":83.0,"start_time":1700778936347},{"heart_rate":83.0,"start_time":1700778937347},{"heart_rate":83.0,"start_time":1700778938347},{"heart_rate":84.0,"start_time":1700778939347},{"heart_rate":84.0,"start_time":1700778940347},{"heart_rate":84.0,"start_time":1700778941347},{"heart_rate":84.0,"start_time":1700778942347},{"heart_rate":85.0,"start_time":1700778943347},{"heart_rate":85.0,"start_time":1700778944347},{"heart_rate":84.0,"start_time":1700778945347},{"heart_rate":84.0,"start_time":1700778946347},{"heart_rate":84.0,"start_time":1700778947347},{"heart_rate":85.0,"start_time":1700778948347},{"heart_rate":85.0,"start_time":1700778949347},{"heart_rate":84.0,"start_time":1700778950347},{"heart_rate":84.0,"start_time":1700778951347},{"heart_rate":84.0,"start_time":1700778952347},{"heart_rate":83.0,"start_time":1700778953347},{"heart_rate":84.0,"start_time":1700778955518},{"heart_rate":85.0,"start_time":1700778956518},{"heart_rate":85.0,"start_time":1700778957518},{"heart_rate":86.0,"start_time":1700778958518},{"heart_rate":87.0,"start_time":1700778959518},{"heart_rate":88.0,"start_time":1700778960518},{"heart_rate":89.0,"start_time":1700778961518},{"heart_rate":89.0,"start_time":1700778962518},{"heart_rate":90.0,"start_time":1700778963518},{"heart_rate":91.0,"start_time":1700778964518},{"heart_rate":90.0,"start_time":1700778965518},{"heart_rate":90.0,"start_time":1700778966518},{"heart_rate":90.0,"start_time":1700778967518},{"heart_rate":90.0,"start_time":1700778968518},{"heart_rate":90.0,"start_time":1700778969518},{"heart_rate":90.0,"start_time":1700778970518},{"heart_rate":91.0,"start_time":1700778971518},{"heart_rate":91.0,"start_time":1700778972518},{"heart_rate":91.0,"start_time":1700778973518},{"heart_rate":92.0,"start_time":1700778974518},{"heart_rate":92.0,"start_time":1700778975518},{"heart_rate":91.0,"start_time":1700778976518},{"heart_rate":91.0,"start_time":1700778977518},{"heart_rate":90.0,"start_time":1700778978518},{"heart_rate":90.0,"start_time":1700778979518},{"heart_rate":89.0,"start_time":1700778980518},{"heart_rate":89.0,"start_time":1700778981518},{"heart_rate":90.0,"start_time":1700778982518},{"heart_rate":90.0,"start_time":1700778983518},{"heart_rate":90.0,"start_time":1700778984518},{"heart_rate":90.0,"start_time":1700778985518},{"heart_rate":91.0,"start_time":1700778986518},{"heart_rate":91.0,"start_time":1700778987518},{"heart_rate":91.0,"start_time":1700778988518},{"heart_rate":91.0,"start_time":1700778989518},{"heart_rate":91.0,"start_time":1700778990518},{"heart_rate":90.0,"start_time":1700778991518},{"heart_rate":90.0,"start_time":1700778992518},{"heart_rate":90.0,"start_time":1700778993518},{"heart_rate":90.0,"start_time":1700778994518},{"heart_rate":89.0,"start_time":1700778995518},{"heart_rate":89.0,"start_time":1700778996518},{"heart_rate":88.0,"start_time":1700778997518},{"heart_rate":87.0,"start_time":1700778998518},{"heart_rate":87.0,"start_time":1700778999518},{"heart_rate":87.0,"start_time":1700779000518},{"heart_rate":87.0,"start_time":1700779001518},{"heart_rate":86.0,"start_time":1700779002518},{"heart_rate":86.0,"start_time":1700779003518},{"heart_rate":87.0,"start_time":1700779004518},{"heart_rate":87.0,"start_time":1700779005518},{"heart_rate":87.0,"start_time":1700779006518},{"heart_rate":87.0,"start_time":1700779007518},{"heart_rate":87.0,"start_time":1700779008518},{"heart_rate":87.0,"start_time":1700779009518},{"heart_rate":87.0,"start_time":1700779010518},{"heart_rate":87.0,"start_time":1700779011518},{"heart_rate":88.0,"start_time":1700779012518},{"heart_rate":88.0,"start_time":1700779013518},{"heart_rate":89.0,"start_time":1700779014518},{"heart_rate":90.0,"start_time":1700779015518},{"heart_rate":91.0,"start_time":1700779016518},{"heart_rate":92.0,"start_time":1700779017518},{"heart_rate":94.0,"start_time":1700779018518},{"heart_rate":94.0,"start_time":1700779019518},{"heart_rate":94.0,"start_time":1700779020518},{"heart_rate":95.0,"start_time":1700779021518},{"heart_rate":95.0,"start_time":1700779022518},{"heart_rate":96.0,"start_time":1700779023518},{"heart_rate":96.0,"start_time":1700779024518},{"heart_rate":96.0,"start_time":1700779025518},{"heart_rate":97.0,"start_time":1700779026518},{"heart_rate":97.0,"start_time":1700779027518},{"heart_rate":97.0,"start_time":1700779028518},{"heart_rate":98.0,"start_time":1700779029518},{"heart_rate":98.0,"start_time":1700779030518},{"heart_rate":98.0,"start_time":1700779031518},{"heart_rate":98.0,"start_time":1700779032518},{"heart_rate":98.0,"start_time":1700779033518},{"heart_rate":98.0,"start_time":1700779034518},{"heart_rate":98.0,"start_time":1700779035518},{"heart_rate":98.0,"start_time":1700779036518},{"heart_rate":98.0,"start_time":1700779037518},{"heart_rate":98.0,"start_time":1700779038518},{"heart_rate":97.0,"start_time":1700779039518},{"heart_rate":97.0,"start_time":1700779040518},{"heart_rate":97.0,"start_time":1700779041518},{"heart_rate":97.0,"start_time":1700779042518},{"heart_rate":97.0,"start_time":1700779043518},{"heart_rate":97.0,"start_time":1700779044518},{"heart_rate":98.0,"start_time":1700779045518},{"heart_rate":98.0,"start_time":1700779046518},{"heart_rate":99.0,"start_time":1700779047518},{"heart_rate":99.0,"start_time":1700779048518},{"heart_rate":99.0,"start_time":1700779049518},{"heart_rate":100.0,"start_time":1700779050518},{"heart_rate":100.0,"start_time":1700779051518},{"heart_rate":101.0,"start_time":1700779052518},{"heart_rate":101.0,"start_time":1700779053518},{"heart_rate":101.0,"start_time":1700779054518},{"heart_rate":102.0,"start_time":1700779055518},{"heart_rate":102.0,"start_time":1700779056518},{"heart_rate":103.0,"start_time":1700779057518},{"heart_rate":103.0,"start_time":1700779058518},{"heart_rate":103.0,"start_time":1700779059683},{"heart_rate":103.0,"start_time":1700779060683},{"heart_rate":103.0,"start_time":1700779061683},{"heart_rate":103.0,"start_time":1700779062683},{"heart_rate":103.0,"start_time":1700779063683},{"heart_rate":103.0,"start_time":1700779064683},{"heart_rate":102.0,"start_time":1700779065683},{"heart_rate":102.0,"start_time":1700779066683},{"heart_rate":102.0,"start_time":1700779067683},{"heart_rate":102.0,"start_time":1700779068683},{"heart_rate":101.0,"start_time":1700779069683},{"heart_rate":101.0,"start_time":1700779070683},{"heart_rate":101.0,"start_time":1700779071683},{"heart_rate":100.0,"start_time":1700779072683},{"heart_rate":100.0,"start_time":1700779073683},{"heart_rate":99.0,"start_time":1700779074683},{"heart_rate":99.0,"start_time":1700779075683},{"heart_rate":98.0,"start_time":1700779076683},{"heart_rate":98.0,"start_time":1700779077683},{"heart_rate":97.0,"start_time":1700779078683},{"heart_rate":97.0,"start_time":1700779079683},{"heart_rate":97.0,"start_time":1700779080683},{"heart_rate":97.0,"start_time":1700779081683},{"heart_rate":97.0,"start_time":1700779082683},{"heart_rate":97.0,"start_time":1700779083683},{"heart_rate":97.0,"start_time":1700779084683},{"heart_rate":96.0,"start_time":1700779085683},{"heart_rate":96.0,"start_time":1700779086683},{"heart_rate":96.0,"start_time":1700779087683},{"heart_rate":96.0,"start_time":1700779088683},{"heart_rate":95.0,"start_time":1700779089683},{"heart_rate":95.0,"start_time":1700779090683},{"heart_rate":95.0,"start_time":1700779091683},{"heart_rate":95.0,"start_time":1700779092683},{"heart_rate":95.0,"start_time":1700779093683},{"heart_rate":95.0,"start_time":1700779094683},{"heart_rate":95.0,"start_time":1700779097675},{"heart_rate":95.0,"start_time":1700779098675},{"heart_rate":94.0,"start_time":1700779099675},{"heart_rate":94.0,"start_time":1700779100675},{"heart_rate":94.0,"start_time":1700779101675},{"heart_rate":94.0,"start_time":1700779102675},{"heart_rate":93.0,"start_time":1700779103675},{"heart_rate":93.0,"start_time":1700779104675},{"heart_rate":93.0,"start_time":1700779105675},{"heart_rate":93.0,"start_time":1700779106675},{"heart_rate":93.0,"start_time":1700779107675},{"heart_rate":94.0,"start_time":1700779108675},{"heart_rate":94.0,"start_time":1700779109675},{"heart_rate":95.0,"start_time":1700779110675},{"heart_rate":95.0,"start_time":1700779111675},{"heart_rate":95.0,"start_time":1700779112675},{"heart_rate":96.0,"start_time":1700779113675},{"heart_rate":96.0,"start_time":1700779114675},{"heart_rate":96.0,"start_time":1700779115675},{"heart_rate":96.0,"start_time":1700779116675},{"heart_rate":96.0,"start_time":1700779117675},{"heart_rate":96.0,"start_time":1700779118675},{"heart_rate":96.0,"start_time":1700779119675},{"heart_rate":95.0,"start_time":1700779120675},{"heart_rate":95.0,"start_time":1700779121675},{"heart_rate":95.0,"start_time":1700779122675},{"heart_rate":94.0,"start_time":1700779123675},{"heart_rate":94.0,"start_time":1700779124675},{"heart_rate":93.0,"start_time":1700779125675},{"heart_rate":93.0,"start_time":1700779126675},{"heart_rate":92.0,"start_time":1700779127675},{"heart_rate":91.0,"start_time":1700779128675},{"heart_rate":91.0,"start_time":1700779129675},{"heart_rate":90.0,"start_time":1700779130675},{"heart_rate":90.0,"start_time":1700779131675},{"heart_rate":90.0,"start_time":1700779132675},{"heart_rate":90.0,"start_time":1700779133675},{"heart_rate":90.0,"start_time":1700779134675},{"heart_rate":91.0,"start_time":1700779135675},{"heart_rate":91.0,"start_time":1700779136675},{"heart_rate":92.0,"start_time":1700779137675},{"heart_rate":93.0,"start_time":1700779138675},{"heart_rate":93.0,"start_time":1700779139675},{"heart_rate":94.0,"start_time":1700779140675},{"heart_rate":94.0,"start_time":1700779141675},{"heart_rate":94.0,"start_time":1700779142675},{"heart_rate":94.0,"start_time":1700779144675},{"heart_rate":94.0,"start_time":1700779146028},{"heart_rate":94.0,"start_time":1700779147028},{"heart_rate":94.0,"start_time":1700779148028},{"heart_rate":94.0,"start_time":1700779149028},{"heart_rate":94.0,"start_time":1700779150028},{"heart_rate":94.0,"start_time":1700779151028},{"heart_rate":93.0,"start_time":1700779152028},{"cadence":12.0,"speed":1.2222222,"start_time":1700777215196},{"cadence":30.0,"speed":1.0833333,"start_time":1700777274196},{"cadence":24.0,"speed":1.247676,"start_time":1700777334196},{"cadence":11.0,"speed":1.25,"start_time":1700777394196},{"cadence":46.0,"speed":1.2139813,"start_time":1700777454195},{"cadence":104.0,"speed":1.1983461,"start_time":1700777514196},{"cadence":83.0,"speed":1.1936598,"start_time":1700777574196},{"cadence":92.0,"speed":1.2132053,"start_time":1700777634196},{"cadence":96.0,"speed":1.2111514,"start_time":1700777694196},{"cadence":95.0,"speed":1.1111112,"start_time":1700777754196},{"cadence":101.0,"speed":1.1613363,"start_time":1700777814196},{"cadence":99.0,"speed":1.1388888,"start_time":1700777874196},{"cadence":101.0,"speed":1.1666665,"start_time":1700777934196},{"cadence":102.0,"speed":1.1803333,"start_time":1700777994196},{"cadence":19.0,"speed":1.0463883,"start_time":1700778054196},{"cadence":15.0,"speed":1.3640559,"start_time":1700778114196},{"cadence":105.0,"speed":1.2108333,"start_time":1700778174196},{"cadence":98.0,"speed":1.140512,"start_time":1700778234196},{"cadence":28.0,"speed":1.197609,"start_time":1700778294196},{"cadence":107.0,"speed":1.252164,"start_time":1700778354196},{"cadence":106.0,"speed":1.2425,"start_time":1700778414196},{"cadence":103.0,"speed":1.2222222,"start_time":1700778474196},{"cadence":108.0,"speed":1.2620001,"start_time":1700778534196},{"cadence":106.0,"speed":1.2383333,"start_time":1700778594196},{"cadence":107.0,"speed":1.2561667,"start_time":1700778654196},{"cadence":109.0,"speed":1.2998333,"start_time":1700778714196},{"cadence":109.0,"speed":1.2998333,"start_time":1700778714196},{"cadence":55.0,"speed":1.2777778,"start_time":1700778774196},{"cadence":10.0,"speed":1.5277778,"start_time":1700778834196},{"cadence":10.0,"speed":1.5277778,"start_time":1700778834196},{"cadence":17.0,"speed":1.2222222,"start_time":1700778894196},{"cadence":57.0,"speed":1.1388888,"start_time":1700778954196},{"cadence":38.0,"speed":1.0964957,"start_time":1700779014196},{"cadence":21.0,"speed":1.4722222,"start_time":1700779074196},{"cadence":46.242775,"speed":0.9166667,"start_time":1700779134196},{"cadence":46.242775,"speed":0.9166667,"start_time":1700779134196}]