[{"heart_rate":78,"heart_rate_max":81,"heart_rate_min":77,"start_time":1700996340000,"end_time":1700996399000},{"heart_rate":80,"heart_rate_max":89,"heart_rate_min":77,"start_time":1700996280000,"end_time":1700996339000},{"heart_rate":83,"heart_rate_max":84,"heart_rate_min":82,"start_time":1700996220000,"end_time":1700996279000},{"heart_rate":86,"heart_rate_max":89,"heart_rate_min":82,"start_time":1700996160000,"end_time":1700996219000},{"heart_rate":85,"heart_rate_max":90,"heart_rate_min":83,"start_time":1700996100000,"end_time":1700996159000},{"heart_rate":87,"heart_rate_max":94,"heart_rate_min":83,"start_time":1700996040000,"end_time":1700996099000},{"heart_rate":83,"heart_rate_max":89,"heart_rate_min":80,"start_time":1700995980000,"end_time":1700996039000},{"heart_rate":87,"heart_rate_max":94,"heart_rate_min":80,"start_time":1700995920000,"end_time":1700995979000},{"heart_rate":81,"heart_rate_max":84,"heart_rate_min":79,"start_time":1700995860000,"end_time":1700995919000},{"heart_rate":82,"heart_rate_max":91,"heart_rate_min":78,"start_time":1700995800000,"end_time":1700995859000},{"heart_rate":83,"heart_rate_max":91,"heart_rate_min":78,"start_time":1700995740000,"end_time":1700995799000},{"heart_rate":85,"heart_rate_max":89,"heart_rate_min":82,"start_time":1700995680000,"end_time":1700995739000},{"heart_rate":83,"heart_rate_max":90,"heart_rate_min":80,"start_time":1700995620000,"end_time":1700995679000},{"heart_rate":87,"heart_rate_max":87,"heart_rate_min":87,"start_time":1700995560000,"end_time":1700995619000},{"heart_rate":75,"heart_rate_max":86,"heart_rate_min":74,"start_time":1700995440000,"end_time":1700995499000},{"heart_rate":77,"heart_rate_max":85,"heart_rate_min":73,"start_time":1700995380000,"end_time":1700995439000},{"heart_rate":80,"heart_rate_max":88,"heart_rate_min":76,"start_time":1700995320000,"end_time":1700995379000},{"heart_rate":75,"heart_rate_max":81,"heart_rate_min":72,"start_time":1700995260000,"end_time":1700995319000},{"heart_rate":72,"heart_rate_max":74,"heart_rate_min":72,"start_time":1700995200000,"end_time":1700995259000},{"heart_rate":72,"heart_rate_max":76,"heart_rate_min":70,"start_time":1700995140000,"end_time":1700995199000},{"heart_rate":73,"heart_rate_max":78,"heart_rate_min":70,"start_time":1700995080000,"end_time":1700995139000},{"heart_rate":75,"heart_rate_max":78,"heart_rate_min":72,"start_time":1700995020000,"end_time":1700995079000},{"heart_rate":81,"heart_rate_max":90,"heart_rate_min":76,"start_time":1700994960000,"end_time":1700995019000},{"heart_rate":85,"heart_rate_max":87,"heart_rate_min":85,"start_time":1700993340000,"end_time":1700993399000},{"heart_rate":88,"heart_rate_max":92,"heart_rate_min":77,"start_time":1700993280000,"end_time":1700993339000},{"heart_rate":74,"heart_rate_max":80,"heart_rate_min":72,"start_time":1700993220000,"end_time":1700993279000},{"heart_rate":74,"heart_rate_max":79,"heart_rate_min":72,"start_time":1700993160000,"end_time":1700993219000},{"heart_rate":79,"heart_rate_max":85,"heart_rate_min":74,"start_time":1700993100000,"end_time":1700993159000},{"heart_rate":78,"heart_rate_max":82,"heart_rate_min":74,"start_time":1700993040000,"end_time":1700993099000},{"heart_rate":75,"heart_rate_max":85,"heart_rate_min":68,"start_time":1700992980000,"end_time":1700993039000},{"heart_rate":72,"heart_rate_max":77,"heart_rate_min":69,"start_time":1700992920000,"end_time":1700992979000},{"heart_rate":73,"heart_rate_max":79,"heart_rate_min":67,"start_time":1700992860000,"end_time":1700992919000},{"heart_rate":74,"heart_rate_max":88,"heart_rate_min":67,"start_time":1700992800000,"end_time":1700992859000}]