[{"heart_rate":71,"heart_rate_max":74,"heart_rate_min":69,"start_time":1700881140000,"end_time":1700881199000},{"heart_rate":74,"heart_rate_max":77,"heart_rate_min":70,"start_time":1700881080000,"end_time":1700881139000},{"heart_rate":71,"heart_rate_max":74,"heart_rate_min":70,"start_time":1700881020000,"end_time":1700881079000},{"heart_rate":74,"heart_rate_max":77,"heart_rate_min":73,"start_time":1700880960000,"end_time":1700881019000},{"heart_rate":74,"heart_rate_max":77,"heart_rate_min":73,"start_time":1700880900000,"end_time":1700880959000},{"heart_rate":74,"heart_rate_max":79,"heart_rate_min":73,"start_time":1700880840000,"end_time":1700880899000},{"heart_rate":72,"heart_rate_max":73,"heart_rate_min":72,"start_time":1700880780000,"end_time":1700880839000},{"heart_rate":77,"heart_rate_max":84,"heart_rate_min":71,"start_time":1700880720000,"end_time":1700880779000},{"heart_rate":80,"heart_rate_max":82,"heart_rate_min":80,"start_time":1700880660000,"end_time":1700880719000},{"heart_rate":80,"heart_rate_max":81,"heart_rate_min":79,"start_time":1700880600000,"end_time":1700880659000},{"heart_rate":80,"heart_rate_max":82,"heart_rate_min":78,"start_time":1700880540000,"end_time":1700880599000},{"heart_rate":82,"heart_rate_max":84,"heart_rate_min":80,"start_time":1700880480000,"end_time":1700880539000},{"heart_rate":83,"heart_rate_max":86,"heart_rate_min":81,"start_time":1700880420000,"end_time":1700880479000},{"heart_rate":76,"heart_rate_max":84,"heart_rate_min":73,"start_time":1700880360000,"end_time":1700880419000},{"heart_rate":74,"heart_rate_max":77,"heart_rate_min":73,"start_time":1700880300000,"end_time":1700880359000},{"heart_rate":74,"heart_rate_max":77,"heart_rate_min":73,"start_time":1700880240000,"end_time":1700880299000},{"heart_rate":75,"heart_rate_max":76,"heart_rate_min":74,"start_time":1700880180000,"end_time":1700880239000},{"heart_rate":74,"heart_rate_max":75,"heart_rate_min":73,"start_time":1700880120000,"end_time":1700880179000},{"heart_rate":74,"heart_rate_max":75,"heart_rate_min":73,"start_time":1700880060000,"end_time":1700880119000},{"heart_rate":75,"heart_rate_max":79,"heart_rate_min":72,"start_time":1700880000000,"end_time":1700880059000},{"heart_rate":76,"heart_rate_max":79,"heart_rate_min":73,"start_time":1700879940000,"end_time":1700879999000},{"heart_rate":73,"heart_rate_max":76,"heart_rate_min":72,"start_time":1700879880000,"end_time":1700879939000},{"heart_rate":75,"heart_rate_max":79,"heart_rate_min":73,"start_time":1700879820000,"end_time":1700879879000},{"heart_rate":78,"heart_rate_max":84,"heart_rate_min":76,"start_time":1700879760000,"end_time":1700879819000},{"heart_rate":77,"heart_rate_max":81,"heart_rate_min":76,"start_time":1700879700000,"end_time":1700879759000},{"heart_rate":79,"heart_rate_max":81,"heart_rate_min":77,"start_time":1700879640000,"end_time":1700879699000},{"heart_rate":76,"heart_rate_max":80,"heart_rate_min":74,"start_time":1700879580000,"end_time":1700879639000},{"heart_rate":81,"heart_rate_max":85,"heart_rate_min":76,"start_time":1700879520000,"end_time":1700879579000},{"heart_rate":83,"heart_rate_max":86,"heart_rate_min":81,"start_time":1700879460000,"end_time":1700879519000},{"heart_rate":76,"heart_rate_max":85,"heart_rate_min":73,"start_time":1700879400000,"end_time":1700879459000},{"heart_rate":78,"heart_rate_max":85,"heart_rate_min":73,"start_time":1700879340000,"end_time":1700879399000},{"heart_rate":77,"heart_rate_max":82,"heart_rate_min":75,"start_time":1700879280000,"end_time":1700879339000},{"heart_rate":77,"heart_rate_max":86,"heart_rate_min":74,"start_time":1700879220000,"end_time":1700879279000},{"heart_rate":76,"heart_rate_max":84,"heart_rate_min":73,"start_time":1700879160000,"end_time":1700879219000},{"heart_rate":74,"heart_rate_max":79,"heart_rate_min":73,"start_time":1700879100000,"end_time":1700879159000},{"heart_rate":74,"heart_rate_max":77,"heart_rate_min":70,"start_time":1700879040000,"end_time":1700879099000},{"heart_rate":75,"heart_rate_max":79,"heart_rate_min":73,"start_time":1700878980000,"end_time":1700879039000},{"heart_rate":74,"heart_rate_max":76,"heart_rate_min":72,"start_time":1700878920000,"end_time":1700878979000},{"heart_rate":77,"heart_rate_max":85,"heart_rate_min":72,"start_time":1700878860000,"end_time":1700878919000},{"heart_rate":75,"heart_rate_max":83,"heart_rate_min":68,"start_time":1700878800000,"end_time":1700878859000},{"heart_rate":80,"heart_rate_max":92,"heart_rate_min":77,"start_time":1700878740000,"end_time":1700878799000},{"heart_rate":89,"heart_rate_max":90,"heart_rate_min":88,"start_time":1700878560000,"end_time":1700878619000},{"heart_rate":83,"heart_rate_max":88,"heart_rate_min":78,"start_time":1700878500000,"end_time":1700878559000},{"heart_rate":81,"heart_rate_max":85,"heart_rate_min":78,"start_time":1700878440000,"end_time":1700878499000},{"heart_rate":77,"heart_rate_max":82,"heart_rate_min":69,"start_time":1700878380000,"end_time":1700878439000},{"heart_rate":81,"heart_rate_max":86,"heart_rate_min":77,"start_time":1700878320000,"end_time":1700878379000},{"heart_rate":81,"heart_rate_max":85,"heart_rate_min":76,"start_time":1700878260000,"end_time":1700878319000},{"heart_rate":85,"heart_rate_max":87,"heart_rate_min":83,"start_time":1700878200000,"end_time":1700878259000},{"heart_rate":81,"heart_rate_max":88,"heart_rate_min":72,"start_time":1700878140000,"end_time":1700878199000},{"heart_rate":80,"heart_rate_max":88,"heart_rate_min":70,"start_time":1700878080000,"end_time":1700878139000},{"heart_rate":90,"heart_rate_max":93,"heart_rate_min":82,"start_time":1700877960000,"end_time":1700878019000},{"heart_rate":82,"heart_rate_max":87,"heart_rate_min":80,"start_time":1700877900000,"end_time":1700877959000},{"heart_rate":83,"heart_rate_max":89,"heart_rate_min":79,"start_time":1700877840000,"end_time":1700877899000},{"heart_rate":84,"heart_rate_max":87,"heart_rate_min":82,"start_time":1700877780000,"end_time":1700877839000},{"heart_rate":83,"heart_rate_max":89,"heart_rate_min":81,"start_time":1700877720000,"end_time":1700877779000},{"heart_rate":88,"heart_rate_max":91,"heart_rate_min":84,"start_time":1700877660000,"end_time":1700877719000},{"heart_rate":80,"heart_rate_max":88,"heart_rate_min":74,"start_time":1700877600000,"end_time":1700877659000}]