[{"heart_rate":78,"heart_rate_max":83,"heart_rate_min":75,"start_time":1701032340000,"end_time":1701032399000},{"heart_rate":83,"heart_rate_max":85,"heart_rate_min":83,"start_time":1701032280000,"end_time":1701032339000},{"heart_rate":71,"heart_rate_max":80,"heart_rate_min":62,"start_time":1701032220000,"end_time":1701032279000},{"heart_rate":65,"heart_rate_max":71,"heart_rate_min":60,"start_time":1701032160000,"end_time":1701032219000},{"heart_rate":68,"heart_rate_max":75,"heart_rate_min":62,"start_time":1701032100000,"end_time":1701032159000},{"heart_rate":74,"heart_rate_max":82,"heart_rate_min":68,"start_time":1701032040000,"end_time":1701032099000},{"heart_rate":72,"heart_rate_max":82,"heart_rate_min":67,"start_time":1701031980000,"end_time":1701032039000},{"heart_rate":70,"heart_rate_max":79,"heart_rate_min":64,"start_time":1701031920000,"end_time":1701031979000},{"heart_rate":60,"heart_rate_max":82,"heart_rate_min":53,"start_time":1701031860000,"end_time":1701031919000},{"heart_rate":53,"heart_rate_max":55,"heart_rate_min":52,"start_time":1701031800000,"end_time":1701031859000},{"heart_rate":55,"heart_rate_max":57,"heart_rate_min":54,"start_time":1701031740000,"end_time":1701031799000},{"heart_rate":57,"heart_rate_max":61,"heart_rate_min":55,"start_time":1701031680000,"end_time":1701031739000},{"heart_rate":63,"heart_rate_max":72,"heart_rate_min":58,"start_time":1701031620000,"end_time":1701031679000},{"heart_rate":55,"heart_rate_max":61,"heart_rate_min":55,"start_time":1701031560000,"end_time":1701031619000},{"heart_rate":56,"heart_rate_max":58,"heart_rate_min":55,"start_time":1701031500000,"end_time":1701031559000},{"heart_rate":59,"heart_rate_max":64,"heart_rate_min":56,"start_time":1701031440000,"end_time":1701031499000},{"heart_rate":54,"heart_rate_max":56,"heart_rate_min":54,"start_time":1701031380000,"end_time":1701031439000},{"heart_rate":54,"heart_rate_max":55,"heart_rate_min":54,"start_time":1701031320000,"end_time":1701031379000},{"heart_rate":54,"heart_rate_max":55,"heart_rate_min":54,"start_time":1701031260000,"end_time":1701031319000},{"heart_rate":54,"heart_rate_max":55,"heart_rate_min":54,"start_time":1701031200000,"end_time":1701031259000},{"heart_rate":57,"heart_rate_max":68,"heart_rate_min":55,"start_time":1701031140000,"end_time":1701031199000},{"heart_rate":55,"heart_rate_max":68,"heart_rate_min":50,"start_time":1701031080000,"end_time":1701031139000},{"heart_rate":52,"heart_rate_max":56,"heart_rate_min":51,"start_time":1701031020000,"end_time":1701031079000},{"heart_rate":52,"heart_rate_max":53,"heart_rate_min":51,"start_time":1701030960000,"end_time":1701031019000},{"heart_rate":52,"heart_rate_max":53,"heart_rate_min":51,"start_time":1701030900000,"end_time":1701030959000},{"heart_rate":51,"heart_rate_max":52,"heart_rate_min":51,"start_time":1701030840000,"end_time":1701030899000},{"heart_rate":52,"heart_rate_max":55,"heart_rate_min":51,"start_time":1701030780000,"end_time":1701030839000},{"heart_rate":53,"heart_rate_max":55,"heart_rate_min":52,"start_time":1701030720000,"end_time":1701030779000},{"heart_rate":54,"heart_rate_max":57,"heart_rate_min":53,"start_time":1701030660000,"end_time":1701030719000},{"heart_rate":54,"heart_rate_max":56,"heart_rate_min":54,"start_time":1701030600000,"end_time":1701030659000},{"heart_rate":52,"heart_rate_max":55,"heart_rate_min":51,"start_time":1701030540000,"end_time":1701030599000},{"heart_rate":53,"heart_rate_max":54,"heart_rate_min":52,"start_time":1701030480000,"end_time":1701030539000},{"heart_rate":58,"heart_rate_max":70,"heart_rate_min":52,"start_time":1701030420000,"end_time":1701030479000},{"heart_rate":55,"heart_rate_max":66,"heart_rate_min":53,"start_time":1701030360000,"end_time":1701030419000},{"heart_rate":55,"heart_rate_max":57,"heart_rate_min":54,"start_time":1701030300000,"end_time":1701030359000},{"heart_rate":55,"heart_rate_max":60,"heart_rate_min":54,"start_time":1701030240000,"end_time":1701030299000},{"heart_rate":57,"heart_rate_max":61,"heart_rate_min":55,"start_time":1701030180000,"end_time":1701030239000},{"heart_rate":54,"heart_rate_max":56,"heart_rate_min":51,"start_time":1701030120000,"end_time":1701030179000},{"heart_rate":54,"heart_rate_max":59,"heart_rate_min":53,"start_time":1701030060000,"end_time":1701030119000},{"heart_rate":54,"heart_rate_max":56,"heart_rate_min":52,"start_time":1701030000000,"end_time":1701030059000},{"heart_rate":55,"heart_rate_max":68,"heart_rate_min":51,"start_time":1701029940000,"end_time":1701029999000},{"heart_rate":55,"heart_rate_max":67,"heart_rate_min":53,"start_time":1701029880000,"end_time":1701029939000},{"heart_rate":55,"heart_rate_max":59,"heart_rate_min":53,"start_time":1701029820000,"end_time":1701029879000},{"heart_rate":55,"heart_rate_max":58,"heart_rate_min":54,"start_time":1701029760000,"end_time":1701029819000},{"heart_rate":56,"heart_rate_max":57,"heart_rate_min":54,"start_time":1701029700000,"end_time":1701029759000},{"heart_rate":57,"heart_rate_max":63,"heart_rate_min":53,"start_time":1701029640000,"end_time":1701029699000},{"heart_rate":56,"heart_rate_max":61,"heart_rate_min":54,"start_time":1701029580000,"end_time":1701029639000},{"heart_rate":55,"heart_rate_max":64,"heart_rate_min":51,"start_time":1701029520000,"end_time":1701029579000},{"heart_rate":51,"heart_rate_max":53,"heart_rate_min":50,"start_time":1701029460000,"end_time":1701029519000},{"heart_rate":51,"heart_rate_max":52,"heart_rate_min":50,"start_time":1701029400000,"end_time":1701029459000},{"heart_rate":50,"heart_rate_max":52,"heart_rate_min":48,"start_time":1701029340000,"end_time":1701029399000},{"heart_rate":50,"heart_rate_max":51,"heart_rate_min":49,"start_time":1701029280000,"end_time":1701029339000},{"heart_rate":50,"heart_rate_max":53,"heart_rate_min":50,"start_time":1701029220000,"end_time":1701029279000},{"heart_rate":51,"heart_rate_max":55,"heart_rate_min":49,"start_time":1701029160000,"end_time":1701029219000},{"heart_rate":51,"heart_rate_max":52,"heart_rate_min":50,"start_time":1701029100000,"end_time":1701029159000},{"heart_rate":51,"heart_rate_max":53,"heart_rate_min":51,"start_time":1701029040000,"end_time":1701029099000},{"heart_rate":55,"heart_rate_max":63,"heart_rate_min":51,"start_time":1701028980000,"end_time":1701029039000},{"heart_rate":50,"heart_rate_max":53,"heart_rate_min":49,"start_time":1701028920000,"end_time":1701028979000},{"heart_rate":50,"heart_rate_max":52,"heart_rate_min":48,"start_time":1701028860000,"end_time":1701028919000},{"heart_rate":50,"heart_rate_max":52,"heart_rate_min":49,"start_time":1701028800000,"end_time":1701028859000}]