[{"heart_rate":50,"heart_rate_max":51,"heart_rate_min":49,"start_time":1700931540000,"end_time":1700931599000},{"heart_rate":50,"heart_rate_max":53,"heart_rate_min":49,"start_time":1700931480000,"end_time":1700931539000},{"heart_rate":50,"heart_rate_max":51,"heart_rate_min":50,"start_time":1700931420000,"end_time":1700931479000},{"heart_rate":50,"heart_rate_max":55,"heart_rate_min":50,"start_time":1700931360000,"end_time":1700931419000},{"heart_rate":50,"heart_rate_max":54,"heart_rate_min":49,"start_time":1700931300000,"end_time":1700931359000},{"heart_rate":50,"heart_rate_max":51,"heart_rate_min":49,"start_time":1700931240000,"end_time":1700931299000},{"heart_rate":51,"heart_rate_max":54,"heart_rate_min":49,"start_time":1700931180000,"end_time":1700931239000},{"heart_rate":50,"heart_rate_max":51,"heart_rate_min":50,"start_time":1700931120000,"end_time":1700931179000},{"heart_rate":50,"heart_rate_max":51,"heart_rate_min":50,"start_time":1700931060000,"end_time":1700931119000},{"heart_rate":50,"heart_rate_max":52,"heart_rate_min":50,"start_time":1700931000000,"end_time":1700931059000},{"heart_rate":50,"heart_rate_max":51,"heart_rate_min":50,"start_time":1700930940000,"end_time":1700930999000},{"heart_rate":50,"heart_rate_max":51,"heart_rate_min":50,"start_time":1700930880000,"end_time":1700930939000},{"heart_rate":51,"heart_rate_max":52,"heart_rate_min":51,"start_time":1700930820000,"end_time":1700930879000},{"heart_rate":57,"heart_rate_max":64,"heart_rate_min":52,"start_time":1700930760000,"end_time":1700930819000},{"heart_rate":53,"heart_rate_max":54,"heart_rate_min":53,"start_time":1700930700000,"end_time":1700930759000},{"heart_rate":53,"heart_rate_max":54,"heart_rate_min":53,"start_time":1700930640000,"end_time":1700930699000},{"heart_rate":53,"heart_rate_max":54,"heart_rate_min":53,"start_time":1700930580000,"end_time":1700930639000},{"heart_rate":52,"heart_rate_max":53,"heart_rate_min":52,"start_time":1700930520000,"end_time":1700930579000},{"heart_rate":53,"heart_rate_max":54,"heart_rate_min":52,"start_time":1700930460000,"end_time":1700930519000},{"heart_rate":52,"heart_rate_max":54,"heart_rate_min":52,"start_time":1700930400000,"end_time":1700930459000},{"heart_rate":53,"heart_rate_max":54,"heart_rate_min":53,"start_time":1700930340000,"end_time":1700930399000},{"heart_rate":53,"heart_rate_max":54,"heart_rate_min":52,"start_time":1700930280000,"end_time":1700930339000},{"heart_rate":52,"heart_rate_max":54,"heart_rate_min":52,"start_time":1700930220000,"end_time":1700930279000},{"heart_rate":52,"heart_rate_max":53,"heart_rate_min":52,"start_time":1700930160000,"end_time":1700930219000},{"heart_rate":52,"heart_rate_max":53,"heart_rate_min":52,"start_time":1700930100000,"end_time":1700930159000},{"heart_rate":52,"heart_rate_max":56,"heart_rate_min":51,"start_time":1700930040000,"end_time":1700930099000},{"heart_rate":53,"heart_rate_max":54,"heart_rate_min":52,"start_time":1700929980000,"end_time":1700930039000},{"heart_rate":53,"heart_rate_max":56,"heart_rate_min":52,"start_time":1700929920000,"end_time":1700929979000},{"heart_rate":53,"heart_rate_max":55,"heart_rate_min":53,"start_time":1700929860000,"end_time":1700929919000},{"heart_rate":53,"heart_rate_max":56,"heart_rate_min":52,"start_time":1700929800000,"end_time":1700929859000},{"heart_rate":54,"heart_rate_max":56,"heart_rate_min":52,"start_time":1700929740000,"end_time":1700929799000},{"heart_rate":55,"heart_rate_max":60,"heart_rate_min":53,"start_time":1700929680000,"end_time":1700929739000},{"heart_rate":53,"heart_rate_max":56,"heart_rate_min":51,"start_time":1700929620000,"end_time":1700929679000},{"heart_rate":57,"heart_rate_max":62,"heart_rate_min":54,"start_time":1700929560000,"end_time":1700929619000},{"heart_rate":58,"heart_rate_max":61,"heart_rate_min":56,"start_time":1700929500000,"end_time":1700929559000},{"heart_rate":54,"heart_rate_max":59,"heart_rate_min":53,"start_time":1700929440000,"end_time":1700929499000},{"heart_rate":52,"heart_rate_max":54,"heart_rate_min":52,"start_time":1700929380000,"end_time":1700929439000},{"heart_rate":52,"heart_rate_max":54,"heart_rate_min":52,"start_time":1700929320000,"end_time":1700929379000},{"heart_rate":53,"heart_rate_max":55,"heart_rate_min":53,"start_time":1700929260000,"end_time":1700929319000},{"heart_rate":53,"heart_rate_max":54,"heart_rate_min":52,"start_time":1700929200000,"end_time":1700929259000},{"heart_rate":52,"heart_rate_max":53,"heart_rate_min":52,"start_time":1700929140000,"end_time":1700929199000},{"heart_rate":52,"heart_rate_max":54,"heart_rate_min":51,"start_time":1700929080000,"end_time":1700929139000},{"heart_rate":52,"heart_rate_max":53,"heart_rate_min":51,"start_time":1700929020000,"end_time":1700929079000},{"heart_rate":52,"heart_rate_max":54,"heart_rate_min":52,"start_time":1700928960000,"end_time":1700929019000},{"heart_rate":52,"heart_rate_max":53,"heart_rate_min":52,"start_time":1700928900000,"end_time":1700928959000},{"heart_rate":51,"heart_rate_max":52,"heart_rate_min":51,"start_time":1700928840000,"end_time":1700928899000},{"heart_rate":51,"heart_rate_max":53,"heart_rate_min":51,"start_time":1700928780000,"end_time":1700928839000},{"heart_rate":51,"heart_rate_max":53,"heart_rate_min":50,"start_time":1700928720000,"end_time":1700928779000},{"heart_rate":51,"heart_rate_max":56,"heart_rate_min":49,"start_time":1700928660000,"end_time":1700928719000},{"heart_rate":50,"heart_rate_max":52,"heart_rate_min":49,"start_time":1700928600000,"end_time":1700928659000},{"heart_rate":49,"heart_rate_max":51,"heart_rate_min":48,"start_time":1700928540000,"end_time":1700928599000},{"heart_rate":49,"heart_rate_max":51,"heart_rate_min":49,"start_time":1700928480000,"end_time":1700928539000},{"heart_rate":49,"heart_rate_max":54,"heart_rate_min":48,"start_time":1700928420000,"end_time":1700928479000},{"heart_rate":50,"heart_rate_max":51,"heart_rate_min":49,"start_time":1700928360000,"end_time":1700928419000},{"heart_rate":50,"heart_rate_max":52,"heart_rate_min":49,"start_time":1700928300000,"end_time":1700928359000},{"heart_rate":49,"heart_rate_max":53,"heart_rate_min":48,"start_time":1700928240000,"end_time":1700928299000},{"heart_rate":51,"heart_rate_max":52,"heart_rate_min":51,"start_time":1700928180000,"end_time":1700928239000},{"heart_rate":50,"heart_rate_max":52,"heart_rate_min":50,"start_time":1700928120000,"end_time":1700928179000},{"heart_rate":50,"heart_rate_max":53,"heart_rate_min":49,"start_time":1700928060000,"end_time":1700928119000},{"heart_rate":50,"heart_rate_max":52,"heart_rate_min":49,"start_time":1700928000000,"end_time":1700928059000}]