[{"heart_rate":80,"heart_rate_max":86,"heart_rate_min":73,"start_time":1701082740000,"end_time":1701082799000},{"heart_rate":76,"heart_rate_max":80,"heart_rate_min":74,"start_time":1701082680000,"end_time":1701082739000},{"heart_rate":76,"heart_rate_max":78,"heart_rate_min":75,"start_time":1701082620000,"end_time":1701082679000},{"heart_rate":76,"heart_rate_max":82,"heart_rate_min":74,"start_time":1701082560000,"end_time":1701082619000},{"heart_rate":76,"heart_rate_max":82,"heart_rate_min":71,"start_time":1701082500000,"end_time":1701082559000},{"heart_rate":82,"heart_rate_max":88,"heart_rate_min":77,"start_time":1701082440000,"end_time":1701082499000},{"heart_rate":75,"heart_rate_max":80,"heart_rate_min":72,"start_time":1701082380000,"end_time":1701082439000},{"heart_rate":75,"heart_rate_max":79,"heart_rate_min":71,"start_time":1701082320000,"end_time":1701082379000},{"heart_rate":71,"heart_rate_max":74,"heart_rate_min":71,"start_time":1701082260000,"end_time":1701082319000},{"heart_rate":71,"heart_rate_max":73,"heart_rate_min":70,"start_time":1701082200000,"end_time":1701082259000},{"heart_rate":73,"heart_rate_max":77,"heart_rate_min":71,"start_time":1701082140000,"end_time":1701082199000},{"heart_rate":75,"heart_rate_max":79,"heart_rate_min":71,"start_time":1701082080000,"end_time":1701082139000},{"heart_rate":74,"heart_rate_max":80,"heart_rate_min":72,"start_time":1701082020000,"end_time":1701082079000},{"heart_rate":75,"heart_rate_max":81,"heart_rate_min":73,"start_time":1701081960000,"end_time":1701082019000},{"heart_rate":72,"heart_rate_max":79,"heart_rate_min":62,"start_time":1701081900000,"end_time":1701081959000},{"heart_rate":70,"heart_rate_max":74,"heart_rate_min":60,"start_time":1701081840000,"end_time":1701081899000},{"heart_rate":70,"heart_rate_max":74,"heart_rate_min":68,"start_time":1701081780000,"end_time":1701081839000},{"heart_rate":72,"heart_rate_max":74,"heart_rate_min":70,"start_time":1701081720000,"end_time":1701081779000},{"heart_rate":74,"heart_rate_max":82,"heart_rate_min":73,"start_time":1701081660000,"end_time":1701081719000},{"heart_rate":76,"heart_rate_max":86,"heart_rate_min":66,"start_time":1701081600000,"end_time":1701081659000},{"heart_rate":74,"heart_rate_max":77,"heart_rate_min":67,"start_time":1701081540000,"end_time":1701081599000},{"heart_rate":75,"heart_rate_max":78,"heart_rate_min":72,"start_time":1701081480000,"end_time":1701081539000},{"heart_rate":76,"heart_rate_max":87,"heart_rate_min":70,"start_time":1701081420000,"end_time":1701081479000},{"heart_rate":77,"heart_rate_max":81,"heart_rate_min":75,"start_time":1701081360000,"end_time":1701081419000},{"heart_rate":79,"heart_rate_max":84,"heart_rate_min":75,"start_time":1701081300000,"end_time":1701081359000},{"heart_rate":76,"heart_rate_max":81,"heart_rate_min":72,"start_time":1701081240000,"end_time":1701081299000},{"heart_rate":76,"heart_rate_max":80,"heart_rate_min":72,"start_time":1701081180000,"end_time":1701081239000},{"heart_rate":76,"heart_rate_max":81,"heart_rate_min":73,"start_time":1701081120000,"end_time":1701081179000},{"heart_rate":73,"heart_rate_max":77,"heart_rate_min":68,"start_time":1701081060000,"end_time":1701081119000},{"heart_rate":73,"heart_rate_max":76,"heart_rate_min":69,"start_time":1701081000000,"end_time":1701081059000},{"heart_rate":78,"heart_rate_max":84,"heart_rate_min":73,"start_time":1701080940000,"end_time":1701080999000},{"heart_rate":81,"heart_rate_max":85,"heart_rate_min":75,"start_time":1701080880000,"end_time":1701080939000},{"heart_rate":76,"heart_rate_max":78,"heart_rate_min":75,"start_time":1701080820000,"end_time":1701080879000},{"heart_rate":76,"heart_rate_max":82,"heart_rate_min":71,"start_time":1701080760000,"end_time":1701080819000},{"heart_rate":77,"heart_rate_max":86,"heart_rate_min":74,"start_time":1701080700000,"end_time":1701080759000},{"heart_rate":86,"heart_rate_max":87,"heart_rate_min":85,"start_time":1701080640000,"end_time":1701080699000},{"heart_rate":75,"heart_rate_max":84,"heart_rate_min":63,"start_time":1701080580000,"end_time":1701080639000},{"heart_rate":74,"heart_rate_max":76,"heart_rate_min":71,"start_time":1701080520000,"end_time":1701080579000},{"heart_rate":73,"heart_rate_max":85,"heart_rate_min":68,"start_time":1701080460000,"end_time":1701080519000},{"heart_rate":85,"heart_rate_max":86,"heart_rate_min":84,"start_time":1701080400000,"end_time":1701080459000}]