[{"heart_rate":88,"heart_rate_max":99,"heart_rate_min":84,"start_time":1700819640000,"end_time":1700819699000},{"heart_rate":86,"heart_rate_max":90,"heart_rate_min":82,"start_time":1700819580000,"end_time":1700819639000},{"heart_rate":83,"heart_rate_max":89,"heart_rate_min":80,"start_time":1700819460000,"end_time":1700819519000},{"heart_rate":94,"heart_rate_max":97,"heart_rate_min":88,"start_time":1700819400000,"end_time":1700819459000},{"heart_rate":104,"heart_rate_max":111,"heart_rate_min":97,"start_time":1700819340000,"end_time":1700819399000},{"heart_rate":81,"heart_rate_max":110,"heart_rate_min":76,"start_time":1700819280000,"end_time":1700819339000},{"heart_rate":75,"heart_rate_max":80,"heart_rate_min":71,"start_time":1700819220000,"end_time":1700819279000},{"heart_rate":73,"heart_rate_max":78,"heart_rate_min":70,"start_time":1700819160000,"end_time":1700819219000},{"heart_rate":69,"heart_rate_max":76,"heart_rate_min":64,"start_time":1700819100000,"end_time":1700819159000},{"heart_rate":71,"heart_rate_max":77,"heart_rate_min":66,"start_time":1700819040000,"end_time":1700819099000},{"heart_rate":60,"heart_rate_max":66,"heart_rate_min":57,"start_time":1700818980000,"end_time":1700819039000},{"heart_rate":58,"heart_rate_max":60,"heart_rate_min":56,"start_time":1700818920000,"end_time":1700818979000},{"heart_rate":60,"heart_rate_max":64,"heart_rate_min":57,"start_time":1700818860000,"end_time":1700818919000},{"heart_rate":59,"heart_rate_max":64,"heart_rate_min":57,"start_time":1700818800000,"end_time":1700818859000},{"heart_rate":59,"heart_rate_max":65,"heart_rate_min":57,"start_time":1700818740000,"end_time":1700818799000},{"heart_rate":59,"heart_rate_max":64,"heart_rate_min":56,"start_time":1700818680000,"end_time":1700818739000},{"heart_rate":57,"heart_rate_max":61,"heart_rate_min":55,"start_time":1700818620000,"end_time":1700818679000},{"heart_rate":57,"heart_rate_max":62,"heart_rate_min":55,"start_time":1700818560000,"end_time":1700818619000},{"heart_rate":56,"heart_rate_max":57,"heart_rate_min":55,"start_time":1700818500000,"end_time":1700818559000},{"heart_rate":56,"heart_rate_max":59,"heart_rate_min":55,"start_time":1700818440000,"end_time":1700818499000},{"heart_rate":58,"heart_rate_max":61,"heart_rate_min":56,"start_time":1700818380000,"end_time":1700818439000},{"heart_rate":58,"heart_rate_max":60,"heart_rate_min":56,"start_time":1700818320000,"end_time":1700818379000},{"heart_rate":57,"heart_rate_max":60,"heart_rate_min":56,"start_time":1700818260000,"end_time":1700818319000},{"heart_rate":57,"heart_rate_max":59,"heart_rate_min":56,"start_time":1700818200000,"end_time":1700818259000},{"heart_rate":63,"heart_rate_max":68,"heart_rate_min":59,"start_time":1700818140000,"end_time":1700818199000},{"heart_rate":66,"heart_rate_max":68,"heart_rate_min":58,"start_time":1700818080000,"end_time":1700818139000},{"heart_rate":65,"heart_rate_max":79,"heart_rate_min":60,"start_time":1700818020000,"end_time":1700818079000},{"heart_rate":70,"heart_rate_max":77,"heart_rate_min":59,"start_time":1700817960000,"end_time":1700818019000},{"heart_rate":60,"heart_rate_max":64,"heart_rate_min":58,"start_time":1700817900000,"end_time":1700817959000},{"heart_rate":59,"heart_rate_max":63,"heart_rate_min":57,"start_time":1700817840000,"end_time":1700817899000},{"heart_rate":58,"heart_rate_max":60,"heart_rate_min":57,"start_time":1700817780000,"end_time":1700817839000},{"heart_rate":60,"heart_rate_max":69,"heart_rate_min":58,"start_time":1700817720000,"end_time":1700817779000},{"heart_rate":56,"heart_rate_max":68,"heart_rate_min":54,"start_time":1700817660000,"end_time":1700817719000},{"heart_rate":56,"heart_rate_max":59,"heart_rate_min":55,"start_time":1700817600000,"end_time":1700817659000},{"heart_rate":57,"heart_rate_max":61,"heart_rate_min":55,"start_time":1700817540000,"end_time":1700817599000},{"heart_rate":57,"heart_rate_max":60,"heart_rate_min":55,"start_time":1700817480000,"end_time":1700817539000},{"heart_rate":67,"heart_rate_max":78,"heart_rate_min":60,"start_time":1700817420000,"end_time":1700817479000},{"heart_rate":86,"heart_rate_max":92,"heart_rate_min":82,"start_time":1700817300000,"end_time":1700817359000},{"heart_rate":91,"heart_rate_max":94,"heart_rate_min":83,"start_time":1700817180000,"end_time":1700817239000},{"heart_rate":83,"heart_rate_max":85,"heart_rate_min":81,"start_time":1700817120000,"end_time":1700817179000},{"heart_rate":84,"heart_rate_max":87,"heart_rate_min":82,"start_time":1700817060000,"end_time":1700817119000},{"heart_rate":77,"heart_rate_max":80,"heart_rate_min":75,"start_time":1700816760000,"end_time":1700816819000},{"heart_rate":79,"heart_rate_max":81,"heart_rate_min":77,"start_time":1700816700000,"end_time":1700816759000},{"heart_rate":83,"heart_rate_max":83,"heart_rate_min":83,"start_time":1700816580000,"end_time":1700816639000},{"heart_rate":72,"heart_rate_max":81,"heart_rate_min":65,"start_time":1700816520000,"end_time":1700816579000},{"heart_rate":72,"heart_rate_max":79,"heart_rate_min":62,"start_time":1700816460000,"end_time":1700816519000},{"heart_rate":69,"heart_rate_max":91,"heart_rate_min":59,"start_time":1700816400000,"end_time":1700816459000}]