[{"heart_rate":52,"heart_rate_max":55,"heart_rate_min":50,"start_time":1700765940000,"end_time":1700765999000},{"heart_rate":52,"heart_rate_max":54,"heart_rate_min":51,"start_time":1700765880000,"end_time":1700765939000},{"heart_rate":53,"heart_rate_max":55,"heart_rate_min":52,"start_time":1700765820000,"end_time":1700765879000},{"heart_rate":54,"heart_rate_max":55,"heart_rate_min":52,"start_time":1700765760000,"end_time":1700765819000},{"heart_rate":54,"heart_rate_max":56,"heart_rate_min":51,"start_time":1700765700000,"end_time":1700765759000},{"heart_rate":53,"heart_rate_max":55,"heart_rate_min":52,"start_time":1700765640000,"end_time":1700765699000},{"heart_rate":53,"heart_rate_max":55,"heart_rate_min":50,"start_time":1700765580000,"end_time":1700765639000},{"heart_rate":58,"heart_rate_max":67,"heart_rate_min":54,"start_time":1700765520000,"end_time":1700765579000},{"heart_rate":55,"heart_rate_max":60,"heart_rate_min":54,"start_time":1700765460000,"end_time":1700765519000},{"heart_rate":55,"heart_rate_max":56,"heart_rate_min":54,"start_time":1700765400000,"end_time":1700765459000},{"heart_rate":55,"heart_rate_max":56,"heart_rate_min":54,"start_time":1700765340000,"end_time":1700765399000},{"heart_rate":55,"heart_rate_max":56,"heart_rate_min":55,"start_time":1700765280000,"end_time":1700765339000},{"heart_rate":55,"heart_rate_max":57,"heart_rate_min":54,"start_time":1700765220000,"end_time":1700765279000},{"heart_rate":54,"heart_rate_max":56,"heart_rate_min":53,"start_time":1700765160000,"end_time":1700765219000},{"heart_rate":54,"heart_rate_max":56,"heart_rate_min":53,"start_time":1700765100000,"end_time":1700765159000},{"heart_rate":54,"heart_rate_max":56,"heart_rate_min":52,"start_time":1700765040000,"end_time":1700765099000},{"heart_rate":54,"heart_rate_max":55,"heart_rate_min":53,"start_time":1700764980000,"end_time":1700765039000},{"heart_rate":53,"heart_rate_max":55,"heart_rate_min":52,"start_time":1700764920000,"end_time":1700764979000},{"heart_rate":54,"heart_rate_max":56,"heart_rate_min":52,"start_time":1700764860000,"end_time":1700764919000},{"heart_rate":54,"heart_rate_max":55,"heart_rate_min":53,"start_time":1700764800000,"end_time":1700764859000},{"heart_rate":53,"heart_rate_max":55,"heart_rate_min":52,"start_time":1700764740000,"end_time":1700764799000},{"heart_rate":54,"heart_rate_max":55,"heart_rate_min":53,"start_time":1700764680000,"end_time":1700764739000},{"heart_rate":54,"heart_rate_max":56,"heart_rate_min":53,"start_time":1700764620000,"end_time":1700764679000},{"heart_rate":54,"heart_rate_max":56,"heart_rate_min":54,"start_time":1700764560000,"end_time":1700764619000},{"heart_rate":54,"heart_rate_max":56,"heart_rate_min":54,"start_time":1700764500000,"end_time":1700764559000},{"heart_rate":54,"heart_rate_max":56,"heart_rate_min":53,"start_time":1700764440000,"end_time":1700764499000},{"heart_rate":54,"heart_rate_max":55,"heart_rate_min":53,"start_time":1700764380000,"end_time":1700764439000},{"heart_rate":54,"heart_rate_max":56,"heart_rate_min":54,"start_time":1700764320000,"end_time":1700764379000},{"heart_rate":55,"heart_rate_max":57,"heart_rate_min":54,"start_time":1700764260000,"end_time":1700764319000},{"heart_rate":55,"heart_rate_max":57,"heart_rate_min":54,"start_time":1700764200000,"end_time":1700764259000},{"heart_rate":63,"heart_rate_max":76,"heart_rate_min":58,"start_time":1700764140000,"end_time":1700764199000},{"heart_rate":65,"heart_rate_max":91,"heart_rate_min":54,"start_time":1700764080000,"end_time":1700764139000},{"heart_rate":54,"heart_rate_max":55,"heart_rate_min":54,"start_time":1700764020000,"end_time":1700764079000},{"heart_rate":55,"heart_rate_max":59,"heart_rate_min":53,"start_time":1700763960000,"end_time":1700764019000},{"heart_rate":54,"heart_rate_max":58,"heart_rate_min":53,"start_time":1700763900000,"end_time":1700763959000},{"heart_rate":58,"heart_rate_max":61,"heart_rate_min":57,"start_time":1700763840000,"end_time":1700763899000},{"heart_rate":56,"heart_rate_max":60,"heart_rate_min":53,"start_time":1700763780000,"end_time":1700763839000},{"heart_rate":56,"heart_rate_max":60,"heart_rate_min":53,"start_time":1700763720000,"end_time":1700763779000},{"heart_rate":57,"heart_rate_max":63,"heart_rate_min":53,"start_time":1700763660000,"end_time":1700763719000},{"heart_rate":51,"heart_rate_max":57,"heart_rate_min":49,"start_time":1700763600000,"end_time":1700763659000},{"heart_rate":51,"heart_rate_max":54,"heart_rate_min":50,"start_time":1700763540000,"end_time":1700763599000},{"heart_rate":50,"heart_rate_max":53,"heart_rate_min":49,"start_time":1700763480000,"end_time":1700763539000},{"heart_rate":51,"heart_rate_max":54,"heart_rate_min":49,"start_time":1700763420000,"end_time":1700763479000},{"heart_rate":55,"heart_rate_max":70,"heart_rate_min":51,"start_time":1700763360000,"end_time":1700763419000},{"heart_rate":53,"heart_rate_max":70,"heart_rate_min":49,"start_time":1700763300000,"end_time":1700763359000},{"heart_rate":50,"heart_rate_max":53,"heart_rate_min":49,"start_time":1700763240000,"end_time":1700763299000},{"heart_rate":51,"heart_rate_max":53,"heart_rate_min":49,"start_time":1700763180000,"end_time":1700763239000},{"heart_rate":52,"heart_rate_max":54,"heart_rate_min":51,"start_time":1700763120000,"end_time":1700763179000},{"heart_rate":53,"heart_rate_max":55,"heart_rate_min":52,"start_time":1700763060000,"end_time":1700763119000},{"heart_rate":52,"heart_rate_max":55,"heart_rate_min":51,"start_time":1700763000000,"end_time":1700763059000},{"heart_rate":53,"heart_rate_max":55,"heart_rate_min":51,"start_time":1700762940000,"end_time":1700762999000},{"heart_rate":52,"heart_rate_max":54,"heart_rate_min":49,"start_time":1700762880000,"end_time":1700762939000},{"heart_rate":52,"heart_rate_max":54,"heart_rate_min":50,"start_time":1700762820000,"end_time":1700762879000},{"heart_rate":51,"heart_rate_max":52,"heart_rate_min":49,"start_time":1700762760000,"end_time":1700762819000},{"heart_rate":51,"heart_rate_max":53,"heart_rate_min":50,"start_time":1700762700000,"end_time":1700762759000},{"heart_rate":50,"heart_rate_max":51,"heart_rate_min":49,"start_time":1700762640000,"end_time":1700762699000},{"heart_rate":51,"heart_rate_max":54,"heart_rate_min":49,"start_time":1700762580000,"end_time":1700762639000},{"heart_rate":51,"heart_rate_max":54,"heart_rate_min":49,"start_time":1700762520000,"end_time":1700762579000},{"heart_rate":51,"heart_rate_max":52,"heart_rate_min":50,"start_time":1700762460000,"end_time":1700762519000},{"heart_rate":51,"heart_rate_max":54,"heart_rate_min":50,"start_time":1700762400000,"end_time":1700762459000}]