[{"heart_rate":73,"heart_rate_max":79,"heart_rate_min":70,"start_time":1700794740000,"end_time":1700794799000},{"heart_rate":74,"heart_rate_max":80,"heart_rate_min":70,"start_time":1700794680000,"end_time":1700794739000},{"heart_rate":70,"heart_rate_max":73,"heart_rate_min":68,"start_time":1700794620000,"end_time":1700794679000},{"heart_rate":71,"heart_rate_max":75,"heart_rate_min":68,"start_time":1700794560000,"end_time":1700794619000},{"heart_rate":73,"heart_rate_max":78,"heart_rate_min":67,"start_time":1700794500000,"end_time":1700794559000},{"heart_rate":81,"heart_rate_max":85,"heart_rate_min":76,"start_time":1700794440000,"end_time":1700794499000},{"heart_rate":84,"heart_rate_max":89,"heart_rate_min":82,"start_time":1700794380000,"end_time":1700794439000},{"heart_rate":73,"heart_rate_max":86,"heart_rate_min":67,"start_time":1700794320000,"end_time":1700794379000},{"heart_rate":77,"heart_rate_max":85,"heart_rate_min":67,"start_time":1700794260000,"end_time":1700794319000},{"heart_rate":79,"heart_rate_max":90,"heart_rate_min":74,"start_time":1700794200000,"end_time":1700794259000},{"heart_rate":77,"heart_rate_max":82,"heart_rate_min":74,"start_time":1700794140000,"end_time":1700794199000},{"heart_rate":78,"heart_rate_max":83,"heart_rate_min":72,"start_time":1700794080000,"end_time":1700794139000},{"heart_rate":84,"heart_rate_max":90,"heart_rate_min":79,"start_time":1700794020000,"end_time":1700794079000},{"heart_rate":86,"heart_rate_max":90,"heart_rate_min":80,"start_time":1700793960000,"end_time":1700794019000},{"heart_rate":78,"heart_rate_max":83,"heart_rate_min":75,"start_time":1700793900000,"end_time":1700793959000},{"heart_rate":78,"heart_rate_max":82,"heart_rate_min":73,"start_time":1700793840000,"end_time":1700793899000},{"heart_rate":77,"heart_rate_max":82,"heart_rate_min":76,"start_time":1700793780000,"end_time":1700793839000},{"heart_rate":74,"heart_rate_max":79,"heart_rate_min":72,"start_time":1700793720000,"end_time":1700793779000},{"heart_rate":75,"heart_rate_max":81,"heart_rate_min":73,"start_time":1700793660000,"end_time":1700793719000},{"heart_rate":78,"heart_rate_max":84,"heart_rate_min":74,"start_time":1700793600000,"end_time":1700793659000},{"heart_rate":76,"heart_rate_max":83,"heart_rate_min":71,"start_time":1700793540000,"end_time":1700793599000},{"heart_rate":76,"heart_rate_max":81,"heart_rate_min":72,"start_time":1700793480000,"end_time":1700793539000},{"heart_rate":79,"heart_rate_max":83,"heart_rate_min":75,"start_time":1700793420000,"end_time":1700793479000},{"heart_rate":75,"heart_rate_max":82,"heart_rate_min":70,"start_time":1700793360000,"end_time":1700793419000},{"heart_rate":75,"heart_rate_max":78,"heart_rate_min":71,"start_time":1700793300000,"end_time":1700793359000},{"heart_rate":76,"heart_rate_max":80,"heart_rate_min":73,"start_time":1700793240000,"end_time":1700793299000},{"heart_rate":74,"heart_rate_max":78,"heart_rate_min":72,"start_time":1700793180000,"end_time":1700793239000},{"heart_rate":74,"heart_rate_max":78,"heart_rate_min":72,"start_time":1700793120000,"end_time":1700793179000},{"heart_rate":75,"heart_rate_max":79,"heart_rate_min":72,"start_time":1700793060000,"end_time":1700793119000},{"heart_rate":74,"heart_rate_max":81,"heart_rate_min":71,"start_time":1700793000000,"end_time":1700793059000},{"heart_rate":71,"heart_rate_max":75,"heart_rate_min":67,"start_time":1700792940000,"end_time":1700792999000},{"heart_rate":72,"heart_rate_max":77,"heart_rate_min":68,"start_time":1700792880000,"end_time":1700792939000},{"heart_rate":71,"heart_rate_max":76,"heart_rate_min":67,"start_time":1700792820000,"end_time":1700792879000},{"heart_rate":76,"heart_rate_max":81,"heart_rate_min":71,"start_time":1700792760000,"end_time":1700792819000},{"heart_rate":82,"heart_rate_max":89,"heart_rate_min":78,"start_time":1700792700000,"end_time":1700792759000},{"heart_rate":86,"heart_rate_max":96,"heart_rate_min":78,"start_time":1700792580000,"end_time":1700792639000},{"heart_rate":80,"heart_rate_max":84,"heart_rate_min":78,"start_time":1700792520000,"end_time":1700792579000},{"heart_rate":78,"heart_rate_max":84,"heart_rate_min":74,"start_time":1700792460000,"end_time":1700792519000},{"heart_rate":78,"heart_rate_max":84,"heart_rate_min":74,"start_time":1700792400000,"end_time":1700792459000},{"heart_rate":91,"heart_rate_max":96,"heart_rate_min":82,"start_time":1700792340000,"end_time":1700792399000},{"heart_rate":92,"heart_rate_max":97,"heart_rate_min":86,"start_time":1700792280000,"end_time":1700792339000},{"heart_rate":82,"heart_rate_max":87,"heart_rate_min":77,"start_time":1700792220000,"end_time":1700792279000},{"heart_rate":79,"heart_rate_max":84,"heart_rate_min":75,"start_time":1700792160000,"end_time":1700792219000},{"heart_rate":82,"heart_rate_max":91,"heart_rate_min":76,"start_time":1700792100000,"end_time":1700792159000},{"heart_rate":76,"heart_rate_max":80,"heart_rate_min":74,"start_time":1700792040000,"end_time":1700792099000},{"heart_rate":76,"heart_rate_max":80,"heart_rate_min":72,"start_time":1700791980000,"end_time":1700792039000},{"heart_rate":78,"heart_rate_max":86,"heart_rate_min":74,"start_time":1700791920000,"end_time":1700791979000},{"heart_rate":77,"heart_rate_max":81,"heart_rate_min":75,"start_time":1700791860000,"end_time":1700791919000},{"heart_rate":82,"heart_rate_max":89,"heart_rate_min":75,"start_time":1700791800000,"end_time":1700791859000},{"heart_rate":83,"heart_rate_max":90,"heart_rate_min":81,"start_time":1700791740000,"end_time":1700791799000},{"heart_rate":84,"heart_rate_max":89,"heart_rate_min":79,"start_time":1700791680000,"end_time":1700791739000},{"heart_rate":91,"heart_rate_max":110,"heart_rate_min":86,"start_time":1700791620000,"end_time":1700791679000},{"heart_rate":84,"heart_rate_max":88,"heart_rate_min":82,"start_time":1700791320000,"end_time":1700791379000},{"heart_rate":87,"heart_rate_max":90,"heart_rate_min":84,"start_time":1700791260000,"end_time":1700791319000},{"heart_rate":94,"heart_rate_max":99,"heart_rate_min":90,"start_time":1700791200000,"end_time":1700791259000}]