[{"heart_rate":85,"heart_rate_max":93,"heart_rate_min":76,"start_time":1701035640000,"end_time":1701035699000},{"heart_rate":88,"heart_rate_max":94,"heart_rate_min":84,"start_time":1701035580000,"end_time":1701035639000},{"heart_rate":92,"heart_rate_max":102,"heart_rate_min":88,"start_time":1701035520000,"end_time":1701035579000},{"heart_rate":89,"heart_rate_max":97,"heart_rate_min":82,"start_time":1701035460000,"end_time":1701035519000},{"heart_rate":94,"heart_rate_max":100,"heart_rate_min":83,"start_time":1701035400000,"end_time":1701035459000},{"heart_rate":86,"heart_rate_max":98,"heart_rate_min":76,"start_time":1701035340000,"end_time":1701035399000},{"heart_rate":75,"heart_rate_max":80,"heart_rate_min":72,"start_time":1701035280000,"end_time":1701035339000},{"heart_rate":76,"heart_rate_max":86,"heart_rate_min":68,"start_time":1701035220000,"end_time":1701035279000},{"heart_rate":80,"heart_rate_max":85,"heart_rate_min":76,"start_time":1701035160000,"end_time":1701035219000},{"heart_rate":80,"heart_rate_max":83,"heart_rate_min":77,"start_time":1701035100000,"end_time":1701035159000},{"heart_rate":73,"heart_rate_max":79,"heart_rate_min":69,"start_time":1701035040000,"end_time":1701035099000},{"heart_rate":73,"heart_rate_max":77,"heart_rate_min":70,"start_time":1701034980000,"end_time":1701035039000},{"heart_rate":75,"heart_rate_max":80,"heart_rate_min":72,"start_time":1701034920000,"end_time":1701034979000},{"heart_rate":82,"heart_rate_max":86,"heart_rate_min":79,"start_time":1701034860000,"end_time":1701034919000},{"heart_rate":78,"heart_rate_max":84,"heart_rate_min":70,"start_time":1701034800000,"end_time":1701034859000},{"heart_rate":81,"heart_rate_max":85,"heart_rate_min":75,"start_time":1701034740000,"end_time":1701034799000},{"heart_rate":72,"heart_rate_max":77,"heart_rate_min":68,"start_time":1701034680000,"end_time":1701034739000},{"heart_rate":74,"heart_rate_max":80,"heart_rate_min":71,"start_time":1701034620000,"end_time":1701034679000},{"heart_rate":80,"heart_rate_max":87,"heart_rate_min":72,"start_time":1701034560000,"end_time":1701034619000},{"heart_rate":75,"heart_rate_max":81,"heart_rate_min":68,"start_time":1701034440000,"end_time":1701034499000},{"heart_rate":80,"heart_rate_max":83,"heart_rate_min":75,"start_time":1701034380000,"end_time":1701034439000},{"heart_rate":81,"heart_rate_max":86,"heart_rate_min":79,"start_time":1701034320000,"end_time":1701034379000},{"heart_rate":78,"heart_rate_max":84,"heart_rate_min":74,"start_time":1701034260000,"end_time":1701034319000},{"heart_rate":70,"heart_rate_max":76,"heart_rate_min":65,"start_time":1701034200000,"end_time":1701034259000},{"heart_rate":66,"heart_rate_max":77,"heart_rate_min":54,"start_time":1701034140000,"end_time":1701034199000},{"heart_rate":63,"heart_rate_max":65,"heart_rate_min":61,"start_time":1701033900000,"end_time":1701033959000},{"heart_rate":58,"heart_rate_max":61,"heart_rate_min":56,"start_time":1701033840000,"end_time":1701033899000},{"heart_rate":55,"heart_rate_max":58,"heart_rate_min":54,"start_time":1701033780000,"end_time":1701033839000},{"heart_rate":76,"heart_rate_max":76,"heart_rate_min":76,"start_time":1701033720000,"end_time":1701033779000},{"heart_rate":75,"heart_rate_max":76,"heart_rate_min":74,"start_time":1701033660000,"end_time":1701033719000},{"heart_rate":72,"heart_rate_max":81,"heart_rate_min":67,"start_time":1701033600000,"end_time":1701033659000},{"heart_rate":76,"heart_rate_max":83,"heart_rate_min":68,"start_time":1701033540000,"end_time":1701033599000},{"heart_rate":75,"heart_rate_max":84,"heart_rate_min":69,"start_time":1701033480000,"end_time":1701033539000},{"heart_rate":74,"heart_rate_max":77,"heart_rate_min":70,"start_time":1701033420000,"end_time":1701033479000},{"heart_rate":77,"heart_rate_max":81,"heart_rate_min":73,"start_time":1701033360000,"end_time":1701033419000},{"heart_rate":77,"heart_rate_max":81,"heart_rate_min":70,"start_time":1701033300000,"end_time":1701033359000},{"heart_rate":71,"heart_rate_max":74,"heart_rate_min":70,"start_time":1701033240000,"end_time":1701033299000},{"heart_rate":74,"heart_rate_max":80,"heart_rate_min":70,"start_time":1701033180000,"end_time":1701033239000},{"heart_rate":73,"heart_rate_max":79,"heart_rate_min":68,"start_time":1701033120000,"end_time":1701033179000},{"heart_rate":75,"heart_rate_max":81,"heart_rate_min":66,"start_time":1701033060000,"end_time":1701033119000},{"heart_rate":73,"heart_rate_max":78,"heart_rate_min":66,"start_time":1701033000000,"end_time":1701033059000},{"heart_rate":71,"heart_rate_max":77,"heart_rate_min":68,"start_time":1701032940000,"end_time":1701032999000},{"heart_rate":73,"heart_rate_max":80,"heart_rate_min":68,"start_time":1701032880000,"end_time":1701032939000},{"heart_rate":71,"heart_rate_max":74,"heart_rate_min":68,"start_time":1701032820000,"end_time":1701032879000},{"heart_rate":74,"heart_rate_max":80,"heart_rate_min":71,"start_time":1701032760000,"end_time":1701032819000},{"heart_rate":77,"heart_rate_max":84,"heart_rate_min":73,"start_time":1701032640000,"end_time":1701032699000},{"heart_rate":79,"heart_rate_max":85,"heart_rate_min":73,"start_time":1701032580000,"end_time":1701032639000},{"heart_rate":83,"heart_rate_max":88,"heart_rate_min":80,"start_time":1701032520000,"end_time":1701032579000},{"heart_rate":81,"heart_rate_max":90,"heart_rate_min":78,"start_time":1701032460000,"end_time":1701032519000},{"heart_rate":74,"heart_rate_max":80,"heart_rate_min":71,"start_time":1701032400000,"end_time":1701032459000}]