[{"heart_rate":67,"heart_rate_max":76,"heart_rate_min":63,"start_time":1700726340000,"end_time":1700726399000},{"heart_rate":66,"heart_rate_max":76,"heart_rate_min":63,"start_time":1700726280000,"end_time":1700726339000},{"heart_rate":65,"heart_rate_max":71,"heart_rate_min":62,"start_time":1700726220000,"end_time":1700726279000},{"heart_rate":65,"heart_rate_max":72,"heart_rate_min":62,"start_time":1700726160000,"end_time":1700726219000},{"heart_rate":67,"heart_rate_max":74,"heart_rate_min":64,"start_time":1700726100000,"end_time":1700726159000},{"heart_rate":71,"heart_rate_max":79,"heart_rate_min":68,"start_time":1700726040000,"end_time":1700726099000},{"heart_rate":63,"heart_rate_max":79,"heart_rate_min":60,"start_time":1700725980000,"end_time":1700726039000},{"heart_rate":65,"heart_rate_max":69,"heart_rate_min":63,"start_time":1700725920000,"end_time":1700725979000},{"heart_rate":63,"heart_rate_max":69,"heart_rate_min":60,"start_time":1700725860000,"end_time":1700725919000},{"heart_rate":64,"heart_rate_max":67,"heart_rate_min":61,"start_time":1700725800000,"end_time":1700725859000},{"heart_rate":64,"heart_rate_max":68,"heart_rate_min":61,"start_time":1700725740000,"end_time":1700725799000},{"heart_rate":62,"heart_rate_max":71,"heart_rate_min":60,"start_time":1700725680000,"end_time":1700725739000},{"heart_rate":64,"heart_rate_max":68,"heart_rate_min":61,"start_time":1700725620000,"end_time":1700725679000},{"heart_rate":64,"heart_rate_max":68,"heart_rate_min":61,"start_time":1700725560000,"end_time":1700725619000},{"heart_rate":63,"heart_rate_max":69,"heart_rate_min":60,"start_time":1700725500000,"end_time":1700725559000},{"heart_rate":70,"heart_rate_max":81,"heart_rate_min":62,"start_time":1700725440000,"end_time":1700725499000},{"heart_rate":61,"heart_rate_max":64,"heart_rate_min":59,"start_time":1700725380000,"end_time":1700725439000},{"heart_rate":60,"heart_rate_max":64,"heart_rate_min":57,"start_time":1700725320000,"end_time":1700725379000},{"heart_rate":65,"heart_rate_max":76,"heart_rate_min":59,"start_time":1700725260000,"end_time":1700725319000},{"heart_rate":71,"heart_rate_max":79,"heart_rate_min":63,"start_time":1700725200000,"end_time":1700725259000},{"heart_rate":64,"heart_rate_max":67,"heart_rate_min":62,"start_time":1700725140000,"end_time":1700725199000},{"heart_rate":68,"heart_rate_max":75,"heart_rate_min":63,"start_time":1700725080000,"end_time":1700725139000},{"heart_rate":67,"heart_rate_max":74,"heart_rate_min":63,"start_time":1700725020000,"end_time":1700725079000},{"heart_rate":68,"heart_rate_max":77,"heart_rate_min":65,"start_time":1700724960000,"end_time":1700725019000},{"heart_rate":69,"heart_rate_max":75,"heart_rate_min":64,"start_time":1700724900000,"end_time":1700724959000},{"heart_rate":69,"heart_rate_max":75,"heart_rate_min":65,"start_time":1700724840000,"end_time":1700724899000},{"heart_rate":67,"heart_rate_max":72,"heart_rate_min":62,"start_time":1700724780000,"end_time":1700724839000},{"heart_rate":63,"heart_rate_max":66,"heart_rate_min":60,"start_time":1700724720000,"end_time":1700724779000},{"heart_rate":63,"heart_rate_max":72,"heart_rate_min":60,"start_time":1700724660000,"end_time":1700724719000},{"heart_rate":67,"heart_rate_max":76,"heart_rate_min":63,"start_time":1700724600000,"end_time":1700724659000},{"heart_rate":64,"heart_rate_max":67,"heart_rate_min":61,"start_time":1700724540000,"end_time":1700724599000},{"heart_rate":64,"heart_rate_max":71,"heart_rate_min":61,"start_time":1700724480000,"end_time":1700724539000},{"heart_rate":79,"heart_rate_max":87,"heart_rate_min":70,"start_time":1700724420000,"end_time":1700724479000},{"heart_rate":68,"heart_rate_max":77,"heart_rate_min":63,"start_time":1700724360000,"end_time":1700724419000},{"heart_rate":67,"heart_rate_max":79,"heart_rate_min":64,"start_time":1700724300000,"end_time":1700724359000},{"heart_rate":66,"heart_rate_max":77,"heart_rate_min":62,"start_time":1700724240000,"end_time":1700724299000},{"heart_rate":67,"heart_rate_max":74,"heart_rate_min":63,"start_time":1700724180000,"end_time":1700724239000},{"heart_rate":69,"heart_rate_max":73,"heart_rate_min":64,"start_time":1700724120000,"end_time":1700724179000},{"heart_rate":76,"heart_rate_max":88,"heart_rate_min":69,"start_time":1700724060000,"end_time":1700724119000},{"heart_rate":71,"heart_rate_max":81,"heart_rate_min":66,"start_time":1700724000000,"end_time":1700724059000},{"heart_rate":66,"heart_rate_max":69,"heart_rate_min":64,"start_time":1700723940000,"end_time":1700723999000},{"heart_rate":68,"heart_rate_max":78,"heart_rate_min":64,"start_time":1700723880000,"end_time":1700723939000},{"heart_rate":70,"heart_rate_max":85,"heart_rate_min":66,"start_time":1700723820000,"end_time":1700723879000},{"heart_rate":72,"heart_rate_max":92,"heart_rate_min":67,"start_time":1700723760000,"end_time":1700723819000},{"heart_rate":69,"heart_rate_max":77,"heart_rate_min":66,"start_time":1700723700000,"end_time":1700723759000},{"heart_rate":74,"heart_rate_max":79,"heart_rate_min":71,"start_time":1700723640000,"end_time":1700723699000},{"heart_rate":71,"heart_rate_max":79,"heart_rate_min":65,"start_time":1700723580000,"end_time":1700723639000},{"heart_rate":75,"heart_rate_max":82,"heart_rate_min":69,"start_time":1700723520000,"end_time":1700723579000},{"heart_rate":65,"heart_rate_max":73,"heart_rate_min":61,"start_time":1700723460000,"end_time":1700723519000},{"heart_rate":68,"heart_rate_max":82,"heart_rate_min":61,"start_time":1700723400000,"end_time":1700723459000},{"heart_rate":64,"heart_rate_max":70,"heart_rate_min":61,"start_time":1700723340000,"end_time":1700723399000},{"heart_rate":66,"heart_rate_max":72,"heart_rate_min":60,"start_time":1700723280000,"end_time":1700723339000},{"heart_rate":64,"heart_rate_max":68,"heart_rate_min":60,"start_time":1700723220000,"end_time":1700723279000},{"heart_rate":68,"heart_rate_max":72,"heart_rate_min":66,"start_time":1700723160000,"end_time":1700723219000},{"heart_rate":71,"heart_rate_max":85,"heart_rate_min":66,"start_time":1700723100000,"end_time":1700723159000},{"heart_rate":68,"heart_rate_max":70,"heart_rate_min":66,"start_time":1700723040000,"end_time":1700723099000},{"heart_rate":71,"heart_rate_max":79,"heart_rate_min":67,"start_time":1700722980000,"end_time":1700723039000},{"heart_rate":75,"heart_rate_max":84,"heart_rate_min":68,"start_time":1700722920000,"end_time":1700722979000},{"heart_rate":69,"heart_rate_max":75,"heart_rate_min":65,"start_time":1700722860000,"end_time":1700722919000},{"heart_rate":72,"heart_rate_max":75,"heart_rate_min":70,"start_time":1700722800000,"end_time":1700722859000}]