[{"heart_rate":53,"heart_rate_max":56,"heart_rate_min":52,"start_time":1700848740000,"end_time":1700848799000},{"heart_rate":52,"heart_rate_max":55,"heart_rate_min":51,"start_time":1700848680000,"end_time":1700848739000},{"heart_rate":53,"heart_rate_max":54,"heart_rate_min":52,"start_time":1700848620000,"end_time":1700848679000},{"heart_rate":52,"heart_rate_max":54,"heart_rate_min":50,"start_time":1700848560000,"end_time":1700848619000},{"heart_rate":53,"heart_rate_max":56,"heart_rate_min":51,"start_time":1700848500000,"end_time":1700848559000},{"heart_rate":53,"heart_rate_max":55,"heart_rate_min":51,"start_time":1700848440000,"end_time":1700848499000},{"heart_rate":53,"heart_rate_max":55,"heart_rate_min":53,"start_time":1700848380000,"end_time":1700848439000},{"heart_rate":53,"heart_rate_max":54,"heart_rate_min":52,"start_time":1700848320000,"end_time":1700848379000},{"heart_rate":52,"heart_rate_max":54,"heart_rate_min":50,"start_time":1700848260000,"end_time":1700848319000},{"heart_rate":53,"heart_rate_max":55,"heart_rate_min":53,"start_time":1700848200000,"end_time":1700848259000},{"heart_rate":53,"heart_rate_max":55,"heart_rate_min":52,"start_time":1700848140000,"end_time":1700848199000},{"heart_rate":52,"heart_rate_max":55,"heart_rate_min":50,"start_time":1700848080000,"end_time":1700848139000},{"heart_rate":59,"heart_rate_max":70,"heart_rate_min":51,"start_time":1700848020000,"end_time":1700848079000},{"heart_rate":52,"heart_rate_max":56,"heart_rate_min":49,"start_time":1700847960000,"end_time":1700848019000},{"heart_rate":51,"heart_rate_max":53,"heart_rate_min":51,"start_time":1700847900000,"end_time":1700847959000},{"heart_rate":51,"heart_rate_max":53,"heart_rate_min":51,"start_time":1700847840000,"end_time":1700847899000},{"heart_rate":51,"heart_rate_max":53,"heart_rate_min":50,"start_time":1700847780000,"end_time":1700847839000},{"heart_rate":50,"heart_rate_max":55,"heart_rate_min":49,"start_time":1700847720000,"end_time":1700847779000},{"heart_rate":52,"heart_rate_max":55,"heart_rate_min":49,"start_time":1700847660000,"end_time":1700847719000},{"heart_rate":51,"heart_rate_max":53,"heart_rate_min":50,"start_time":1700847600000,"end_time":1700847659000},{"heart_rate":51,"heart_rate_max":53,"heart_rate_min":49,"start_time":1700847540000,"end_time":1700847599000},{"heart_rate":51,"heart_rate_max":53,"heart_rate_min":50,"start_time":1700847480000,"end_time":1700847539000},{"heart_rate":51,"heart_rate_max":55,"heart_rate_min":50,"start_time":1700847420000,"end_time":1700847479000},{"heart_rate":52,"heart_rate_max":53,"heart_rate_min":52,"start_time":1700847360000,"end_time":1700847419000},{"heart_rate":51,"heart_rate_max":52,"heart_rate_min":50,"start_time":1700847300000,"end_time":1700847359000},{"heart_rate":50,"heart_rate_max":54,"heart_rate_min":50,"start_time":1700847240000,"end_time":1700847299000},{"heart_rate":51,"heart_rate_max":56,"heart_rate_min":49,"start_time":1700847180000,"end_time":1700847239000},{"heart_rate":51,"heart_rate_max":53,"heart_rate_min":50,"start_time":1700847120000,"end_time":1700847179000},{"heart_rate":51,"heart_rate_max":54,"heart_rate_min":50,"start_time":1700847060000,"end_time":1700847119000},{"heart_rate":53,"heart_rate_max":57,"heart_rate_min":52,"start_time":1700847000000,"end_time":1700847059000},{"heart_rate":52,"heart_rate_max":56,"heart_rate_min":50,"start_time":1700846940000,"end_time":1700846999000},{"heart_rate":53,"heart_rate_max":54,"heart_rate_min":52,"start_time":1700846880000,"end_time":1700846939000},{"heart_rate":53,"heart_rate_max":56,"heart_rate_min":52,"start_time":1700846820000,"end_time":1700846879000},{"heart_rate":53,"heart_rate_max":57,"heart_rate_min":52,"start_time":1700846760000,"end_time":1700846819000},{"heart_rate":53,"heart_rate_max":56,"heart_rate_min":52,"start_time":1700846700000,"end_time":1700846759000},{"heart_rate":53,"heart_rate_max":55,"heart_rate_min":52,"start_time":1700846640000,"end_time":1700846699000},{"heart_rate":55,"heart_rate_max":61,"heart_rate_min":53,"start_time":1700846580000,"end_time":1700846639000},{"heart_rate":55,"heart_rate_max":56,"heart_rate_min":54,"start_time":1700846520000,"end_time":1700846579000},{"heart_rate":55,"heart_rate_max":61,"heart_rate_min":53,"start_time":1700846460000,"end_time":1700846519000},{"heart_rate":56,"heart_rate_max":60,"heart_rate_min":54,"start_time":1700846400000,"end_time":1700846459000},{"heart_rate":55,"heart_rate_max":60,"heart_rate_min":53,"start_time":1700846340000,"end_time":1700846399000},{"heart_rate":62,"heart_rate_max":72,"heart_rate_min":57,"start_time":1700846280000,"end_time":1700846339000},{"heart_rate":58,"heart_rate_max":64,"heart_rate_min":52,"start_time":1700846220000,"end_time":1700846279000},{"heart_rate":51,"heart_rate_max":53,"heart_rate_min":50,"start_time":1700846160000,"end_time":1700846219000},{"heart_rate":51,"heart_rate_max":52,"heart_rate_min":50,"start_time":1700846100000,"end_time":1700846159000},{"heart_rate":51,"heart_rate_max":52,"heart_rate_min":51,"start_time":1700846040000,"end_time":1700846099000},{"heart_rate":51,"heart_rate_max":52,"heart_rate_min":50,"start_time":1700845980000,"end_time":1700846039000},{"heart_rate":50,"heart_rate_max":52,"heart_rate_min":50,"start_time":1700845920000,"end_time":1700845979000},{"heart_rate":50,"heart_rate_max":52,"heart_rate_min":50,"start_time":1700845860000,"end_time":1700845919000},{"heart_rate":51,"heart_rate_max":52,"heart_rate_min":51,"start_time":1700845800000,"end_time":1700845859000},{"heart_rate":50,"heart_rate_max":51,"heart_rate_min":50,"start_time":1700845740000,"end_time":1700845799000},{"heart_rate":50,"heart_rate_max":52,"heart_rate_min":49,"start_time":1700845680000,"end_time":1700845739000},{"heart_rate":50,"heart_rate_max":52,"heart_rate_min":50,"start_time":1700845620000,"end_time":1700845679000},{"heart_rate":50,"heart_rate_max":52,"heart_rate_min":50,"start_time":1700845560000,"end_time":1700845619000},{"heart_rate":50,"heart_rate_max":52,"heart_rate_min":50,"start_time":1700845500000,"end_time":1700845559000},{"heart_rate":50,"heart_rate_max":51,"heart_rate_min":49,"start_time":1700845440000,"end_time":1700845499000},{"heart_rate":48,"heart_rate_max":52,"heart_rate_min":48,"start_time":1700845380000,"end_time":1700845439000},{"heart_rate":49,"heart_rate_max":50,"heart_rate_min":48,"start_time":1700845320000,"end_time":1700845379000},{"heart_rate":49,"heart_rate_max":51,"heart_rate_min":49,"start_time":1700845260000,"end_time":1700845319000},{"heart_rate":50,"heart_rate_max":52,"heart_rate_min":49,"start_time":1700845200000,"end_time":1700845259000}]