[{"heart_rate":69,"heart_rate_max":73,"heart_rate_min":67,"start_time":1701433020000,"end_time":1701433079000},{"heart_rate":58,"heart_rate_max":67,"heart_rate_min":53,"start_time":1701432960000,"end_time":1701433019000},{"heart_rate":68,"heart_rate_max":72,"heart_rate_min":55,"start_time":1701432900000,"end_time":1701432959000},{"heart_rate":70,"heart_rate_max":71,"heart_rate_min":69,"start_time":1701432840000,"end_time":1701432899000},{"heart_rate":63,"heart_rate_max":67,"heart_rate_min":60,"start_time":1701432660000,"end_time":1701432719000},{"heart_rate":65,"heart_rate_max":67,"heart_rate_min":64,"start_time":1701432600000,"end_time":1701432659000},{"heart_rate":61,"heart_rate_max":63,"heart_rate_min":60,"start_time":1701432540000,"end_time":1701432599000},{"heart_rate":57,"heart_rate_max":61,"heart_rate_min":55,"start_time":1701432480000,"end_time":1701432539000},{"heart_rate":76,"heart_rate_max":77,"heart_rate_min":76,"start_time":1701432180000,"end_time":1701432239000},{"heart_rate":76,"heart_rate_max":77,"heart_rate_min":76,"start_time":1701432120000,"end_time":1701432179000},{"heart_rate":76,"heart_rate_max":77,"heart_rate_min":76,"start_time":1701432060000,"end_time":1701432119000},{"heart_rate":75,"heart_rate_max":76,"heart_rate_min":75,"start_time":1701432000000,"end_time":1701432059000}]