[{"heart_rate":74,"heart_rate_max":77,"heart_rate_min":71,"start_time":1700740740000,"end_time":1700740799000},{"heart_rate":77,"heart_rate_max":86,"heart_rate_min":70,"start_time":1700740680000,"end_time":1700740739000},{"heart_rate":67,"heart_rate_max":74,"heart_rate_min":66,"start_time":1700740620000,"end_time":1700740679000},{"heart_rate":65,"heart_rate_max":67,"heart_rate_min":62,"start_time":1700740560000,"end_time":1700740619000},{"heart_rate":63,"heart_rate_max":65,"heart_rate_min":63,"start_time":1700740500000,"end_time":1700740559000},{"heart_rate":65,"heart_rate_max":68,"heart_rate_min":64,"start_time":1700740440000,"end_time":1700740499000},{"heart_rate":67,"heart_rate_max":71,"heart_rate_min":65,"start_time":1700740380000,"end_time":1700740439000},{"heart_rate":64,"heart_rate_max":66,"heart_rate_min":64,"start_time":1700740320000,"end_time":1700740379000},{"heart_rate":65,"heart_rate_max":66,"heart_rate_min":65,"start_time":1700740260000,"end_time":1700740319000},{"heart_rate":65,"heart_rate_max":68,"heart_rate_min":64,"start_time":1700740200000,"end_time":1700740259000},{"heart_rate":66,"heart_rate_max":68,"heart_rate_min":66,"start_time":1700740140000,"end_time":1700740199000},{"heart_rate":67,"heart_rate_max":69,"heart_rate_min":67,"start_time":1700740080000,"end_time":1700740139000},{"heart_rate":66,"heart_rate_max":68,"heart_rate_min":65,"start_time":1700740020000,"end_time":1700740079000},{"heart_rate":65,"heart_rate_max":67,"heart_rate_min":64,"start_time":1700739960000,"end_time":1700740019000},{"heart_rate":66,"heart_rate_max":68,"heart_rate_min":64,"start_time":1700739900000,"end_time":1700739959000},{"heart_rate":68,"heart_rate_max":75,"heart_rate_min":66,"start_time":1700739840000,"end_time":1700739899000},{"heart_rate":67,"heart_rate_max":72,"heart_rate_min":64,"start_time":1700739780000,"end_time":1700739839000},{"heart_rate":74,"heart_rate_max":82,"heart_rate_min":65,"start_time":1700739720000,"end_time":1700739779000},{"heart_rate":77,"heart_rate_max":86,"heart_rate_min":73,"start_time":1700739660000,"end_time":1700739719000},{"heart_rate":81,"heart_rate_max":87,"heart_rate_min":76,"start_time":1700739600000,"end_time":1700739659000},{"heart_rate":85,"heart_rate_max":86,"heart_rate_min":84,"start_time":1700739540000,"end_time":1700739599000},{"heart_rate":77,"heart_rate_max":90,"heart_rate_min":74,"start_time":1700739480000,"end_time":1700739539000},{"heart_rate":77,"heart_rate_max":82,"heart_rate_min":74,"start_time":1700739420000,"end_time":1700739479000},{"heart_rate":77,"heart_rate_max":81,"heart_rate_min":72,"start_time":1700739360000,"end_time":1700739419000},{"heart_rate":76,"heart_rate_max":84,"heart_rate_min":70,"start_time":1700739300000,"end_time":1700739359000},{"heart_rate":80,"heart_rate_max":87,"heart_rate_min":78,"start_time":1700739240000,"end_time":1700739299000},{"heart_rate":76,"heart_rate_max":84,"heart_rate_min":72,"start_time":1700739180000,"end_time":1700739239000},{"heart_rate":75,"heart_rate_max":80,"heart_rate_min":72,"start_time":1700739120000,"end_time":1700739179000},{"heart_rate":69,"heart_rate_max":75,"heart_rate_min":65,"start_time":1700739060000,"end_time":1700739119000},{"heart_rate":67,"heart_rate_max":68,"heart_rate_min":63,"start_time":1700739000000,"end_time":1700739059000},{"heart_rate":64,"heart_rate_max":66,"heart_rate_min":64,"start_time":1700738940000,"end_time":1700738999000},{"heart_rate":63,"heart_rate_max":65,"heart_rate_min":63,"start_time":1700738880000,"end_time":1700738939000},{"heart_rate":63,"heart_rate_max":64,"heart_rate_min":62,"start_time":1700738820000,"end_time":1700738879000},{"heart_rate":63,"heart_rate_max":65,"heart_rate_min":61,"start_time":1700738760000,"end_time":1700738819000},{"heart_rate":63,"heart_rate_max":65,"heart_rate_min":62,"start_time":1700738700000,"end_time":1700738759000},{"heart_rate":67,"heart_rate_max":69,"heart_rate_min":60,"start_time":1700738640000,"end_time":1700738699000},{"heart_rate":61,"heart_rate_max":64,"heart_rate_min":60,"start_time":1700738580000,"end_time":1700738639000},{"heart_rate":59,"heart_rate_max":61,"heart_rate_min":58,"start_time":1700738520000,"end_time":1700738579000},{"heart_rate":61,"heart_rate_max":62,"heart_rate_min":59,"start_time":1700738460000,"end_time":1700738519000},{"heart_rate":62,"heart_rate_max":67,"heart_rate_min":59,"start_time":1700738400000,"end_time":1700738459000},{"heart_rate":62,"heart_rate_max":67,"heart_rate_min":58,"start_time":1700738340000,"end_time":1700738399000},{"heart_rate":60,"heart_rate_max":63,"heart_rate_min":59,"start_time":1700738280000,"end_time":1700738339000},{"heart_rate":60,"heart_rate_max":62,"heart_rate_min":59,"start_time":1700738220000,"end_time":1700738279000},{"heart_rate":59,"heart_rate_max":62,"heart_rate_min":59,"start_time":1700738160000,"end_time":1700738219000},{"heart_rate":58,"heart_rate_max":59,"heart_rate_min":58,"start_time":1700738100000,"end_time":1700738159000},{"heart_rate":58,"heart_rate_max":60,"heart_rate_min":58,"start_time":1700738040000,"end_time":1700738099000},{"heart_rate":58,"heart_rate_max":61,"heart_rate_min":56,"start_time":1700737980000,"end_time":1700738039000},{"heart_rate":58,"heart_rate_max":61,"heart_rate_min":57,"start_time":1700737920000,"end_time":1700737979000},{"heart_rate":59,"heart_rate_max":62,"heart_rate_min":59,"start_time":1700737860000,"end_time":1700737919000},{"heart_rate":59,"heart_rate_max":61,"heart_rate_min":58,"start_time":1700737800000,"end_time":1700737859000},{"heart_rate":59,"heart_rate_max":61,"heart_rate_min":58,"start_time":1700737740000,"end_time":1700737799000},{"heart_rate":59,"heart_rate_max":61,"heart_rate_min":59,"start_time":1700737680000,"end_time":1700737739000},{"heart_rate":59,"heart_rate_max":60,"heart_rate_min":57,"start_time":1700737620000,"end_time":1700737679000},{"heart_rate":58,"heart_rate_max":61,"heart_rate_min":57,"start_time":1700737560000,"end_time":1700737619000},{"heart_rate":62,"heart_rate_max":69,"heart_rate_min":59,"start_time":1700737500000,"end_time":1700737559000},{"heart_rate":72,"heart_rate_max":84,"heart_rate_min":65,"start_time":1700737440000,"end_time":1700737499000},{"heart_rate":64,"heart_rate_max":66,"heart_rate_min":61,"start_time":1700737380000,"end_time":1700737439000},{"heart_rate":65,"heart_rate_max":71,"heart_rate_min":63,"start_time":1700737320000,"end_time":1700737379000},{"heart_rate":69,"heart_rate_max":70,"heart_rate_min":66,"start_time":1700737260000,"end_time":1700737319000},{"heart_rate":69,"heart_rate_max":71,"heart_rate_min":69,"start_time":1700737200000,"end_time":1700737259000}]