[{"heart_rate":55,"heart_rate_max":57,"heart_rate_min":53,"start_time":1701115140000,"end_time":1701115199000},{"heart_rate":56,"heart_rate_max":58,"heart_rate_min":55,"start_time":1701115080000,"end_time":1701115139000},{"heart_rate":55,"heart_rate_max":57,"heart_rate_min":53,"start_time":1701115020000,"end_time":1701115079000},{"heart_rate":56,"heart_rate_max":60,"heart_rate_min":53,"start_time":1701114960000,"end_time":1701115019000},{"heart_rate":57,"heart_rate_max":69,"heart_rate_min":51,"start_time":1701114900000,"end_time":1701114959000},{"heart_rate":52,"heart_rate_max":53,"heart_rate_min":51,"start_time":1701114840000,"end_time":1701114899000},{"heart_rate":53,"heart_rate_max":56,"heart_rate_min":50,"start_time":1701114780000,"end_time":1701114839000},{"heart_rate":51,"heart_rate_max":52,"heart_rate_min":51,"start_time":1701114720000,"end_time":1701114779000},{"heart_rate":52,"heart_rate_max":53,"heart_rate_min":51,"start_time":1701114660000,"end_time":1701114719000},{"heart_rate":53,"heart_rate_max":55,"heart_rate_min":52,"start_time":1701114600000,"end_time":1701114659000},{"heart_rate":53,"heart_rate_max":55,"heart_rate_min":51,"start_time":1701114540000,"end_time":1701114599000},{"heart_rate":54,"heart_rate_max":59,"heart_rate_min":51,"start_time":1701114480000,"end_time":1701114539000},{"heart_rate":53,"heart_rate_max":60,"heart_rate_min":51,"start_time":1701114420000,"end_time":1701114479000},{"heart_rate":53,"heart_rate_max":57,"heart_rate_min":51,"start_time":1701114360000,"end_time":1701114419000},{"heart_rate":59,"heart_rate_max":69,"heart_rate_min":51,"start_time":1701114300000,"end_time":1701114359000},{"heart_rate":58,"heart_rate_max":62,"heart_rate_min":56,"start_time":1701114240000,"end_time":1701114299000},{"heart_rate":55,"heart_rate_max":57,"heart_rate_min":55,"start_time":1701114180000,"end_time":1701114239000},{"heart_rate":56,"heart_rate_max":58,"heart_rate_min":54,"start_time":1701114120000,"end_time":1701114179000},{"heart_rate":54,"heart_rate_max":57,"heart_rate_min":53,"start_time":1701114060000,"end_time":1701114119000},{"heart_rate":52,"heart_rate_max":53,"heart_rate_min":51,"start_time":1701114000000,"end_time":1701114059000},{"heart_rate":52,"heart_rate_max":53,"heart_rate_min":51,"start_time":1701113940000,"end_time":1701113999000},{"heart_rate":52,"heart_rate_max":53,"heart_rate_min":52,"start_time":1701113880000,"end_time":1701113939000},{"heart_rate":53,"heart_rate_max":54,"heart_rate_min":53,"start_time":1701113820000,"end_time":1701113879000},{"heart_rate":52,"heart_rate_max":54,"heart_rate_min":52,"start_time":1701113760000,"end_time":1701113819000},{"heart_rate":52,"heart_rate_max":54,"heart_rate_min":52,"start_time":1701113700000,"end_time":1701113759000},{"heart_rate":53,"heart_rate_max":55,"heart_rate_min":53,"start_time":1701113640000,"end_time":1701113699000},{"heart_rate":54,"heart_rate_max":55,"heart_rate_min":53,"start_time":1701113580000,"end_time":1701113639000},{"heart_rate":56,"heart_rate_max":58,"heart_rate_min":55,"start_time":1701113520000,"end_time":1701113579000},{"heart_rate":62,"heart_rate_max":67,"heart_rate_min":58,"start_time":1701113460000,"end_time":1701113519000},{"heart_rate":50,"heart_rate_max":59,"heart_rate_min":50,"start_time":1701113400000,"end_time":1701113459000},{"heart_rate":51,"heart_rate_max":53,"heart_rate_min":50,"start_time":1701113340000,"end_time":1701113399000},{"heart_rate":51,"heart_rate_max":54,"heart_rate_min":49,"start_time":1701113280000,"end_time":1701113339000},{"heart_rate":55,"heart_rate_max":60,"heart_rate_min":51,"start_time":1701113220000,"end_time":1701113279000},{"heart_rate":47,"heart_rate_max":53,"heart_rate_min":45,"start_time":1701113160000,"end_time":1701113219000},{"heart_rate":49,"heart_rate_max":51,"heart_rate_min":48,"start_time":1701113100000,"end_time":1701113159000},{"heart_rate":50,"heart_rate_max":54,"heart_rate_min":48,"start_time":1701113040000,"end_time":1701113099000},{"heart_rate":49,"heart_rate_max":52,"heart_rate_min":48,"start_time":1701112980000,"end_time":1701113039000},{"heart_rate":49,"heart_rate_max":53,"heart_rate_min":49,"start_time":1701112920000,"end_time":1701112979000},{"heart_rate":49,"heart_rate_max":52,"heart_rate_min":48,"start_time":1701112860000,"end_time":1701112919000},{"heart_rate":52,"heart_rate_max":57,"heart_rate_min":50,"start_time":1701112800000,"end_time":1701112859000},{"heart_rate":55,"heart_rate_max":58,"heart_rate_min":53,"start_time":1701112740000,"end_time":1701112799000},{"heart_rate":67,"heart_rate_max":76,"heart_rate_min":58,"start_time":1701112680000,"end_time":1701112739000},{"heart_rate":57,"heart_rate_max":76,"heart_rate_min":51,"start_time":1701112620000,"end_time":1701112679000},{"heart_rate":53,"heart_rate_max":57,"heart_rate_min":52,"start_time":1701112560000,"end_time":1701112619000},{"heart_rate":54,"heart_rate_max":57,"heart_rate_min":52,"start_time":1701112500000,"end_time":1701112559000},{"heart_rate":52,"heart_rate_max":53,"heart_rate_min":51,"start_time":1701112440000,"end_time":1701112499000},{"heart_rate":52,"heart_rate_max":56,"heart_rate_min":52,"start_time":1701112380000,"end_time":1701112439000},{"heart_rate":56,"heart_rate_max":62,"heart_rate_min":52,"start_time":1701112320000,"end_time":1701112379000},{"heart_rate":50,"heart_rate_max":52,"heart_rate_min":49,"start_time":1701112260000,"end_time":1701112319000},{"heart_rate":53,"heart_rate_max":60,"heart_rate_min":49,"start_time":1701112200000,"end_time":1701112259000},{"heart_rate":51,"heart_rate_max":55,"heart_rate_min":49,"start_time":1701112140000,"end_time":1701112199000},{"heart_rate":51,"heart_rate_max":54,"heart_rate_min":50,"start_time":1701112080000,"end_time":1701112139000},{"heart_rate":51,"heart_rate_max":54,"heart_rate_min":49,"start_time":1701112020000,"end_time":1701112079000},{"heart_rate":51,"heart_rate_max":54,"heart_rate_min":49,"start_time":1701111960000,"end_time":1701112019000},{"heart_rate":52,"heart_rate_max":55,"heart_rate_min":50,"start_time":1701111900000,"end_time":1701111959000},{"heart_rate":51,"heart_rate_max":54,"heart_rate_min":50,"start_time":1701111840000,"end_time":1701111899000},{"heart_rate":52,"heart_rate_max":55,"heart_rate_min":51,"start_time":1701111780000,"end_time":1701111839000},{"heart_rate":48,"heart_rate_max":51,"heart_rate_min":47,"start_time":1701111720000,"end_time":1701111779000},{"heart_rate":52,"heart_rate_max":56,"heart_rate_min":49,"start_time":1701111660000,"end_time":1701111719000},{"heart_rate":52,"heart_rate_max":56,"heart_rate_min":50,"start_time":1701111600000,"end_time":1701111659000}]