[{"heart_rate":51,"heart_rate_max":53,"heart_rate_min":50,"start_time":1700758740000,"end_time":1700758799000},{"heart_rate":52,"heart_rate_max":55,"heart_rate_min":50,"start_time":1700758680000,"end_time":1700758739000},{"heart_rate":51,"heart_rate_max":53,"heart_rate_min":50,"start_time":1700758620000,"end_time":1700758679000},{"heart_rate":50,"heart_rate_max":53,"heart_rate_min":48,"start_time":1700758560000,"end_time":1700758619000},{"heart_rate":51,"heart_rate_max":56,"heart_rate_min":48,"start_time":1700758500000,"end_time":1700758559000},{"heart_rate":50,"heart_rate_max":54,"heart_rate_min":49,"start_time":1700758440000,"end_time":1700758499000},{"heart_rate":52,"heart_rate_max":53,"heart_rate_min":50,"start_time":1700758380000,"end_time":1700758439000},{"heart_rate":50,"heart_rate_max":53,"heart_rate_min":49,"start_time":1700758320000,"end_time":1700758379000},{"heart_rate":51,"heart_rate_max":56,"heart_rate_min":48,"start_time":1700758260000,"end_time":1700758319000},{"heart_rate":49,"heart_rate_max":51,"heart_rate_min":48,"start_time":1700758200000,"end_time":1700758259000},{"heart_rate":50,"heart_rate_max":53,"heart_rate_min":48,"start_time":1700758140000,"end_time":1700758199000},{"heart_rate":52,"heart_rate_max":53,"heart_rate_min":51,"start_time":1700758080000,"end_time":1700758139000},{"heart_rate":51,"heart_rate_max":57,"heart_rate_min":48,"start_time":1700758020000,"end_time":1700758079000},{"heart_rate":50,"heart_rate_max":53,"heart_rate_min":48,"start_time":1700757960000,"end_time":1700758019000},{"heart_rate":52,"heart_rate_max":57,"heart_rate_min":49,"start_time":1700757900000,"end_time":1700757959000},{"heart_rate":51,"heart_rate_max":57,"heart_rate_min":49,"start_time":1700757840000,"end_time":1700757899000},{"heart_rate":51,"heart_rate_max":56,"heart_rate_min":49,"start_time":1700757780000,"end_time":1700757839000},{"heart_rate":51,"heart_rate_max":56,"heart_rate_min":49,"start_time":1700757720000,"end_time":1700757779000},{"heart_rate":50,"heart_rate_max":54,"heart_rate_min":48,"start_time":1700757660000,"end_time":1700757719000},{"heart_rate":50,"heart_rate_max":54,"heart_rate_min":48,"start_time":1700757600000,"end_time":1700757659000},{"heart_rate":49,"heart_rate_max":53,"heart_rate_min":48,"start_time":1700757540000,"end_time":1700757599000},{"heart_rate":51,"heart_rate_max":56,"heart_rate_min":49,"start_time":1700757480000,"end_time":1700757539000},{"heart_rate":52,"heart_rate_max":56,"heart_rate_min":49,"start_time":1700757420000,"end_time":1700757479000},{"heart_rate":52,"heart_rate_max":56,"heart_rate_min":50,"start_time":1700757360000,"end_time":1700757419000},{"heart_rate":52,"heart_rate_max":54,"heart_rate_min":51,"start_time":1700757300000,"end_time":1700757359000},{"heart_rate":49,"heart_rate_max":53,"heart_rate_min":46,"start_time":1700757240000,"end_time":1700757299000},{"heart_rate":53,"heart_rate_max":60,"heart_rate_min":50,"start_time":1700757180000,"end_time":1700757239000},{"heart_rate":52,"heart_rate_max":55,"heart_rate_min":49,"start_time":1700757120000,"end_time":1700757179000},{"heart_rate":50,"heart_rate_max":52,"heart_rate_min":48,"start_time":1700757060000,"end_time":1700757119000},{"heart_rate":51,"heart_rate_max":56,"heart_rate_min":47,"start_time":1700757000000,"end_time":1700757059000},{"heart_rate":52,"heart_rate_max":61,"heart_rate_min":47,"start_time":1700756940000,"end_time":1700756999000},{"heart_rate":51,"heart_rate_max":53,"heart_rate_min":49,"start_time":1700756880000,"end_time":1700756939000},{"heart_rate":51,"heart_rate_max":57,"heart_rate_min":48,"start_time":1700756820000,"end_time":1700756879000},{"heart_rate":51,"heart_rate_max":55,"heart_rate_min":50,"start_time":1700756760000,"end_time":1700756819000},{"heart_rate":50,"heart_rate_max":56,"heart_rate_min":49,"start_time":1700756700000,"end_time":1700756759000},{"heart_rate":54,"heart_rate_max":63,"heart_rate_min":49,"start_time":1700756640000,"end_time":1700756699000},{"heart_rate":48,"heart_rate_max":49,"heart_rate_min":46,"start_time":1700756580000,"end_time":1700756639000},{"heart_rate":48,"heart_rate_max":50,"heart_rate_min":46,"start_time":1700756520000,"end_time":1700756579000},{"heart_rate":48,"heart_rate_max":50,"heart_rate_min":46,"start_time":1700756460000,"end_time":1700756519000},{"heart_rate":48,"heart_rate_max":50,"heart_rate_min":46,"start_time":1700756400000,"end_time":1700756459000},{"heart_rate":50,"heart_rate_max":54,"heart_rate_min":48,"start_time":1700756340000,"end_time":1700756399000},{"heart_rate":50,"heart_rate_max":55,"heart_rate_min":47,"start_time":1700756280000,"end_time":1700756339000},{"heart_rate":49,"heart_rate_max":55,"heart_rate_min":47,"start_time":1700756220000,"end_time":1700756279000},{"heart_rate":50,"heart_rate_max":55,"heart_rate_min":48,"start_time":1700756160000,"end_time":1700756219000},{"heart_rate":51,"heart_rate_max":56,"heart_rate_min":49,"start_time":1700756100000,"end_time":1700756159000},{"heart_rate":53,"heart_rate_max":57,"heart_rate_min":50,"start_time":1700756040000,"end_time":1700756099000},{"heart_rate":50,"heart_rate_max":52,"heart_rate_min":49,"start_time":1700755980000,"end_time":1700756039000},{"heart_rate":50,"heart_rate_max":52,"heart_rate_min":50,"start_time":1700755920000,"end_time":1700755979000},{"heart_rate":50,"heart_rate_max":52,"heart_rate_min":49,"start_time":1700755860000,"end_time":1700755919000},{"heart_rate":49,"heart_rate_max":51,"heart_rate_min":49,"start_time":1700755800000,"end_time":1700755859000},{"heart_rate":49,"heart_rate_max":51,"heart_rate_min":48,"start_time":1700755740000,"end_time":1700755799000},{"heart_rate":56,"heart_rate_max":68,"heart_rate_min":50,"start_time":1700755680000,"end_time":1700755739000},{"heart_rate":50,"heart_rate_max":56,"heart_rate_min":48,"start_time":1700755620000,"end_time":1700755679000},{"heart_rate":49,"heart_rate_max":53,"heart_rate_min":48,"start_time":1700755560000,"end_time":1700755619000},{"heart_rate":48,"heart_rate_max":51,"heart_rate_min":46,"start_time":1700755500000,"end_time":1700755559000},{"heart_rate":50,"heart_rate_max":54,"heart_rate_min":49,"start_time":1700755440000,"end_time":1700755499000},{"heart_rate":49,"heart_rate_max":51,"heart_rate_min":48,"start_time":1700755380000,"end_time":1700755439000},{"heart_rate":48,"heart_rate_max":50,"heart_rate_min":47,"start_time":1700755320000,"end_time":1700755379000},{"heart_rate":49,"heart_rate_max":51,"heart_rate_min":46,"start_time":1700755260000,"end_time":1700755319000},{"heart_rate":49,"heart_rate_max":51,"heart_rate_min":48,"start_time":1700755200000,"end_time":1700755259000}]