[{"heart_rate":72,"heart_rate_max":75,"heart_rate_min":70,"start_time":1700715540000,"end_time":1700715599000},{"heart_rate":78,"heart_rate_max":83,"heart_rate_min":71,"start_time":1700715480000,"end_time":1700715539000},{"heart_rate":70,"heart_rate_max":79,"heart_rate_min":67,"start_time":1700715420000,"end_time":1700715479000},{"heart_rate":70,"heart_rate_max":73,"heart_rate_min":67,"start_time":1700715360000,"end_time":1700715419000},{"heart_rate":69,"heart_rate_max":72,"heart_rate_min":65,"start_time":1700715300000,"end_time":1700715359000},{"heart_rate":72,"heart_rate_max":78,"heart_rate_min":69,"start_time":1700715240000,"end_time":1700715299000},{"heart_rate":75,"heart_rate_max":80,"heart_rate_min":72,"start_time":1700715180000,"end_time":1700715239000},{"heart_rate":72,"heart_rate_max":75,"heart_rate_min":69,"start_time":1700715120000,"end_time":1700715179000},{"heart_rate":72,"heart_rate_max":75,"heart_rate_min":70,"start_time":1700715060000,"end_time":1700715119000},{"heart_rate":75,"heart_rate_max":83,"heart_rate_min":70,"start_time":1700715000000,"end_time":1700715059000},{"heart_rate":74,"heart_rate_max":81,"heart_rate_min":69,"start_time":1700714940000,"end_time":1700714999000},{"heart_rate":75,"heart_rate_max":78,"heart_rate_min":73,"start_time":1700714880000,"end_time":1700714939000},{"heart_rate":73,"heart_rate_max":79,"heart_rate_min":70,"start_time":1700714820000,"end_time":1700714879000},{"heart_rate":74,"heart_rate_max":78,"heart_rate_min":71,"start_time":1700714760000,"end_time":1700714819000},{"heart_rate":76,"heart_rate_max":81,"heart_rate_min":74,"start_time":1700714700000,"end_time":1700714759000},{"heart_rate":72,"heart_rate_max":75,"heart_rate_min":72,"start_time":1700714640000,"end_time":1700714699000},{"heart_rate":74,"heart_rate_max":79,"heart_rate_min":71,"start_time":1700714580000,"end_time":1700714639000},{"heart_rate":77,"heart_rate_max":85,"heart_rate_min":73,"start_time":1700714520000,"end_time":1700714579000},{"heart_rate":81,"heart_rate_max":86,"heart_rate_min":78,"start_time":1700714460000,"end_time":1700714519000},{"heart_rate":93,"heart_rate_max":96,"heart_rate_min":91,"start_time":1700714400000,"end_time":1700714459000},{"heart_rate":89,"heart_rate_max":95,"heart_rate_min":79,"start_time":1700714340000,"end_time":1700714399000},{"heart_rate":77,"heart_rate_max":78,"heart_rate_min":70,"start_time":1700714280000,"end_time":1700714339000},{"heart_rate":77,"heart_rate_max":99,"heart_rate_min":65,"start_time":1700714220000,"end_time":1700714279000},{"heart_rate":97,"heart_rate_max":99,"heart_rate_min":96,"start_time":1700714160000,"end_time":1700714219000},{"heart_rate":96,"heart_rate_max":97,"heart_rate_min":82,"start_time":1700714100000,"end_time":1700714159000},{"heart_rate":84,"heart_rate_max":87,"heart_rate_min":82,"start_time":1700714040000,"end_time":1700714099000},{"heart_rate":79,"heart_rate_max":87,"heart_rate_min":72,"start_time":1700713980000,"end_time":1700714039000},{"heart_rate":69,"heart_rate_max":77,"heart_rate_min":65,"start_time":1700713920000,"end_time":1700713979000},{"heart_rate":65,"heart_rate_max":68,"heart_rate_min":63,"start_time":1700713860000,"end_time":1700713919000},{"heart_rate":65,"heart_rate_max":67,"heart_rate_min":62,"start_time":1700713800000,"end_time":1700713859000},{"heart_rate":65,"heart_rate_max":71,"heart_rate_min":63,"start_time":1700713740000,"end_time":1700713799000},{"heart_rate":64,"heart_rate_max":67,"heart_rate_min":63,"start_time":1700713680000,"end_time":1700713739000},{"heart_rate":65,"heart_rate_max":68,"heart_rate_min":63,"start_time":1700713620000,"end_time":1700713679000},{"heart_rate":66,"heart_rate_max":68,"heart_rate_min":65,"start_time":1700713560000,"end_time":1700713619000},{"heart_rate":66,"heart_rate_max":73,"heart_rate_min":63,"start_time":1700713500000,"end_time":1700713559000},{"heart_rate":65,"heart_rate_max":73,"heart_rate_min":63,"start_time":1700713440000,"end_time":1700713499000},{"heart_rate":65,"heart_rate_max":70,"heart_rate_min":58,"start_time":1700713380000,"end_time":1700713439000},{"heart_rate":64,"heart_rate_max":69,"heart_rate_min":62,"start_time":1700713320000,"end_time":1700713379000},{"heart_rate":65,"heart_rate_max":67,"heart_rate_min":63,"start_time":1700713260000,"end_time":1700713319000},{"heart_rate":65,"heart_rate_max":71,"heart_rate_min":62,"start_time":1700713200000,"end_time":1700713259000},{"heart_rate":65,"heart_rate_max":71,"heart_rate_min":61,"start_time":1700713140000,"end_time":1700713199000},{"heart_rate":65,"heart_rate_max":70,"heart_rate_min":63,"start_time":1700713080000,"end_time":1700713139000},{"heart_rate":67,"heart_rate_max":71,"heart_rate_min":64,"start_time":1700713020000,"end_time":1700713079000},{"heart_rate":69,"heart_rate_max":72,"heart_rate_min":66,"start_time":1700712960000,"end_time":1700713019000},{"heart_rate":67,"heart_rate_max":69,"heart_rate_min":66,"start_time":1700712900000,"end_time":1700712959000},{"heart_rate":65,"heart_rate_max":68,"heart_rate_min":64,"start_time":1700712840000,"end_time":1700712899000},{"heart_rate":67,"heart_rate_max":73,"heart_rate_min":63,"start_time":1700712780000,"end_time":1700712839000},{"heart_rate":65,"heart_rate_max":69,"heart_rate_min":63,"start_time":1700712720000,"end_time":1700712779000},{"heart_rate":66,"heart_rate_max":69,"heart_rate_min":65,"start_time":1700712660000,"end_time":1700712719000},{"heart_rate":70,"heart_rate_max":79,"heart_rate_min":65,"start_time":1700712600000,"end_time":1700712659000},{"heart_rate":73,"heart_rate_max":83,"heart_rate_min":68,"start_time":1700712540000,"end_time":1700712599000},{"heart_rate":68,"heart_rate_max":73,"heart_rate_min":66,"start_time":1700712480000,"end_time":1700712539000},{"heart_rate":68,"heart_rate_max":73,"heart_rate_min":64,"start_time":1700712420000,"end_time":1700712479000},{"heart_rate":67,"heart_rate_max":74,"heart_rate_min":64,"start_time":1700712360000,"end_time":1700712419000},{"heart_rate":68,"heart_rate_max":79,"heart_rate_min":64,"start_time":1700712300000,"end_time":1700712359000},{"heart_rate":66,"heart_rate_max":71,"heart_rate_min":64,"start_time":1700712240000,"end_time":1700712299000},{"heart_rate":68,"heart_rate_max":80,"heart_rate_min":63,"start_time":1700712180000,"end_time":1700712239000},{"heart_rate":65,"heart_rate_max":70,"heart_rate_min":61,"start_time":1700712120000,"end_time":1700712179000},{"heart_rate":64,"heart_rate_max":67,"heart_rate_min":63,"start_time":1700712060000,"end_time":1700712119000},{"heart_rate":63,"heart_rate_max":65,"heart_rate_min":63,"start_time":1700712000000,"end_time":1700712059000}]