[{"heart_rate":73,"heart_rate_max":76,"heart_rate_min":72,"start_time":1701328920000,"end_time":1701328979000},{"heart_rate":79,"heart_rate_max":88,"heart_rate_min":74,"start_time":1701328860000,"end_time":1701328919000},{"heart_rate":75,"heart_rate_max":80,"heart_rate_min":72,"start_time":1701328800000,"end_time":1701328859000},{"heart_rate":77,"heart_rate_max":86,"heart_rate_min":72,"start_time":1701328740000,"end_time":1701328799000},{"heart_rate":79,"heart_rate_max":84,"heart_rate_min":75,"start_time":1701328680000,"end_time":1701328739000},{"heart_rate":75,"heart_rate_max":79,"heart_rate_min":70,"start_time":1701328620000,"end_time":1701328679000},{"heart_rate":75,"heart_rate_max":82,"heart_rate_min":70,"start_time":1701328560000,"end_time":1701328619000},{"heart_rate":76,"heart_rate_max":81,"heart_rate_min":72,"start_time":1701328500000,"end_time":1701328559000},{"heart_rate":79,"heart_rate_max":87,"heart_rate_min":73,"start_time":1701328440000,"end_time":1701328499000},{"heart_rate":73,"heart_rate_max":77,"heart_rate_min":72,"start_time":1701328380000,"end_time":1701328439000},{"heart_rate":77,"heart_rate_max":82,"heart_rate_min":72,"start_time":1701328320000,"end_time":1701328379000},{"heart_rate":78,"heart_rate_max":84,"heart_rate_min":74,"start_time":1701328260000,"end_time":1701328319000},{"heart_rate":75,"heart_rate_max":82,"heart_rate_min":63,"start_time":1701328200000,"end_time":1701328259000},{"heart_rate":68,"heart_rate_max":72,"heart_rate_min":65,"start_time":1701328140000,"end_time":1701328199000},{"heart_rate":71,"heart_rate_max":75,"heart_rate_min":67,"start_time":1701328080000,"end_time":1701328139000},{"heart_rate":71,"heart_rate_max":79,"heart_rate_min":67,"start_time":1701328020000,"end_time":1701328079000},{"heart_rate":71,"heart_rate_max":79,"heart_rate_min":69,"start_time":1701327960000,"end_time":1701328019000}]