[{"heart_rate":55,"heart_rate_max":56,"heart_rate_min":53,"start_time":1700744340000,"end_time":1700744399000},{"heart_rate":55,"heart_rate_max":57,"heart_rate_min":54,"start_time":1700744280000,"end_time":1700744339000},{"heart_rate":56,"heart_rate_max":57,"heart_rate_min":55,"start_time":1700744220000,"end_time":1700744279000},{"heart_rate":57,"heart_rate_max":58,"heart_rate_min":55,"start_time":1700744160000,"end_time":1700744219000},{"heart_rate":58,"heart_rate_max":61,"heart_rate_min":57,"start_time":1700744100000,"end_time":1700744159000},{"heart_rate":59,"heart_rate_max":62,"heart_rate_min":58,"start_time":1700744040000,"end_time":1700744099000},{"heart_rate":64,"heart_rate_max":67,"heart_rate_min":62,"start_time":1700743980000,"end_time":1700744039000},{"heart_rate":64,"heart_rate_max":68,"heart_rate_min":63,"start_time":1700743920000,"end_time":1700743979000},{"heart_rate":87,"heart_rate_max":92,"heart_rate_min":75,"start_time":1700743860000,"end_time":1700743919000},{"heart_rate":80,"heart_rate_max":87,"heart_rate_min":75,"start_time":1700743800000,"end_time":1700743859000},{"heart_rate":75,"heart_rate_max":79,"heart_rate_min":73,"start_time":1700743740000,"end_time":1700743799000},{"heart_rate":77,"heart_rate_max":80,"heart_rate_min":74,"start_time":1700743680000,"end_time":1700743739000},{"heart_rate":71,"heart_rate_max":75,"heart_rate_min":65,"start_time":1700743620000,"end_time":1700743679000},{"heart_rate":71,"heart_rate_max":76,"heart_rate_min":68,"start_time":1700743560000,"end_time":1700743619000},{"heart_rate":71,"heart_rate_max":73,"heart_rate_min":69,"start_time":1700743500000,"end_time":1700743559000},{"heart_rate":76,"heart_rate_max":82,"heart_rate_min":70,"start_time":1700743440000,"end_time":1700743499000},{"heart_rate":75,"heart_rate_max":85,"heart_rate_min":70,"start_time":1700743380000,"end_time":1700743439000},{"heart_rate":63,"heart_rate_max":72,"heart_rate_min":58,"start_time":1700743320000,"end_time":1700743379000},{"heart_rate":58,"heart_rate_max":61,"heart_rate_min":56,"start_time":1700743260000,"end_time":1700743319000},{"heart_rate":60,"heart_rate_max":65,"heart_rate_min":59,"start_time":1700743200000,"end_time":1700743259000},{"heart_rate":60,"heart_rate_max":65,"heart_rate_min":59,"start_time":1700743140000,"end_time":1700743199000},{"heart_rate":60,"heart_rate_max":63,"heart_rate_min":60,"start_time":1700743080000,"end_time":1700743139000},{"heart_rate":60,"heart_rate_max":62,"heart_rate_min":60,"start_time":1700743020000,"end_time":1700743079000},{"heart_rate":62,"heart_rate_max":65,"heart_rate_min":61,"start_time":1700742960000,"end_time":1700743019000},{"heart_rate":62,"heart_rate_max":65,"heart_rate_min":60,"start_time":1700742900000,"end_time":1700742959000},{"heart_rate":64,"heart_rate_max":70,"heart_rate_min":61,"start_time":1700742840000,"end_time":1700742899000},{"heart_rate":61,"heart_rate_max":66,"heart_rate_min":60,"start_time":1700742780000,"end_time":1700742839000},{"heart_rate":62,"heart_rate_max":64,"heart_rate_min":61,"start_time":1700742720000,"end_time":1700742779000},{"heart_rate":61,"heart_rate_max":65,"heart_rate_min":58,"start_time":1700742660000,"end_time":1700742719000},{"heart_rate":65,"heart_rate_max":72,"heart_rate_min":58,"start_time":1700742600000,"end_time":1700742659000},{"heart_rate":64,"heart_rate_max":67,"heart_rate_min":63,"start_time":1700742540000,"end_time":1700742599000},{"heart_rate":64,"heart_rate_max":67,"heart_rate_min":62,"start_time":1700742480000,"end_time":1700742539000},{"heart_rate":63,"heart_rate_max":67,"heart_rate_min":61,"start_time":1700742420000,"end_time":1700742479000},{"heart_rate":62,"heart_rate_max":65,"heart_rate_min":61,"start_time":1700742360000,"end_time":1700742419000},{"heart_rate":62,"heart_rate_max":65,"heart_rate_min":60,"start_time":1700742300000,"end_time":1700742359000},{"heart_rate":62,"heart_rate_max":65,"heart_rate_min":60,"start_time":1700742240000,"end_time":1700742299000},{"heart_rate":61,"heart_rate_max":67,"heart_rate_min":60,"start_time":1700742180000,"end_time":1700742239000},{"heart_rate":64,"heart_rate_max":68,"heart_rate_min":61,"start_time":1700742120000,"end_time":1700742179000},{"heart_rate":62,"heart_rate_max":65,"heart_rate_min":60,"start_time":1700742060000,"end_time":1700742119000},{"heart_rate":63,"heart_rate_max":65,"heart_rate_min":62,"start_time":1700742000000,"end_time":1700742059000},{"heart_rate":64,"heart_rate_max":68,"heart_rate_min":62,"start_time":1700741940000,"end_time":1700741999000},{"heart_rate":65,"heart_rate_max":70,"heart_rate_min":64,"start_time":1700741880000,"end_time":1700741939000},{"heart_rate":65,"heart_rate_max":72,"heart_rate_min":63,"start_time":1700741820000,"end_time":1700741879000},{"heart_rate":62,"heart_rate_max":73,"heart_rate_min":59,"start_time":1700741760000,"end_time":1700741819000},{"heart_rate":61,"heart_rate_max":64,"heart_rate_min":60,"start_time":1700741700000,"end_time":1700741759000},{"heart_rate":64,"heart_rate_max":68,"heart_rate_min":60,"start_time":1700741640000,"end_time":1700741699000},{"heart_rate":68,"heart_rate_max":77,"heart_rate_min":63,"start_time":1700741580000,"end_time":1700741639000},{"heart_rate":63,"heart_rate_max":65,"heart_rate_min":63,"start_time":1700741520000,"end_time":1700741579000},{"heart_rate":64,"heart_rate_max":65,"heart_rate_min":64,"start_time":1700741460000,"end_time":1700741519000},{"heart_rate":65,"heart_rate_max":67,"heart_rate_min":64,"start_time":1700741400000,"end_time":1700741459000},{"heart_rate":65,"heart_rate_max":66,"heart_rate_min":64,"start_time":1700741340000,"end_time":1700741399000},{"heart_rate":65,"heart_rate_max":66,"heart_rate_min":64,"start_time":1700741280000,"end_time":1700741339000},{"heart_rate":65,"heart_rate_max":66,"heart_rate_min":64,"start_time":1700741220000,"end_time":1700741279000},{"heart_rate":64,"heart_rate_max":68,"heart_rate_min":55,"start_time":1700741160000,"end_time":1700741219000},{"heart_rate":65,"heart_rate_max":67,"heart_rate_min":64,"start_time":1700741100000,"end_time":1700741159000},{"heart_rate":66,"heart_rate_max":67,"heart_rate_min":65,"start_time":1700741040000,"end_time":1700741099000},{"heart_rate":65,"heart_rate_max":67,"heart_rate_min":65,"start_time":1700740980000,"end_time":1700741039000},{"heart_rate":66,"heart_rate_max":68,"heart_rate_min":65,"start_time":1700740920000,"end_time":1700740979000},{"heart_rate":66,"heart_rate_max":67,"heart_rate_min":66,"start_time":1700740860000,"end_time":1700740919000},{"heart_rate":71,"heart_rate_max":73,"heart_rate_min":68,"start_time":1700740800000,"end_time":1700740859000}]