[{"heart_rate":56,"heart_rate_max":57,"heart_rate_min":55,"start_time":1700668740000,"end_time":1700668799000},{"heart_rate":56,"heart_rate_max":58,"heart_rate_min":55,"start_time":1700668680000,"end_time":1700668739000},{"heart_rate":55,"heart_rate_max":57,"heart_rate_min":53,"start_time":1700668620000,"end_time":1700668679000},{"heart_rate":54,"heart_rate_max":56,"heart_rate_min":53,"start_time":1700668560000,"end_time":1700668619000},{"heart_rate":54,"heart_rate_max":56,"heart_rate_min":53,"start_time":1700668500000,"end_time":1700668559000},{"heart_rate":55,"heart_rate_max":60,"heart_rate_min":53,"start_time":1700668440000,"end_time":1700668499000},{"heart_rate":54,"heart_rate_max":56,"heart_rate_min":53,"start_time":1700668380000,"end_time":1700668439000},{"heart_rate":54,"heart_rate_max":58,"heart_rate_min":53,"start_time":1700668320000,"end_time":1700668379000},{"heart_rate":56,"heart_rate_max":59,"heart_rate_min":55,"start_time":1700668260000,"end_time":1700668319000},{"heart_rate":56,"heart_rate_max":57,"heart_rate_min":55,"start_time":1700668200000,"end_time":1700668259000},{"heart_rate":56,"heart_rate_max":57,"heart_rate_min":55,"start_time":1700668140000,"end_time":1700668199000},{"heart_rate":56,"heart_rate_max":57,"heart_rate_min":56,"start_time":1700668080000,"end_time":1700668139000},{"heart_rate":56,"heart_rate_max":57,"heart_rate_min":55,"start_time":1700668020000,"end_time":1700668079000},{"heart_rate":56,"heart_rate_max":58,"heart_rate_min":55,"start_time":1700667960000,"end_time":1700668019000},{"heart_rate":56,"heart_rate_max":58,"heart_rate_min":55,"start_time":1700667900000,"end_time":1700667959000},{"heart_rate":56,"heart_rate_max":57,"heart_rate_min":56,"start_time":1700667840000,"end_time":1700667899000},{"heart_rate":55,"heart_rate_max":57,"heart_rate_min":54,"start_time":1700667780000,"end_time":1700667839000},{"heart_rate":56,"heart_rate_max":58,"heart_rate_min":55,"start_time":1700667720000,"end_time":1700667779000},{"heart_rate":55,"heart_rate_max":57,"heart_rate_min":54,"start_time":1700667660000,"end_time":1700667719000},{"heart_rate":56,"heart_rate_max":57,"heart_rate_min":55,"start_time":1700667600000,"end_time":1700667659000},{"heart_rate":55,"heart_rate_max":57,"heart_rate_min":55,"start_time":1700667540000,"end_time":1700667599000},{"heart_rate":55,"heart_rate_max":57,"heart_rate_min":55,"start_time":1700667480000,"end_time":1700667539000},{"heart_rate":56,"heart_rate_max":59,"heart_rate_min":56,"start_time":1700667420000,"end_time":1700667479000},{"heart_rate":56,"heart_rate_max":57,"heart_rate_min":55,"start_time":1700667360000,"end_time":1700667419000},{"heart_rate":56,"heart_rate_max":58,"heart_rate_min":54,"start_time":1700667300000,"end_time":1700667359000},{"heart_rate":57,"heart_rate_max":58,"heart_rate_min":56,"start_time":1700667240000,"end_time":1700667299000},{"heart_rate":57,"heart_rate_max":58,"heart_rate_min":57,"start_time":1700667180000,"end_time":1700667239000},{"heart_rate":58,"heart_rate_max":59,"heart_rate_min":58,"start_time":1700667120000,"end_time":1700667179000},{"heart_rate":57,"heart_rate_max":59,"heart_rate_min":57,"start_time":1700667060000,"end_time":1700667119000},{"heart_rate":58,"heart_rate_max":59,"heart_rate_min":58,"start_time":1700667000000,"end_time":1700667059000},{"heart_rate":58,"heart_rate_max":60,"heart_rate_min":57,"start_time":1700666940000,"end_time":1700666999000},{"heart_rate":58,"heart_rate_max":60,"heart_rate_min":57,"start_time":1700666880000,"end_time":1700666939000},{"heart_rate":57,"heart_rate_max":58,"heart_rate_min":56,"start_time":1700666820000,"end_time":1700666879000},{"heart_rate":56,"heart_rate_max":57,"heart_rate_min":56,"start_time":1700666760000,"end_time":1700666819000},{"heart_rate":57,"heart_rate_max":58,"heart_rate_min":56,"start_time":1700666700000,"end_time":1700666759000},{"heart_rate":55,"heart_rate_max":56,"heart_rate_min":54,"start_time":1700666640000,"end_time":1700666699000},{"heart_rate":54,"heart_rate_max":56,"heart_rate_min":53,"start_time":1700666580000,"end_time":1700666639000},{"heart_rate":54,"heart_rate_max":58,"heart_rate_min":53,"start_time":1700666520000,"end_time":1700666579000},{"heart_rate":54,"heart_rate_max":57,"heart_rate_min":53,"start_time":1700666460000,"end_time":1700666519000},{"heart_rate":56,"heart_rate_max":57,"heart_rate_min":54,"start_time":1700666400000,"end_time":1700666459000},{"heart_rate":53,"heart_rate_max":56,"heart_rate_min":53,"start_time":1700666340000,"end_time":1700666399000},{"heart_rate":52,"heart_rate_max":54,"heart_rate_min":52,"start_time":1700666280000,"end_time":1700666339000},{"heart_rate":52,"heart_rate_max":53,"heart_rate_min":51,"start_time":1700666220000,"end_time":1700666279000},{"heart_rate":51,"heart_rate_max":53,"heart_rate_min":51,"start_time":1700666160000,"end_time":1700666219000},{"heart_rate":51,"heart_rate_max":53,"heart_rate_min":51,"start_time":1700666100000,"end_time":1700666159000},{"heart_rate":52,"heart_rate_max":53,"heart_rate_min":51,"start_time":1700666040000,"end_time":1700666099000},{"heart_rate":52,"heart_rate_max":56,"heart_rate_min":51,"start_time":1700665980000,"end_time":1700666039000},{"heart_rate":54,"heart_rate_max":57,"heart_rate_min":53,"start_time":1700665920000,"end_time":1700665979000},{"heart_rate":56,"heart_rate_max":57,"heart_rate_min":54,"start_time":1700665860000,"end_time":1700665919000},{"heart_rate":58,"heart_rate_max":60,"heart_rate_min":56,"start_time":1700665800000,"end_time":1700665859000},{"heart_rate":55,"heart_rate_max":58,"heart_rate_min":53,"start_time":1700665740000,"end_time":1700665799000},{"heart_rate":57,"heart_rate_max":59,"heart_rate_min":56,"start_time":1700665680000,"end_time":1700665739000},{"heart_rate":60,"heart_rate_max":62,"heart_rate_min":59,"start_time":1700665620000,"end_time":1700665679000},{"heart_rate":60,"heart_rate_max":62,"heart_rate_min":60,"start_time":1700665560000,"end_time":1700665619000},{"heart_rate":61,"heart_rate_max":63,"heart_rate_min":60,"start_time":1700665500000,"end_time":1700665559000},{"heart_rate":56,"heart_rate_max":60,"heart_rate_min":52,"start_time":1700665440000,"end_time":1700665499000},{"heart_rate":51,"heart_rate_max":52,"heart_rate_min":50,"start_time":1700665380000,"end_time":1700665439000},{"heart_rate":52,"heart_rate_max":55,"heart_rate_min":51,"start_time":1700665320000,"end_time":1700665379000},{"heart_rate":51,"heart_rate_max":54,"heart_rate_min":49,"start_time":1700665260000,"end_time":1700665319000},{"heart_rate":51,"heart_rate_max":54,"heart_rate_min":50,"start_time":1700665200000,"end_time":1700665259000}]