[{"heart_rate":76,"heart_rate_max":78,"heart_rate_min":76,"start_time":1700963940000,"end_time":1700963999000},{"heart_rate":75,"heart_rate_max":79,"heart_rate_min":73,"start_time":1700963880000,"end_time":1700963939000},{"heart_rate":75,"heart_rate_max":79,"heart_rate_min":73,"start_time":1700963820000,"end_time":1700963879000},{"heart_rate":77,"heart_rate_max":81,"heart_rate_min":76,"start_time":1700963760000,"end_time":1700963819000},{"heart_rate":77,"heart_rate_max":80,"heart_rate_min":76,"start_time":1700963700000,"end_time":1700963759000},{"heart_rate":80,"heart_rate_max":87,"heart_rate_min":74,"start_time":1700963640000,"end_time":1700963699000},{"heart_rate":88,"heart_rate_max":100,"heart_rate_min":83,"start_time":1700963580000,"end_time":1700963639000},{"heart_rate":79,"heart_rate_max":84,"heart_rate_min":77,"start_time":1700963520000,"end_time":1700963579000},{"heart_rate":88,"heart_rate_max":94,"heart_rate_min":82,"start_time":1700963460000,"end_time":1700963519000},{"heart_rate":93,"heart_rate_max":94,"heart_rate_min":85,"start_time":1700963400000,"end_time":1700963459000},{"heart_rate":93,"heart_rate_max":100,"heart_rate_min":87,"start_time":1700963340000,"end_time":1700963399000},{"heart_rate":88,"heart_rate_max":93,"heart_rate_min":86,"start_time":1700963280000,"end_time":1700963339000},{"heart_rate":87,"heart_rate_max":92,"heart_rate_min":86,"start_time":1700963220000,"end_time":1700963279000},{"heart_rate":93,"heart_rate_max":94,"heart_rate_min":92,"start_time":1700963160000,"end_time":1700963219000},{"heart_rate":90,"heart_rate_max":92,"heart_rate_min":87,"start_time":1700963100000,"end_time":1700963159000},{"heart_rate":88,"heart_rate_max":93,"heart_rate_min":86,"start_time":1700963040000,"end_time":1700963099000},{"heart_rate":88,"heart_rate_max":92,"heart_rate_min":85,"start_time":1700962980000,"end_time":1700963039000},{"heart_rate":88,"heart_rate_max":94,"heart_rate_min":85,"start_time":1700962920000,"end_time":1700962979000}]