[{"heart_rate":63,"heart_rate_max":67,"heart_rate_min":55,"start_time":1700830680000,"end_time":1700830739000},{"heart_rate":66,"heart_rate_max":68,"heart_rate_min":65,"start_time":1700830620000,"end_time":1700830679000},{"heart_rate":65,"heart_rate_max":67,"heart_rate_min":64,"start_time":1700830560000,"end_time":1700830619000},{"heart_rate":67,"heart_rate_max":72,"heart_rate_min":64,"start_time":1700830500000,"end_time":1700830559000},{"heart_rate":66,"heart_rate_max":72,"heart_rate_min":63,"start_time":1700830440000,"end_time":1700830499000},{"heart_rate":65,"heart_rate_max":68,"heart_rate_min":62,"start_time":1700830380000,"end_time":1700830439000},{"heart_rate":69,"heart_rate_max":74,"heart_rate_min":66,"start_time":1700830320000,"end_time":1700830379000},{"heart_rate":68,"heart_rate_max":70,"heart_rate_min":67,"start_time":1700830260000,"end_time":1700830319000},{"heart_rate":72,"heart_rate_max":78,"heart_rate_min":68,"start_time":1700830200000,"end_time":1700830259000},{"heart_rate":71,"heart_rate_max":83,"heart_rate_min":64,"start_time":1700830140000,"end_time":1700830199000},{"heart_rate":63,"heart_rate_max":68,"heart_rate_min":60,"start_time":1700830080000,"end_time":1700830139000},{"heart_rate":64,"heart_rate_max":71,"heart_rate_min":61,"start_time":1700830020000,"end_time":1700830079000},{"heart_rate":65,"heart_rate_max":67,"heart_rate_min":63,"start_time":1700829960000,"end_time":1700830019000},{"heart_rate":69,"heart_rate_max":78,"heart_rate_min":62,"start_time":1700829900000,"end_time":1700829959000},{"heart_rate":72,"heart_rate_max":81,"heart_rate_min":65,"start_time":1700829840000,"end_time":1700829899000},{"heart_rate":77,"heart_rate_max":81,"heart_rate_min":74,"start_time":1700829780000,"end_time":1700829839000},{"heart_rate":67,"heart_rate_max":77,"heart_rate_min":60,"start_time":1700829720000,"end_time":1700829779000},{"heart_rate":61,"heart_rate_max":64,"heart_rate_min":60,"start_time":1700829660000,"end_time":1700829719000},{"heart_rate":61,"heart_rate_max":65,"heart_rate_min":58,"start_time":1700829600000,"end_time":1700829659000},{"heart_rate":61,"heart_rate_max":63,"heart_rate_min":60,"start_time":1700829540000,"end_time":1700829599000},{"heart_rate":59,"heart_rate_max":67,"heart_rate_min":57,"start_time":1700829480000,"end_time":1700829539000},{"heart_rate":63,"heart_rate_max":66,"heart_rate_min":60,"start_time":1700829420000,"end_time":1700829479000},{"heart_rate":61,"heart_rate_max":62,"heart_rate_min":60,"start_time":1700829360000,"end_time":1700829419000},{"heart_rate":60,"heart_rate_max":63,"heart_rate_min":59,"start_time":1700829300000,"end_time":1700829359000},{"heart_rate":61,"heart_rate_max":73,"heart_rate_min":59,"start_time":1700829240000,"end_time":1700829299000},{"heart_rate":68,"heart_rate_max":78,"heart_rate_min":62,"start_time":1700829180000,"end_time":1700829239000},{"heart_rate":62,"heart_rate_max":63,"heart_rate_min":60,"start_time":1700829120000,"end_time":1700829179000},{"heart_rate":61,"heart_rate_max":65,"heart_rate_min":59,"start_time":1700829060000,"end_time":1700829119000},{"heart_rate":61,"heart_rate_max":64,"heart_rate_min":60,"start_time":1700829000000,"end_time":1700829059000},{"heart_rate":62,"heart_rate_max":69,"heart_rate_min":60,"start_time":1700828940000,"end_time":1700828999000},{"heart_rate":59,"heart_rate_max":62,"heart_rate_min":57,"start_time":1700828880000,"end_time":1700828939000},{"heart_rate":57,"heart_rate_max":60,"heart_rate_min":56,"start_time":1700828820000,"end_time":1700828879000},{"heart_rate":60,"heart_rate_max":66,"heart_rate_min":58,"start_time":1700828760000,"end_time":1700828819000},{"heart_rate":60,"heart_rate_max":65,"heart_rate_min":58,"start_time":1700828700000,"end_time":1700828759000},{"heart_rate":60,"heart_rate_max":62,"heart_rate_min":59,"start_time":1700828640000,"end_time":1700828699000},{"heart_rate":60,"heart_rate_max":63,"heart_rate_min":58,"start_time":1700828580000,"end_time":1700828639000},{"heart_rate":59,"heart_rate_max":61,"heart_rate_min":57,"start_time":1700828520000,"end_time":1700828579000},{"heart_rate":60,"heart_rate_max":63,"heart_rate_min":58,"start_time":1700828460000,"end_time":1700828519000},{"heart_rate":61,"heart_rate_max":63,"heart_rate_min":59,"start_time":1700828400000,"end_time":1700828459000},{"heart_rate":61,"heart_rate_max":62,"heart_rate_min":60,"start_time":1700828340000,"end_time":1700828399000},{"heart_rate":61,"heart_rate_max":65,"heart_rate_min":59,"start_time":1700828280000,"end_time":1700828339000},{"heart_rate":62,"heart_rate_max":63,"heart_rate_min":62,"start_time":1700828220000,"end_time":1700828279000},{"heart_rate":62,"heart_rate_max":63,"heart_rate_min":61,"start_time":1700828160000,"end_time":1700828219000},{"heart_rate":61,"heart_rate_max":63,"heart_rate_min":61,"start_time":1700828100000,"end_time":1700828159000},{"heart_rate":62,"heart_rate_max":64,"heart_rate_min":61,"start_time":1700828040000,"end_time":1700828099000},{"heart_rate":63,"heart_rate_max":66,"heart_rate_min":62,"start_time":1700827980000,"end_time":1700828039000},{"heart_rate":63,"heart_rate_max":64,"heart_rate_min":62,"start_time":1700827920000,"end_time":1700827979000},{"heart_rate":63,"heart_rate_max":64,"heart_rate_min":62,"start_time":1700827860000,"end_time":1700827919000},{"heart_rate":64,"heart_rate_max":66,"heart_rate_min":64,"start_time":1700827800000,"end_time":1700827859000},{"heart_rate":64,"heart_rate_max":66,"heart_rate_min":60,"start_time":1700827740000,"end_time":1700827799000},{"heart_rate":65,"heart_rate_max":69,"heart_rate_min":64,"start_time":1700827680000,"end_time":1700827739000},{"heart_rate":65,"heart_rate_max":72,"heart_rate_min":61,"start_time":1700827620000,"end_time":1700827679000},{"heart_rate":69,"heart_rate_max":80,"heart_rate_min":63,"start_time":1700827560000,"end_time":1700827619000},{"heart_rate":75,"heart_rate_max":90,"heart_rate_min":69,"start_time":1700827500000,"end_time":1700827559000},{"heart_rate":76,"heart_rate_max":82,"heart_rate_min":68,"start_time":1700827440000,"end_time":1700827499000},{"heart_rate":75,"heart_rate_max":80,"heart_rate_min":72,"start_time":1700827380000,"end_time":1700827439000},{"heart_rate":72,"heart_rate_max":77,"heart_rate_min":67,"start_time":1700827320000,"end_time":1700827379000},{"heart_rate":72,"heart_rate_max":81,"heart_rate_min":70,"start_time":1700827260000,"end_time":1700827319000},{"heart_rate":79,"heart_rate_max":84,"heart_rate_min":74,"start_time":1700827200000,"end_time":1700827259000}]