[{"score":0,"score_max":2,"score_min":0,"flag":1,"level":1,"start_time":1700809140000,"end_time":1700809199000},{"score":10,"score_max":25,"score_min":2,"flag":1,"level":1,"start_time":1700809080000,"end_time":1700809139000},{"score":5,"score_max":13,"score_min":1,"flag":1,"level":1,"start_time":1700809020000,"end_time":1700809079000},{"score":29,"score_max":60,"score_min":7,"flag":1,"level":1,"start_time":1700808960000,"end_time":1700809019000},{"score":75,"score_max":86,"score_min":54,"flag":1,"level":0,"start_time":1700808900000,"end_time":1700808959000},{"score":20,"score_max":52,"score_min":1,"flag":1,"level":1,"start_time":1700808840000,"end_time":1700808899000},{"score":0,"score_max":1,"score_min":0,"flag":1,"level":1,"start_time":1700808780000,"end_time":1700808839000},{"score":0,"score_max":1,"score_min":0,"flag":1,"level":1,"start_time":1700808720000,"end_time":1700808779000},{"score":0,"score_max":0,"score_min":0,"flag":1,"level":1,"start_time":1700808660000,"end_time":1700808719000},{"score":0,"score_max":0,"score_min":0,"flag":1,"level":1,"start_time":1700808600000,"end_time":1700808659000},{"score":0,"score_max":0,"score_min":0,"flag":1,"level":1,"start_time":1700808540000,"end_time":1700808599000},{"score":0,"score_max":0,"score_min":0,"flag":1,"level":1,"start_time":1700808480000,"end_time":1700808539000},{"score":0,"score_max":0,"score_min":0,"flag":1,"level":1,"start_time":1700808420000,"end_time":1700808479000},{"score":0,"score_max":1,"score_min":0,"flag":1,"level":1,"start_time":1700808360000,"end_time":1700808419000},{"score":2,"score_max":4,"score_min":1,"flag":1,"level":1,"start_time":1700808300000,"end_time":1700808359000},{"score":1,"score_max":1,"score_min":1,"flag":1,"level":1,"start_time":1700808240000,"end_time":1700808299000},{"score":0,"score_max":1,"score_min":0,"flag":1,"level":1,"start_time":1700808180000,"end_time":1700808239000},{"score":0,"score_max":1,"score_min":0,"flag":1,"level":1,"start_time":1700808120000,"end_time":1700808179000},{"score":1,"score_max":1,"score_min":1,"flag":1,"level":1,"start_time":1700808060000,"end_time":1700808119000},{"score":0,"score_max":1,"score_min":0,"flag":1,"level":1,"start_time":1700808000000,"end_time":1700808059000},{"score":0,"score_max":0,"score_min":0,"flag":1,"level":1,"start_time":1700807940000,"end_time":1700807999000},{"score":0,"score_max":0,"score_min":0,"flag":1,"level":1,"start_time":1700807880000,"end_time":1700807939000},{"score":0,"score_max":0,"score_min":0,"flag":1,"level":1,"start_time":1700807820000,"end_time":1700807879000},{"score":0,"score_max":0,"score_min":0,"flag":1,"level":1,"start_time":1700807760000,"end_time":1700807819000},{"score":0,"score_max":0,"score_min":0,"flag":1,"level":1,"start_time":1700807700000,"end_time":1700807759000},{"score":0,"score_max":0,"score_min":0,"flag":1,"level":1,"start_time":1700807640000,"end_time":1700807699000},{"score":0,"score_max":0,"score_min":0,"flag":1,"level":1,"start_time":1700807580000,"end_time":1700807639000},{"score":0,"score_max":0,"score_min":0,"flag":1,"level":1,"start_time":1700807520000,"end_time":1700807579000},{"score":0,"score_max":0,"score_min":0,"flag":1,"level":1,"start_time":1700807460000,"end_time":1700807519000},{"score":0,"score_max":0,"score_min":0,"flag":1,"level":1,"start_time":1700807400000,"end_time":1700807459000},{"score":0,"score_max":0,"score_min":0,"flag":1,"level":1,"start_time":1700807340000,"end_time":1700807399000},{"score":0,"score_max":0,"score_min":0,"flag":1,"level":1,"start_time":1700807280000,"end_time":1700807339000},{"score":0,"score_max":0,"score_min":0,"flag":1,"level":1,"start_time":1700807220000,"end_time":1700807279000},{"score":0,"score_max":0,"score_min":0,"flag":1,"level":1,"start_time":1700807160000,"end_time":1700807219000},{"score":0,"score_max":0,"score_min":0,"flag":1,"level":1,"start_time":1700807100000,"end_time":1700807159000},{"score":0,"score_max":0,"score_min":0,"flag":1,"level":1,"start_time":1700807040000,"end_time":1700807099000},{"score":0,"score_max":0,"score_min":0,"flag":1,"level":1,"start_time":1700806980000,"end_time":1700807039000},{"score":0,"score_max":0,"score_min":0,"flag":1,"level":1,"start_time":1700806920000,"end_time":1700806979000},{"score":0,"score_max":0,"score_min":0,"flag":1,"level":1,"start_time":1700806860000,"end_time":1700806919000},{"score":0,"score_max":0,"score_min":0,"flag":1,"level":1,"start_time":1700806800000,"end_time":1700806859000},{"score":0,"score_max":0,"score_min":0,"flag":1,"level":1,"start_time":1700806740000,"end_time":1700806799000},{"score":0,"score_max":0,"score_min":0,"flag":1,"level":1,"start_time":1700806680000,"end_time":1700806739000},{"score":1,"score_max":3,"score_min":0,"flag":1,"level":1,"start_time":1700806620000,"end_time":1700806679000},{"score":0,"score_max":1,"score_min":0,"flag":1,"level":1,"start_time":1700806560000,"end_time":1700806619000},{"score":0,"score_max":0,"score_min":0,"flag":1,"level":1,"start_time":1700806500000,"end_time":1700806559000},{"score":0,"score_max":0,"score_min":0,"flag":1,"level":1,"start_time":1700806440000,"end_time":1700806499000},{"score":0,"score_max":1,"score_min":0,"flag":1,"level":1,"start_time":1700806380000,"end_time":1700806439000},{"score":2,"score_max":3,"score_min":1,"flag":1,"level":1,"start_time":1700806320000,"end_time":1700806379000},{"score":1,"score_max":3,"score_min":0,"flag":1,"level":1,"start_time":1700806260000,"end_time":1700806319000},{"score":0,"score_max":0,"score_min":0,"flag":1,"level":1,"start_time":1700806080000,"end_time":1700806139000},{"score":91,"score_max":98,"score_min":75,"flag":1,"level":0,"start_time":1700806020000,"end_time":1700806079000},{"score":21,"score_max":75,"score_min":1,"flag":1,"level":1,"start_time":1700805960000,"end_time":1700806019000},{"score":0,"score_max":1,"score_min":0,"flag":1,"level":1,"start_time":1700805900000,"end_time":1700805959000},{"score":0,"score_max":0,"score_min":0,"flag":1,"level":1,"start_time":1700805840000,"end_time":1700805899000},{"score":0,"score_max":0,"score_min":0,"flag":1,"level":1,"start_time":1700805780000,"end_time":1700805839000},{"score":0,"score_max":0,"score_min":0,"flag":1,"level":1,"start_time":1700805720000,"end_time":1700805779000},{"score":0,"score_max":1,"score_min":0,"flag":1,"level":1,"start_time":1700805660000,"end_time":1700805719000},{"score":0,"score_max":1,"score_min":0,"flag":1,"level":1,"start_time":1700805600000,"end_time":1700805659000}]