[{"score":3,"score_max":4,"score_min":3,"flag":1,"level":1,"start_time":1700888340000,"end_time":1700888399000},{"score":2,"score_max":4,"score_min":2,"flag":1,"level":1,"start_time":1700888280000,"end_time":1700888339000},{"score":4,"score_max":5,"score_min":3,"flag":1,"level":1,"start_time":1700888220000,"end_time":1700888279000},{"score":2,"score_max":3,"score_min":1,"flag":1,"level":1,"start_time":1700888100000,"end_time":1700888159000},{"score":60,"score_max":60,"score_min":60,"flag":1,"level":1,"start_time":1700888040000,"end_time":1700888099000},{"score":23,"score_max":59,"score_min":7,"flag":1,"level":1,"start_time":1700887980000,"end_time":1700888039000},{"score":4,"score_max":7,"score_min":3,"flag":1,"level":1,"start_time":1700887920000,"end_time":1700887979000},{"score":5,"score_max":8,"score_min":4,"flag":1,"level":1,"start_time":1700887860000,"end_time":1700887919000},{"score":7,"score_max":9,"score_min":5,"flag":1,"level":1,"start_time":1700887800000,"end_time":1700887859000},{"score":8,"score_max":13,"score_min":7,"flag":1,"level":1,"start_time":1700887740000,"end_time":1700887799000},{"score":10,"score_max":14,"score_min":8,"flag":1,"level":1,"start_time":1700887680000,"end_time":1700887739000},{"score":16,"score_max":21,"score_min":14,"flag":1,"level":1,"start_time":1700887620000,"end_time":1700887679000},{"score":43,"score_max":67,"score_min":18,"flag":1,"level":1,"start_time":1700887560000,"end_time":1700887619000},{"score":25,"score_max":50,"score_min":14,"flag":1,"level":1,"start_time":1700887500000,"end_time":1700887559000},{"score":30,"score_max":42,"score_min":23,"flag":1,"level":1,"start_time":1700887440000,"end_time":1700887499000},{"score":59,"score_max":75,"score_min":41,"flag":1,"level":1,"start_time":1700887380000,"end_time":1700887439000},{"score":40,"score_max":46,"score_min":35,"flag":1,"level":1,"start_time":1700887320000,"end_time":1700887379000},{"score":15,"score_max":34,"score_min":5,"flag":1,"level":1,"start_time":1700887260000,"end_time":1700887319000},{"score":8,"score_max":10,"score_min":6,"flag":1,"level":1,"start_time":1700887200000,"end_time":1700887259000},{"score":12,"score_max":28,"score_min":9,"flag":1,"level":1,"start_time":1700887140000,"end_time":1700887199000},{"score":50,"score_max":64,"score_min":29,"flag":1,"level":1,"start_time":1700887080000,"end_time":1700887139000},{"score":29,"score_max":45,"score_min":14,"flag":1,"level":1,"start_time":1700887020000,"end_time":1700887079000},{"score":8,"score_max":13,"score_min":6,"flag":1,"level":1,"start_time":1700886960000,"end_time":1700887019000},{"score":8,"score_max":12,"score_min":7,"flag":1,"level":1,"start_time":1700886900000,"end_time":1700886959000},{"score":31,"score_max":38,"score_min":22,"flag":1,"level":1,"start_time":1700886840000,"end_time":1700886899000},{"score":8,"score_max":22,"score_min":4,"flag":1,"level":1,"start_time":1700886780000,"end_time":1700886839000},{"score":5,"score_max":6,"score_min":4,"flag":1,"level":1,"start_time":1700886720000,"end_time":1700886779000},{"score":6,"score_max":8,"score_min":4,"flag":1,"level":1,"start_time":1700886660000,"end_time":1700886719000},{"score":22,"score_max":56,"score_min":4,"flag":1,"level":1,"start_time":1700886600000,"end_time":1700886659000},{"score":33,"score_max":57,"score_min":12,"flag":1,"level":1,"start_time":1700886540000,"end_time":1700886599000},{"score":8,"score_max":12,"score_min":6,"flag":1,"level":1,"start_time":1700886480000,"end_time":1700886539000},{"score":5,"score_max":8,"score_min":4,"flag":1,"level":1,"start_time":1700886420000,"end_time":1700886479000},{"score":6,"score_max":10,"score_min":4,"flag":1,"level":1,"start_time":1700886360000,"end_time":1700886419000},{"score":14,"score_max":16,"score_min":10,"flag":1,"level":1,"start_time":1700886300000,"end_time":1700886359000},{"score":6,"score_max":10,"score_min":5,"flag":1,"level":1,"start_time":1700886240000,"end_time":1700886299000},{"score":24,"score_max":37,"score_min":10,"flag":1,"level":1,"start_time":1700886180000,"end_time":1700886239000},{"score":10,"score_max":30,"score_min":3,"flag":1,"level":1,"start_time":1700886120000,"end_time":1700886179000},{"score":3,"score_max":4,"score_min":3,"flag":1,"level":1,"start_time":1700886060000,"end_time":1700886119000},{"score":8,"score_max":13,"score_min":3,"flag":1,"level":1,"start_time":1700886000000,"end_time":1700886059000},{"score":5,"score_max":10,"score_min":3,"flag":1,"level":1,"start_time":1700885940000,"end_time":1700885999000},{"score":4,"score_max":5,"score_min":4,"flag":1,"level":1,"start_time":1700885880000,"end_time":1700885939000},{"score":5,"score_max":6,"score_min":4,"flag":1,"level":1,"start_time":1700885820000,"end_time":1700885879000},{"score":2,"score_max":4,"score_min":2,"flag":1,"level":1,"start_time":1700885760000,"end_time":1700885819000},{"score":2,"score_max":3,"score_min":2,"flag":1,"level":1,"start_time":1700885700000,"end_time":1700885759000},{"score":3,"score_max":7,"score_min":2,"flag":1,"level":1,"start_time":1700885640000,"end_time":1700885699000},{"score":3,"score_max":6,"score_min":2,"flag":1,"level":1,"start_time":1700885580000,"end_time":1700885639000},{"score":9,"score_max":16,"score_min":3,"flag":1,"level":1,"start_time":1700885520000,"end_time":1700885579000},{"score":5,"score_max":16,"score_min":1,"flag":1,"level":1,"start_time":1700885460000,"end_time":1700885519000},{"score":1,"score_max":4,"score_min":0,"flag":1,"level":1,"start_time":1700885400000,"end_time":1700885459000},{"score":14,"score_max":29,"score_min":4,"flag":1,"level":1,"start_time":1700885340000,"end_time":1700885399000},{"score":48,"score_max":70,"score_min":30,"flag":1,"level":1,"start_time":1700885280000,"end_time":1700885339000},{"score":40,"score_max":69,"score_min":10,"flag":1,"level":1,"start_time":1700885220000,"end_time":1700885279000},{"score":5,"score_max":9,"score_min":3,"flag":1,"level":1,"start_time":1700885160000,"end_time":1700885219000},{"score":56,"score_max":79,"score_min":10,"flag":1,"level":1,"start_time":1700885100000,"end_time":1700885159000},{"score":26,"score_max":65,"score_min":8,"flag":1,"level":1,"start_time":1700885040000,"end_time":1700885099000},{"score":4,"score_max":8,"score_min":3,"flag":1,"level":1,"start_time":1700884980000,"end_time":1700885039000},{"score":5,"score_max":10,"score_min":3,"flag":1,"level":1,"start_time":1700884920000,"end_time":1700884979000},{"score":7,"score_max":10,"score_min":6,"flag":1,"level":1,"start_time":1700884860000,"end_time":1700884919000},{"score":7,"score_max":9,"score_min":6,"flag":1,"level":1,"start_time":1700884800000,"end_time":1700884859000}]