[{"score":16,"score_max":21,"score_min":12,"flag":1,"level":1,"start_time":1701043140000,"end_time":1701043199000},{"score":8,"score_max":12,"score_min":3,"flag":1,"level":1,"start_time":1701042900000,"end_time":1701042959000},{"score":9,"score_max":22,"score_min":0,"flag":1,"level":1,"start_time":1701042300000,"end_time":1701042359000},{"score":44,"score_max":46,"score_min":43,"flag":1,"level":1,"start_time":1701042240000,"end_time":1701042299000},{"score":38,"score_max":45,"score_min":23,"flag":1,"level":1,"start_time":1701041520000,"end_time":1701041579000},{"score":94,"score_max":97,"score_min":91,"flag":1,"level":1,"start_time":1701041460000,"end_time":1701041519000},{"score":99,"score_max":100,"score_min":98,"flag":1,"level":1,"start_time":1701041400000,"end_time":1701041459000}]