[{"score":89,"score_max":93,"score_min":86,"flag":1,"level":0,"start_time":1701328920000,"end_time":1701328979000},{"score":83,"score_max":93,"score_min":68,"flag":1,"level":0,"start_time":1701328860000,"end_time":1701328919000},{"score":70,"score_max":83,"score_min":68,"flag":1,"level":1,"start_time":1701328800000,"end_time":1701328859000},{"score":90,"score_max":92,"score_min":84,"flag":1,"level":0,"start_time":1701328740000,"end_time":1701328799000},{"score":86,"score_max":91,"score_min":66,"flag":1,"level":0,"start_time":1701328680000,"end_time":1701328739000},{"score":49,"score_max":69,"score_min":39,"flag":1,"level":1,"start_time":1701328620000,"end_time":1701328679000},{"score":78,"score_max":86,"score_min":69,"flag":1,"level":0,"start_time":1701328560000,"end_time":1701328619000},{"score":89,"score_max":95,"score_min":73,"flag":1,"level":0,"start_time":1701328500000,"end_time":1701328559000},{"score":64,"score_max":93,"score_min":46,"flag":1,"level":1,"start_time":1701328440000,"end_time":1701328499000},{"score":57,"score_max":81,"score_min":44,"flag":1,"level":1,"start_time":1701328380000,"end_time":1701328439000},{"score":89,"score_max":91,"score_min":83,"flag":1,"level":0,"start_time":1701328320000,"end_time":1701328379000},{"score":73,"score_max":87,"score_min":62,"flag":1,"level":1,"start_time":1701328260000,"end_time":1701328319000},{"score":22,"score_max":61,"score_min":4,"flag":1,"level":1,"start_time":1701328200000,"end_time":1701328259000},{"score":13,"score_max":23,"score_min":5,"flag":1,"level":1,"start_time":1701328140000,"end_time":1701328199000},{"score":22,"score_max":29,"score_min":18,"flag":1,"level":1,"start_time":1701328080000,"end_time":1701328139000},{"score":29,"score_max":32,"score_min":28,"flag":1,"level":1,"start_time":1701328020000,"end_time":1701328079000},{"score":69,"score_max":90,"score_min":49,"flag":1,"level":1,"start_time":1701327900000,"end_time":1701327959000}]