[{"score":27,"score_max":51,"score_min":17,"flag":1,"level":1,"start_time":1700801940000,"end_time":1700801999000},{"score":15,"score_max":31,"score_min":12,"flag":1,"level":1,"start_time":1700801880000,"end_time":1700801939000},{"score":28,"score_max":33,"score_min":16,"flag":1,"level":1,"start_time":1700801820000,"end_time":1700801879000},{"score":20,"score_max":31,"score_min":16,"flag":1,"level":1,"start_time":1700801760000,"end_time":1700801819000},{"score":49,"score_max":61,"score_min":31,"flag":1,"level":1,"start_time":1700801700000,"end_time":1700801759000},{"score":38,"score_max":54,"score_min":32,"flag":1,"level":1,"start_time":1700801640000,"end_time":1700801699000},{"score":26,"score_max":37,"score_min":11,"flag":1,"level":1,"start_time":1700801580000,"end_time":1700801639000},{"score":6,"score_max":11,"score_min":4,"flag":1,"level":1,"start_time":1700801520000,"end_time":1700801579000},{"score":20,"score_max":26,"score_min":10,"flag":1,"level":1,"start_time":1700801460000,"end_time":1700801519000},{"score":9,"score_max":15,"score_min":7,"flag":1,"level":1,"start_time":1700801400000,"end_time":1700801459000},{"score":16,"score_max":26,"score_min":9,"flag":1,"level":1,"start_time":1700801340000,"end_time":1700801399000},{"score":5,"score_max":12,"score_min":0,"flag":1,"level":1,"start_time":1700801040000,"end_time":1700801099000},{"score":71,"score_max":90,"score_min":39,"flag":1,"level":1,"start_time":1700800980000,"end_time":1700801039000},{"score":14,"score_max":38,"score_min":0,"flag":1,"level":1,"start_time":1700800500000,"end_time":1700800559000},{"score":96,"score_max":98,"score_min":95,"flag":1,"level":1,"start_time":1700800440000,"end_time":1700800499000},{"score":55,"score_max":94,"score_min":23,"flag":1,"level":1,"start_time":1700800380000,"end_time":1700800439000},{"score":23,"score_max":42,"score_min":18,"flag":1,"level":1,"start_time":1700800320000,"end_time":1700800379000},{"score":19,"score_max":43,"score_min":2,"flag":1,"level":1,"start_time":1700800260000,"end_time":1700800319000},{"score":2,"score_max":3,"score_min":2,"flag":1,"level":1,"start_time":1700800200000,"end_time":1700800259000},{"score":2,"score_max":2,"score_min":2,"flag":1,"level":1,"start_time":1700800140000,"end_time":1700800199000},{"score":37,"score_max":61,"score_min":10,"flag":1,"level":1,"start_time":1700800080000,"end_time":1700800139000},{"score":35,"score_max":63,"score_min":10,"flag":1,"level":1,"start_time":1700800020000,"end_time":1700800079000},{"score":4,"score_max":10,"score_min":4,"flag":1,"level":1,"start_time":1700799960000,"end_time":1700800019000},{"score":5,"score_max":6,"score_min":5,"flag":1,"level":1,"start_time":1700799900000,"end_time":1700799959000},{"score":5,"score_max":8,"score_min":5,"flag":1,"level":1,"start_time":1700799840000,"end_time":1700799899000},{"score":9,"score_max":13,"score_min":8,"flag":1,"level":1,"start_time":1700799780000,"end_time":1700799839000},{"score":23,"score_max":29,"score_min":13,"flag":1,"level":1,"start_time":1700799720000,"end_time":1700799779000},{"score":23,"score_max":29,"score_min":19,"flag":1,"level":1,"start_time":1700799660000,"end_time":1700799719000},{"score":18,"score_max":30,"score_min":12,"flag":1,"level":1,"start_time":1700799600000,"end_time":1700799659000},{"score":15,"score_max":19,"score_min":12,"flag":1,"level":1,"start_time":1700799540000,"end_time":1700799599000},{"score":9,"score_max":21,"score_min":0,"flag":1,"level":1,"start_time":1700799300000,"end_time":1700799359000},{"score":60,"score_max":77,"score_min":36,"flag":1,"level":1,"start_time":1700799240000,"end_time":1700799299000},{"score":29,"score_max":41,"score_min":18,"flag":1,"level":1,"start_time":1700799180000,"end_time":1700799239000},{"score":18,"score_max":31,"score_min":12,"flag":1,"level":1,"start_time":1700799120000,"end_time":1700799179000},{"score":11,"score_max":23,"score_min":5,"flag":1,"level":1,"start_time":1700799060000,"end_time":1700799119000},{"score":4,"score_max":10,"score_min":2,"flag":1,"level":1,"start_time":1700799000000,"end_time":1700799059000},{"score":1,"score_max":2,"score_min":1,"flag":1,"level":1,"start_time":1700798940000,"end_time":1700798999000},{"score":1,"score_max":2,"score_min":1,"flag":1,"level":1,"start_time":1700798880000,"end_time":1700798939000},{"score":1,"score_max":1,"score_min":1,"flag":1,"level":1,"start_time":1700798820000,"end_time":1700798879000},{"score":1,"score_max":3,"score_min":1,"flag":1,"level":1,"start_time":1700798760000,"end_time":1700798819000},{"score":4,"score_max":5,"score_min":3,"flag":1,"level":1,"start_time":1700798700000,"end_time":1700798759000},{"score":21,"score_max":54,"score_min":4,"flag":1,"level":1,"start_time":1700798640000,"end_time":1700798699000},{"score":62,"score_max":67,"score_min":56,"flag":1,"level":1,"start_time":1700798580000,"end_time":1700798639000},{"score":31,"score_max":44,"score_min":10,"flag":1,"level":1,"start_time":1700798520000,"end_time":1700798579000},{"score":2,"score_max":9,"score_min":1,"flag":1,"level":1,"start_time":1700798460000,"end_time":1700798519000},{"score":26,"score_max":50,"score_min":1,"flag":1,"level":1,"start_time":1700798400000,"end_time":1700798459000}]