[{"score":6,"score_max":8,"score_min":5,"flag":1,"level":1,"start_time":1701032340000,"end_time":1701032399000},{"score":1,"score_max":3,"score_min":1,"flag":1,"level":1,"start_time":1701032280000,"end_time":1701032339000},{"score":0,"score_max":1,"score_min":0,"flag":1,"level":1,"start_time":1701032220000,"end_time":1701032279000},{"score":1,"score_max":2,"score_min":0,"flag":1,"level":1,"start_time":1701032160000,"end_time":1701032219000},{"score":5,"score_max":16,"score_min":2,"flag":1,"level":1,"start_time":1701032100000,"end_time":1701032159000},{"score":11,"score_max":18,"score_min":6,"flag":1,"level":1,"start_time":1701032040000,"end_time":1701032099000},{"score":2,"score_max":5,"score_min":1,"flag":1,"level":1,"start_time":1701031980000,"end_time":1701032039000},{"score":2,"score_max":6,"score_min":0,"flag":1,"level":1,"start_time":1701031920000,"end_time":1701031979000},{"score":0,"score_max":0,"score_min":0,"flag":1,"level":1,"start_time":1701031860000,"end_time":1701031919000},{"score":0,"score_max":0,"score_min":0,"flag":1,"level":1,"start_time":1701031800000,"end_time":1701031859000},{"score":0,"score_max":0,"score_min":0,"flag":1,"level":1,"start_time":1701031740000,"end_time":1701031799000},{"score":0,"score_max":0,"score_min":0,"flag":1,"level":1,"start_time":1701031680000,"end_time":1701031739000},{"score":0,"score_max":0,"score_min":0,"flag":1,"level":1,"start_time":1701031620000,"end_time":1701031679000},{"score":0,"score_max":0,"score_min":0,"flag":1,"level":1,"start_time":1701031560000,"end_time":1701031619000},{"score":0,"score_max":0,"score_min":0,"flag":1,"level":1,"start_time":1701031500000,"end_time":1701031559000},{"score":0,"score_max":0,"score_min":0,"flag":1,"level":1,"start_time":1701031440000,"end_time":1701031499000},{"score":0,"score_max":0,"score_min":0,"flag":1,"level":1,"start_time":1701031380000,"end_time":1701031439000},{"score":0,"score_max":0,"score_min":0,"flag":1,"level":1,"start_time":1701031320000,"end_time":1701031379000},{"score":0,"score_max":0,"score_min":0,"flag":1,"level":1,"start_time":1701031260000,"end_time":1701031319000},{"score":0,"score_max":0,"score_min":0,"flag":1,"level":1,"start_time":1701031200000,"end_time":1701031259000},{"score":0,"score_max":0,"score_min":0,"flag":1,"level":1,"start_time":1701031140000,"end_time":1701031199000},{"score":0,"score_max":0,"score_min":0,"flag":1,"level":1,"start_time":1701031080000,"end_time":1701031139000},{"score":0,"score_max":0,"score_min":0,"flag":1,"level":1,"start_time":1701031020000,"end_time":1701031079000},{"score":0,"score_max":0,"score_min":0,"flag":1,"level":1,"start_time":1701030960000,"end_time":1701031019000},{"score":0,"score_max":0,"score_min":0,"flag":1,"level":1,"start_time":1701030900000,"end_time":1701030959000},{"score":0,"score_max":0,"score_min":0,"flag":1,"level":1,"start_time":1701030840000,"end_time":1701030899000},{"score":0,"score_max":0,"score_min":0,"flag":1,"level":1,"start_time":1701030780000,"end_time":1701030839000},{"score":0,"score_max":0,"score_min":0,"flag":1,"level":1,"start_time":1701030720000,"end_time":1701030779000},{"score":0,"score_max":0,"score_min":0,"flag":1,"level":1,"start_time":1701030660000,"end_time":1701030719000},{"score":0,"score_max":0,"score_min":0,"flag":1,"level":1,"start_time":1701030600000,"end_time":1701030659000},{"score":0,"score_max":0,"score_min":0,"flag":1,"level":1,"start_time":1701030540000,"end_time":1701030599000},{"score":0,"score_max":0,"score_min":0,"flag":1,"level":1,"start_time":1701030480000,"end_time":1701030539000},{"score":0,"score_max":0,"score_min":0,"flag":1,"level":1,"start_time":1701030420000,"end_time":1701030479000},{"score":0,"score_max":0,"score_min":0,"flag":1,"level":1,"start_time":1701030360000,"end_time":1701030419000},{"score":0,"score_max":0,"score_min":0,"flag":1,"level":1,"start_time":1701030300000,"end_time":1701030359000},{"score":0,"score_max":0,"score_min":0,"flag":1,"level":1,"start_time":1701030240000,"end_time":1701030299000},{"score":0,"score_max":0,"score_min":0,"flag":1,"level":1,"start_time":1701030180000,"end_time":1701030239000},{"score":0,"score_max":0,"score_min":0,"flag":1,"level":1,"start_time":1701030120000,"end_time":1701030179000},{"score":0,"score_max":0,"score_min":0,"flag":1,"level":1,"start_time":1701030060000,"end_time":1701030119000},{"score":0,"score_max":0,"score_min":0,"flag":1,"level":1,"start_time":1701030000000,"end_time":1701030059000},{"score":0,"score_max":0,"score_min":0,"flag":1,"level":1,"start_time":1701029940000,"end_time":1701029999000},{"score":0,"score_max":0,"score_min":0,"flag":1,"level":1,"start_time":1701029880000,"end_time":1701029939000},{"score":0,"score_max":0,"score_min":0,"flag":1,"level":1,"start_time":1701029820000,"end_time":1701029879000},{"score":0,"score_max":0,"score_min":0,"flag":1,"level":1,"start_time":1701029760000,"end_time":1701029819000},{"score":0,"score_max":0,"score_min":0,"flag":1,"level":1,"start_time":1701029700000,"end_time":1701029759000},{"score":0,"score_max":0,"score_min":0,"flag":1,"level":1,"start_time":1701029640000,"end_time":1701029699000},{"score":0,"score_max":0,"score_min":0,"flag":1,"level":1,"start_time":1701029580000,"end_time":1701029639000},{"score":0,"score_max":0,"score_min":0,"flag":1,"level":1,"start_time":1701029520000,"end_time":1701029579000},{"score":0,"score_max":0,"score_min":0,"flag":1,"level":1,"start_time":1701029460000,"end_time":1701029519000},{"score":0,"score_max":0,"score_min":0,"flag":1,"level":1,"start_time":1701029400000,"end_time":1701029459000},{"score":0,"score_max":0,"score_min":0,"flag":1,"level":1,"start_time":1701029340000,"end_time":1701029399000},{"score":0,"score_max":0,"score_min":0,"flag":1,"level":1,"start_time":1701029280000,"end_time":1701029339000},{"score":0,"score_max":0,"score_min":0,"flag":1,"level":1,"start_time":1701029220000,"end_time":1701029279000},{"score":0,"score_max":0,"score_min":0,"flag":1,"level":1,"start_time":1701029160000,"end_time":1701029219000},{"score":0,"score_max":0,"score_min":0,"flag":1,"level":1,"start_time":1701029100000,"end_time":1701029159000},{"score":0,"score_max":0,"score_min":0,"flag":1,"level":1,"start_time":1701029040000,"end_time":1701029099000},{"score":0,"score_max":0,"score_min":0,"flag":1,"level":1,"start_time":1701028980000,"end_time":1701029039000},{"score":0,"score_max":0,"score_min":0,"flag":1,"level":1,"start_time":1701028920000,"end_time":1701028979000},{"score":0,"score_max":0,"score_min":0,"flag":1,"level":1,"start_time":1701028860000,"end_time":1701028919000},{"score":0,"score_max":0,"score_min":0,"flag":1,"level":1,"start_time":1701028800000,"end_time":1701028859000}]