[{"score":0,"score_max":0,"score_min":0,"flag":1,"level":1,"start_time":1701115140000,"end_time":1701115199000},{"score":0,"score_max":0,"score_min":0,"flag":1,"level":1,"start_time":1701115080000,"end_time":1701115139000},{"score":0,"score_max":0,"score_min":0,"flag":1,"level":1,"start_time":1701115020000,"end_time":1701115079000},{"score":0,"score_max":0,"score_min":0,"flag":1,"level":1,"start_time":1701114960000,"end_time":1701115019000},{"score":0,"score_max":0,"score_min":0,"flag":1,"level":1,"start_time":1701114900000,"end_time":1701114959000},{"score":0,"score_max":0,"score_min":0,"flag":1,"level":1,"start_time":1701114840000,"end_time":1701114899000},{"score":0,"score_max":0,"score_min":0,"flag":1,"level":1,"start_time":1701114780000,"end_time":1701114839000},{"score":0,"score_max":0,"score_min":0,"flag":1,"level":1,"start_time":1701114720000,"end_time":1701114779000},{"score":0,"score_max":0,"score_min":0,"flag":1,"level":1,"start_time":1701114660000,"end_time":1701114719000},{"score":0,"score_max":0,"score_min":0,"flag":1,"level":1,"start_time":1701114600000,"end_time":1701114659000},{"score":0,"score_max":0,"score_min":0,"flag":1,"level":1,"start_time":1701114540000,"end_time":1701114599000},{"score":0,"score_max":0,"score_min":0,"flag":1,"level":1,"start_time":1701114480000,"end_time":1701114539000}]