[{"score":0,"score_max":0,"score_min":0,"flag":1,"level":1,"start_time":1701006600000,"end_time":1701006659000},{"score":0,"score_max":0,"score_min":0,"flag":1,"level":1,"start_time":1701006540000,"end_time":1701006599000},{"score":0,"score_max":0,"score_min":0,"flag":1,"level":1,"start_time":1701006480000,"end_time":1701006539000},{"score":0,"score_max":0,"score_min":0,"flag":1,"level":1,"start_time":1701006420000,"end_time":1701006479000},{"score":0,"score_max":0,"score_min":0,"flag":1,"level":1,"start_time":1701006360000,"end_time":1701006419000},{"score":0,"score_max":0,"score_min":0,"flag":1,"level":1,"start_time":1701006300000,"end_time":1701006359000},{"score":0,"score_max":0,"score_min":0,"flag":1,"level":1,"start_time":1701006240000,"end_time":1701006299000},{"score":0,"score_max":0,"score_min":0,"flag":1,"level":1,"start_time":1701006180000,"end_time":1701006239000},{"score":0,"score_max":0,"score_min":0,"flag":1,"level":1,"start_time":1701006120000,"end_time":1701006179000},{"score":0,"score_max":0,"score_min":0,"flag":1,"level":1,"start_time":1701006060000,"end_time":1701006119000},{"score":0,"score_max":0,"score_min":0,"flag":1,"level":1,"start_time":1701006000000,"end_time":1701006059000},{"score":0,"score_max":0,"score_min":0,"flag":1,"level":1,"start_time":1701005940000,"end_time":1701005999000},{"score":0,"score_max":0,"score_min":0,"flag":1,"level":1,"start_time":1701005880000,"end_time":1701005939000},{"score":0,"score_max":0,"score_min":0,"flag":1,"level":1,"start_time":1701005820000,"end_time":1701005879000},{"score":0,"score_max":0,"score_min":0,"flag":1,"level":1,"start_time":1701005760000,"end_time":1701005819000},{"score":0,"score_max":0,"score_min":0,"flag":1,"level":1,"start_time":1701005700000,"end_time":1701005759000},{"score":0,"score_max":0,"score_min":0,"flag":1,"level":1,"start_time":1701005640000,"end_time":1701005699000},{"score":0,"score_max":0,"score_min":0,"flag":1,"level":1,"start_time":1701005580000,"end_time":1701005639000},{"score":0,"score_max":0,"score_min":0,"flag":1,"level":1,"start_time":1701005520000,"end_time":1701005579000},{"score":0,"score_max":0,"score_min":0,"flag":1,"level":1,"start_time":1701005460000,"end_time":1701005519000},{"score":0,"score_max":0,"score_min":0,"flag":1,"level":1,"start_time":1701005400000,"end_time":1701005459000},{"score":0,"score_max":0,"score_min":0,"flag":1,"level":1,"start_time":1701005340000,"end_time":1701005399000},{"score":0,"score_max":0,"score_min":0,"flag":1,"level":1,"start_time":1701005280000,"end_time":1701005339000},{"score":0,"score_max":1,"score_min":0,"flag":1,"level":1,"start_time":1701005220000,"end_time":1701005279000},{"score":0,"score_max":0,"score_min":0,"flag":1,"level":1,"start_time":1701005160000,"end_time":1701005219000},{"score":0,"score_max":0,"score_min":0,"flag":1,"level":1,"start_time":1701005100000,"end_time":1701005159000},{"score":0,"score_max":1,"score_min":0,"flag":1,"level":1,"start_time":1701005040000,"end_time":1701005099000},{"score":0,"score_max":1,"score_min":0,"flag":1,"level":1,"start_time":1701004980000,"end_time":1701005039000},{"score":0,"score_max":0,"score_min":0,"flag":1,"level":1,"start_time":1701004920000,"end_time":1701004979000},{"score":0,"score_max":0,"score_min":0,"flag":1,"level":1,"start_time":1701004860000,"end_time":1701004919000},{"score":0,"score_max":0,"score_min":0,"flag":1,"level":1,"start_time":1701004800000,"end_time":1701004859000},{"score":0,"score_max":1,"score_min":0,"flag":1,"level":1,"start_time":1701004740000,"end_time":1701004799000},{"score":0,"score_max":0,"score_min":0,"flag":1,"level":1,"start_time":1701004680000,"end_time":1701004739000},{"score":32,"score_max":74,"score_min":0,"flag":1,"level":1,"start_time":1701004620000,"end_time":1701004679000},{"score":14,"score_max":54,"score_min":0,"flag":1,"level":1,"start_time":1701004560000,"end_time":1701004619000},{"score":0,"score_max":0,"score_min":0,"flag":1,"level":1,"start_time":1701004500000,"end_time":1701004559000},{"score":0,"score_max":2,"score_min":0,"flag":1,"level":1,"start_time":1701004440000,"end_time":1701004499000},{"score":3,"score_max":5,"score_min":2,"flag":1,"level":1,"start_time":1701004380000,"end_time":1701004439000},{"score":24,"score_max":33,"score_min":15,"flag":1,"level":1,"start_time":1701004320000,"end_time":1701004379000},{"score":5,"score_max":14,"score_min":3,"flag":1,"level":1,"start_time":1701004260000,"end_time":1701004319000},{"score":2,"score_max":6,"score_min":1,"flag":1,"level":1,"start_time":1701004200000,"end_time":1701004259000},{"score":0,"score_max":1,"score_min":0,"flag":1,"level":1,"start_time":1701004140000,"end_time":1701004199000},{"score":0,"score_max":0,"score_min":0,"flag":1,"level":1,"start_time":1701004080000,"end_time":1701004139000},{"score":0,"score_max":0,"score_min":0,"flag":1,"level":1,"start_time":1701004020000,"end_time":1701004079000},{"score":0,"score_max":0,"score_min":0,"flag":1,"level":1,"start_time":1701003960000,"end_time":1701004019000},{"score":0,"score_max":0,"score_min":0,"flag":1,"level":1,"start_time":1701003900000,"end_time":1701003959000},{"score":0,"score_max":0,"score_min":0,"flag":1,"level":1,"start_time":1701003840000,"end_time":1701003899000},{"score":0,"score_max":0,"score_min":0,"flag":1,"level":1,"start_time":1701003780000,"end_time":1701003839000},{"score":0,"score_max":1,"score_min":0,"flag":1,"level":1,"start_time":1701003720000,"end_time":1701003779000},{"score":0,"score_max":1,"score_min":0,"flag":1,"level":1,"start_time":1701003660000,"end_time":1701003719000},{"score":0,"score_max":1,"score_min":0,"flag":1,"level":1,"start_time":1701003600000,"end_time":1701003659000}]