[{"score":58,"score_max":77,"score_min":11,"flag":1,"level":1,"start_time":1700719140000,"end_time":1700719199000},{"score":11,"score_max":59,"score_min":1,"flag":1,"level":1,"start_time":1700719080000,"end_time":1700719139000},{"score":4,"score_max":7,"score_min":2,"flag":1,"level":1,"start_time":1700719020000,"end_time":1700719079000},{"score":2,"score_max":6,"score_min":1,"flag":1,"level":1,"start_time":1700718960000,"end_time":1700719019000},{"score":1,"score_max":1,"score_min":1,"flag":1,"level":1,"start_time":1700718900000,"end_time":1700718959000},{"score":0,"score_max":1,"score_min":0,"flag":1,"level":1,"start_time":1700718840000,"end_time":1700718899000},{"score":0,"score_max":0,"score_min":0,"flag":1,"level":1,"start_time":1700718780000,"end_time":1700718839000},{"score":0,"score_max":1,"score_min":0,"flag":1,"level":1,"start_time":1700718720000,"end_time":1700718779000},{"score":0,"score_max":1,"score_min":0,"flag":1,"level":1,"start_time":1700718660000,"end_time":1700718719000},{"score":0,"score_max":0,"score_min":0,"flag":1,"level":1,"start_time":1700718600000,"end_time":1700718659000},{"score":0,"score_max":0,"score_min":0,"flag":1,"level":1,"start_time":1700718540000,"end_time":1700718599000},{"score":0,"score_max":0,"score_min":0,"flag":1,"level":1,"start_time":1700718480000,"end_time":1700718539000},{"score":0,"score_max":0,"score_min":0,"flag":1,"level":1,"start_time":1700718420000,"end_time":1700718479000},{"score":0,"score_max":1,"score_min":0,"flag":1,"level":1,"start_time":1700718360000,"end_time":1700718419000},{"score":1,"score_max":2,"score_min":1,"flag":1,"level":1,"start_time":1700718300000,"end_time":1700718359000},{"score":4,"score_max":10,"score_min":2,"flag":1,"level":1,"start_time":1700718240000,"end_time":1700718299000},{"score":0,"score_max":2,"score_min":0,"flag":1,"level":1,"start_time":1700718180000,"end_time":1700718239000},{"score":1,"score_max":2,"score_min":0,"flag":1,"level":1,"start_time":1700718120000,"end_time":1700718179000},{"score":3,"score_max":6,"score_min":2,"flag":1,"level":1,"start_time":1700718060000,"end_time":1700718119000},{"score":3,"score_max":6,"score_min":2,"flag":1,"level":1,"start_time":1700718000000,"end_time":1700718059000},{"score":0,"score_max":2,"score_min":0,"flag":1,"level":1,"start_time":1700717940000,"end_time":1700717999000},{"score":0,"score_max":1,"score_min":0,"flag":1,"level":1,"start_time":1700717880000,"end_time":1700717939000},{"score":0,"score_max":0,"score_min":0,"flag":1,"level":1,"start_time":1700717820000,"end_time":1700717879000},{"score":0,"score_max":0,"score_min":0,"flag":1,"level":1,"start_time":1700717760000,"end_time":1700717819000},{"score":0,"score_max":1,"score_min":0,"flag":1,"level":1,"start_time":1700717700000,"end_time":1700717759000},{"score":0,"score_max":0,"score_min":0,"flag":1,"level":1,"start_time":1700717640000,"end_time":1700717699000},{"score":0,"score_max":1,"score_min":0,"flag":1,"level":1,"start_time":1700717580000,"end_time":1700717639000},{"score":1,"score_max":1,"score_min":1,"flag":1,"level":1,"start_time":1700717520000,"end_time":1700717579000},{"score":1,"score_max":1,"score_min":1,"flag":1,"level":1,"start_time":1700717460000,"end_time":1700717519000},{"score":2,"score_max":6,"score_min":1,"flag":1,"level":1,"start_time":1700717400000,"end_time":1700717459000},{"score":7,"score_max":8,"score_min":6,"flag":1,"level":1,"start_time":1700717340000,"end_time":1700717399000},{"score":3,"score_max":7,"score_min":2,"flag":1,"level":1,"start_time":1700717280000,"end_time":1700717339000},{"score":6,"score_max":8,"score_min":2,"flag":1,"level":1,"start_time":1700717220000,"end_time":1700717279000},{"score":10,"score_max":13,"score_min":6,"flag":1,"level":1,"start_time":1700717160000,"end_time":1700717219000},{"score":2,"score_max":8,"score_min":1,"flag":1,"level":1,"start_time":1700717100000,"end_time":1700717159000},{"score":0,"score_max":1,"score_min":0,"flag":1,"level":1,"start_time":1700717040000,"end_time":1700717099000},{"score":0,"score_max":1,"score_min":0,"flag":1,"level":1,"start_time":1700716980000,"end_time":1700717039000},{"score":0,"score_max":0,"score_min":0,"flag":1,"level":1,"start_time":1700716920000,"end_time":1700716979000},{"score":0,"score_max":0,"score_min":0,"flag":1,"level":1,"start_time":1700716860000,"end_time":1700716919000},{"score":1,"score_max":4,"score_min":0,"flag":1,"level":1,"start_time":1700716800000,"end_time":1700716859000},{"score":6,"score_max":12,"score_min":3,"flag":1,"level":1,"start_time":1700716740000,"end_time":1700716799000},{"score":1,"score_max":3,"score_min":1,"flag":1,"level":1,"start_time":1700716680000,"end_time":1700716739000},{"score":0,"score_max":1,"score_min":0,"flag":1,"level":1,"start_time":1700716620000,"end_time":1700716679000},{"score":0,"score_max":1,"score_min":0,"flag":1,"level":1,"start_time":1700716560000,"end_time":1700716619000},{"score":0,"score_max":0,"score_min":0,"flag":1,"level":1,"start_time":1700716500000,"end_time":1700716559000},{"score":0,"score_max":1,"score_min":0,"flag":1,"level":1,"start_time":1700716440000,"end_time":1700716499000},{"score":0,"score_max":0,"score_min":0,"flag":1,"level":1,"start_time":1700716380000,"end_time":1700716439000},{"score":0,"score_max":1,"score_min":0,"flag":1,"level":1,"start_time":1700716320000,"end_time":1700716379000},{"score":0,"score_max":1,"score_min":0,"flag":1,"level":1,"start_time":1700716260000,"end_time":1700716319000},{"score":0,"score_max":0,"score_min":0,"flag":1,"level":1,"start_time":1700716200000,"end_time":1700716259000},{"score":0,"score_max":0,"score_min":0,"flag":1,"level":1,"start_time":1700716140000,"end_time":1700716199000},{"score":0,"score_max":0,"score_min":0,"flag":1,"level":1,"start_time":1700716080000,"end_time":1700716139000},{"score":0,"score_max":0,"score_min":0,"flag":1,"level":1,"start_time":1700716020000,"end_time":1700716079000},{"score":0,"score_max":0,"score_min":0,"flag":1,"level":1,"start_time":1700715960000,"end_time":1700716019000},{"score":0,"score_max":0,"score_min":0,"flag":1,"level":1,"start_time":1700715900000,"end_time":1700715959000},{"score":0,"score_max":1,"score_min":0,"flag":1,"level":1,"start_time":1700715840000,"end_time":1700715899000},{"score":0,"score_max":1,"score_min":0,"flag":1,"level":1,"start_time":1700715780000,"end_time":1700715839000},{"score":0,"score_max":0,"score_min":0,"flag":1,"level":1,"start_time":1700715720000,"end_time":1700715779000},{"score":1,"score_max":1,"score_min":1,"flag":1,"level":1,"start_time":1700715660000,"end_time":1700715719000},{"score":1,"score_max":1,"score_min":1,"flag":1,"level":1,"start_time":1700715600000,"end_time":1700715659000}]