[{"score":97,"score_max":100,"score_min":90,"flag":1,"level":0,"start_time":1701133140000,"end_time":1701133199000},{"score":100,"score_max":100,"score_min":100,"flag":1,"level":1,"start_time":1701132960000,"end_time":1701133019000},{"score":46,"score_max":78,"score_min":27,"flag":1,"level":1,"start_time":1701132900000,"end_time":1701132959000},{"score":13,"score_max":27,"score_min":0,"flag":1,"level":1,"start_time":1701132840000,"end_time":1701132899000},{"score":100,"score_max":100,"score_min":100,"flag":1,"level":0,"start_time":1701132780000,"end_time":1701132839000},{"score":100,"score_max":100,"score_min":100,"flag":1,"level":1,"start_time":1701132600000,"end_time":1701132659000},{"score":0,"score_max":0,"score_min":0,"flag":1,"level":1,"start_time":1701132540000,"end_time":1701132599000},{"score":0,"score_max":0,"score_min":0,"flag":1,"level":1,"start_time":1701131820000,"end_time":1701131879000},{"score":1,"score_max":5,"score_min":0,"flag":1,"level":1,"start_time":1701131760000,"end_time":1701131819000},{"score":0,"score_max":0,"score_min":0,"flag":1,"level":1,"start_time":1701131580000,"end_time":1701131639000},{"score":39,"score_max":71,"score_min":19,"flag":1,"level":1,"start_time":1701131520000,"end_time":1701131579000},{"score":16,"score_max":18,"score_min":16,"flag":1,"level":1,"start_time":1701131340000,"end_time":1701131399000},{"score":100,"score_max":100,"score_min":100,"flag":1,"level":1,"start_time":1701131280000,"end_time":1701131339000},{"score":100,"score_max":100,"score_min":100,"flag":1,"level":0,"start_time":1701131220000,"end_time":1701131279000},{"score":99,"score_max":100,"score_min":99,"flag":1,"level":0,"start_time":1701131160000,"end_time":1701131219000},{"score":3,"score_max":99,"score_min":0,"flag":1,"level":1,"start_time":1701131100000,"end_time":1701131159000},{"score":0,"score_max":0,"score_min":0,"flag":1,"level":1,"start_time":1701130980000,"end_time":1701131039000},{"score":27,"score_max":30,"score_min":26,"flag":1,"level":1,"start_time":1701130740000,"end_time":1701130799000},{"score":16,"score_max":27,"score_min":7,"flag":1,"level":1,"start_time":1701130680000,"end_time":1701130739000},{"score":2,"score_max":6,"score_min":1,"flag":1,"level":1,"start_time":1701130620000,"end_time":1701130679000},{"score":0,"score_max":1,"score_min":0,"flag":1,"level":1,"start_time":1701130560000,"end_time":1701130619000},{"score":0,"score_max":0,"score_min":0,"flag":1,"level":1,"start_time":1701130500000,"end_time":1701130559000},{"score":0,"score_max":2,"score_min":0,"flag":1,"level":1,"start_time":1701130440000,"end_time":1701130499000},{"score":0,"score_max":1,"score_min":0,"flag":1,"level":1,"start_time":1701130380000,"end_time":1701130439000},{"score":0,"score_max":0,"score_min":0,"flag":1,"level":1,"start_time":1701130320000,"end_time":1701130379000},{"score":0,"score_max":0,"score_min":0,"flag":1,"level":1,"start_time":1701130080000,"end_time":1701130139000},{"score":100,"score_max":100,"score_min":100,"flag":1,"level":0,"start_time":1701129840000,"end_time":1701129899000}]