[{"score":12,"score_max":18,"score_min":8,"flag":1,"level":1,"start_time":1700794740000,"end_time":1700794799000},{"score":8,"score_max":17,"score_min":3,"flag":1,"level":1,"start_time":1700794680000,"end_time":1700794739000},{"score":4,"score_max":6,"score_min":3,"flag":1,"level":1,"start_time":1700794620000,"end_time":1700794679000},{"score":7,"score_max":12,"score_min":1,"flag":1,"level":1,"start_time":1700794560000,"end_time":1700794619000},{"score":0,"score_max":1,"score_min":0,"flag":1,"level":1,"start_time":1700794500000,"end_time":1700794559000},{"score":94,"score_max":96,"score_min":90,"flag":1,"level":1,"start_time":1700794440000,"end_time":1700794499000},{"score":30,"score_max":60,"score_min":12,"flag":1,"level":1,"start_time":1700794380000,"end_time":1700794439000},{"score":10,"score_max":18,"score_min":7,"flag":1,"level":1,"start_time":1700794320000,"end_time":1700794379000},{"score":42,"score_max":51,"score_min":22,"flag":1,"level":1,"start_time":1700794260000,"end_time":1700794319000},{"score":20,"score_max":38,"score_min":15,"flag":1,"level":1,"start_time":1700794200000,"end_time":1700794259000},{"score":12,"score_max":17,"score_min":3,"flag":1,"level":1,"start_time":1700794140000,"end_time":1700794199000},{"score":1,"score_max":3,"score_min":1,"flag":1,"level":1,"start_time":1700794080000,"end_time":1700794139000},{"score":98,"score_max":99,"score_min":98,"flag":1,"level":0,"start_time":1700794020000,"end_time":1700794079000},{"score":82,"score_max":98,"score_min":56,"flag":1,"level":0,"start_time":1700793960000,"end_time":1700794019000},{"score":49,"score_max":55,"score_min":42,"flag":1,"level":1,"start_time":1700793900000,"end_time":1700793959000},{"score":50,"score_max":54,"score_min":45,"flag":1,"level":1,"start_time":1700793840000,"end_time":1700793899000},{"score":33,"score_max":51,"score_min":19,"flag":1,"level":1,"start_time":1700793780000,"end_time":1700793839000},{"score":20,"score_max":27,"score_min":18,"flag":1,"level":1,"start_time":1700793720000,"end_time":1700793779000},{"score":46,"score_max":63,"score_min":27,"flag":1,"level":1,"start_time":1700793660000,"end_time":1700793719000},{"score":52,"score_max":61,"score_min":34,"flag":1,"level":1,"start_time":1700793600000,"end_time":1700793659000},{"score":36,"score_max":43,"score_min":29,"flag":1,"level":1,"start_time":1700793540000,"end_time":1700793599000},{"score":42,"score_max":64,"score_min":34,"flag":1,"level":1,"start_time":1700793480000,"end_time":1700793539000},{"score":33,"score_max":64,"score_min":25,"flag":1,"level":1,"start_time":1700793420000,"end_time":1700793479000},{"score":17,"score_max":24,"score_min":13,"flag":1,"level":1,"start_time":1700793360000,"end_time":1700793419000},{"score":30,"score_max":39,"score_min":21,"flag":1,"level":1,"start_time":1700793300000,"end_time":1700793359000},{"score":21,"score_max":32,"score_min":15,"flag":1,"level":1,"start_time":1700793240000,"end_time":1700793299000},{"score":13,"score_max":16,"score_min":11,"flag":1,"level":1,"start_time":1700793180000,"end_time":1700793239000},{"score":21,"score_max":26,"score_min":16,"flag":1,"level":1,"start_time":1700793120000,"end_time":1700793179000},{"score":18,"score_max":23,"score_min":14,"flag":1,"level":1,"start_time":1700793060000,"end_time":1700793119000},{"score":12,"score_max":17,"score_min":5,"flag":1,"level":1,"start_time":1700793000000,"end_time":1700793059000},{"score":6,"score_max":8,"score_min":5,"flag":1,"level":1,"start_time":1700792940000,"end_time":1700792999000},{"score":6,"score_max":8,"score_min":5,"flag":1,"level":1,"start_time":1700792880000,"end_time":1700792939000},{"score":7,"score_max":13,"score_min":5,"flag":1,"level":1,"start_time":1700792820000,"end_time":1700792879000},{"score":3,"score_max":6,"score_min":1,"flag":1,"level":1,"start_time":1700792700000,"end_time":1700792759000},{"score":89,"score_max":95,"score_min":80,"flag":1,"level":1,"start_time":1700792640000,"end_time":1700792699000},{"score":39,"score_max":79,"score_min":18,"flag":1,"level":1,"start_time":1700792580000,"end_time":1700792639000},{"score":17,"score_max":23,"score_min":5,"flag":1,"level":1,"start_time":1700792520000,"end_time":1700792579000},{"score":1,"score_max":4,"score_min":0,"flag":1,"level":1,"start_time":1700792400000,"end_time":1700792459000},{"score":100,"score_max":100,"score_min":100,"flag":1,"level":0,"start_time":1700792340000,"end_time":1700792399000},{"score":94,"score_max":100,"score_min":76,"flag":1,"level":0,"start_time":1700792280000,"end_time":1700792339000},{"score":52,"score_max":75,"score_min":39,"flag":1,"level":1,"start_time":1700792220000,"end_time":1700792279000},{"score":64,"score_max":77,"score_min":40,"flag":1,"level":1,"start_time":1700792160000,"end_time":1700792219000},{"score":30,"score_max":72,"score_min":15,"flag":1,"level":1,"start_time":1700792100000,"end_time":1700792159000},{"score":21,"score_max":25,"score_min":16,"flag":1,"level":1,"start_time":1700792040000,"end_time":1700792099000},{"score":18,"score_max":24,"score_min":14,"flag":1,"level":1,"start_time":1700791980000,"end_time":1700792039000},{"score":15,"score_max":23,"score_min":5,"flag":1,"level":1,"start_time":1700791920000,"end_time":1700791979000},{"score":1,"score_max":4,"score_min":0,"flag":1,"level":1,"start_time":1700791260000,"end_time":1700791319000},{"score":93,"score_max":100,"score_min":73,"flag":1,"level":0,"start_time":1700791200000,"end_time":1700791259000}]