[{"score":0,"score_max":0,"score_min":0,"flag":1,"level":1,"start_time":1700726340000,"end_time":1700726399000},{"score":0,"score_max":0,"score_min":0,"flag":1,"level":1,"start_time":1700726280000,"end_time":1700726339000},{"score":0,"score_max":0,"score_min":0,"flag":1,"level":1,"start_time":1700726220000,"end_time":1700726279000},{"score":0,"score_max":0,"score_min":0,"flag":1,"level":1,"start_time":1700726160000,"end_time":1700726219000},{"score":0,"score_max":0,"score_min":0,"flag":1,"level":1,"start_time":1700726100000,"end_time":1700726159000},{"score":0,"score_max":0,"score_min":0,"flag":1,"level":1,"start_time":1700726040000,"end_time":1700726099000},{"score":0,"score_max":0,"score_min":0,"flag":1,"level":1,"start_time":1700725980000,"end_time":1700726039000},{"score":0,"score_max":0,"score_min":0,"flag":1,"level":1,"start_time":1700725920000,"end_time":1700725979000},{"score":0,"score_max":0,"score_min":0,"flag":1,"level":1,"start_time":1700725860000,"end_time":1700725919000},{"score":0,"score_max":0,"score_min":0,"flag":1,"level":1,"start_time":1700725800000,"end_time":1700725859000},{"score":0,"score_max":0,"score_min":0,"flag":1,"level":1,"start_time":1700725740000,"end_time":1700725799000},{"score":0,"score_max":0,"score_min":0,"flag":1,"level":1,"start_time":1700725680000,"end_time":1700725739000},{"score":0,"score_max":0,"score_min":0,"flag":1,"level":1,"start_time":1700725620000,"end_time":1700725679000},{"score":0,"score_max":0,"score_min":0,"flag":1,"level":1,"start_time":1700725560000,"end_time":1700725619000},{"score":0,"score_max":0,"score_min":0,"flag":1,"level":1,"start_time":1700725500000,"end_time":1700725559000},{"score":0,"score_max":0,"score_min":0,"flag":1,"level":1,"start_time":1700725440000,"end_time":1700725499000},{"score":0,"score_max":0,"score_min":0,"flag":1,"level":1,"start_time":1700725380000,"end_time":1700725439000},{"score":0,"score_max":0,"score_min":0,"flag":1,"level":1,"start_time":1700725320000,"end_time":1700725379000},{"score":0,"score_max":1,"score_min":0,"flag":1,"level":1,"start_time":1700725260000,"end_time":1700725319000},{"score":0,"score_max":1,"score_min":0,"flag":1,"level":1,"start_time":1700725200000,"end_time":1700725259000},{"score":0,"score_max":0,"score_min":0,"flag":1,"level":1,"start_time":1700725140000,"end_time":1700725199000},{"score":0,"score_max":0,"score_min":0,"flag":1,"level":1,"start_time":1700725080000,"end_time":1700725139000},{"score":0,"score_max":0,"score_min":0,"flag":1,"level":1,"start_time":1700725020000,"end_time":1700725079000},{"score":0,"score_max":0,"score_min":0,"flag":1,"level":1,"start_time":1700724960000,"end_time":1700725019000},{"score":0,"score_max":1,"score_min":0,"flag":1,"level":1,"start_time":1700724900000,"end_time":1700724959000},{"score":0,"score_max":0,"score_min":0,"flag":1,"level":1,"start_time":1700724840000,"end_time":1700724899000},{"score":0,"score_max":0,"score_min":0,"flag":1,"level":1,"start_time":1700724780000,"end_time":1700724839000},{"score":0,"score_max":0,"score_min":0,"flag":1,"level":1,"start_time":1700724720000,"end_time":1700724779000},{"score":0,"score_max":0,"score_min":0,"flag":1,"level":1,"start_time":1700724660000,"end_time":1700724719000},{"score":0,"score_max":0,"score_min":0,"flag":1,"level":1,"start_time":1700724600000,"end_time":1700724659000},{"score":0,"score_max":0,"score_min":0,"flag":1,"level":1,"start_time":1700724540000,"end_time":1700724599000},{"score":4,"score_max":20,"score_min":0,"flag":1,"level":1,"start_time":1700724480000,"end_time":1700724539000},{"score":6,"score_max":19,"score_min":0,"flag":1,"level":1,"start_time":1700724420000,"end_time":1700724479000},{"score":0,"score_max":0,"score_min":0,"flag":1,"level":1,"start_time":1700724360000,"end_time":1700724419000},{"score":0,"score_max":0,"score_min":0,"flag":1,"level":1,"start_time":1700724300000,"end_time":1700724359000},{"score":0,"score_max":0,"score_min":0,"flag":1,"level":1,"start_time":1700724240000,"end_time":1700724299000},{"score":0,"score_max":0,"score_min":0,"flag":1,"level":1,"start_time":1700724180000,"end_time":1700724239000},{"score":0,"score_max":2,"score_min":0,"flag":1,"level":1,"start_time":1700724120000,"end_time":1700724179000},{"score":1,"score_max":3,"score_min":1,"flag":1,"level":1,"start_time":1700724060000,"end_time":1700724119000},{"score":0,"score_max":1,"score_min":0,"flag":1,"level":1,"start_time":1700724000000,"end_time":1700724059000},{"score":0,"score_max":0,"score_min":0,"flag":1,"level":1,"start_time":1700723940000,"end_time":1700723999000},{"score":0,"score_max":0,"score_min":0,"flag":1,"level":1,"start_time":1700723880000,"end_time":1700723939000},{"score":1,"score_max":2,"score_min":0,"flag":1,"level":1,"start_time":1700723820000,"end_time":1700723879000},{"score":0,"score_max":1,"score_min":0,"flag":1,"level":1,"start_time":1700723760000,"end_time":1700723819000},{"score":1,"score_max":3,"score_min":0,"flag":1,"level":1,"start_time":1700723700000,"end_time":1700723759000},{"score":1,"score_max":2,"score_min":1,"flag":1,"level":1,"start_time":1700723640000,"end_time":1700723699000},{"score":1,"score_max":4,"score_min":0,"flag":1,"level":1,"start_time":1700723580000,"end_time":1700723639000},{"score":1,"score_max":5,"score_min":0,"flag":1,"level":1,"start_time":1700723520000,"end_time":1700723579000},{"score":0,"score_max":0,"score_min":0,"flag":1,"level":1,"start_time":1700723460000,"end_time":1700723519000},{"score":0,"score_max":0,"score_min":0,"flag":1,"level":1,"start_time":1700723400000,"end_time":1700723459000},{"score":0,"score_max":0,"score_min":0,"flag":1,"level":1,"start_time":1700723340000,"end_time":1700723399000},{"score":0,"score_max":0,"score_min":0,"flag":1,"level":1,"start_time":1700723280000,"end_time":1700723339000},{"score":0,"score_max":0,"score_min":0,"flag":1,"level":1,"start_time":1700723220000,"end_time":1700723279000},{"score":0,"score_max":1,"score_min":0,"flag":1,"level":1,"start_time":1700723160000,"end_time":1700723219000},{"score":0,"score_max":1,"score_min":0,"flag":1,"level":1,"start_time":1700723100000,"end_time":1700723159000},{"score":0,"score_max":1,"score_min":0,"flag":1,"level":1,"start_time":1700723040000,"end_time":1700723099000},{"score":1,"score_max":3,"score_min":1,"flag":1,"level":1,"start_time":1700722980000,"end_time":1700723039000},{"score":0,"score_max":0,"score_min":0,"flag":1,"level":1,"start_time":1700722920000,"end_time":1700722979000},{"score":0,"score_max":1,"score_min":0,"flag":1,"level":1,"start_time":1700722860000,"end_time":1700722919000},{"score":1,"score_max":1,"score_min":1,"flag":1,"level":1,"start_time":1700722800000,"end_time":1700722859000}]