[{"score":99,"score_max":100,"score_min":99,"flag":1,"level":1,"start_time":1701078420000,"end_time":1701078479000},{"score":94,"score_max":98,"score_min":92,"flag":1,"level":0,"start_time":1701078360000,"end_time":1701078419000},{"score":72,"score_max":92,"score_min":40,"flag":1,"level":0,"start_time":1701078300000,"end_time":1701078359000},{"score":15,"score_max":39,"score_min":3,"flag":1,"level":1,"start_time":1701078240000,"end_time":1701078299000},{"score":0,"score_max":3,"score_min":0,"flag":1,"level":1,"start_time":1701076200000,"end_time":1701076259000},{"score":99,"score_max":99,"score_min":99,"flag":1,"level":1,"start_time":1701076140000,"end_time":1701076199000},{"score":96,"score_max":99,"score_min":90,"flag":1,"level":0,"start_time":1701076080000,"end_time":1701076139000},{"score":66,"score_max":90,"score_min":32,"flag":1,"level":1,"start_time":1701076020000,"end_time":1701076079000},{"score":21,"score_max":32,"score_min":17,"flag":1,"level":1,"start_time":1701075960000,"end_time":1701076019000},{"score":11,"score_max":20,"score_min":6,"flag":1,"level":1,"start_time":1701075900000,"end_time":1701075959000},{"score":12,"score_max":18,"score_min":7,"flag":1,"level":1,"start_time":1701075840000,"end_time":1701075899000},{"score":6,"score_max":17,"score_min":0,"flag":1,"level":1,"start_time":1701075600000,"end_time":1701075659000}]