[{"score":0,"score_max":0,"score_min":0,"flag":1,"level":1,"start_time":1700913540000,"end_time":1700913599000},{"score":0,"score_max":0,"score_min":0,"flag":1,"level":1,"start_time":1700913480000,"end_time":1700913539000},{"score":0,"score_max":0,"score_min":0,"flag":1,"level":1,"start_time":1700913420000,"end_time":1700913479000},{"score":0,"score_max":0,"score_min":0,"flag":1,"level":1,"start_time":1700913360000,"end_time":1700913419000},{"score":2,"score_max":15,"score_min":0,"flag":1,"level":1,"start_time":1700913300000,"end_time":1700913359000},{"score":4,"score_max":23,"score_min":0,"flag":1,"level":1,"start_time":1700913240000,"end_time":1700913299000},{"score":0,"score_max":0,"score_min":0,"flag":1,"level":1,"start_time":1700913180000,"end_time":1700913239000},{"score":0,"score_max":0,"score_min":0,"flag":1,"level":1,"start_time":1700913120000,"end_time":1700913179000},{"score":0,"score_max":0,"score_min":0,"flag":1,"level":1,"start_time":1700913060000,"end_time":1700913119000},{"score":0,"score_max":0,"score_min":0,"flag":1,"level":1,"start_time":1700913000000,"end_time":1700913059000},{"score":0,"score_max":0,"score_min":0,"flag":1,"level":1,"start_time":1700912940000,"end_time":1700912999000},{"score":0,"score_max":1,"score_min":0,"flag":1,"level":1,"start_time":1700912880000,"end_time":1700912939000},{"score":0,"score_max":1,"score_min":0,"flag":1,"level":1,"start_time":1700912820000,"end_time":1700912879000},{"score":0,"score_max":0,"score_min":0,"flag":1,"level":1,"start_time":1700912760000,"end_time":1700912819000},{"score":0,"score_max":1,"score_min":0,"flag":1,"level":1,"start_time":1700912700000,"end_time":1700912759000},{"score":0,"score_max":1,"score_min":0,"flag":1,"level":1,"start_time":1700912640000,"end_time":1700912699000},{"score":0,"score_max":0,"score_min":0,"flag":1,"level":1,"start_time":1700912580000,"end_time":1700912639000},{"score":0,"score_max":1,"score_min":0,"flag":1,"level":1,"start_time":1700912520000,"end_time":1700912579000},{"score":2,"score_max":4,"score_min":1,"flag":1,"level":1,"start_time":1700912460000,"end_time":1700912519000},{"score":0,"score_max":2,"score_min":0,"flag":1,"level":1,"start_time":1700912400000,"end_time":1700912459000},{"score":0,"score_max":1,"score_min":0,"flag":1,"level":1,"start_time":1700912340000,"end_time":1700912399000},{"score":0,"score_max":1,"score_min":0,"flag":1,"level":1,"start_time":1700912280000,"end_time":1700912339000},{"score":0,"score_max":0,"score_min":0,"flag":1,"level":1,"start_time":1700912220000,"end_time":1700912279000},{"score":0,"score_max":0,"score_min":0,"flag":1,"level":1,"start_time":1700912160000,"end_time":1700912219000},{"score":0,"score_max":0,"score_min":0,"flag":1,"level":1,"start_time":1700912100000,"end_time":1700912159000},{"score":0,"score_max":0,"score_min":0,"flag":1,"level":1,"start_time":1700912040000,"end_time":1700912099000},{"score":0,"score_max":0,"score_min":0,"flag":1,"level":1,"start_time":1700911980000,"end_time":1700912039000},{"score":0,"score_max":0,"score_min":0,"flag":1,"level":1,"start_time":1700911920000,"end_time":1700911979000},{"score":2,"score_max":15,"score_min":0,"flag":1,"level":1,"start_time":1700911860000,"end_time":1700911919000},{"score":49,"score_max":64,"score_min":17,"flag":1,"level":1,"start_time":1700911800000,"end_time":1700911859000},{"score":15,"score_max":38,"score_min":2,"flag":1,"level":1,"start_time":1700911740000,"end_time":1700911799000},{"score":0,"score_max":2,"score_min":0,"flag":1,"level":1,"start_time":1700911680000,"end_time":1700911739000},{"score":0,"score_max":0,"score_min":0,"flag":1,"level":1,"start_time":1700911620000,"end_time":1700911679000},{"score":0,"score_max":1,"score_min":0,"flag":1,"level":1,"start_time":1700911560000,"end_time":1700911619000},{"score":1,"score_max":1,"score_min":1,"flag":1,"level":1,"start_time":1700911500000,"end_time":1700911559000},{"score":1,"score_max":1,"score_min":1,"flag":1,"level":1,"start_time":1700911440000,"end_time":1700911499000},{"score":1,"score_max":1,"score_min":1,"flag":1,"level":1,"start_time":1700911380000,"end_time":1700911439000},{"score":2,"score_max":4,"score_min":1,"flag":1,"level":1,"start_time":1700911320000,"end_time":1700911379000},{"score":2,"score_max":4,"score_min":2,"flag":1,"level":1,"start_time":1700911260000,"end_time":1700911319000},{"score":2,"score_max":3,"score_min":1,"flag":1,"level":1,"start_time":1700911200000,"end_time":1700911259000},{"score":6,"score_max":15,"score_min":3,"flag":1,"level":1,"start_time":1700911140000,"end_time":1700911199000},{"score":18,"score_max":28,"score_min":10,"flag":1,"level":1,"start_time":1700911080000,"end_time":1700911139000},{"score":2,"score_max":9,"score_min":1,"flag":1,"level":1,"start_time":1700911020000,"end_time":1700911079000},{"score":1,"score_max":1,"score_min":1,"flag":1,"level":1,"start_time":1700910960000,"end_time":1700911019000},{"score":1,"score_max":3,"score_min":1,"flag":1,"level":1,"start_time":1700910900000,"end_time":1700910959000},{"score":0,"score_max":1,"score_min":0,"flag":1,"level":1,"start_time":1700910840000,"end_time":1700910899000},{"score":0,"score_max":0,"score_min":0,"flag":1,"level":1,"start_time":1700910780000,"end_time":1700910839000},{"score":0,"score_max":1,"score_min":0,"flag":1,"level":1,"start_time":1700910720000,"end_time":1700910779000},{"score":5,"score_max":13,"score_min":1,"flag":1,"level":1,"start_time":1700910660000,"end_time":1700910719000},{"score":3,"score_max":13,"score_min":0,"flag":1,"level":1,"start_time":1700910600000,"end_time":1700910659000},{"score":0,"score_max":0,"score_min":0,"flag":1,"level":1,"start_time":1700910540000,"end_time":1700910599000},{"score":0,"score_max":0,"score_min":0,"flag":1,"level":1,"start_time":1700910480000,"end_time":1700910539000},{"score":0,"score_max":0,"score_min":0,"flag":1,"level":1,"start_time":1700910420000,"end_time":1700910479000},{"score":0,"score_max":0,"score_min":0,"flag":1,"level":1,"start_time":1700910360000,"end_time":1700910419000},{"score":0,"score_max":1,"score_min":0,"flag":1,"level":1,"start_time":1700910300000,"end_time":1700910359000},{"score":0,"score_max":1,"score_min":0,"flag":1,"level":1,"start_time":1700910240000,"end_time":1700910299000},{"score":0,"score_max":0,"score_min":0,"flag":1,"level":1,"start_time":1700910180000,"end_time":1700910239000},{"score":0,"score_max":0,"score_min":0,"flag":1,"level":1,"start_time":1700910120000,"end_time":1700910179000}]