[{"score":1,"score_max":4,"score_min":1,"flag":1,"level":1,"start_time":1700978340000,"end_time":1700978399000},{"score":5,"score_max":8,"score_min":3,"flag":1,"level":1,"start_time":1700978280000,"end_time":1700978339000},{"score":3,"score_max":8,"score_min":1,"flag":1,"level":1,"start_time":1700978220000,"end_time":1700978279000},{"score":5,"score_max":8,"score_min":3,"flag":1,"level":1,"start_time":1700978160000,"end_time":1700978219000},{"score":11,"score_max":19,"score_min":4,"flag":1,"level":1,"start_time":1700978100000,"end_time":1700978159000},{"score":8,"score_max":15,"score_min":3,"flag":1,"level":1,"start_time":1700978040000,"end_time":1700978099000},{"score":0,"score_max":2,"score_min":0,"flag":1,"level":1,"start_time":1700977980000,"end_time":1700978039000},{"score":0,"score_max":0,"score_min":0,"flag":1,"level":1,"start_time":1700977920000,"end_time":1700977979000},{"score":0,"score_max":0,"score_min":0,"flag":1,"level":1,"start_time":1700977860000,"end_time":1700977919000},{"score":0,"score_max":0,"score_min":0,"flag":1,"level":1,"start_time":1700977800000,"end_time":1700977859000},{"score":0,"score_max":0,"score_min":0,"flag":1,"level":1,"start_time":1700977740000,"end_time":1700977799000},{"score":0,"score_max":1,"score_min":0,"flag":1,"level":1,"start_time":1700977680000,"end_time":1700977739000},{"score":0,"score_max":1,"score_min":0,"flag":1,"level":1,"start_time":1700977620000,"end_time":1700977679000},{"score":1,"score_max":1,"score_min":1,"flag":1,"level":1,"start_time":1700977560000,"end_time":1700977619000},{"score":0,"score_max":1,"score_min":0,"flag":1,"level":1,"start_time":1700977500000,"end_time":1700977559000},{"score":0,"score_max":0,"score_min":0,"flag":1,"level":1,"start_time":1700977440000,"end_time":1700977499000},{"score":0,"score_max":0,"score_min":0,"flag":1,"level":1,"start_time":1700977380000,"end_time":1700977439000},{"score":0,"score_max":0,"score_min":0,"flag":1,"level":1,"start_time":1700977320000,"end_time":1700977379000},{"score":0,"score_max":0,"score_min":0,"flag":1,"level":1,"start_time":1700977260000,"end_time":1700977319000},{"score":0,"score_max":0,"score_min":0,"flag":1,"level":1,"start_time":1700977200000,"end_time":1700977259000},{"score":0,"score_max":0,"score_min":0,"flag":1,"level":1,"start_time":1700977140000,"end_time":1700977199000},{"score":0,"score_max":0,"score_min":0,"flag":1,"level":1,"start_time":1700977080000,"end_time":1700977139000},{"score":0,"score_max":0,"score_min":0,"flag":1,"level":1,"start_time":1700977020000,"end_time":1700977079000},{"score":0,"score_max":0,"score_min":0,"flag":1,"level":1,"start_time":1700976960000,"end_time":1700977019000},{"score":0,"score_max":0,"score_min":0,"flag":1,"level":1,"start_time":1700976900000,"end_time":1700976959000},{"score":0,"score_max":1,"score_min":0,"flag":1,"level":1,"start_time":1700976840000,"end_time":1700976899000},{"score":1,"score_max":1,"score_min":1,"flag":1,"level":1,"start_time":1700976780000,"end_time":1700976839000},{"score":2,"score_max":3,"score_min":1,"flag":1,"level":1,"start_time":1700976720000,"end_time":1700976779000},{"score":3,"score_max":4,"score_min":3,"flag":1,"level":1,"start_time":1700976660000,"end_time":1700976719000},{"score":4,"score_max":6,"score_min":2,"flag":1,"level":1,"start_time":1700976600000,"end_time":1700976659000},{"score":3,"score_max":6,"score_min":2,"flag":1,"level":1,"start_time":1700976540000,"end_time":1700976599000},{"score":1,"score_max":2,"score_min":1,"flag":1,"level":1,"start_time":1700976480000,"end_time":1700976539000},{"score":1,"score_max":2,"score_min":1,"flag":1,"level":1,"start_time":1700976420000,"end_time":1700976479000},{"score":2,"score_max":4,"score_min":2,"flag":1,"level":1,"start_time":1700976360000,"end_time":1700976419000},{"score":3,"score_max":4,"score_min":3,"flag":1,"level":1,"start_time":1700976300000,"end_time":1700976359000},{"score":6,"score_max":9,"score_min":4,"flag":1,"level":1,"start_time":1700976240000,"end_time":1700976299000},{"score":6,"score_max":9,"score_min":4,"flag":1,"level":1,"start_time":1700976180000,"end_time":1700976239000},{"score":3,"score_max":4,"score_min":3,"flag":1,"level":1,"start_time":1700976120000,"end_time":1700976179000},{"score":7,"score_max":18,"score_min":3,"flag":1,"level":1,"start_time":1700976060000,"end_time":1700976119000},{"score":56,"score_max":76,"score_min":19,"flag":1,"level":1,"start_time":1700976000000,"end_time":1700976059000},{"score":16,"score_max":47,"score_min":10,"flag":1,"level":1,"start_time":1700975940000,"end_time":1700975999000},{"score":8,"score_max":13,"score_min":4,"flag":1,"level":1,"start_time":1700975880000,"end_time":1700975939000},{"score":2,"score_max":4,"score_min":2,"flag":1,"level":1,"start_time":1700975820000,"end_time":1700975879000},{"score":2,"score_max":3,"score_min":2,"flag":1,"level":1,"start_time":1700975760000,"end_time":1700975819000},{"score":2,"score_max":4,"score_min":2,"flag":1,"level":1,"start_time":1700975700000,"end_time":1700975759000},{"score":4,"score_max":12,"score_min":3,"flag":1,"level":1,"start_time":1700975640000,"end_time":1700975699000},{"score":21,"score_max":31,"score_min":12,"flag":1,"level":1,"start_time":1700975580000,"end_time":1700975639000},{"score":11,"score_max":14,"score_min":11,"flag":1,"level":1,"start_time":1700975520000,"end_time":1700975579000},{"score":5,"score_max":11,"score_min":1,"flag":1,"level":1,"start_time":1700975460000,"end_time":1700975519000},{"score":0,"score_max":1,"score_min":0,"flag":1,"level":1,"start_time":1700975400000,"end_time":1700975459000},{"score":0,"score_max":7,"score_min":0,"flag":1,"level":1,"start_time":1700975340000,"end_time":1700975399000},{"score":54,"score_max":81,"score_min":8,"flag":1,"level":1,"start_time":1700975280000,"end_time":1700975339000},{"score":4,"score_max":21,"score_min":3,"flag":1,"level":1,"start_time":1700975220000,"end_time":1700975279000},{"score":13,"score_max":21,"score_min":5,"flag":1,"level":1,"start_time":1700975160000,"end_time":1700975219000},{"score":9,"score_max":18,"score_min":1,"flag":1,"level":1,"start_time":1700975100000,"end_time":1700975159000},{"score":0,"score_max":1,"score_min":0,"flag":1,"level":1,"start_time":1700975040000,"end_time":1700975099000},{"score":0,"score_max":1,"score_min":0,"flag":1,"level":1,"start_time":1700974980000,"end_time":1700975039000},{"score":0,"score_max":1,"score_min":0,"flag":1,"level":1,"start_time":1700974920000,"end_time":1700974979000},{"score":1,"score_max":3,"score_min":1,"flag":1,"level":1,"start_time":1700974860000,"end_time":1700974919000},{"score":6,"score_max":13,"score_min":2,"flag":1,"level":1,"start_time":1700974800000,"end_time":1700974859000}]