[{"score":100,"score_max":100,"score_min":100,"flag":1,"level":1,"start_time":1701427860000,"end_time":1701427919000},{"score":100,"score_max":100,"score_min":100,"flag":1,"level":1,"start_time":1701427680000,"end_time":1701427739000},{"score":48,"score_max":56,"score_min":24,"flag":1,"level":1,"start_time":1701427620000,"end_time":1701427679000},{"score":12,"score_max":22,"score_min":6,"flag":1,"level":1,"start_time":1701427560000,"end_time":1701427619000},{"score":55,"score_max":85,"score_min":12,"flag":1,"level":1,"start_time":1701427440000,"end_time":1701427499000},{"score":100,"score_max":100,"score_min":100,"flag":1,"level":1,"start_time":1701427380000,"end_time":1701427439000},{"score":100,"score_max":100,"score_min":100,"flag":1,"level":0,"start_time":1701427260000,"end_time":1701427319000},{"score":0,"score_max":0,"score_min":0,"flag":1,"level":1,"start_time":1701426960000,"end_time":1701427019000},{"score":100,"score_max":100,"score_min":100,"flag":1,"level":1,"start_time":1701426120000,"end_time":1701426179000},{"score":5,"score_max":18,"score_min":0,"flag":1,"level":1,"start_time":1701426060000,"end_time":1701426119000},{"score":0,"score_max":0,"score_min":0,"flag":1,"level":1,"start_time":1701426000000,"end_time":1701426059000},{"score":0,"score_max":0,"score_min":0,"flag":1,"level":1,"start_time":1701425940000,"end_time":1701425999000},{"score":0,"score_max":0,"score_min":0,"flag":1,"level":1,"start_time":1701425820000,"end_time":1701425879000},{"score":100,"score_max":100,"score_min":100,"flag":1,"level":1,"start_time":1701425760000,"end_time":1701425819000}]