[{"score":16,"score_max":40,"score_min":5,"flag":1,"level":1,"start_time":1700704740000,"end_time":1700704799000},{"score":6,"score_max":11,"score_min":4,"flag":1,"level":1,"start_time":1700704680000,"end_time":1700704739000},{"score":39,"score_max":69,"score_min":11,"flag":1,"level":1,"start_time":1700704620000,"end_time":1700704679000},{"score":31,"score_max":69,"score_min":11,"flag":1,"level":1,"start_time":1700704560000,"end_time":1700704619000},{"score":19,"score_max":26,"score_min":12,"flag":1,"level":1,"start_time":1700704500000,"end_time":1700704559000},{"score":22,"score_max":24,"score_min":21,"flag":1,"level":1,"start_time":1700704440000,"end_time":1700704499000},{"score":17,"score_max":24,"score_min":8,"flag":1,"level":1,"start_time":1700704380000,"end_time":1700704439000},{"score":6,"score_max":9,"score_min":5,"flag":1,"level":1,"start_time":1700704320000,"end_time":1700704379000},{"score":9,"score_max":11,"score_min":6,"flag":1,"level":1,"start_time":1700704260000,"end_time":1700704319000},{"score":4,"score_max":6,"score_min":4,"flag":1,"level":1,"start_time":1700704200000,"end_time":1700704259000},{"score":6,"score_max":8,"score_min":5,"flag":1,"level":1,"start_time":1700704140000,"end_time":1700704199000},{"score":4,"score_max":5,"score_min":3,"flag":1,"level":1,"start_time":1700704080000,"end_time":1700704139000},{"score":5,"score_max":6,"score_min":5,"flag":1,"level":1,"start_time":1700704020000,"end_time":1700704079000},{"score":6,"score_max":8,"score_min":5,"flag":1,"level":1,"start_time":1700703960000,"end_time":1700704019000},{"score":7,"score_max":10,"score_min":5,"flag":1,"level":1,"start_time":1700703900000,"end_time":1700703959000},{"score":6,"score_max":12,"score_min":5,"flag":1,"level":1,"start_time":1700703840000,"end_time":1700703899000},{"score":12,"score_max":14,"score_min":12,"flag":1,"level":1,"start_time":1700703780000,"end_time":1700703839000},{"score":30,"score_max":46,"score_min":12,"flag":1,"level":1,"start_time":1700703720000,"end_time":1700703779000},{"score":17,"score_max":39,"score_min":12,"flag":1,"level":1,"start_time":1700703660000,"end_time":1700703719000},{"score":8,"score_max":14,"score_min":0,"flag":1,"level":1,"start_time":1700703180000,"end_time":1700703239000},{"score":71,"score_max":82,"score_min":57,"flag":1,"level":1,"start_time":1700703120000,"end_time":1700703179000},{"score":40,"score_max":57,"score_min":25,"flag":1,"level":1,"start_time":1700703060000,"end_time":1700703119000},{"score":13,"score_max":25,"score_min":1,"flag":1,"level":1,"start_time":1700703000000,"end_time":1700703059000},{"score":1,"score_max":1,"score_min":1,"flag":1,"level":1,"start_time":1700702640000,"end_time":1700702699000},{"score":78,"score_max":93,"score_min":65,"flag":1,"level":0,"start_time":1700702580000,"end_time":1700702639000},{"score":40,"score_max":64,"score_min":21,"flag":1,"level":1,"start_time":1700702520000,"end_time":1700702579000},{"score":15,"score_max":20,"score_min":8,"flag":1,"level":1,"start_time":1700702460000,"end_time":1700702519000},{"score":4,"score_max":8,"score_min":3,"flag":1,"level":1,"start_time":1700702400000,"end_time":1700702459000},{"score":14,"score_max":19,"score_min":7,"flag":1,"level":1,"start_time":1700702340000,"end_time":1700702399000},{"score":18,"score_max":21,"score_min":12,"flag":1,"level":1,"start_time":1700702280000,"end_time":1700702339000},{"score":9,"score_max":12,"score_min":8,"flag":1,"level":1,"start_time":1700702220000,"end_time":1700702279000},{"score":17,"score_max":29,"score_min":11,"flag":1,"level":1,"start_time":1700702160000,"end_time":1700702219000},{"score":26,"score_max":32,"score_min":20,"flag":1,"level":1,"start_time":1700702100000,"end_time":1700702159000},{"score":16,"score_max":20,"score_min":8,"flag":1,"level":1,"start_time":1700702040000,"end_time":1700702099000},{"score":3,"score_max":7,"score_min":3,"flag":1,"level":1,"start_time":1700701980000,"end_time":1700702039000},{"score":2,"score_max":3,"score_min":2,"flag":1,"level":1,"start_time":1700701920000,"end_time":1700701979000},{"score":2,"score_max":5,"score_min":0,"flag":1,"level":1,"start_time":1700701860000,"end_time":1700701919000},{"score":0,"score_max":0,"score_min":0,"flag":1,"level":1,"start_time":1700701320000,"end_time":1700701379000},{"score":9,"score_max":11,"score_min":9,"flag":1,"level":1,"start_time":1700701260000,"end_time":1700701319000}]