[{"score":18,"score_max":28,"score_min":3,"flag":1,"level":1,"start_time":1701431940000,"end_time":1701431999000},{"score":0,"score_max":3,"score_min":0,"flag":1,"level":1,"start_time":1701431580000,"end_time":1701431639000},{"score":9,"score_max":16,"score_min":8,"flag":1,"level":1,"start_time":1701431520000,"end_time":1701431579000},{"score":7,"score_max":8,"score_min":4,"flag":1,"level":1,"start_time":1701431460000,"end_time":1701431519000},{"score":0,"score_max":0,"score_min":0,"flag":1,"level":1,"start_time":1701431400000,"end_time":1701431459000},{"score":0,"score_max":0,"score_min":0,"flag":1,"level":1,"start_time":1701431100000,"end_time":1701431159000},{"score":10,"score_max":12,"score_min":10,"flag":1,"level":1,"start_time":1701431040000,"end_time":1701431099000},{"score":5,"score_max":10,"score_min":0,"flag":1,"level":1,"start_time":1701430980000,"end_time":1701431039000},{"score":0,"score_max":0,"score_min":0,"flag":1,"level":1,"start_time":1701430200000,"end_time":1701430259000},{"score":4,"score_max":32,"score_min":0,"flag":1,"level":1,"start_time":1701430140000,"end_time":1701430199000},{"score":81,"score_max":97,"score_min":38,"flag":1,"level":1,"start_time":1701430080000,"end_time":1701430139000},{"score":85,"score_max":98,"score_min":44,"flag":1,"level":1,"start_time":1701430020000,"end_time":1701430079000},{"score":11,"score_max":41,"score_min":2,"flag":1,"level":1,"start_time":1701429960000,"end_time":1701430019000},{"score":64,"score_max":93,"score_min":30,"flag":1,"level":1,"start_time":1701429360000,"end_time":1701429419000},{"score":0,"score_max":2,"score_min":0,"flag":1,"level":1,"start_time":1701429300000,"end_time":1701429359000},{"score":0,"score_max":0,"score_min":0,"flag":1,"level":1,"start_time":1701429240000,"end_time":1701429299000},{"score":100,"score_max":100,"score_min":100,"flag":1,"level":0,"start_time":1701429120000,"end_time":1701429179000},{"score":100,"score_max":100,"score_min":100,"flag":1,"level":1,"start_time":1701428640000,"end_time":1701428699000},{"score":99,"score_max":100,"score_min":99,"flag":1,"level":0,"start_time":1701428580000,"end_time":1701428639000}]