[{"score":0,"score_max":0,"score_min":0,"flag":1,"level":1,"start_time":1700833320000,"end_time":1700833379000},{"score":0,"score_max":0,"score_min":0,"flag":1,"level":1,"start_time":1700833260000,"end_time":1700833319000},{"score":0,"score_max":0,"score_min":0,"flag":1,"level":1,"start_time":1700833200000,"end_time":1700833259000},{"score":0,"score_max":0,"score_min":0,"flag":1,"level":1,"start_time":1700833140000,"end_time":1700833199000},{"score":0,"score_max":0,"score_min":0,"flag":1,"level":1,"start_time":1700833080000,"end_time":1700833139000},{"score":0,"score_max":0,"score_min":0,"flag":1,"level":1,"start_time":1700833020000,"end_time":1700833079000},{"score":0,"score_max":0,"score_min":0,"flag":1,"level":1,"start_time":1700832960000,"end_time":1700833019000},{"score":0,"score_max":0,"score_min":0,"flag":1,"level":1,"start_time":1700832900000,"end_time":1700832959000},{"score":0,"score_max":0,"score_min":0,"flag":1,"level":1,"start_time":1700832840000,"end_time":1700832899000},{"score":0,"score_max":0,"score_min":0,"flag":1,"level":1,"start_time":1700832780000,"end_time":1700832839000},{"score":0,"score_max":0,"score_min":0,"flag":1,"level":1,"start_time":1700832720000,"end_time":1700832779000},{"score":0,"score_max":1,"score_min":0,"flag":1,"level":1,"start_time":1700832660000,"end_time":1700832719000},{"score":2,"score_max":4,"score_min":1,"flag":1,"level":1,"start_time":1700832600000,"end_time":1700832659000},{"score":0,"score_max":1,"score_min":0,"flag":1,"level":1,"start_time":1700832540000,"end_time":1700832599000},{"score":0,"score_max":0,"score_min":0,"flag":1,"level":1,"start_time":1700832480000,"end_time":1700832539000},{"score":0,"score_max":0,"score_min":0,"flag":1,"level":1,"start_time":1700832420000,"end_time":1700832479000},{"score":11,"score_max":57,"score_min":0,"flag":1,"level":1,"start_time":1700832360000,"end_time":1700832419000},{"score":61,"score_max":69,"score_min":39,"flag":1,"level":1,"start_time":1700832300000,"end_time":1700832359000},{"score":34,"score_max":35,"score_min":34,"flag":1,"level":1,"start_time":1700832240000,"end_time":1700832299000},{"score":39,"score_max":42,"score_min":36,"flag":1,"level":1,"start_time":1700832180000,"end_time":1700832239000},{"score":12,"score_max":18,"score_min":6,"flag":1,"level":1,"start_time":1700831880000,"end_time":1700831939000}]