[{"score":20,"score_max":46,"score_min":4,"flag":1,"level":1,"start_time":1700981940000,"end_time":1700981999000},{"score":5,"score_max":9,"score_min":4,"flag":1,"level":1,"start_time":1700981880000,"end_time":1700981939000},{"score":5,"score_max":7,"score_min":4,"flag":1,"level":1,"start_time":1700981820000,"end_time":1700981879000},{"score":4,"score_max":6,"score_min":1,"flag":1,"level":1,"start_time":1700981760000,"end_time":1700981819000},{"score":0,"score_max":1,"score_min":0,"flag":1,"level":1,"start_time":1700981700000,"end_time":1700981759000},{"score":0,"score_max":0,"score_min":0,"flag":1,"level":1,"start_time":1700981640000,"end_time":1700981699000},{"score":0,"score_max":1,"score_min":0,"flag":1,"level":1,"start_time":1700981580000,"end_time":1700981639000},{"score":0,"score_max":1,"score_min":0,"flag":1,"level":1,"start_time":1700981520000,"end_time":1700981579000},{"score":3,"score_max":5,"score_min":1,"flag":1,"level":1,"start_time":1700981460000,"end_time":1700981519000},{"score":1,"score_max":2,"score_min":1,"flag":1,"level":1,"start_time":1700981400000,"end_time":1700981459000},{"score":0,"score_max":1,"score_min":0,"flag":1,"level":1,"start_time":1700981340000,"end_time":1700981399000},{"score":1,"score_max":2,"score_min":1,"flag":1,"level":1,"start_time":1700981280000,"end_time":1700981339000},{"score":1,"score_max":2,"score_min":1,"flag":1,"level":1,"start_time":1700981220000,"end_time":1700981279000},{"score":2,"score_max":3,"score_min":1,"flag":1,"level":1,"start_time":1700981160000,"end_time":1700981219000},{"score":1,"score_max":1,"score_min":1,"flag":1,"level":1,"start_time":1700981100000,"end_time":1700981159000},{"score":0,"score_max":1,"score_min":0,"flag":1,"level":1,"start_time":1700981040000,"end_time":1700981099000},{"score":0,"score_max":0,"score_min":0,"flag":1,"level":1,"start_time":1700980980000,"end_time":1700981039000},{"score":0,"score_max":0,"score_min":0,"flag":1,"level":1,"start_time":1700980920000,"end_time":1700980979000},{"score":1,"score_max":2,"score_min":1,"flag":1,"level":1,"start_time":1700980860000,"end_time":1700980919000},{"score":2,"score_max":3,"score_min":2,"flag":1,"level":1,"start_time":1700980800000,"end_time":1700980859000},{"score":1,"score_max":3,"score_min":1,"flag":1,"level":1,"start_time":1700980740000,"end_time":1700980799000},{"score":0,"score_max":1,"score_min":0,"flag":1,"level":1,"start_time":1700980680000,"end_time":1700980739000},{"score":2,"score_max":4,"score_min":1,"flag":1,"level":1,"start_time":1700980620000,"end_time":1700980679000},{"score":1,"score_max":1,"score_min":1,"flag":1,"level":1,"start_time":1700980560000,"end_time":1700980619000},{"score":1,"score_max":3,"score_min":1,"flag":1,"level":1,"start_time":1700980500000,"end_time":1700980559000},{"score":3,"score_max":4,"score_min":3,"flag":1,"level":1,"start_time":1700980440000,"end_time":1700980499000},{"score":2,"score_max":4,"score_min":1,"flag":1,"level":1,"start_time":1700980380000,"end_time":1700980439000},{"score":1,"score_max":2,"score_min":1,"flag":1,"level":1,"start_time":1700980320000,"end_time":1700980379000},{"score":3,"score_max":5,"score_min":2,"flag":1,"level":1,"start_time":1700980260000,"end_time":1700980319000},{"score":5,"score_max":6,"score_min":4,"flag":1,"level":1,"start_time":1700980200000,"end_time":1700980259000},{"score":3,"score_max":4,"score_min":2,"flag":1,"level":1,"start_time":1700980140000,"end_time":1700980199000},{"score":4,"score_max":5,"score_min":2,"flag":1,"level":1,"start_time":1700980080000,"end_time":1700980139000},{"score":2,"score_max":5,"score_min":1,"flag":1,"level":1,"start_time":1700980020000,"end_time":1700980079000},{"score":2,"score_max":4,"score_min":2,"flag":1,"level":1,"start_time":1700979960000,"end_time":1700980019000},{"score":1,"score_max":3,"score_min":1,"flag":1,"level":1,"start_time":1700979900000,"end_time":1700979959000},{"score":1,"score_max":2,"score_min":1,"flag":1,"level":1,"start_time":1700979840000,"end_time":1700979899000},{"score":1,"score_max":1,"score_min":1,"flag":1,"level":1,"start_time":1700979780000,"end_time":1700979839000},{"score":1,"score_max":3,"score_min":1,"flag":1,"level":1,"start_time":1700979720000,"end_time":1700979779000},{"score":1,"score_max":3,"score_min":1,"flag":1,"level":1,"start_time":1700979660000,"end_time":1700979719000},{"score":2,"score_max":3,"score_min":1,"flag":1,"level":1,"start_time":1700979600000,"end_time":1700979659000},{"score":1,"score_max":2,"score_min":1,"flag":1,"level":1,"start_time":1700979540000,"end_time":1700979599000},{"score":1,"score_max":1,"score_min":1,"flag":1,"level":1,"start_time":1700979480000,"end_time":1700979539000},{"score":1,"score_max":2,"score_min":1,"flag":1,"level":1,"start_time":1700979420000,"end_time":1700979479000},{"score":1,"score_max":2,"score_min":1,"flag":1,"level":1,"start_time":1700979360000,"end_time":1700979419000},{"score":1,"score_max":1,"score_min":1,"flag":1,"level":1,"start_time":1700979300000,"end_time":1700979359000},{"score":1,"score_max":1,"score_min":1,"flag":1,"level":1,"start_time":1700979240000,"end_time":1700979299000},{"score":1,"score_max":1,"score_min":1,"flag":1,"level":1,"start_time":1700979180000,"end_time":1700979239000},{"score":1,"score_max":3,"score_min":1,"flag":1,"level":1,"start_time":1700979120000,"end_time":1700979179000},{"score":12,"score_max":21,"score_min":3,"flag":1,"level":1,"start_time":1700979060000,"end_time":1700979119000},{"score":1,"score_max":6,"score_min":0,"flag":1,"level":1,"start_time":1700979000000,"end_time":1700979059000},{"score":0,"score_max":1,"score_min":0,"flag":1,"level":1,"start_time":1700978940000,"end_time":1700978999000},{"score":1,"score_max":2,"score_min":0,"flag":1,"level":1,"start_time":1700978880000,"end_time":1700978939000},{"score":1,"score_max":1,"score_min":1,"flag":1,"level":1,"start_time":1700978820000,"end_time":1700978879000},{"score":1,"score_max":3,"score_min":1,"flag":1,"level":1,"start_time":1700978760000,"end_time":1700978819000},{"score":3,"score_max":4,"score_min":2,"flag":1,"level":1,"start_time":1700978700000,"end_time":1700978759000},{"score":1,"score_max":1,"score_min":1,"flag":1,"level":1,"start_time":1700978640000,"end_time":1700978699000},{"score":1,"score_max":1,"score_min":1,"flag":1,"level":1,"start_time":1700978580000,"end_time":1700978639000},{"score":1,"score_max":1,"score_min":1,"flag":1,"level":1,"start_time":1700978520000,"end_time":1700978579000},{"score":1,"score_max":3,"score_min":1,"flag":1,"level":1,"start_time":1700978460000,"end_time":1700978519000},{"score":1,"score_max":1,"score_min":1,"flag":1,"level":1,"start_time":1700978400000,"end_time":1700978459000}]