[{"score":32,"score_max":38,"score_min":27,"flag":1,"level":1,"start_time":1700963940000,"end_time":1700963999000},{"score":21,"score_max":28,"score_min":13,"flag":1,"level":1,"start_time":1700963880000,"end_time":1700963939000},{"score":16,"score_max":18,"score_min":13,"flag":1,"level":1,"start_time":1700963820000,"end_time":1700963879000},{"score":9,"score_max":16,"score_min":1,"flag":1,"level":1,"start_time":1700963640000,"end_time":1700963699000},{"score":3,"score_max":11,"score_min":0,"flag":1,"level":1,"start_time":1700962980000,"end_time":1700963039000},{"score":99,"score_max":100,"score_min":99,"flag":1,"level":1,"start_time":1700960700000,"end_time":1700960759000}]