[{"score":0,"score_max":1,"score_min":0,"flag":1,"level":1,"start_time":1701053940000,"end_time":1701053999000},{"score":0,"score_max":0,"score_min":0,"flag":1,"level":1,"start_time":1701053880000,"end_time":1701053939000},{"score":1,"score_max":2,"score_min":0,"flag":1,"level":1,"start_time":1701053820000,"end_time":1701053879000},{"score":1,"score_max":2,"score_min":1,"flag":1,"level":1,"start_time":1701053760000,"end_time":1701053819000},{"score":2,"score_max":4,"score_min":1,"flag":1,"level":1,"start_time":1701053700000,"end_time":1701053759000},{"score":1,"score_max":1,"score_min":1,"flag":1,"level":1,"start_time":1701053640000,"end_time":1701053699000},{"score":10,"score_max":49,"score_min":1,"flag":1,"level":1,"start_time":1701053580000,"end_time":1701053639000},{"score":42,"score_max":62,"score_min":24,"flag":1,"level":1,"start_time":1701053520000,"end_time":1701053579000},{"score":23,"score_max":24,"score_min":23,"flag":1,"level":1,"start_time":1701053460000,"end_time":1701053519000},{"score":14,"score_max":22,"score_min":7,"flag":1,"level":1,"start_time":1701053400000,"end_time":1701053459000},{"score":10,"score_max":22,"score_min":5,"flag":1,"level":1,"start_time":1701053340000,"end_time":1701053399000},{"score":40,"score_max":58,"score_min":22,"flag":1,"level":1,"start_time":1701053280000,"end_time":1701053339000},{"score":66,"score_max":81,"score_min":57,"flag":1,"level":1,"start_time":1701053220000,"end_time":1701053279000},{"score":86,"score_max":94,"score_min":81,"flag":1,"level":0,"start_time":1701053160000,"end_time":1701053219000},{"score":45,"score_max":81,"score_min":17,"flag":1,"level":1,"start_time":1701053100000,"end_time":1701053159000},{"score":15,"score_max":18,"score_min":13,"flag":1,"level":1,"start_time":1701053040000,"end_time":1701053099000},{"score":19,"score_max":23,"score_min":17,"flag":1,"level":1,"start_time":1701052980000,"end_time":1701053039000},{"score":18,"score_max":24,"score_min":16,"flag":1,"level":1,"start_time":1701052920000,"end_time":1701052979000},{"score":23,"score_max":28,"score_min":21,"flag":1,"level":1,"start_time":1701052860000,"end_time":1701052919000},{"score":38,"score_max":53,"score_min":28,"flag":1,"level":1,"start_time":1701052800000,"end_time":1701052859000},{"score":47,"score_max":53,"score_min":30,"flag":1,"level":1,"start_time":1701052740000,"end_time":1701052799000},{"score":34,"score_max":38,"score_min":29,"flag":1,"level":1,"start_time":1701052680000,"end_time":1701052739000},{"score":29,"score_max":34,"score_min":28,"flag":1,"level":1,"start_time":1701052620000,"end_time":1701052679000},{"score":27,"score_max":30,"score_min":26,"flag":1,"level":1,"start_time":1701052560000,"end_time":1701052619000},{"score":20,"score_max":26,"score_min":16,"flag":1,"level":1,"start_time":1701052500000,"end_time":1701052559000},{"score":21,"score_max":25,"score_min":16,"flag":1,"level":1,"start_time":1701052440000,"end_time":1701052499000},{"score":27,"score_max":37,"score_min":24,"flag":1,"level":1,"start_time":1701052380000,"end_time":1701052439000},{"score":36,"score_max":41,"score_min":27,"flag":1,"level":1,"start_time":1701052320000,"end_time":1701052379000},{"score":22,"score_max":27,"score_min":16,"flag":1,"level":1,"start_time":1701052260000,"end_time":1701052319000},{"score":16,"score_max":18,"score_min":15,"flag":1,"level":1,"start_time":1701052200000,"end_time":1701052259000},{"score":17,"score_max":23,"score_min":14,"flag":1,"level":1,"start_time":1701052140000,"end_time":1701052199000},{"score":21,"score_max":25,"score_min":19,"flag":1,"level":1,"start_time":1701052080000,"end_time":1701052139000},{"score":21,"score_max":25,"score_min":18,"flag":1,"level":1,"start_time":1701052020000,"end_time":1701052079000},{"score":18,"score_max":23,"score_min":15,"flag":1,"level":1,"start_time":1701051960000,"end_time":1701052019000},{"score":15,"score_max":18,"score_min":14,"flag":1,"level":1,"start_time":1701051900000,"end_time":1701051959000},{"score":14,"score_max":17,"score_min":14,"flag":1,"level":1,"start_time":1701051840000,"end_time":1701051899000},{"score":11,"score_max":18,"score_min":0,"flag":1,"level":1,"start_time":1701051780000,"end_time":1701051839000},{"score":0,"score_max":0,"score_min":0,"flag":1,"level":1,"start_time":1701050820000,"end_time":1701050879000},{"score":97,"score_max":97,"score_min":97,"flag":1,"level":0,"start_time":1701050760000,"end_time":1701050819000},{"score":77,"score_max":98,"score_min":52,"flag":1,"level":1,"start_time":1701050700000,"end_time":1701050759000},{"score":41,"score_max":50,"score_min":38,"flag":1,"level":1,"start_time":1701050640000,"end_time":1701050699000},{"score":59,"score_max":100,"score_min":37,"flag":1,"level":1,"start_time":1701050580000,"end_time":1701050639000}]