[{"score":7,"score_max":15,"score_min":0,"flag":1,"level":1,"start_time":1700700960000,"end_time":1700701019000},{"score":12,"score_max":17,"score_min":5,"flag":1,"level":1,"start_time":1700700900000,"end_time":1700700959000},{"score":1,"score_max":4,"score_min":0,"flag":1,"level":1,"start_time":1700700600000,"end_time":1700700659000},{"score":96,"score_max":98,"score_min":93,"flag":1,"level":0,"start_time":1700700540000,"end_time":1700700599000},{"score":79,"score_max":93,"score_min":58,"flag":1,"level":0,"start_time":1700700480000,"end_time":1700700539000},{"score":78,"score_max":91,"score_min":59,"flag":1,"level":0,"start_time":1700700420000,"end_time":1700700479000},{"score":58,"score_max":89,"score_min":26,"flag":1,"level":1,"start_time":1700700360000,"end_time":1700700419000},{"score":16,"score_max":25,"score_min":13,"flag":1,"level":1,"start_time":1700700300000,"end_time":1700700359000},{"score":13,"score_max":15,"score_min":12,"flag":1,"level":1,"start_time":1700700120000,"end_time":1700700179000},{"score":14,"score_max":19,"score_min":13,"flag":1,"level":1,"start_time":1700700060000,"end_time":1700700119000},{"score":14,"score_max":22,"score_min":11,"flag":1,"level":1,"start_time":1700700000000,"end_time":1700700059000},{"score":12,"score_max":21,"score_min":9,"flag":1,"level":1,"start_time":1700699940000,"end_time":1700699999000},{"score":13,"score_max":27,"score_min":8,"flag":1,"level":1,"start_time":1700699880000,"end_time":1700699939000},{"score":26,"score_max":33,"score_min":15,"flag":1,"level":1,"start_time":1700699820000,"end_time":1700699879000},{"score":11,"score_max":15,"score_min":9,"flag":1,"level":1,"start_time":1700699760000,"end_time":1700699819000},{"score":19,"score_max":25,"score_min":13,"flag":1,"level":1,"start_time":1700699700000,"end_time":1700699759000},{"score":16,"score_max":19,"score_min":14,"flag":1,"level":1,"start_time":1700699580000,"end_time":1700699639000},{"score":19,"score_max":22,"score_min":17,"flag":1,"level":1,"start_time":1700699520000,"end_time":1700699579000},{"score":10,"score_max":18,"score_min":3,"flag":1,"level":1,"start_time":1700699460000,"end_time":1700699519000},{"score":2,"score_max":3,"score_min":1,"flag":1,"level":1,"start_time":1700699400000,"end_time":1700699459000},{"score":3,"score_max":5,"score_min":2,"flag":1,"level":1,"start_time":1700699340000,"end_time":1700699399000},{"score":2,"score_max":4,"score_min":2,"flag":1,"level":1,"start_time":1700699280000,"end_time":1700699339000},{"score":4,"score_max":6,"score_min":4,"flag":1,"level":1,"start_time":1700699220000,"end_time":1700699279000},{"score":3,"score_max":4,"score_min":2,"flag":1,"level":1,"start_time":1700699160000,"end_time":1700699219000},{"score":2,"score_max":4,"score_min":2,"flag":1,"level":1,"start_time":1700699100000,"end_time":1700699159000},{"score":2,"score_max":4,"score_min":2,"flag":1,"level":1,"start_time":1700699040000,"end_time":1700699099000},{"score":6,"score_max":9,"score_min":4,"flag":1,"level":1,"start_time":1700698980000,"end_time":1700699039000},{"score":13,"score_max":20,"score_min":9,"flag":1,"level":1,"start_time":1700698920000,"end_time":1700698979000},{"score":9,"score_max":19,"score_min":6,"flag":1,"level":1,"start_time":1700698860000,"end_time":1700698919000},{"score":2,"score_max":6,"score_min":1,"flag":1,"level":1,"start_time":1700698800000,"end_time":1700698859000},{"score":0,"score_max":1,"score_min":0,"flag":1,"level":1,"start_time":1700698740000,"end_time":1700698799000},{"score":0,"score_max":1,"score_min":0,"flag":1,"level":1,"start_time":1700698680000,"end_time":1700698739000},{"score":1,"score_max":1,"score_min":1,"flag":1,"level":1,"start_time":1700698620000,"end_time":1700698679000},{"score":1,"score_max":2,"score_min":1,"flag":1,"level":1,"start_time":1700698560000,"end_time":1700698619000},{"score":2,"score_max":3,"score_min":2,"flag":1,"level":1,"start_time":1700698500000,"end_time":1700698559000},{"score":5,"score_max":6,"score_min":3,"flag":1,"level":1,"start_time":1700698440000,"end_time":1700698499000},{"score":5,"score_max":8,"score_min":5,"flag":1,"level":1,"start_time":1700698380000,"end_time":1700698439000},{"score":13,"score_max":25,"score_min":8,"flag":1,"level":1,"start_time":1700698320000,"end_time":1700698379000},{"score":17,"score_max":25,"score_min":6,"flag":1,"level":1,"start_time":1700698260000,"end_time":1700698319000},{"score":6,"score_max":19,"score_min":4,"flag":1,"level":1,"start_time":1700698200000,"end_time":1700698259000},{"score":55,"score_max":88,"score_min":20,"flag":1,"level":1,"start_time":1700698140000,"end_time":1700698199000}]