[{"score":76,"score_max":99,"score_min":48,"flag":1,"level":1,"start_time":1700949540000,"end_time":1700949599000},{"score":100,"score_max":100,"score_min":100,"flag":1,"level":1,"start_time":1700949060000,"end_time":1700949119000},{"score":85,"score_max":100,"score_min":47,"flag":1,"level":1,"start_time":1700949000000,"end_time":1700949059000},{"score":35,"score_max":53,"score_min":20,"flag":1,"level":1,"start_time":1700948940000,"end_time":1700948999000},{"score":17,"score_max":21,"score_min":15,"flag":1,"level":1,"start_time":1700948880000,"end_time":1700948939000},{"score":14,"score_max":18,"score_min":13,"flag":1,"level":1,"start_time":1700948820000,"end_time":1700948879000},{"score":27,"score_max":41,"score_min":15,"flag":1,"level":1,"start_time":1700948760000,"end_time":1700948819000},{"score":16,"score_max":31,"score_min":7,"flag":1,"level":1,"start_time":1700948700000,"end_time":1700948759000},{"score":90,"score_max":91,"score_min":90,"flag":1,"level":1,"start_time":1700948640000,"end_time":1700948699000},{"score":88,"score_max":91,"score_min":86,"flag":1,"level":1,"start_time":1700948580000,"end_time":1700948639000},{"score":64,"score_max":89,"score_min":33,"flag":1,"level":1,"start_time":1700948520000,"end_time":1700948579000},{"score":21,"score_max":32,"score_min":15,"flag":1,"level":1,"start_time":1700948460000,"end_time":1700948519000},{"score":56,"score_max":81,"score_min":20,"flag":1,"level":1,"start_time":1700948400000,"end_time":1700948459000},{"score":46,"score_max":79,"score_min":27,"flag":1,"level":1,"start_time":1700948340000,"end_time":1700948399000},{"score":42,"score_max":62,"score_min":27,"flag":1,"level":1,"start_time":1700948280000,"end_time":1700948339000},{"score":71,"score_max":77,"score_min":69,"flag":1,"level":1,"start_time":1700948220000,"end_time":1700948279000},{"score":57,"score_max":70,"score_min":34,"flag":1,"level":1,"start_time":1700948160000,"end_time":1700948219000},{"score":28,"score_max":46,"score_min":21,"flag":1,"level":1,"start_time":1700948100000,"end_time":1700948159000},{"score":67,"score_max":77,"score_min":48,"flag":1,"level":1,"start_time":1700948040000,"end_time":1700948099000},{"score":68,"score_max":73,"score_min":63,"flag":1,"level":1,"start_time":1700947980000,"end_time":1700948039000},{"score":54,"score_max":78,"score_min":25,"flag":1,"level":1,"start_time":1700947920000,"end_time":1700947979000},{"score":16,"score_max":24,"score_min":13,"flag":1,"level":1,"start_time":1700947860000,"end_time":1700947919000},{"score":15,"score_max":23,"score_min":10,"flag":1,"level":1,"start_time":1700947800000,"end_time":1700947859000},{"score":18,"score_max":24,"score_min":14,"flag":1,"level":1,"start_time":1700947740000,"end_time":1700947799000},{"score":9,"score_max":14,"score_min":0,"flag":1,"level":1,"start_time":1700947620000,"end_time":1700947679000},{"score":100,"score_max":100,"score_min":100,"flag":1,"level":1,"start_time":1700947560000,"end_time":1700947619000},{"score":99,"score_max":100,"score_min":89,"flag":1,"level":1,"start_time":1700947500000,"end_time":1700947559000},{"score":28,"score_max":87,"score_min":16,"flag":1,"level":1,"start_time":1700947440000,"end_time":1700947499000},{"score":14,"score_max":19,"score_min":12,"flag":1,"level":1,"start_time":1700947380000,"end_time":1700947439000},{"score":12,"score_max":16,"score_min":6,"flag":1,"level":1,"start_time":1700947320000,"end_time":1700947379000},{"score":9,"score_max":22,"score_min":6,"flag":1,"level":1,"start_time":1700947260000,"end_time":1700947319000},{"score":45,"score_max":53,"score_min":23,"flag":1,"level":1,"start_time":1700947200000,"end_time":1700947259000},{"score":36,"score_max":52,"score_min":30,"flag":1,"level":1,"start_time":1700947140000,"end_time":1700947199000},{"score":67,"score_max":78,"score_min":48,"flag":1,"level":1,"start_time":1700947080000,"end_time":1700947139000},{"score":37,"score_max":48,"score_min":31,"flag":1,"level":1,"start_time":1700947020000,"end_time":1700947079000},{"score":62,"score_max":80,"score_min":48,"flag":1,"level":1,"start_time":1700946960000,"end_time":1700947019000},{"score":45,"score_max":75,"score_min":10,"flag":1,"level":1,"start_time":1700946900000,"end_time":1700946959000},{"score":10,"score_max":11,"score_min":8,"flag":1,"level":1,"start_time":1700946840000,"end_time":1700946899000},{"score":5,"score_max":8,"score_min":3,"flag":1,"level":1,"start_time":1700946780000,"end_time":1700946839000},{"score":3,"score_max":4,"score_min":3,"flag":1,"level":1,"start_time":1700946720000,"end_time":1700946779000},{"score":4,"score_max":6,"score_min":3,"flag":1,"level":1,"start_time":1700946660000,"end_time":1700946719000},{"score":5,"score_max":7,"score_min":3,"flag":1,"level":1,"start_time":1700946600000,"end_time":1700946659000},{"score":1,"score_max":3,"score_min":0,"flag":1,"level":1,"start_time":1700946540000,"end_time":1700946599000},{"score":8,"score_max":30,"score_min":0,"flag":1,"level":1,"start_time":1700946480000,"end_time":1700946539000},{"score":6,"score_max":26,"score_min":1,"flag":1,"level":1,"start_time":1700946420000,"end_time":1700946479000},{"score":1,"score_max":2,"score_min":0,"flag":1,"level":1,"start_time":1700946360000,"end_time":1700946419000},{"score":0,"score_max":1,"score_min":0,"flag":1,"level":1,"start_time":1700946300000,"end_time":1700946359000},{"score":1,"score_max":3,"score_min":1,"flag":1,"level":1,"start_time":1700946240000,"end_time":1700946299000},{"score":7,"score_max":10,"score_min":3,"flag":1,"level":1,"start_time":1700946180000,"end_time":1700946239000},{"score":4,"score_max":13,"score_min":2,"flag":1,"level":1,"start_time":1700946120000,"end_time":1700946179000},{"score":38,"score_max":51,"score_min":14,"flag":1,"level":1,"start_time":1700946060000,"end_time":1700946119000},{"score":29,"score_max":42,"score_min":15,"flag":1,"level":1,"start_time":1700946000000,"end_time":1700946059000}]