[{"score":0,"score_max":0,"score_min":0,"flag":1,"level":1,"start_time":1700830680000,"end_time":1700830739000},{"score":0,"score_max":0,"score_min":0,"flag":1,"level":1,"start_time":1700830620000,"end_time":1700830679000},{"score":0,"score_max":1,"score_min":0,"flag":1,"level":1,"start_time":1700830560000,"end_time":1700830619000},{"score":1,"score_max":2,"score_min":0,"flag":1,"level":1,"start_time":1700830500000,"end_time":1700830559000},{"score":0,"score_max":0,"score_min":0,"flag":1,"level":1,"start_time":1700830440000,"end_time":1700830499000},{"score":1,"score_max":2,"score_min":0,"flag":1,"level":1,"start_time":1700830380000,"end_time":1700830439000},{"score":1,"score_max":2,"score_min":1,"flag":1,"level":1,"start_time":1700830320000,"end_time":1700830379000},{"score":2,"score_max":8,"score_min":1,"flag":1,"level":1,"start_time":1700830260000,"end_time":1700830319000},{"score":24,"score_max":41,"score_min":5,"flag":1,"level":1,"start_time":1700830200000,"end_time":1700830259000},{"score":0,"score_max":4,"score_min":0,"flag":1,"level":1,"start_time":1700830140000,"end_time":1700830199000},{"score":0,"score_max":0,"score_min":0,"flag":1,"level":1,"start_time":1700830080000,"end_time":1700830139000},{"score":0,"score_max":0,"score_min":0,"flag":1,"level":1,"start_time":1700830020000,"end_time":1700830079000},{"score":0,"score_max":2,"score_min":0,"flag":1,"level":1,"start_time":1700829960000,"end_time":1700830019000},{"score":6,"score_max":9,"score_min":2,"flag":1,"level":1,"start_time":1700829900000,"end_time":1700829959000},{"score":24,"score_max":43,"score_min":9,"flag":1,"level":1,"start_time":1700829840000,"end_time":1700829899000},{"score":20,"score_max":43,"score_min":1,"flag":1,"level":1,"start_time":1700829780000,"end_time":1700829839000},{"score":0,"score_max":1,"score_min":0,"flag":1,"level":1,"start_time":1700829720000,"end_time":1700829779000},{"score":0,"score_max":0,"score_min":0,"flag":1,"level":1,"start_time":1700829660000,"end_time":1700829719000},{"score":0,"score_max":0,"score_min":0,"flag":1,"level":1,"start_time":1700829600000,"end_time":1700829659000},{"score":0,"score_max":0,"score_min":0,"flag":1,"level":1,"start_time":1700829540000,"end_time":1700829599000},{"score":0,"score_max":0,"score_min":0,"flag":1,"level":1,"start_time":1700829480000,"end_time":1700829539000},{"score":0,"score_max":0,"score_min":0,"flag":1,"level":1,"start_time":1700829420000,"end_time":1700829479000},{"score":0,"score_max":0,"score_min":0,"flag":1,"level":1,"start_time":1700829360000,"end_time":1700829419000},{"score":0,"score_max":0,"score_min":0,"flag":1,"level":1,"start_time":1700829300000,"end_time":1700829359000},{"score":1,"score_max":3,"score_min":0,"flag":1,"level":1,"start_time":1700829240000,"end_time":1700829299000},{"score":0,"score_max":1,"score_min":0,"flag":1,"level":1,"start_time":1700829180000,"end_time":1700829239000},{"score":0,"score_max":0,"score_min":0,"flag":1,"level":1,"start_time":1700829120000,"end_time":1700829179000},{"score":0,"score_max":0,"score_min":0,"flag":1,"level":1,"start_time":1700829060000,"end_time":1700829119000},{"score":0,"score_max":0,"score_min":0,"flag":1,"level":1,"start_time":1700829000000,"end_time":1700829059000},{"score":0,"score_max":0,"score_min":0,"flag":1,"level":1,"start_time":1700828940000,"end_time":1700828999000},{"score":0,"score_max":0,"score_min":0,"flag":1,"level":1,"start_time":1700828880000,"end_time":1700828939000},{"score":0,"score_max":0,"score_min":0,"flag":1,"level":1,"start_time":1700828820000,"end_time":1700828879000},{"score":0,"score_max":0,"score_min":0,"flag":1,"level":1,"start_time":1700828760000,"end_time":1700828819000},{"score":0,"score_max":0,"score_min":0,"flag":1,"level":1,"start_time":1700828700000,"end_time":1700828759000},{"score":0,"score_max":0,"score_min":0,"flag":1,"level":1,"start_time":1700828640000,"end_time":1700828699000},{"score":0,"score_max":0,"score_min":0,"flag":1,"level":1,"start_time":1700828580000,"end_time":1700828639000},{"score":0,"score_max":0,"score_min":0,"flag":1,"level":1,"start_time":1700828520000,"end_time":1700828579000},{"score":0,"score_max":0,"score_min":0,"flag":1,"level":1,"start_time":1700828460000,"end_time":1700828519000},{"score":0,"score_max":0,"score_min":0,"flag":1,"level":1,"start_time":1700828400000,"end_time":1700828459000},{"score":0,"score_max":0,"score_min":0,"flag":1,"level":1,"start_time":1700828340000,"end_time":1700828399000},{"score":0,"score_max":0,"score_min":0,"flag":1,"level":1,"start_time":1700828280000,"end_time":1700828339000},{"score":0,"score_max":0,"score_min":0,"flag":1,"level":1,"start_time":1700828220000,"end_time":1700828279000},{"score":0,"score_max":0,"score_min":0,"flag":1,"level":1,"start_time":1700828160000,"end_time":1700828219000},{"score":0,"score_max":0,"score_min":0,"flag":1,"level":1,"start_time":1700828100000,"end_time":1700828159000},{"score":0,"score_max":0,"score_min":0,"flag":1,"level":1,"start_time":1700828040000,"end_time":1700828099000},{"score":0,"score_max":0,"score_min":0,"flag":1,"level":1,"start_time":1700827980000,"end_time":1700828039000},{"score":0,"score_max":0,"score_min":0,"flag":1,"level":1,"start_time":1700827920000,"end_time":1700827979000},{"score":0,"score_max":0,"score_min":0,"flag":1,"level":1,"start_time":1700827860000,"end_time":1700827919000},{"score":0,"score_max":0,"score_min":0,"flag":1,"level":1,"start_time":1700827800000,"end_time":1700827859000},{"score":0,"score_max":0,"score_min":0,"flag":1,"level":1,"start_time":1700827740000,"end_time":1700827799000},{"score":0,"score_max":0,"score_min":0,"flag":1,"level":1,"start_time":1700827680000,"end_time":1700827739000},{"score":0,"score_max":2,"score_min":0,"flag":1,"level":1,"start_time":1700827620000,"end_time":1700827679000},{"score":14,"score_max":34,"score_min":2,"flag":1,"level":1,"start_time":1700827560000,"end_time":1700827619000},{"score":26,"score_max":38,"score_min":16,"flag":1,"level":1,"start_time":1700827500000,"end_time":1700827559000},{"score":42,"score_max":59,"score_min":22,"flag":1,"level":1,"start_time":1700827440000,"end_time":1700827499000},{"score":14,"score_max":21,"score_min":8,"flag":1,"level":1,"start_time":1700827380000,"end_time":1700827439000},{"score":6,"score_max":8,"score_min":4,"flag":1,"level":1,"start_time":1700827320000,"end_time":1700827379000},{"score":29,"score_max":63,"score_min":8,"flag":1,"level":1,"start_time":1700827260000,"end_time":1700827319000},{"score":61,"score_max":73,"score_min":54,"flag":1,"level":1,"start_time":1700827200000,"end_time":1700827259000}]