[{"score":14,"score_max":23,"score_min":7,"flag":1,"level":1,"start_time":1700891940000,"end_time":1700891999000},{"score":5,"score_max":7,"score_min":3,"flag":1,"level":1,"start_time":1700891880000,"end_time":1700891939000},{"score":2,"score_max":4,"score_min":2,"flag":1,"level":1,"start_time":1700891820000,"end_time":1700891879000},{"score":1,"score_max":4,"score_min":0,"flag":1,"level":1,"start_time":1700891640000,"end_time":1700891699000},{"score":94,"score_max":96,"score_min":91,"flag":1,"level":1,"start_time":1700891580000,"end_time":1700891639000},{"score":81,"score_max":92,"score_min":77,"flag":1,"level":1,"start_time":1700891520000,"end_time":1700891579000},{"score":57,"score_max":79,"score_min":30,"flag":1,"level":1,"start_time":1700891460000,"end_time":1700891519000},{"score":29,"score_max":34,"score_min":25,"flag":1,"level":1,"start_time":1700891400000,"end_time":1700891459000},{"score":12,"score_max":31,"score_min":1,"flag":1,"level":1,"start_time":1700891340000,"end_time":1700891399000},{"score":1,"score_max":4,"score_min":1,"flag":1,"level":1,"start_time":1700891280000,"end_time":1700891339000},{"score":5,"score_max":8,"score_min":3,"flag":1,"level":1,"start_time":1700891220000,"end_time":1700891279000},{"score":22,"score_max":50,"score_min":16,"flag":1,"level":1,"start_time":1700891160000,"end_time":1700891219000},{"score":9,"score_max":16,"score_min":3,"flag":1,"level":1,"start_time":1700891100000,"end_time":1700891159000},{"score":1,"score_max":2,"score_min":1,"flag":1,"level":1,"start_time":1700891040000,"end_time":1700891099000},{"score":2,"score_max":4,"score_min":2,"flag":1,"level":1,"start_time":1700890980000,"end_time":1700891039000},{"score":1,"score_max":3,"score_min":1,"flag":1,"level":1,"start_time":1700890920000,"end_time":1700890979000},{"score":1,"score_max":3,"score_min":1,"flag":1,"level":1,"start_time":1700890860000,"end_time":1700890919000},{"score":7,"score_max":9,"score_min":3,"flag":1,"level":1,"start_time":1700890800000,"end_time":1700890859000},{"score":4,"score_max":8,"score_min":2,"flag":1,"level":1,"start_time":1700890740000,"end_time":1700890799000},{"score":1,"score_max":2,"score_min":1,"flag":1,"level":1,"start_time":1700890680000,"end_time":1700890739000},{"score":15,"score_max":60,"score_min":1,"flag":1,"level":1,"start_time":1700890620000,"end_time":1700890679000},{"score":48,"score_max":79,"score_min":9,"flag":1,"level":1,"start_time":1700890560000,"end_time":1700890619000},{"score":4,"score_max":8,"score_min":3,"flag":1,"level":1,"start_time":1700890500000,"end_time":1700890559000},{"score":38,"score_max":95,"score_min":5,"flag":1,"level":1,"start_time":1700890440000,"end_time":1700890499000},{"score":89,"score_max":96,"score_min":65,"flag":1,"level":1,"start_time":1700890380000,"end_time":1700890439000},{"score":49,"score_max":63,"score_min":39,"flag":1,"level":1,"start_time":1700890320000,"end_time":1700890379000},{"score":67,"score_max":69,"score_min":64,"flag":1,"level":1,"start_time":1700890260000,"end_time":1700890319000},{"score":48,"score_max":53,"score_min":35,"flag":1,"level":1,"start_time":1700890200000,"end_time":1700890259000},{"score":19,"score_max":34,"score_min":10,"flag":1,"level":1,"start_time":1700890140000,"end_time":1700890199000},{"score":6,"score_max":11,"score_min":4,"flag":1,"level":1,"start_time":1700890080000,"end_time":1700890139000},{"score":40,"score_max":83,"score_min":7,"flag":1,"level":1,"start_time":1700890020000,"end_time":1700890079000},{"score":91,"score_max":94,"score_min":83,"flag":1,"level":1,"start_time":1700889960000,"end_time":1700890019000},{"score":65,"score_max":87,"score_min":42,"flag":1,"level":1,"start_time":1700889900000,"end_time":1700889959000},{"score":47,"score_max":57,"score_min":42,"flag":1,"level":1,"start_time":1700889840000,"end_time":1700889899000},{"score":24,"score_max":46,"score_min":13,"flag":1,"level":1,"start_time":1700889780000,"end_time":1700889839000},{"score":21,"score_max":27,"score_min":14,"flag":1,"level":1,"start_time":1700889720000,"end_time":1700889779000},{"score":9,"score_max":19,"score_min":7,"flag":1,"level":1,"start_time":1700889660000,"end_time":1700889719000},{"score":10,"score_max":19,"score_min":8,"flag":1,"level":1,"start_time":1700889600000,"end_time":1700889659000},{"score":16,"score_max":24,"score_min":7,"flag":1,"level":1,"start_time":1700889540000,"end_time":1700889599000},{"score":11,"score_max":22,"score_min":6,"flag":1,"level":1,"start_time":1700889480000,"end_time":1700889539000},{"score":30,"score_max":49,"score_min":22,"flag":1,"level":1,"start_time":1700889420000,"end_time":1700889479000},{"score":50,"score_max":56,"score_min":44,"flag":1,"level":1,"start_time":1700889360000,"end_time":1700889419000},{"score":46,"score_max":52,"score_min":39,"flag":1,"level":1,"start_time":1700889300000,"end_time":1700889359000},{"score":25,"score_max":39,"score_min":13,"flag":1,"level":1,"start_time":1700889240000,"end_time":1700889299000},{"score":17,"score_max":29,"score_min":13,"flag":1,"level":1,"start_time":1700889180000,"end_time":1700889239000},{"score":28,"score_max":32,"score_min":21,"flag":1,"level":1,"start_time":1700889120000,"end_time":1700889179000},{"score":10,"score_max":20,"score_min":4,"flag":1,"level":1,"start_time":1700889060000,"end_time":1700889119000},{"score":5,"score_max":9,"score_min":3,"flag":1,"level":1,"start_time":1700889000000,"end_time":1700889059000},{"score":3,"score_max":7,"score_min":2,"flag":1,"level":1,"start_time":1700888940000,"end_time":1700888999000},{"score":5,"score_max":6,"score_min":5,"flag":1,"level":1,"start_time":1700888880000,"end_time":1700888939000},{"score":19,"score_max":31,"score_min":12,"flag":1,"level":1,"start_time":1700888820000,"end_time":1700888879000},{"score":9,"score_max":15,"score_min":4,"flag":1,"level":1,"start_time":1700888760000,"end_time":1700888819000},{"score":4,"score_max":9,"score_min":3,"flag":1,"level":1,"start_time":1700888700000,"end_time":1700888759000},{"score":6,"score_max":10,"score_min":5,"flag":1,"level":1,"start_time":1700888640000,"end_time":1700888699000},{"score":18,"score_max":29,"score_min":5,"flag":1,"level":1,"start_time":1700888580000,"end_time":1700888639000},{"score":7,"score_max":16,"score_min":2,"flag":1,"level":1,"start_time":1700888520000,"end_time":1700888579000},{"score":6,"score_max":14,"score_min":1,"flag":1,"level":1,"start_time":1700888460000,"end_time":1700888519000},{"score":2,"score_max":3,"score_min":2,"flag":1,"level":1,"start_time":1700888400000,"end_time":1700888459000}]