[{"score":6,"score_max":8,"score_min":5,"flag":1,"level":1,"start_time":1700884740000,"end_time":1700884799000},{"score":13,"score_max":22,"score_min":7,"flag":1,"level":1,"start_time":1700884680000,"end_time":1700884739000},{"score":17,"score_max":29,"score_min":5,"flag":1,"level":1,"start_time":1700884620000,"end_time":1700884679000},{"score":2,"score_max":5,"score_min":2,"flag":1,"level":1,"start_time":1700884560000,"end_time":1700884619000},{"score":2,"score_max":3,"score_min":2,"flag":1,"level":1,"start_time":1700884500000,"end_time":1700884559000},{"score":9,"score_max":19,"score_min":3,"flag":1,"level":1,"start_time":1700884440000,"end_time":1700884499000},{"score":19,"score_max":26,"score_min":12,"flag":1,"level":1,"start_time":1700884380000,"end_time":1700884439000},{"score":23,"score_max":33,"score_min":13,"flag":1,"level":1,"start_time":1700884320000,"end_time":1700884379000},{"score":45,"score_max":53,"score_min":33,"flag":1,"level":1,"start_time":1700884260000,"end_time":1700884319000},{"score":9,"score_max":36,"score_min":0,"flag":1,"level":1,"start_time":1700884200000,"end_time":1700884259000},{"score":0,"score_max":0,"score_min":0,"flag":1,"level":1,"start_time":1700883900000,"end_time":1700883959000},{"score":85,"score_max":91,"score_min":69,"flag":1,"level":1,"start_time":1700883840000,"end_time":1700883899000},{"score":37,"score_max":66,"score_min":17,"flag":1,"level":1,"start_time":1700883780000,"end_time":1700883839000},{"score":12,"score_max":17,"score_min":10,"flag":1,"level":1,"start_time":1700883720000,"end_time":1700883779000},{"score":20,"score_max":28,"score_min":13,"flag":1,"level":1,"start_time":1700883660000,"end_time":1700883719000},{"score":41,"score_max":51,"score_min":28,"flag":1,"level":1,"start_time":1700883600000,"end_time":1700883659000},{"score":53,"score_max":65,"score_min":49,"flag":1,"level":1,"start_time":1700883540000,"end_time":1700883599000},{"score":77,"score_max":85,"score_min":65,"flag":1,"level":1,"start_time":1700883480000,"end_time":1700883539000},{"score":47,"score_max":83,"score_min":18,"flag":1,"level":1,"start_time":1700883420000,"end_time":1700883479000},{"score":27,"score_max":35,"score_min":18,"flag":1,"level":1,"start_time":1700883360000,"end_time":1700883419000},{"score":23,"score_max":25,"score_min":22,"flag":1,"level":1,"start_time":1700883120000,"end_time":1700883179000},{"score":17,"score_max":19,"score_min":17,"flag":1,"level":1,"start_time":1700883060000,"end_time":1700883119000},{"score":16,"score_max":21,"score_min":7,"flag":1,"level":1,"start_time":1700883000000,"end_time":1700883059000},{"score":1,"score_max":6,"score_min":0,"flag":1,"level":1,"start_time":1700882040000,"end_time":1700882099000},{"score":44,"score_max":52,"score_min":41,"flag":1,"level":1,"start_time":1700881980000,"end_time":1700882039000},{"score":26,"score_max":40,"score_min":14,"flag":1,"level":1,"start_time":1700881920000,"end_time":1700881979000},{"score":9,"score_max":14,"score_min":3,"flag":1,"level":1,"start_time":1700881800000,"end_time":1700881859000},{"score":95,"score_max":97,"score_min":95,"flag":1,"level":1,"start_time":1700881740000,"end_time":1700881799000},{"score":92,"score_max":96,"score_min":83,"flag":1,"level":1,"start_time":1700881680000,"end_time":1700881739000},{"score":57,"score_max":82,"score_min":44,"flag":1,"level":1,"start_time":1700881620000,"end_time":1700881679000},{"score":58,"score_max":65,"score_min":49,"flag":1,"level":1,"start_time":1700881560000,"end_time":1700881619000},{"score":55,"score_max":60,"score_min":52,"flag":1,"level":1,"start_time":1700881500000,"end_time":1700881559000},{"score":27,"score_max":53,"score_min":15,"flag":1,"level":1,"start_time":1700881440000,"end_time":1700881499000},{"score":13,"score_max":15,"score_min":12,"flag":1,"level":1,"start_time":1700881380000,"end_time":1700881439000},{"score":21,"score_max":24,"score_min":14,"flag":1,"level":1,"start_time":1700881320000,"end_time":1700881379000},{"score":18,"score_max":23,"score_min":17,"flag":1,"level":1,"start_time":1700881260000,"end_time":1700881319000},{"score":10,"score_max":17,"score_min":5,"flag":1,"level":1,"start_time":1700881200000,"end_time":1700881259000}]