[{"score":0,"score_max":0,"score_min":0,"flag":1,"level":1,"start_time":1700985540000,"end_time":1700985599000},{"score":5,"score_max":23,"score_min":0,"flag":1,"level":1,"start_time":1700985480000,"end_time":1700985539000},{"score":22,"score_max":37,"score_min":16,"flag":1,"level":1,"start_time":1700985420000,"end_time":1700985479000},{"score":23,"score_max":36,"score_min":14,"flag":1,"level":1,"start_time":1700985300000,"end_time":1700985359000},{"score":0,"score_max":0,"score_min":0,"flag":1,"level":1,"start_time":1700985240000,"end_time":1700985299000},{"score":0,"score_max":0,"score_min":0,"flag":1,"level":1,"start_time":1700985180000,"end_time":1700985239000},{"score":0,"score_max":0,"score_min":0,"flag":1,"level":1,"start_time":1700985120000,"end_time":1700985179000},{"score":0,"score_max":0,"score_min":0,"flag":1,"level":1,"start_time":1700985060000,"end_time":1700985119000},{"score":0,"score_max":0,"score_min":0,"flag":1,"level":1,"start_time":1700985000000,"end_time":1700985059000},{"score":0,"score_max":0,"score_min":0,"flag":1,"level":1,"start_time":1700984940000,"end_time":1700984999000},{"score":0,"score_max":0,"score_min":0,"flag":1,"level":1,"start_time":1700984880000,"end_time":1700984939000},{"score":0,"score_max":0,"score_min":0,"flag":1,"level":1,"start_time":1700984820000,"end_time":1700984879000},{"score":0,"score_max":0,"score_min":0,"flag":1,"level":1,"start_time":1700984760000,"end_time":1700984819000},{"score":0,"score_max":0,"score_min":0,"flag":1,"level":1,"start_time":1700984700000,"end_time":1700984759000},{"score":0,"score_max":1,"score_min":0,"flag":1,"level":1,"start_time":1700984640000,"end_time":1700984699000},{"score":1,"score_max":2,"score_min":0,"flag":1,"level":1,"start_time":1700984580000,"end_time":1700984639000},{"score":0,"score_max":0,"score_min":0,"flag":1,"level":1,"start_time":1700984520000,"end_time":1700984579000},{"score":0,"score_max":0,"score_min":0,"flag":1,"level":1,"start_time":1700984460000,"end_time":1700984519000},{"score":0,"score_max":1,"score_min":0,"flag":1,"level":1,"start_time":1700984400000,"end_time":1700984459000},{"score":1,"score_max":2,"score_min":1,"flag":1,"level":1,"start_time":1700984340000,"end_time":1700984399000},{"score":0,"score_max":1,"score_min":0,"flag":1,"level":1,"start_time":1700984280000,"end_time":1700984339000},{"score":0,"score_max":0,"score_min":0,"flag":1,"level":1,"start_time":1700984220000,"end_time":1700984279000},{"score":0,"score_max":0,"score_min":0,"flag":1,"level":1,"start_time":1700984160000,"end_time":1700984219000},{"score":0,"score_max":0,"score_min":0,"flag":1,"level":1,"start_time":1700984100000,"end_time":1700984159000},{"score":0,"score_max":1,"score_min":0,"flag":1,"level":1,"start_time":1700984040000,"end_time":1700984099000},{"score":1,"score_max":3,"score_min":1,"flag":1,"level":1,"start_time":1700983980000,"end_time":1700984039000},{"score":0,"score_max":1,"score_min":0,"flag":1,"level":1,"start_time":1700983920000,"end_time":1700983979000},{"score":0,"score_max":0,"score_min":0,"flag":1,"level":1,"start_time":1700983860000,"end_time":1700983919000},{"score":0,"score_max":0,"score_min":0,"flag":1,"level":1,"start_time":1700983800000,"end_time":1700983859000},{"score":8,"score_max":25,"score_min":0,"flag":1,"level":1,"start_time":1700983740000,"end_time":1700983799000},{"score":1,"score_max":12,"score_min":0,"flag":1,"level":1,"start_time":1700983680000,"end_time":1700983739000},{"score":0,"score_max":1,"score_min":0,"flag":1,"level":1,"start_time":1700983620000,"end_time":1700983679000},{"score":0,"score_max":1,"score_min":0,"flag":1,"level":1,"start_time":1700983560000,"end_time":1700983619000},{"score":2,"score_max":3,"score_min":1,"flag":1,"level":1,"start_time":1700983500000,"end_time":1700983559000},{"score":1,"score_max":2,"score_min":1,"flag":1,"level":1,"start_time":1700983440000,"end_time":1700983499000},{"score":0,"score_max":2,"score_min":0,"flag":1,"level":1,"start_time":1700983380000,"end_time":1700983439000},{"score":1,"score_max":2,"score_min":1,"flag":1,"level":1,"start_time":1700983320000,"end_time":1700983379000},{"score":1,"score_max":2,"score_min":1,"flag":1,"level":1,"start_time":1700983260000,"end_time":1700983319000},{"score":1,"score_max":2,"score_min":1,"flag":1,"level":1,"start_time":1700983200000,"end_time":1700983259000},{"score":1,"score_max":1,"score_min":1,"flag":1,"level":1,"start_time":1700983140000,"end_time":1700983199000},{"score":0,"score_max":1,"score_min":0,"flag":1,"level":1,"start_time":1700983080000,"end_time":1700983139000},{"score":0,"score_max":1,"score_min":0,"flag":1,"level":1,"start_time":1700983020000,"end_time":1700983079000},{"score":1,"score_max":1,"score_min":1,"flag":1,"level":1,"start_time":1700982960000,"end_time":1700983019000},{"score":0,"score_max":1,"score_min":0,"flag":1,"level":1,"start_time":1700982840000,"end_time":1700982899000},{"score":0,"score_max":2,"score_min":0,"flag":1,"level":1,"start_time":1700982780000,"end_time":1700982839000},{"score":0,"score_max":1,"score_min":0,"flag":1,"level":1,"start_time":1700982720000,"end_time":1700982779000},{"score":1,"score_max":2,"score_min":1,"flag":1,"level":1,"start_time":1700982660000,"end_time":1700982719000},{"score":1,"score_max":2,"score_min":1,"flag":1,"level":1,"start_time":1700982600000,"end_time":1700982659000},{"score":1,"score_max":2,"score_min":1,"flag":1,"level":1,"start_time":1700982540000,"end_time":1700982599000},{"score":3,"score_max":4,"score_min":2,"flag":1,"level":1,"start_time":1700982480000,"end_time":1700982539000},{"score":15,"score_max":33,"score_min":3,"flag":1,"level":1,"start_time":1700982420000,"end_time":1700982479000},{"score":8,"score_max":26,"score_min":2,"flag":1,"level":1,"start_time":1700982360000,"end_time":1700982419000},{"score":3,"score_max":5,"score_min":2,"flag":1,"level":1,"start_time":1700982300000,"end_time":1700982359000},{"score":1,"score_max":4,"score_min":0,"flag":1,"level":1,"start_time":1700982240000,"end_time":1700982299000},{"score":0,"score_max":1,"score_min":0,"flag":1,"level":1,"start_time":1700982180000,"end_time":1700982239000},{"score":1,"score_max":2,"score_min":1,"flag":1,"level":1,"start_time":1700982120000,"end_time":1700982179000},{"score":2,"score_max":5,"score_min":1,"flag":1,"level":1,"start_time":1700982060000,"end_time":1700982119000},{"score":22,"score_max":36,"score_min":5,"flag":1,"level":1,"start_time":1700982000000,"end_time":1700982059000}]