[{"score":4,"score_max":8,"score_min":2,"flag":1,"level":1,"start_time":1700708340000,"end_time":1700708399000},{"score":3,"score_max":5,"score_min":2,"flag":1,"level":1,"start_time":1700708280000,"end_time":1700708339000},{"score":2,"score_max":4,"score_min":2,"flag":1,"level":1,"start_time":1700708220000,"end_time":1700708279000},{"score":2,"score_max":4,"score_min":1,"flag":1,"level":1,"start_time":1700708160000,"end_time":1700708219000},{"score":0,"score_max":1,"score_min":0,"flag":1,"level":1,"start_time":1700708100000,"end_time":1700708159000},{"score":0,"score_max":1,"score_min":0,"flag":1,"level":1,"start_time":1700708040000,"end_time":1700708099000},{"score":1,"score_max":1,"score_min":1,"flag":1,"level":1,"start_time":1700707980000,"end_time":1700708039000},{"score":1,"score_max":1,"score_min":1,"flag":1,"level":1,"start_time":1700707920000,"end_time":1700707979000},{"score":6,"score_max":14,"score_min":1,"flag":1,"level":1,"start_time":1700707860000,"end_time":1700707919000},{"score":4,"score_max":13,"score_min":2,"flag":1,"level":1,"start_time":1700707800000,"end_time":1700707859000},{"score":2,"score_max":4,"score_min":2,"flag":1,"level":1,"start_time":1700707740000,"end_time":1700707799000},{"score":7,"score_max":12,"score_min":4,"flag":1,"level":1,"start_time":1700707680000,"end_time":1700707739000},{"score":7,"score_max":9,"score_min":6,"flag":1,"level":1,"start_time":1700707620000,"end_time":1700707679000},{"score":7,"score_max":12,"score_min":2,"flag":1,"level":1,"start_time":1700707560000,"end_time":1700707619000},{"score":2,"score_max":4,"score_min":2,"flag":1,"level":1,"start_time":1700707500000,"end_time":1700707559000},{"score":6,"score_max":12,"score_min":4,"flag":1,"level":1,"start_time":1700707440000,"end_time":1700707499000},{"score":14,"score_max":19,"score_min":11,"flag":1,"level":1,"start_time":1700707380000,"end_time":1700707439000},{"score":20,"score_max":36,"score_min":13,"flag":1,"level":1,"start_time":1700707320000,"end_time":1700707379000},{"score":56,"score_max":65,"score_min":36,"flag":1,"level":1,"start_time":1700707260000,"end_time":1700707319000},{"score":23,"score_max":46,"score_min":13,"flag":1,"level":1,"start_time":1700707200000,"end_time":1700707259000},{"score":23,"score_max":33,"score_min":13,"flag":1,"level":1,"start_time":1700707140000,"end_time":1700707199000},{"score":12,"score_max":21,"score_min":8,"flag":1,"level":1,"start_time":1700707080000,"end_time":1700707139000},{"score":37,"score_max":61,"score_min":16,"flag":1,"level":1,"start_time":1700707020000,"end_time":1700707079000},{"score":25,"score_max":48,"score_min":12,"flag":1,"level":1,"start_time":1700706960000,"end_time":1700707019000},{"score":6,"score_max":12,"score_min":4,"flag":1,"level":1,"start_time":1700706900000,"end_time":1700706959000},{"score":15,"score_max":33,"score_min":4,"flag":1,"level":1,"start_time":1700706840000,"end_time":1700706899000},{"score":36,"score_max":46,"score_min":32,"flag":1,"level":1,"start_time":1700706780000,"end_time":1700706839000},{"score":42,"score_max":48,"score_min":29,"flag":1,"level":1,"start_time":1700706720000,"end_time":1700706779000},{"score":33,"score_max":45,"score_min":29,"flag":1,"level":1,"start_time":1700706660000,"end_time":1700706719000},{"score":47,"score_max":53,"score_min":37,"flag":1,"level":1,"start_time":1700706600000,"end_time":1700706659000},{"score":31,"score_max":50,"score_min":15,"flag":1,"level":1,"start_time":1700706540000,"end_time":1700706599000},{"score":19,"score_max":24,"score_min":15,"flag":1,"level":1,"start_time":1700706480000,"end_time":1700706539000},{"score":15,"score_max":21,"score_min":14,"flag":1,"level":1,"start_time":1700706420000,"end_time":1700706479000},{"score":23,"score_max":33,"score_min":14,"flag":1,"level":1,"start_time":1700706360000,"end_time":1700706419000},{"score":31,"score_max":33,"score_min":29,"flag":1,"level":1,"start_time":1700706300000,"end_time":1700706359000},{"score":20,"score_max":32,"score_min":13,"flag":1,"level":1,"start_time":1700706240000,"end_time":1700706299000},{"score":30,"score_max":44,"score_min":15,"flag":1,"level":1,"start_time":1700706180000,"end_time":1700706239000},{"score":21,"score_max":27,"score_min":19,"flag":1,"level":1,"start_time":1700706120000,"end_time":1700706179000},{"score":28,"score_max":31,"score_min":25,"flag":1,"level":1,"start_time":1700706060000,"end_time":1700706119000},{"score":13,"score_max":31,"score_min":2,"flag":1,"level":1,"start_time":1700705880000,"end_time":1700705939000},{"score":35,"score_max":36,"score_min":33,"flag":1,"level":1,"start_time":1700705820000,"end_time":1700705879000},{"score":32,"score_max":36,"score_min":25,"flag":1,"level":1,"start_time":1700705760000,"end_time":1700705819000},{"score":13,"score_max":25,"score_min":0,"flag":1,"level":1,"start_time":1700705520000,"end_time":1700705579000},{"score":47,"score_max":93,"score_min":12,"flag":1,"level":1,"start_time":1700705460000,"end_time":1700705519000},{"score":6,"score_max":11,"score_min":4,"flag":1,"level":1,"start_time":1700705400000,"end_time":1700705459000},{"score":8,"score_max":12,"score_min":5,"flag":1,"level":1,"start_time":1700705340000,"end_time":1700705399000},{"score":6,"score_max":8,"score_min":5,"flag":1,"level":1,"start_time":1700705280000,"end_time":1700705339000},{"score":21,"score_max":32,"score_min":8,"flag":1,"level":1,"start_time":1700705220000,"end_time":1700705279000},{"score":40,"score_max":66,"score_min":26,"flag":1,"level":1,"start_time":1700705160000,"end_time":1700705219000},{"score":65,"score_max":75,"score_min":47,"flag":1,"level":1,"start_time":1700705100000,"end_time":1700705159000},{"score":43,"score_max":51,"score_min":37,"flag":1,"level":1,"start_time":1700705040000,"end_time":1700705099000},{"score":35,"score_max":48,"score_min":26,"flag":1,"level":1,"start_time":1700704980000,"end_time":1700705039000},{"score":54,"score_max":73,"score_min":30,"flag":1,"level":1,"start_time":1700704920000,"end_time":1700704979000},{"score":74,"score_max":79,"score_min":72,"flag":1,"level":1,"start_time":1700704860000,"end_time":1700704919000},{"score":69,"score_max":80,"score_min":41,"flag":1,"level":0,"start_time":1700704800000,"end_time":1700704859000}]