[{"score":84,"score_max":86,"score_min":74,"flag":1,"level":1,"start_time":1700827140000,"end_time":1700827199000},{"score":54,"score_max":81,"score_min":17,"flag":1,"level":1,"start_time":1700827080000,"end_time":1700827139000},{"score":7,"score_max":16,"score_min":6,"flag":1,"level":1,"start_time":1700827020000,"end_time":1700827079000},{"score":8,"score_max":11,"score_min":6,"flag":1,"level":1,"start_time":1700826960000,"end_time":1700827019000},{"score":6,"score_max":6,"score_min":6,"flag":1,"level":1,"start_time":1700826900000,"end_time":1700826959000},{"score":4,"score_max":5,"score_min":4,"flag":1,"level":1,"start_time":1700826840000,"end_time":1700826899000},{"score":9,"score_max":16,"score_min":5,"flag":1,"level":1,"start_time":1700826780000,"end_time":1700826839000},{"score":25,"score_max":34,"score_min":16,"flag":1,"level":1,"start_time":1700826720000,"end_time":1700826779000},{"score":52,"score_max":76,"score_min":35,"flag":1,"level":1,"start_time":1700826660000,"end_time":1700826719000},{"score":74,"score_max":86,"score_min":59,"flag":1,"level":1,"start_time":1700826600000,"end_time":1700826659000},{"score":44,"score_max":58,"score_min":37,"flag":1,"level":1,"start_time":1700826540000,"end_time":1700826599000},{"score":47,"score_max":66,"score_min":21,"flag":1,"level":1,"start_time":1700826480000,"end_time":1700826539000},{"score":7,"score_max":20,"score_min":5,"flag":1,"level":1,"start_time":1700826420000,"end_time":1700826479000},{"score":12,"score_max":22,"score_min":6,"flag":1,"level":1,"start_time":1700826360000,"end_time":1700826419000},{"score":11,"score_max":22,"score_min":4,"flag":1,"level":1,"start_time":1700826300000,"end_time":1700826359000},{"score":16,"score_max":32,"score_min":5,"flag":1,"level":1,"start_time":1700826240000,"end_time":1700826299000},{"score":24,"score_max":35,"score_min":10,"flag":1,"level":1,"start_time":1700826180000,"end_time":1700826239000},{"score":4,"score_max":10,"score_min":2,"flag":1,"level":1,"start_time":1700826120000,"end_time":1700826179000},{"score":2,"score_max":2,"score_min":2,"flag":1,"level":1,"start_time":1700826060000,"end_time":1700826119000},{"score":2,"score_max":2,"score_min":2,"flag":1,"level":1,"start_time":1700826000000,"end_time":1700826059000},{"score":2,"score_max":3,"score_min":2,"flag":1,"level":1,"start_time":1700825940000,"end_time":1700825999000},{"score":3,"score_max":4,"score_min":3,"flag":1,"level":1,"start_time":1700825880000,"end_time":1700825939000},{"score":3,"score_max":3,"score_min":3,"flag":1,"level":1,"start_time":1700825820000,"end_time":1700825879000},{"score":3,"score_max":3,"score_min":3,"flag":1,"level":1,"start_time":1700825760000,"end_time":1700825819000},{"score":2,"score_max":3,"score_min":2,"flag":1,"level":1,"start_time":1700825700000,"end_time":1700825759000},{"score":2,"score_max":3,"score_min":2,"flag":1,"level":1,"start_time":1700825640000,"end_time":1700825699000},{"score":2,"score_max":3,"score_min":2,"flag":1,"level":1,"start_time":1700825580000,"end_time":1700825639000},{"score":3,"score_max":4,"score_min":3,"flag":1,"level":1,"start_time":1700825520000,"end_time":1700825579000},{"score":3,"score_max":4,"score_min":3,"flag":1,"level":1,"start_time":1700825460000,"end_time":1700825519000},{"score":9,"score_max":16,"score_min":4,"flag":1,"level":1,"start_time":1700825400000,"end_time":1700825459000},{"score":11,"score_max":16,"score_min":7,"flag":1,"level":1,"start_time":1700825340000,"end_time":1700825399000},{"score":4,"score_max":9,"score_min":3,"flag":1,"level":1,"start_time":1700825280000,"end_time":1700825339000},{"score":0,"score_max":2,"score_min":0,"flag":1,"level":1,"start_time":1700825220000,"end_time":1700825279000},{"score":0,"score_max":0,"score_min":0,"flag":1,"level":1,"start_time":1700825160000,"end_time":1700825219000},{"score":0,"score_max":1,"score_min":0,"flag":1,"level":1,"start_time":1700825100000,"end_time":1700825159000},{"score":1,"score_max":3,"score_min":1,"flag":1,"level":1,"start_time":1700825040000,"end_time":1700825099000},{"score":24,"score_max":45,"score_min":3,"flag":1,"level":1,"start_time":1700824980000,"end_time":1700825039000},{"score":40,"score_max":52,"score_min":35,"flag":1,"level":1,"start_time":1700824920000,"end_time":1700824979000},{"score":34,"score_max":56,"score_min":9,"flag":1,"level":1,"start_time":1700824860000,"end_time":1700824919000},{"score":3,"score_max":8,"score_min":3,"flag":1,"level":1,"start_time":1700824800000,"end_time":1700824859000},{"score":5,"score_max":8,"score_min":4,"flag":1,"level":1,"start_time":1700824740000,"end_time":1700824799000},{"score":16,"score_max":19,"score_min":9,"flag":1,"level":1,"start_time":1700824680000,"end_time":1700824739000},{"score":12,"score_max":21,"score_min":2,"flag":1,"level":1,"start_time":1700824620000,"end_time":1700824679000},{"score":0,"score_max":1,"score_min":0,"flag":1,"level":1,"start_time":1700824320000,"end_time":1700824379000},{"score":27,"score_max":53,"score_min":6,"flag":1,"level":1,"start_time":1700824260000,"end_time":1700824319000},{"score":3,"score_max":6,"score_min":1,"flag":1,"level":1,"start_time":1700824140000,"end_time":1700824199000},{"score":90,"score_max":94,"score_min":88,"flag":1,"level":1,"start_time":1700824080000,"end_time":1700824139000},{"score":87,"score_max":90,"score_min":79,"flag":1,"level":1,"start_time":1700824020000,"end_time":1700824079000},{"score":41,"score_max":78,"score_min":22,"flag":1,"level":1,"start_time":1700823960000,"end_time":1700824019000},{"score":35,"score_max":47,"score_min":24,"flag":1,"level":1,"start_time":1700823900000,"end_time":1700823959000},{"score":37,"score_max":48,"score_min":26,"flag":1,"level":1,"start_time":1700823840000,"end_time":1700823899000},{"score":22,"score_max":25,"score_min":19,"flag":1,"level":1,"start_time":1700823780000,"end_time":1700823839000},{"score":56,"score_max":81,"score_min":25,"flag":1,"level":1,"start_time":1700823720000,"end_time":1700823779000},{"score":72,"score_max":82,"score_min":62,"flag":1,"level":1,"start_time":1700823660000,"end_time":1700823719000},{"score":37,"score_max":62,"score_min":20,"flag":1,"level":1,"start_time":1700823600000,"end_time":1700823659000}]