[{"score":42,"score_max":71,"score_min":25,"flag":1,"level":1,"start_time":1700791140000,"end_time":1700791199000},{"score":34,"score_max":63,"score_min":21,"flag":1,"level":1,"start_time":1700791080000,"end_time":1700791139000},{"score":58,"score_max":70,"score_min":34,"flag":1,"level":1,"start_time":1700791020000,"end_time":1700791079000},{"score":22,"score_max":33,"score_min":19,"flag":1,"level":1,"start_time":1700790960000,"end_time":1700791019000},{"score":21,"score_max":26,"score_min":19,"flag":1,"level":1,"start_time":1700790900000,"end_time":1700790959000},{"score":32,"score_max":36,"score_min":23,"flag":1,"level":1,"start_time":1700790840000,"end_time":1700790899000},{"score":16,"score_max":22,"score_min":15,"flag":1,"level":1,"start_time":1700790780000,"end_time":1700790839000},{"score":16,"score_max":21,"score_min":14,"flag":1,"level":1,"start_time":1700790720000,"end_time":1700790779000},{"score":19,"score_max":23,"score_min":16,"flag":1,"level":1,"start_time":1700790660000,"end_time":1700790719000},{"score":17,"score_max":22,"score_min":14,"flag":1,"level":1,"start_time":1700790600000,"end_time":1700790659000},{"score":16,"score_max":19,"score_min":15,"flag":1,"level":1,"start_time":1700790540000,"end_time":1700790599000},{"score":19,"score_max":22,"score_min":16,"flag":1,"level":1,"start_time":1700790480000,"end_time":1700790539000},{"score":16,"score_max":17,"score_min":16,"flag":1,"level":1,"start_time":1700790420000,"end_time":1700790479000},{"score":22,"score_max":24,"score_min":16,"flag":1,"level":1,"start_time":1700790360000,"end_time":1700790419000},{"score":14,"score_max":22,"score_min":9,"flag":1,"level":1,"start_time":1700790300000,"end_time":1700790359000},{"score":3,"score_max":9,"score_min":0,"flag":1,"level":1,"start_time":1700789640000,"end_time":1700789699000},{"score":100,"score_max":100,"score_min":100,"flag":1,"level":1,"start_time":1700789580000,"end_time":1700789639000},{"score":99,"score_max":100,"score_min":87,"flag":1,"level":0,"start_time":1700789520000,"end_time":1700789579000},{"score":69,"score_max":87,"score_min":30,"flag":1,"level":1,"start_time":1700789460000,"end_time":1700789519000},{"score":33,"score_max":36,"score_min":32,"flag":1,"level":1,"start_time":1700789400000,"end_time":1700789459000},{"score":28,"score_max":35,"score_min":20,"flag":1,"level":1,"start_time":1700789340000,"end_time":1700789399000},{"score":58,"score_max":59,"score_min":58,"flag":1,"level":1,"start_time":1700788140000,"end_time":1700788199000},{"score":60,"score_max":64,"score_min":52,"flag":1,"level":1,"start_time":1700788080000,"end_time":1700788139000},{"score":53,"score_max":58,"score_min":49,"flag":1,"level":1,"start_time":1700788020000,"end_time":1700788079000},{"score":62,"score_max":66,"score_min":58,"flag":1,"level":1,"start_time":1700787960000,"end_time":1700788019000},{"score":61,"score_max":66,"score_min":58,"flag":1,"level":1,"start_time":1700787900000,"end_time":1700787959000},{"score":67,"score_max":90,"score_min":58,"flag":1,"level":1,"start_time":1700787840000,"end_time":1700787899000},{"score":97,"score_max":100,"score_min":91,"flag":1,"level":1,"start_time":1700787780000,"end_time":1700787839000},{"score":100,"score_max":100,"score_min":100,"flag":1,"level":1,"start_time":1700787720000,"end_time":1700787779000}]