[{"score":9,"score_max":15,"score_min":0,"flag":1,"level":1,"start_time":1700783400000,"end_time":1700783459000},{"score":86,"score_max":87,"score_min":86,"flag":1,"level":1,"start_time":1700783340000,"end_time":1700783399000},{"score":86,"score_max":90,"score_min":82,"flag":1,"level":0,"start_time":1700783280000,"end_time":1700783339000},{"score":41,"score_max":89,"score_min":1,"flag":1,"level":1,"start_time":1700783220000,"end_time":1700783279000},{"score":0,"score_max":1,"score_min":0,"flag":1,"level":1,"start_time":1700783100000,"end_time":1700783159000},{"score":2,"score_max":3,"score_min":2,"flag":1,"level":1,"start_time":1700780880000,"end_time":1700780939000}]