[{"elapsed_time":15462,"segment":1,"source_type":4,"start_time":1700863257943},{"elapsed_time":16462,"segment":1,"source_type":4,"start_time":1700863258943},{"elapsed_time":17463,"segment":1,"source_type":4,"start_time":1700863259944},{"elapsed_time":18462,"segment":1,"source_type":4,"start_time":1700863260943},{"elapsed_time":19462,"segment":1,"source_type":4,"start_time":1700863261943},{"elapsed_time":20462,"segment":1,"source_type":4,"start_time":1700863262943},{"elapsed_time":21462,"segment":1,"source_type":4,"start_time":1700863263943},{"elapsed_time":22462,"segment":1,"source_type":4,"start_time":1700863264943},{"elapsed_time":23462,"segment":1,"source_type":4,"start_time":1700863265943},{"elapsed_time":24462,"segment":1,"source_type":4,"start_time":1700863266943},{"elapsed_time":25462,"segment":1,"source_type":4,"start_time":1700863267943},{"elapsed_time":26462,"segment":1,"source_type":4,"start_time":1700863268943},{"elapsed_time":27468,"segment":1,"source_type":4,"start_time":1700863269949},{"elapsed_time":28462,"segment":1,"source_type":4,"start_time":1700863270943},{"elapsed_time":29462,"segment":1,"source_type":4,"start_time":1700863271943},{"elapsed_time":30462,"segment":1,"source_type":4,"start_time":1700863272943},{"elapsed_time":31462,"segment":1,"source_type":4,"start_time":1700863273943},{"elapsed_time":32462,"segment":1,"source_type":4,"start_time":1700863274943},{"elapsed_time":33463,"segment":1,"source_type":4,"start_time":1700863275944},{"elapsed_time":34462,"segment":1,"source_type":4,"start_time":1700863276943},{"elapsed_time":35462,"segment":1,"source_type":4,"start_time":1700863277943},{"elapsed_time":36462,"segment":1,"source_type":4,"start_time":1700863278943},{"elapsed_time":37462,"segment":1,"source_type":4,"start_time":1700863279943},{"elapsed_time":38462,"segment":1,"source_type":4,"start_time":1700863280943},{"elapsed_time":39462,"segment":1,"source_type":4,"start_time":1700863281943},{"elapsed_time":40462,"segment":1,"source_type":4,"start_time":1700863282943},{"elapsed_time":40462,"segment":1,"source_type":4,"start_time":1700863282943},{"elapsed_time":41462,"segment":1,"source_type":4,"start_time":1700863283943},{"elapsed_time":42462,"segment":1,"source_type":4,"start_time":1700863284943},{"elapsed_time":43462,"segment":1,"source_type":4,"start_time":1700863285943},{"elapsed_time":44462,"segment":1,"source_type":4,"start_time":1700863286943},{"elapsed_time":45462,"segment":1,"source_type":4,"start_time":1700863287943},{"elapsed_time":46462,"segment":1,"source_type":4,"start_time":1700863288943},{"elapsed_time":47462,"segment":1,"source_type":4,"start_time":1700863289943},{"elapsed_time":48462,"segment":1,"source_type":4,"start_time":1700863290943},{"elapsed_time":49462,"segment":1,"source_type":4,"start_time":1700863291943},{"elapsed_time":50468,"segment":1,"source_type":4,"start_time":1700863292949},{"elapsed_time":51468,"segment":1,"source_type":4,"start_time":1700863293949},{"elapsed_time":52468,"segment":1,"source_type":4,"start_time":1700863294949},{"elapsed_time":176655,"segment":1,"source_type":4,"start_time":1700863419136},{"elapsed_time":177655,"segment":1,"source_type":4,"start_time":1700863420136},{"elapsed_time":178655,"segment":1,"source_type":4,"start_time":1700863421136},{"elapsed_time":179655,"segment":1,"source_type":4,"start_time":1700863422136},{"elapsed_time":180655,"segment":1,"source_type":4,"start_time":1700863423136},{"elapsed_time":181655,"segment":1,"source_type":4,"start_time":1700863424136},{"elapsed_time":182655,"segment":1,"source_type":4,"start_time":1700863425136},{"elapsed_time":183655,"segment":1,"source_type":4,"start_time":1700863426136},{"elapsed_time":184655,"segment":1,"source_type":4,"start_time":1700863427136},{"elapsed_time":185655,"segment":1,"source_type":4,"start_time":1700863428136},{"elapsed_time":186655,"segment":1,"source_type":4,"start_time":1700863429136},{"elapsed_time":187655,"segment":1,"source_type":4,"start_time":1700863430136},{"elapsed_time":188655,"segment":1,"source_type":4,"start_time":1700863431136},{"elapsed_time":189655,"segment":1,"source_type":4,"start_time":1700863432136},{"elapsed_time":190655,"segment":1,"source_type":4,"start_time":1700863433136},{"elapsed_time":191655,"segment":1,"source_type":4,"start_time":1700863434136},{"elapsed_time":192655,"segment":1,"source_type":4,"start_time":1700863435136},{"elapsed_time":193655,"segment":1,"source_type":4,"start_time":1700863436136},{"elapsed_time":194655,"segment":1,"source_type":4,"start_time":1700863437136},{"elapsed_time":195655,"segment":1,"source_type":4,"start_time":1700863438136},{"elapsed_time":196655,"segment":1,"source_type":4,"start_time":1700863439136},{"elapsed_time":197655,"segment":1,"source_type":4,"start_time":1700863440136},{"elapsed_time":198655,"segment":1,"source_type":4,"start_time":1700863441136},{"elapsed_time":199655,"segment":1,"source_type":4,"start_time":1700863442136},{"elapsed_time":200655,"segment":1,"source_type":4,"start_time":1700863443136},{"elapsed_time":201655,"segment":1,"source_type":4,"start_time":1700863444136},{"elapsed_time":202655,"segment":1,"source_type":4,"start_time":1700863445136},{"elapsed_time":203655,"segment":1,"source_type":4,"start_time":1700863446136},{"elapsed_time":204655,"segment":1,"source_type":4,"start_time":1700863447136},{"elapsed_time":205655,"segment":1,"source_type":4,"start_time":1700863448136},{"elapsed_time":206655,"segment":1,"source_type":4,"start_time":1700863449136},{"elapsed_time":207655,"segment":1,"source_type":4,"start_time":1700863450136},{"elapsed_time":208655,"segment":1,"source_type":4,"start_time":1700863451136},{"elapsed_time":209655,"segment":1,"source_type":4,"start_time":1700863452136},{"elapsed_time":210655,"segment":1,"source_type":4,"start_time":1700863453136},{"elapsed_time":211655,"segment":1,"source_type":4,"start_time":1700863454136},{"elapsed_time":212655,"segment":1,"source_type":4,"start_time":1700863455136},{"elapsed_time":213655,"segment":1,"source_type":4,"start_time":1700863456136},{"elapsed_time":214655,"segment":1,"source_type":4,"start_time":1700863457136},{"elapsed_time":215655,"segment":1,"source_type":4,"start_time":1700863458136},{"elapsed_time":216655,"segment":1,"source_type":4,"start_time":1700863459136},{"elapsed_time":217655,"segment":1,"source_type":4,"start_time":1700863460136},{"elapsed_time":218655,"segment":1,"source_type":4,"start_time":1700863461136},{"elapsed_time":219655,"segment":1,"source_type":4,"start_time":1700863462136},{"elapsed_time":220655,"segment":1,"source_type":4,"start_time":1700863463136},{"elapsed_time":221655,"segment":1,"source_type":4,"start_time":1700863464136},{"elapsed_time":222655,"segment":1,"source_type":4,"start_time":1700863465136},{"elapsed_time":223655,"segment":1,"source_type":4,"start_time":1700863466136},{"elapsed_time":224655,"segment":1,"source_type":4,"start_time":1700863467136},{"elapsed_time":225655,"segment":1,"source_type":4,"start_time":1700863468136},{"elapsed_time":226655,"segment":1,"source_type":4,"start_time":1700863469136},{"elapsed_time":227655,"segment":1,"source_type":4,"start_time":1700863470136},{"elapsed_time":228655,"segment":1,"source_type":4,"start_time":1700863471136},{"elapsed_time":229655,"segment":1,"source_type":4,"start_time":1700863472136},{"elapsed_time":230655,"segment":1,"source_type":4,"start_time":1700863473136},{"elapsed_time":231655,"segment":1,"source_type":4,"start_time":1700863474136},{"elapsed_time":232655,"segment":1,"source_type":4,"start_time":1700863475136},{"elapsed_time":233655,"segment":1,"source_type":4,"start_time":1700863476136},{"elapsed_time":234655,"segment":1,"source_type":4,"start_time":1700863477136},{"elapsed_time":235655,"segment":1,"source_type":4,"start_time":1700863478136},{"elapsed_time":236655,"segment":1,"source_type":4,"start_time":1700863479136},{"elapsed_time":237655,"segment":1,"source_type":4,"start_time":1700863480136},{"elapsed_time":238655,"segment":1,"source_type":4,"start_time":1700863481136},{"elapsed_time":239655,"segment":1,"source_type":4,"start_time":1700863482136},{"elapsed_time":240655,"segment":1,"source_type":4,"start_time":1700863483136},{"elapsed_time":241655,"segment":1,"source_type":4,"start_time":1700863484136},{"elapsed_time":242655,"segment":1,"source_type":4,"start_time":1700863485136},{"elapsed_time":243655,"segment":1,"source_type":4,"start_time":1700863486136},{"elapsed_time":244655,"segment":1,"source_type":4,"start_time":1700863487136},{"elapsed_time":245655,"segment":1,"source_type":4,"start_time":1700863488136},{"elapsed_time":246655,"segment":1,"source_type":4,"start_time":1700863489136},{"elapsed_time":247655,"segment":1,"source_type":4,"start_time":1700863490136},{"elapsed_time":248655,"segment":1,"source_type":4,"start_time":1700863491136},{"elapsed_time":249655,"segment":1,"source_type":4,"start_time":1700863492136},{"elapsed_time":250655,"segment":1,"source_type":4,"start_time":1700863493136},{"elapsed_time":251655,"segment":1,"source_type":4,"start_time":1700863494136},{"elapsed_time":252655,"segment":1,"source_type":4,"start_time":1700863495136},{"elapsed_time":253655,"segment":1,"source_type":4,"start_time":1700863496136},{"elapsed_time":254655,"segment":1,"source_type":4,"start_time":1700863497136},{"elapsed_time":255655,"segment":1,"source_type":4,"start_time":1700863498136},{"elapsed_time":256655,"segment":1,"source_type":4,"start_time":1700863499136},{"elapsed_time":257655,"segment":1,"source_type":4,"start_time":1700863500136},{"elapsed_time":258655,"segment":1,"source_type":4,"start_time":1700863501136},{"elapsed_time":259655,"segment":1,"source_type":4,"start_time":1700863502136},{"elapsed_time":260655,"segment":1,"source_type":4,"start_time":1700863503136},{"elapsed_time":261655,"segment":1,"source_type":4,"start_time":1700863504136},{"elapsed_time":262655,"segment":1,"source_type":4,"start_time":1700863505136},{"elapsed_time":263729,"segment":1,"source_type":4,"start_time":1700863506210},{"elapsed_time":264729,"segment":1,"source_type":4,"start_time":1700863507210},{"elapsed_time":265729,"segment":1,"source_type":4,"start_time":1700863508210},{"elapsed_time":266729,"segment":1,"source_type":4,"start_time":1700863509210},{"elapsed_time":267729,"segment":1,"source_type":4,"start_time":1700863510210},{"elapsed_time":268729,"segment":1,"source_type":4,"start_time":1700863511210},{"elapsed_time":269729,"segment":1,"source_type":4,"start_time":1700863512210},{"elapsed_time":270729,"segment":1,"source_type":4,"start_time":1700863513210},{"elapsed_time":271729,"segment":1,"source_type":4,"start_time":1700863514210},{"elapsed_time":272729,"segment":1,"source_type":4,"start_time":1700863515210},{"elapsed_time":273729,"segment":1,"source_type":4,"start_time":1700863516210},{"elapsed_time":274729,"segment":1,"source_type":4,"start_time":1700863517210},{"elapsed_time":275729,"segment":1,"source_type":4,"start_time":1700863518210},{"elapsed_time":276729,"segment":1,"source_type":4,"start_time":1700863519210},{"elapsed_time":277729,"segment":1,"source_type":4,"start_time":1700863520210},{"elapsed_time":278729,"segment":1,"source_type":4,"start_time":1700863521210},{"elapsed_time":279730,"segment":1,"source_type":4,"start_time":1700863522211},{"elapsed_time":280736,"segment":1,"source_type":4,"start_time":1700863523217},{"elapsed_time":281736,"segment":1,"source_type":4,"start_time":1700863524217},{"elapsed_time":282735,"segment":1,"source_type":4,"start_time":1700863525216},{"elapsed_time":283741,"segment":1,"source_type":4,"start_time":1700863526222},{"elapsed_time":284741,"segment":1,"source_type":4,"start_time":1700863527222},{"elapsed_time":285745,"segment":1,"source_type":4,"start_time":1700863528226},{"elapsed_time":286745,"segment":1,"source_type":4,"start_time":1700863529226},{"elapsed_time":287751,"segment":1,"source_type":4,"start_time":1700863530232},{"elapsed_time":288755,"segment":1,"source_type":4,"start_time":1700863531236},{"elapsed_time":289755,"segment":1,"source_type":4,"start_time":1700863532236},{"elapsed_time":290755,"segment":1,"source_type":4,"start_time":1700863533236},{"elapsed_time":291756,"segment":1,"source_type":4,"start_time":1700863534237},{"elapsed_time":292763,"segment":1,"source_type":4,"start_time":1700863535244},{"elapsed_time":293763,"segment":1,"source_type":4,"start_time":1700863536244},{"elapsed_time":294770,"segment":1,"source_type":4,"start_time":1700863537251},{"elapsed_time":295770,"segment":1,"source_type":4,"start_time":1700863538251},{"elapsed_time":296770,"segment":1,"source_type":4,"start_time":1700863539251},{"elapsed_time":297773,"segment":1,"source_type":4,"start_time":1700863540254},{"elapsed_time":298773,"segment":1,"source_type":4,"start_time":1700863541254},{"elapsed_time":299774,"segment":1,"source_type":4,"start_time":1700863542255},{"elapsed_time":300780,"segment":1,"source_type":4,"start_time":1700863543261},{"elapsed_time":301780,"segment":1,"source_type":4,"start_time":1700863544261},{"elapsed_time":302783,"segment":1,"source_type":4,"start_time":1700863545264},{"elapsed_time":303789,"segment":1,"source_type":4,"start_time":1700863546270},{"elapsed_time":304789,"segment":1,"source_type":4,"start_time":1700863547270},{"elapsed_time":305791,"segment":1,"source_type":4,"start_time":1700863548272},{"elapsed_time":306800,"segment":1,"source_type":4,"start_time":1700863549281},{"elapsed_time":307800,"segment":1,"source_type":4,"start_time":1700863550281},{"elapsed_time":308800,"segment":1,"source_type":4,"start_time":1700863551281},{"elapsed_time":309806,"segment":1,"source_type":4,"start_time":1700863552287},{"elapsed_time":310806,"segment":1,"source_type":4,"start_time":1700863553287},{"elapsed_time":311808,"segment":1,"source_type":4,"start_time":1700863554289},{"elapsed_time":312808,"segment":1,"source_type":4,"start_time":1700863555289},{"elapsed_time":313811,"segment":1,"source_type":4,"start_time":1700863556292},{"elapsed_time":314814,"segment":1,"source_type":4,"start_time":1700863557295},{"elapsed_time":315814,"segment":1,"source_type":4,"start_time":1700863558295},{"elapsed_time":316814,"segment":1,"source_type":4,"start_time":1700863559295},{"elapsed_time":317820,"segment":1,"source_type":4,"start_time":1700863560301},{"elapsed_time":318820,"segment":1,"source_type":4,"start_time":1700863561301},{"elapsed_time":319823,"segment":1,"source_type":4,"start_time":1700863562304},{"elapsed_time":320830,"segment":1,"source_type":4,"start_time":1700863563311},{"elapsed_time":321830,"segment":1,"source_type":4,"start_time":1700863564311},{"elapsed_time":322854,"segment":1,"source_type":4,"start_time":1700863565335},{"elapsed_time":323854,"segment":1,"source_type":4,"start_time":1700863566335},{"elapsed_time":324854,"segment":1,"source_type":4,"start_time":1700863567335},{"elapsed_time":325854,"segment":1,"source_type":4,"start_time":1700863568335},{"elapsed_time":326860,"segment":1,"source_type":4,"start_time":1700863569341},{"elapsed_time":327860,"segment":1,"source_type":4,"start_time":1700863570341},{"elapsed_time":328860,"segment":1,"source_type":4,"start_time":1700863571341},{"elapsed_time":329869,"segment":1,"source_type":4,"start_time":1700863572350},{"elapsed_time":330869,"segment":1,"source_type":4,"start_time":1700863573350},{"elapsed_time":331874,"segment":1,"source_type":4,"start_time":1700863574355},{"elapsed_time":332874,"segment":1,"source_type":4,"start_time":1700863575355},{"elapsed_time":333873,"segment":1,"source_type":4,"start_time":1700863576354},{"elapsed_time":334882,"segment":1,"source_type":4,"start_time":1700863577363},{"elapsed_time":335882,"segment":1,"source_type":4,"start_time":1700863578363},{"elapsed_time":336880,"segment":1,"source_type":4,"start_time":1700863579361},{"elapsed_time":337889,"segment":1,"source_type":4,"start_time":1700863580370},{"elapsed_time":338889,"segment":1,"source_type":4,"start_time":1700863581370},{"elapsed_time":339896,"segment":1,"source_type":4,"start_time":1700863582377},{"elapsed_time":340896,"segment":1,"source_type":4,"start_time":1700863583377},{"elapsed_time":341896,"segment":1,"source_type":4,"start_time":1700863584377},{"elapsed_time":342897,"segment":1,"source_type":4,"start_time":1700863585378},{"elapsed_time":343900,"segment":1,"source_type":4,"start_time":1700863586381},{"elapsed_time":344904,"segment":1,"source_type":4,"start_time":1700863587385},{"elapsed_time":345907,"segment":1,"source_type":4,"start_time":1700863588388},{"elapsed_time":346907,"segment":1,"source_type":4,"start_time":1700863589388},{"elapsed_time":347920,"segment":1,"source_type":4,"start_time":1700863590401},{"elapsed_time":348920,"segment":1,"source_type":4,"start_time":1700863591401},{"elapsed_time":349920,"segment":1,"source_type":4,"start_time":1700863592401},{"elapsed_time":350920,"segment":1,"source_type":4,"start_time":1700863593401},{"elapsed_time":351924,"segment":1,"source_type":4,"start_time":1700863594405},{"elapsed_time":352924,"segment":1,"source_type":4,"start_time":1700863595405},{"elapsed_time":353929,"segment":1,"source_type":4,"start_time":1700863596410},{"elapsed_time":354935,"segment":1,"source_type":4,"start_time":1700863597416},{"elapsed_time":355935,"segment":1,"source_type":4,"start_time":1700863598416},{"elapsed_time":356936,"segment":1,"source_type":4,"start_time":1700863599417},{"elapsed_time":357943,"segment":1,"source_type":4,"start_time":1700863600424},{"elapsed_time":358943,"segment":1,"source_type":4,"start_time":1700863601424},{"elapsed_time":359946,"segment":1,"source_type":4,"start_time":1700863602427},{"elapsed_time":360946,"segment":1,"source_type":4,"start_time":1700863603427},{"elapsed_time":361949,"segment":1,"source_type":4,"start_time":1700863604430},{"elapsed_time":362956,"segment":1,"source_type":4,"start_time":1700863605437},{"elapsed_time":363956,"segment":1,"source_type":4,"start_time":1700863606437},{"elapsed_time":364955,"segment":1,"source_type":4,"start_time":1700863607436},{"elapsed_time":365960,"segment":1,"source_type":4,"start_time":1700863608441},{"elapsed_time":366960,"segment":1,"source_type":4,"start_time":1700863609441},{"elapsed_time":367965,"segment":1,"source_type":4,"start_time":1700863610446},{"elapsed_time":368965,"segment":1,"source_type":4,"start_time":1700863611446},{"elapsed_time":369965,"segment":1,"source_type":4,"start_time":1700863612446},{"elapsed_time":370968,"segment":1,"source_type":4,"start_time":1700863613449},{"elapsed_time":371982,"segment":1,"source_type":4,"start_time":1700863614463},{"elapsed_time":372982,"segment":1,"source_type":4,"start_time":1700863615463},{"elapsed_time":373982,"segment":1,"source_type":4,"start_time":1700863616463},{"elapsed_time":374982,"segment":1,"source_type":4,"start_time":1700863617463},{"elapsed_time":375982,"segment":1,"source_type":4,"start_time":1700863618463},{"elapsed_time":376997,"segment":1,"source_type":4,"start_time":1700863619478},{"elapsed_time":377997,"segment":1,"source_type":4,"start_time":1700863620478},{"elapsed_time":380000,"segment":1,"source_type":4,"start_time":1700863622481},{"elapsed_time":381006,"segment":1,"source_type":4,"start_time":1700863623487},{"elapsed_time":382006,"segment":1,"source_type":4,"start_time":1700863624487},{"elapsed_time":383012,"segment":1,"source_type":4,"start_time":1700863625493},{"elapsed_time":384012,"segment":1,"source_type":4,"start_time":1700863626493},{"elapsed_time":385022,"segment":1,"source_type":4,"start_time":1700863627503},{"elapsed_time":386022,"segment":1,"source_type":4,"start_time":1700863628503},{"elapsed_time":387022,"segment":1,"source_type":4,"start_time":1700863629503},{"elapsed_time":388046,"segment":1,"source_type":4,"start_time":1700863630527},{"elapsed_time":389046,"segment":1,"source_type":4,"start_time":1700863631527},{"elapsed_time":390046,"segment":1,"source_type":4,"start_time":1700863632527},{"elapsed_time":391046,"segment":1,"source_type":4,"start_time":1700863633527},{"elapsed_time":392046,"segment":1,"source_type":4,"start_time":1700863634527},{"elapsed_time":393049,"segment":1,"source_type":4,"start_time":1700863635530},{"elapsed_time":394055,"segment":1,"source_type":4,"start_time":1700863636536},{"elapsed_time":395055,"segment":1,"source_type":4,"start_time":1700863637536},{"elapsed_time":396060,"segment":1,"source_type":4,"start_time":1700863638541},{"elapsed_time":397060,"segment":1,"source_type":4,"start_time":1700863639541},{"elapsed_time":398060,"segment":1,"source_type":4,"start_time":1700863640541},{"elapsed_time":399055,"segment":1,"source_type":4,"start_time":1700863641536},{"elapsed_time":400061,"segment":1,"source_type":4,"start_time":1700863642542},{"elapsed_time":402062,"segment":1,"source_type":4,"start_time":1700863644543},{"elapsed_time":403063,"segment":1,"source_type":4,"start_time":1700863645544},{"elapsed_time":404066,"segment":1,"source_type":4,"start_time":1700863646547},{"elapsed_time":405071,"segment":1,"source_type":4,"start_time":1700863647552},{"elapsed_time":406071,"segment":1,"source_type":4,"start_time":1700863648552},{"elapsed_time":407081,"segment":1,"source_type":4,"start_time":1700863649562},{"elapsed_time":408081,"segment":1,"source_type":4,"start_time":1700863650562},{"elapsed_time":409081,"segment":1,"source_type":4,"start_time":1700863651562},{"elapsed_time":410082,"segment":1,"source_type":4,"start_time":1700863652563},{"elapsed_time":411090,"segment":1,"source_type":4,"start_time":1700863653571},{"elapsed_time":413091,"segment":1,"source_type":4,"start_time":1700863655572},{"elapsed_time":414108,"segment":1,"source_type":4,"start_time":1700863656589},{"elapsed_time":415108,"segment":1,"source_type":4,"start_time":1700863657589},{"elapsed_time":416108,"segment":1,"source_type":4,"start_time":1700863658589},{"elapsed_time":417108,"segment":1,"source_type":4,"start_time":1700863659589},{"elapsed_time":418109,"segment":1,"source_type":4,"start_time":1700863660590},{"elapsed_time":419116,"segment":1,"source_type":4,"start_time":1700863661597},{"elapsed_time":421117,"segment":1,"source_type":4,"start_time":1700863663598},{"elapsed_time":422119,"segment":1,"source_type":4,"start_time":1700863664600},{"elapsed_time":423123,"segment":1,"source_type":4,"start_time":1700863665604},{"elapsed_time":424129,"segment":1,"source_type":4,"start_time":1700863666610},{"elapsed_time":425129,"segment":1,"source_type":4,"start_time":1700863667610},{"elapsed_time":427146,"segment":1,"source_type":4,"start_time":1700863669627},{"elapsed_time":429151,"segment":1,"source_type":4,"start_time":1700863671632},{"elapsed_time":430151,"segment":1,"source_type":4,"start_time":1700863672632},{"elapsed_time":431154,"segment":1,"source_type":4,"start_time":1700863673635},{"elapsed_time":432166,"segment":1,"source_type":4,"start_time":1700863674647},{"elapsed_time":433166,"segment":1,"source_type":4,"start_time":1700863675647},{"elapsed_time":434166,"segment":1,"source_type":4,"start_time":1700863676647},{"elapsed_time":435166,"segment":1,"source_type":4,"start_time":1700863677647},{"elapsed_time":437168,"segment":1,"source_type":4,"start_time":1700863679649},{"elapsed_time":438172,"segment":1,"source_type":4,"start_time":1700863680653},{"elapsed_time":439174,"segment":1,"source_type":4,"start_time":1700863681655},{"elapsed_time":440182,"segment":1,"source_type":4,"start_time":1700863682663},{"elapsed_time":441182,"segment":1,"source_type":4,"start_time":1700863683663},{"elapsed_time":442182,"segment":1,"source_type":4,"start_time":1700863684663},{"elapsed_time":443215,"segment":1,"source_type":4,"start_time":1700863685696},{"elapsed_time":444215,"segment":1,"source_type":4,"start_time":1700863686696},{"elapsed_time":445215,"segment":1,"source_type":4,"start_time":1700863687696},{"elapsed_time":446215,"segment":1,"source_type":4,"start_time":1700863688696},{"elapsed_time":447215,"segment":1,"source_type":4,"start_time":1700863689696},{"elapsed_time":448215,"segment":1,"source_type":4,"start_time":1700863690696},{"elapsed_time":449215,"segment":1,"source_type":4,"start_time":1700863691696},{"elapsed_time":450215,"segment":1,"source_type":4,"start_time":1700863692696},{"elapsed_time":451220,"segment":1,"source_type":4,"start_time":1700863693701},{"elapsed_time":452220,"segment":1,"source_type":4,"start_time":1700863694701},{"elapsed_time":453222,"segment":1,"source_type":4,"start_time":1700863695703},{"elapsed_time":454244,"segment":1,"source_type":4,"start_time":1700863696725},{"elapsed_time":456244,"segment":1,"source_type":4,"start_time":1700863698725},{"elapsed_time":457244,"segment":1,"source_type":4,"start_time":1700863699725},{"elapsed_time":458244,"segment":1,"source_type":4,"start_time":1700863700725},{"elapsed_time":459265,"segment":1,"source_type":4,"start_time":1700863701746},{"elapsed_time":460265,"segment":1,"source_type":4,"start_time":1700863702746},{"elapsed_time":461265,"segment":1,"source_type":4,"start_time":1700863703746},{"elapsed_time":462265,"segment":1,"source_type":4,"start_time":1700863704746},{"elapsed_time":463265,"segment":1,"source_type":4,"start_time":1700863705746},{"elapsed_time":464273,"segment":1,"source_type":4,"start_time":1700863706754},{"elapsed_time":465273,"segment":1,"source_type":4,"start_time":1700863707754},{"elapsed_time":466271,"segment":1,"source_type":4,"start_time":1700863708752},{"elapsed_time":467290,"segment":1,"source_type":4,"start_time":1700863709771},{"elapsed_time":469290,"segment":1,"source_type":4,"start_time":1700863711771},{"elapsed_time":470290,"segment":1,"source_type":4,"start_time":1700863712771},{"elapsed_time":471290,"segment":1,"source_type":4,"start_time":1700863713771},{"elapsed_time":472295,"segment":1,"source_type":4,"start_time":1700863714776},{"elapsed_time":473295,"segment":1,"source_type":4,"start_time":1700863715776},{"elapsed_time":474381,"segment":1,"source_type":4,"start_time":1700863716862},{"elapsed_time":475381,"segment":1,"source_type":4,"start_time":1700863717862},{"elapsed_time":476381,"segment":1,"source_type":4,"start_time":1700863718862},{"elapsed_time":477381,"segment":1,"source_type":4,"start_time":1700863719862},{"elapsed_time":478381,"segment":1,"source_type":4,"start_time":1700863720862},{"elapsed_time":479381,"segment":1,"source_type":4,"start_time":1700863721862},{"elapsed_time":480381,"segment":1,"source_type":4,"start_time":1700863722862},{"elapsed_time":481381,"segment":1,"source_type":4,"start_time":1700863723862},{"elapsed_time":482381,"segment":1,"source_type":4,"start_time":1700863724862},{"elapsed_time":483381,"segment":1,"source_type":4,"start_time":1700863725862},{"elapsed_time":484381,"segment":1,"source_type":4,"start_time":1700863726862},{"elapsed_time":485381,"segment":1,"source_type":4,"start_time":1700863727862},{"elapsed_time":486381,"segment":1,"source_type":4,"start_time":1700863728862},{"elapsed_time":487381,"segment":1,"source_type":4,"start_time":1700863729862},{"elapsed_time":488381,"segment":1,"source_type":4,"start_time":1700863730862},{"elapsed_time":489381,"segment":1,"source_type":4,"start_time":1700863731862},{"elapsed_time":490379,"segment":1,"source_type":4,"start_time":1700863732860},{"elapsed_time":491388,"segment":1,"source_type":4,"start_time":1700863733869},{"elapsed_time":492388,"segment":1,"source_type":4,"start_time":1700863734869},{"elapsed_time":493387,"segment":1,"source_type":4,"start_time":1700863735868},{"elapsed_time":494389,"segment":1,"source_type":4,"start_time":1700863736870},{"elapsed_time":495434,"segment":1,"source_type":4,"start_time":1700863737915},{"elapsed_time":496434,"segment":1,"source_type":4,"start_time":1700863738915},{"elapsed_time":497434,"segment":1,"source_type":4,"start_time":1700863739915},{"elapsed_time":498434,"segment":1,"source_type":4,"start_time":1700863740915},{"elapsed_time":499434,"segment":1,"source_type":4,"start_time":1700863741915},{"elapsed_time":500434,"segment":1,"source_type":4,"start_time":1700863742915},{"elapsed_time":501434,"segment":1,"source_type":4,"start_time":1700863743915},{"elapsed_time":502478,"segment":1,"source_type":4,"start_time":1700863744959},{"elapsed_time":503478,"segment":1,"source_type":4,"start_time":1700863745959},{"elapsed_time":504478,"segment":1,"source_type":4,"start_time":1700863746959},{"elapsed_time":505478,"segment":1,"source_type":4,"start_time":1700863747959},{"elapsed_time":506478,"segment":1,"source_type":4,"start_time":1700863748959},{"elapsed_time":507478,"segment":1,"source_type":4,"start_time":1700863749959},{"elapsed_time":508478,"segment":1,"source_type":4,"start_time":1700863750959},{"elapsed_time":509478,"segment":1,"source_type":4,"start_time":1700863751959},{"elapsed_time":510478,"segment":1,"source_type":4,"start_time":1700863752959},{"elapsed_time":511478,"segment":1,"source_type":4,"start_time":1700863753959},{"elapsed_time":512478,"segment":1,"source_type":4,"start_time":1700863754959},{"elapsed_time":513479,"segment":1,"source_type":4,"start_time":1700863755960},{"elapsed_time":514482,"segment":1,"source_type":4,"start_time":1700863756963},{"elapsed_time":515482,"segment":1,"source_type":4,"start_time":1700863757963},{"elapsed_time":516485,"segment":1,"source_type":4,"start_time":1700863758966},{"elapsed_time":517492,"segment":1,"source_type":4,"start_time":1700863759973},{"elapsed_time":518492,"segment":1,"source_type":4,"start_time":1700863760973},{"elapsed_time":519509,"segment":1,"source_type":4,"start_time":1700863761990},{"elapsed_time":520509,"segment":1,"source_type":4,"start_time":1700863762990},{"elapsed_time":522516,"segment":1,"source_type":4,"start_time":1700863764997},{"elapsed_time":523516,"segment":1,"source_type":4,"start_time":1700863765997},{"elapsed_time":524516,"segment":1,"source_type":4,"start_time":1700863766997},{"elapsed_time":525519,"segment":1,"source_type":4,"start_time":1700863768000},{"elapsed_time":526519,"segment":1,"source_type":4,"start_time":1700863769000},{"elapsed_time":527520,"segment":1,"source_type":4,"start_time":1700863770001},{"elapsed_time":528523,"segment":1,"source_type":4,"start_time":1700863771004},{"elapsed_time":529523,"segment":1,"source_type":4,"start_time":1700863772004},{"elapsed_time":530523,"segment":1,"source_type":4,"start_time":1700863773004},{"elapsed_time":531587,"segment":1,"source_type":4,"start_time":1700863774068},{"elapsed_time":532587,"segment":1,"source_type":4,"start_time":1700863775068},{"elapsed_time":533587,"segment":1,"source_type":4,"start_time":1700863776068},{"elapsed_time":534587,"segment":1,"source_type":4,"start_time":1700863777068},{"elapsed_time":535587,"segment":1,"source_type":4,"start_time":1700863778068},{"elapsed_time":536587,"segment":1,"source_type":4,"start_time":1700863779068},{"elapsed_time":537587,"segment":1,"source_type":4,"start_time":1700863780068},{"elapsed_time":538587,"segment":1,"source_type":4,"start_time":1700863781068},{"elapsed_time":539587,"segment":1,"source_type":4,"start_time":1700863782068},{"elapsed_time":540587,"segment":1,"source_type":4,"start_time":1700863783068},{"elapsed_time":541606,"segment":1,"source_type":4,"start_time":1700863784087},{"elapsed_time":542606,"segment":1,"source_type":4,"start_time":1700863785087},{"elapsed_time":543606,"segment":1,"source_type":4,"start_time":1700863786087},{"elapsed_time":544606,"segment":1,"source_type":4,"start_time":1700863787087},{"elapsed_time":545606,"segment":1,"source_type":4,"start_time":1700863788087},{"elapsed_time":546606,"segment":1,"source_type":4,"start_time":1700863789087},{"elapsed_time":547606,"segment":1,"source_type":4,"start_time":1700863790087},{"elapsed_time":548606,"segment":1,"source_type":4,"start_time":1700863791087},{"elapsed_time":549634,"segment":1,"source_type":4,"start_time":1700863792115},{"elapsed_time":550634,"segment":1,"source_type":4,"start_time":1700863793115},{"elapsed_time":551634,"segment":1,"source_type":4,"start_time":1700863794115},{"elapsed_time":552634,"segment":1,"source_type":4,"start_time":1700863795115},{"elapsed_time":553634,"segment":1,"source_type":4,"start_time":1700863796115},{"elapsed_time":554723,"segment":1,"source_type":4,"start_time":1700863797204},{"elapsed_time":555723,"segment":1,"source_type":4,"start_time":1700863798204},{"elapsed_time":556723,"segment":1,"source_type":4,"start_time":1700863799204},{"elapsed_time":557723,"segment":1,"source_type":4,"start_time":1700863800204},{"elapsed_time":558723,"segment":1,"source_type":4,"start_time":1700863801204},{"elapsed_time":559723,"segment":1,"source_type":4,"start_time":1700863802204},{"elapsed_time":560723,"segment":1,"source_type":4,"start_time":1700863803204},{"elapsed_time":561723,"segment":1,"source_type":4,"start_time":1700863804204},{"elapsed_time":562723,"segment":1,"source_type":4,"start_time":1700863805204},{"elapsed_time":563723,"segment":1,"source_type":4,"start_time":1700863806204},{"elapsed_time":564723,"segment":1,"source_type":4,"start_time":1700863807204},{"elapsed_time":565723,"segment":1,"source_type":4,"start_time":1700863808204},{"elapsed_time":566723,"segment":1,"source_type":4,"start_time":1700863809204},{"elapsed_time":567723,"segment":1,"source_type":4,"start_time":1700863810204},{"elapsed_time":568723,"segment":1,"source_type":4,"start_time":1700863811204},{"elapsed_time":569723,"segment":1,"source_type":4,"start_time":1700863812204},{"elapsed_time":570723,"segment":1,"source_type":4,"start_time":1700863813204},{"elapsed_time":571723,"segment":1,"source_type":4,"start_time":1700863814204},{"elapsed_time":572731,"segment":1,"source_type":4,"start_time":1700863815212},{"elapsed_time":573731,"segment":1,"source_type":4,"start_time":1700863816212},{"elapsed_time":574736,"segment":1,"source_type":4,"start_time":1700863817217},{"elapsed_time":575736,"segment":1,"source_type":4,"start_time":1700863818217},{"elapsed_time":576736,"segment":1,"source_type":4,"start_time":1700863819217},{"elapsed_time":577738,"segment":1,"source_type":4,"start_time":1700863820219},{"elapsed_time":578738,"segment":1,"source_type":4,"start_time":1700863821219},{"elapsed_time":579863,"segment":1,"source_type":4,"start_time":1700863822347},{"elapsed_time":579863,"segment":1,"source_type":4,"start_time":1700863822347},{"elapsed_time":580863,"segment":1,"source_type":4,"start_time":1700863823347},{"elapsed_time":581863,"segment":1,"source_type":4,"start_time":1700863824347},{"elapsed_time":582863,"segment":1,"source_type":4,"start_time":1700863825347},{"elapsed_time":583863,"segment":1,"source_type":4,"start_time":1700863826347},{"elapsed_time":584863,"segment":1,"source_type":4,"start_time":1700863827347},{"elapsed_time":585863,"segment":1,"source_type":4,"start_time":1700863828347},{"elapsed_time":586863,"segment":1,"source_type":4,"start_time":1700863829347},{"elapsed_time":587863,"segment":1,"source_type":4,"start_time":1700863830347},{"elapsed_time":588863,"segment":1,"source_type":4,"start_time":1700863831347},{"elapsed_time":589863,"segment":1,"source_type":4,"start_time":1700863832347},{"elapsed_time":590863,"segment":1,"source_type":4,"start_time":1700863833347},{"elapsed_time":1000,"segment":1,"source_type":4,"start_time":1700863243484},{"elapsed_time":60000,"segment":1,"source_type":4,"start_time":1700863302484},{"elapsed_time":60000,"segment":1,"source_type":4,"start_time":1700863302484},{"elapsed_time":120000,"segment":1,"source_type":4,"start_time":1700863362484},{"elapsed_time":180000,"segment":1,"source_type":4,"start_time":1700863422484},{"elapsed_time":240000,"segment":1,"source_type":4,"start_time":1700863482484},{"elapsed_time":300000,"segment":1,"source_type":4,"start_time":1700863542484},{"elapsed_time":360000,"segment":1,"source_type":4,"start_time":1700863602484},{"elapsed_time":420000,"segment":1,"source_type":4,"start_time":1700863662484},{"elapsed_time":480000,"segment":1,"source_type":4,"start_time":1700863722484},{"elapsed_time":540000,"segment":1,"source_type":4,"start_time":1700863782484},{"elapsed_time":540000,"segment":1,"source_type":4,"start_time":1700863782484},{"elapsed_time":540000,"segment":1,"source_type":4,"start_time":1700863782484}]