[{"heart_rate":80.0,"start_time":1700863257943},{"heart_rate":80.0,"start_time":1700863258943},{"heart_rate":79.0,"start_time":1700863259944},{"heart_rate":79.0,"start_time":1700863260943},{"heart_rate":78.0,"start_time":1700863261943},{"heart_rate":78.0,"start_time":1700863262943},{"heart_rate":78.0,"start_time":1700863263943},{"heart_rate":77.0,"start_time":1700863264943},{"heart_rate":78.0,"start_time":1700863265943},{"heart_rate":78.0,"start_time":1700863266943},{"heart_rate":78.0,"start_time":1700863267943},{"heart_rate":78.0,"start_time":1700863268943},{"heart_rate":78.0,"start_time":1700863269949},{"heart_rate":78.0,"start_time":1700863270943},{"heart_rate":78.0,"start_time":1700863271943},{"heart_rate":77.0,"start_time":1700863272943},{"heart_rate":77.0,"start_time":1700863273943},{"heart_rate":77.0,"start_time":1700863274943},{"heart_rate":77.0,"start_time":1700863275944},{"heart_rate":78.0,"start_time":1700863276943},{"heart_rate":78.0,"start_time":1700863277943},{"heart_rate":77.0,"start_time":1700863278943},{"heart_rate":77.0,"start_time":1700863279943},{"heart_rate":78.0,"start_time":1700863280943},{"heart_rate":77.0,"start_time":1700863281943},{"heart_rate":76.0,"start_time":1700863282943},{"heart_rate":76.0,"start_time":1700863282943},{"heart_rate":76.0,"start_time":1700863283943},{"heart_rate":77.0,"start_time":1700863284943},{"heart_rate":77.0,"start_time":1700863285943},{"heart_rate":78.0,"start_time":1700863286943},{"heart_rate":78.0,"start_time":1700863287943},{"heart_rate":79.0,"start_time":1700863288943},{"heart_rate":79.0,"start_time":1700863289943},{"heart_rate":77.0,"start_time":1700863290943},{"heart_rate":78.0,"start_time":1700863291943},{"heart_rate":79.0,"start_time":1700863292949},{"heart_rate":81.0,"start_time":1700863293949},{"heart_rate":81.0,"start_time":1700863294949},{"heart_rate":114.0,"start_time":1700863419136},{"heart_rate":114.0,"start_time":1700863420136},{"heart_rate":113.0,"start_time":1700863421136},{"heart_rate":113.0,"start_time":1700863422136},{"heart_rate":113.0,"start_time":1700863423136},{"heart_rate":112.0,"start_time":1700863424136},{"heart_rate":112.0,"start_time":1700863425136},{"heart_rate":112.0,"start_time":1700863426136},{"heart_rate":112.0,"start_time":1700863427136},{"heart_rate":113.0,"start_time":1700863428136},{"heart_rate":113.0,"start_time":1700863429136},{"heart_rate":114.0,"start_time":1700863430136},{"heart_rate":114.0,"start_time":1700863431136},{"heart_rate":115.0,"start_time":1700863432136},{"heart_rate":115.0,"start_time":1700863433136},{"heart_rate":116.0,"start_time":1700863434136},{"heart_rate":116.0,"start_time":1700863435136},{"heart_rate":117.0,"start_time":1700863436136},{"heart_rate":118.0,"start_time":1700863437136},{"heart_rate":118.0,"start_time":1700863438136},{"heart_rate":118.0,"start_time":1700863439136},{"heart_rate":119.0,"start_time":1700863440136},{"heart_rate":119.0,"start_time":1700863441136},{"heart_rate":119.0,"start_time":1700863442136},{"heart_rate":119.0,"start_time":1700863443136},{"heart_rate":119.0,"start_time":1700863444136},{"heart_rate":118.0,"start_time":1700863445136},{"heart_rate":117.0,"start_time":1700863446136},{"heart_rate":117.0,"start_time":1700863447136},{"heart_rate":117.0,"start_time":1700863448136},{"heart_rate":117.0,"start_time":1700863449136},{"heart_rate":117.0,"start_time":1700863450136},{"heart_rate":117.0,"start_time":1700863451136},{"heart_rate":116.0,"start_time":1700863452136},{"heart_rate":114.0,"start_time":1700863453136},{"heart_rate":113.0,"start_time":1700863454136},{"heart_rate":112.0,"start_time":1700863455136},{"heart_rate":111.0,"start_time":1700863456136},{"heart_rate":111.0,"start_time":1700863457136},{"heart_rate":110.0,"start_time":1700863458136},{"heart_rate":109.0,"start_time":1700863459136},{"heart_rate":108.0,"start_time":1700863460136},{"heart_rate":107.0,"start_time":1700863461136},{"heart_rate":106.0,"start_time":1700863462136},{"heart_rate":105.0,"start_time":1700863463136},{"heart_rate":105.0,"start_time":1700863464136},{"heart_rate":104.0,"start_time":1700863465136},{"heart_rate":103.0,"start_time":1700863466136},{"heart_rate":102.0,"start_time":1700863467136},{"heart_rate":102.0,"start_time":1700863468136},{"heart_rate":102.0,"start_time":1700863469136},{"heart_rate":102.0,"start_time":1700863470136},{"heart_rate":102.0,"start_time":1700863471136},{"heart_rate":102.0,"start_time":1700863472136},{"heart_rate":102.0,"start_time":1700863473136},{"heart_rate":102.0,"start_time":1700863474136},{"heart_rate":103.0,"start_time":1700863475136},{"heart_rate":103.0,"start_time":1700863476136},{"heart_rate":103.0,"start_time":1700863477136},{"heart_rate":102.0,"start_time":1700863478136},{"heart_rate":102.0,"start_time":1700863479136},{"heart_rate":102.0,"start_time":1700863480136},{"heart_rate":103.0,"start_time":1700863481136},{"heart_rate":103.0,"start_time":1700863482136},{"heart_rate":103.0,"start_time":1700863483136},{"heart_rate":103.0,"start_time":1700863484136},{"heart_rate":104.0,"start_time":1700863485136},{"heart_rate":104.0,"start_time":1700863486136},{"heart_rate":103.0,"start_time":1700863487136},{"heart_rate":103.0,"start_time":1700863488136},{"heart_rate":103.0,"start_time":1700863489136},{"heart_rate":103.0,"start_time":1700863490136},{"heart_rate":102.0,"start_time":1700863491136},{"heart_rate":102.0,"start_time":1700863492136},{"heart_rate":102.0,"start_time":1700863493136},{"heart_rate":102.0,"start_time":1700863494136},{"heart_rate":102.0,"start_time":1700863495136},{"heart_rate":102.0,"start_time":1700863496136},{"heart_rate":102.0,"start_time":1700863497136},{"heart_rate":102.0,"start_time":1700863498136},{"heart_rate":102.0,"start_time":1700863499136},{"heart_rate":102.0,"start_time":1700863500136},{"heart_rate":102.0,"start_time":1700863501136},{"heart_rate":103.0,"start_time":1700863502136},{"heart_rate":103.0,"start_time":1700863503136},{"heart_rate":103.0,"start_time":1700863504136},{"heart_rate":103.0,"start_time":1700863505136},{"heart_rate":104.0,"start_time":1700863506210},{"heart_rate":104.0,"start_time":1700863507210},{"heart_rate":103.0,"start_time":1700863508210},{"heart_rate":103.0,"start_time":1700863509210},{"heart_rate":102.0,"start_time":1700863510210},{"heart_rate":102.0,"start_time":1700863511210},{"heart_rate":101.0,"start_time":1700863512210},{"heart_rate":101.0,"start_time":1700863513210},{"heart_rate":101.0,"start_time":1700863514210},{"heart_rate":101.0,"start_time":1700863515210},{"heart_rate":101.0,"start_time":1700863516210},{"heart_rate":101.0,"start_time":1700863517210},{"heart_rate":101.0,"start_time":1700863518210},{"heart_rate":101.0,"start_time":1700863519210},{"heart_rate":101.0,"start_time":1700863520210},{"heart_rate":101.0,"start_time":1700863521210},{"heart_rate":101.0,"start_time":1700863522211},{"heart_rate":101.0,"start_time":1700863523217},{"heart_rate":102.0,"start_time":1700863524217},{"heart_rate":102.0,"start_time":1700863525216},{"heart_rate":103.0,"start_time":1700863526222},{"heart_rate":104.0,"start_time":1700863527222},{"heart_rate":105.0,"start_time":1700863528226},{"heart_rate":106.0,"start_time":1700863529226},{"heart_rate":106.0,"start_time":1700863530232},{"heart_rate":107.0,"start_time":1700863531236},{"heart_rate":108.0,"start_time":1700863532236},{"heart_rate":108.0,"start_time":1700863533236},{"heart_rate":109.0,"start_time":1700863534237},{"heart_rate":110.0,"start_time":1700863535244},{"heart_rate":111.0,"start_time":1700863536244},{"heart_rate":111.0,"start_time":1700863537251},{"heart_rate":112.0,"start_time":1700863538251},{"heart_rate":112.0,"start_time":1700863539251},{"heart_rate":113.0,"start_time":1700863540254},{"heart_rate":113.0,"start_time":1700863541254},{"heart_rate":114.0,"start_time":1700863542255},{"heart_rate":115.0,"start_time":1700863543261},{"heart_rate":115.0,"start_time":1700863544261},{"heart_rate":116.0,"start_time":1700863545264},{"heart_rate":117.0,"start_time":1700863546270},{"heart_rate":118.0,"start_time":1700863547270},{"heart_rate":118.0,"start_time":1700863548272},{"heart_rate":119.0,"start_time":1700863549281},{"heart_rate":119.0,"start_time":1700863550281},{"heart_rate":119.0,"start_time":1700863551281},{"heart_rate":120.0,"start_time":1700863552287},{"heart_rate":121.0,"start_time":1700863553287},{"heart_rate":121.0,"start_time":1700863554289},{"heart_rate":122.0,"start_time":1700863555289},{"heart_rate":122.0,"start_time":1700863556292},{"heart_rate":122.0,"start_time":1700863557295},{"heart_rate":123.0,"start_time":1700863558295},{"heart_rate":123.0,"start_time":1700863559295},{"heart_rate":124.0,"start_time":1700863560301},{"heart_rate":124.0,"start_time":1700863561301},{"heart_rate":124.0,"start_time":1700863562304},{"heart_rate":125.0,"start_time":1700863563311},{"heart_rate":126.0,"start_time":1700863564311},{"heart_rate":127.0,"start_time":1700863565335},{"heart_rate":128.0,"start_time":1700863566335},{"heart_rate":129.0,"start_time":1700863567335},{"heart_rate":130.0,"start_time":1700863568335},{"heart_rate":132.0,"start_time":1700863569341},{"heart_rate":133.0,"start_time":1700863570341},{"heart_rate":134.0,"start_time":1700863571341},{"heart_rate":134.0,"start_time":1700863572350},{"heart_rate":135.0,"start_time":1700863573350},{"heart_rate":136.0,"start_time":1700863574355},{"heart_rate":136.0,"start_time":1700863575355},{"heart_rate":136.0,"start_time":1700863576354},{"heart_rate":136.0,"start_time":1700863577363},{"heart_rate":137.0,"start_time":1700863578363},{"heart_rate":138.0,"start_time":1700863579361},{"heart_rate":139.0,"start_time":1700863580370},{"heart_rate":140.0,"start_time":1700863581370},{"heart_rate":141.0,"start_time":1700863582377},{"heart_rate":142.0,"start_time":1700863583377},{"heart_rate":142.0,"start_time":1700863584377},{"heart_rate":143.0,"start_time":1700863585378},{"heart_rate":143.0,"start_time":1700863586381},{"heart_rate":144.0,"start_time":1700863587385},{"heart_rate":144.0,"start_time":1700863588388},{"heart_rate":145.0,"start_time":1700863589388},{"heart_rate":145.0,"start_time":1700863590401},{"heart_rate":146.0,"start_time":1700863591401},{"heart_rate":146.0,"start_time":1700863592401},{"heart_rate":146.0,"start_time":1700863593401},{"heart_rate":146.0,"start_time":1700863594405},{"heart_rate":146.0,"start_time":1700863595405},{"heart_rate":146.0,"start_time":1700863596410},{"heart_rate":146.0,"start_time":1700863597416},{"heart_rate":146.0,"start_time":1700863598416},{"heart_rate":146.0,"start_time":1700863599417},{"heart_rate":145.0,"start_time":1700863600424},{"heart_rate":145.0,"start_time":1700863601424},{"heart_rate":145.0,"start_time":1700863602427},{"heart_rate":145.0,"start_time":1700863603427},{"heart_rate":145.0,"start_time":1700863604430},{"heart_rate":145.0,"start_time":1700863605437},{"heart_rate":145.0,"start_time":1700863606437},{"heart_rate":145.0,"start_time":1700863607436},{"heart_rate":145.0,"start_time":1700863608441},{"heart_rate":146.0,"start_time":1700863609441},{"heart_rate":146.0,"start_time":1700863610446},{"heart_rate":147.0,"start_time":1700863611446},{"heart_rate":148.0,"start_time":1700863612446},{"heart_rate":148.0,"start_time":1700863613449},{"heart_rate":149.0,"start_time":1700863614463},{"heart_rate":149.0,"start_time":1700863615463},{"heart_rate":150.0,"start_time":1700863616463},{"heart_rate":150.0,"start_time":1700863617463},{"heart_rate":150.0,"start_time":1700863618463},{"heart_rate":151.0,"start_time":1700863619478},{"heart_rate":151.0,"start_time":1700863620478},{"heart_rate":151.0,"start_time":1700863622481},{"heart_rate":151.0,"start_time":1700863623487},{"heart_rate":151.0,"start_time":1700863624487},{"heart_rate":151.0,"start_time":1700863625493},{"heart_rate":151.0,"start_time":1700863626493},{"heart_rate":151.0,"start_time":1700863627503},{"heart_rate":151.0,"start_time":1700863628503},{"heart_rate":151.0,"start_time":1700863629503},{"heart_rate":151.0,"start_time":1700863630527},{"heart_rate":151.0,"start_time":1700863631527},{"heart_rate":151.0,"start_time":1700863632527},{"heart_rate":151.0,"start_time":1700863633527},{"heart_rate":151.0,"start_time":1700863634527},{"heart_rate":151.0,"start_time":1700863635530},{"heart_rate":151.0,"start_time":1700863636536},{"heart_rate":150.0,"start_time":1700863637536},{"heart_rate":150.0,"start_time":1700863638541},{"heart_rate":150.0,"start_time":1700863639541},{"heart_rate":150.0,"start_time":1700863640541},{"heart_rate":150.0,"start_time":1700863641536},{"heart_rate":150.0,"start_time":1700863642542},{"heart_rate":150.0,"start_time":1700863644543},{"heart_rate":150.0,"start_time":1700863645544},{"heart_rate":151.0,"start_time":1700863646547},{"heart_rate":151.0,"start_time":1700863647552},{"heart_rate":151.0,"start_time":1700863648552},{"heart_rate":151.0,"start_time":1700863649562},{"heart_rate":151.0,"start_time":1700863650562},{"heart_rate":151.0,"start_time":1700863651562},{"heart_rate":152.0,"start_time":1700863652563},{"heart_rate":152.0,"start_time":1700863653571},{"heart_rate":152.0,"start_time":1700863655572},{"heart_rate":152.0,"start_time":1700863656589},{"heart_rate":152.0,"start_time":1700863657589},{"heart_rate":152.0,"start_time":1700863658589},{"heart_rate":153.0,"start_time":1700863659589},{"heart_rate":153.0,"start_time":1700863660590},{"heart_rate":153.0,"start_time":1700863661597},{"heart_rate":153.0,"start_time":1700863663598},{"heart_rate":153.0,"start_time":1700863664600},{"heart_rate":153.0,"start_time":1700863665604},{"heart_rate":153.0,"start_time":1700863666610},{"heart_rate":154.0,"start_time":1700863667610},{"heart_rate":153.0,"start_time":1700863669627},{"heart_rate":153.0,"start_time":1700863671632},{"heart_rate":153.0,"start_time":1700863672632},{"heart_rate":153.0,"start_time":1700863673635},{"heart_rate":153.0,"start_time":1700863674647},{"heart_rate":154.0,"start_time":1700863675647},{"heart_rate":154.0,"start_time":1700863676647},{"heart_rate":154.0,"start_time":1700863677647},{"heart_rate":154.0,"start_time":1700863679649},{"heart_rate":154.0,"start_time":1700863680653},{"heart_rate":154.0,"start_time":1700863681655},{"heart_rate":154.0,"start_time":1700863682663},{"heart_rate":154.0,"start_time":1700863683663},{"heart_rate":154.0,"start_time":1700863684663},{"heart_rate":154.0,"start_time":1700863685696},{"heart_rate":154.0,"start_time":1700863686696},{"heart_rate":153.0,"start_time":1700863687696},{"heart_rate":153.0,"start_time":1700863688696},{"heart_rate":153.0,"start_time":1700863689696},{"heart_rate":153.0,"start_time":1700863690696},{"heart_rate":153.0,"start_time":1700863691696},{"heart_rate":154.0,"start_time":1700863692696},{"heart_rate":154.0,"start_time":1700863693701},{"heart_rate":154.0,"start_time":1700863694701},{"heart_rate":154.0,"start_time":1700863695703},{"heart_rate":154.0,"start_time":1700863696725},{"heart_rate":155.0,"start_time":1700863698725},{"heart_rate":155.0,"start_time":1700863699725},{"heart_rate":155.0,"start_time":1700863700725},{"heart_rate":155.0,"start_time":1700863701746},{"heart_rate":155.0,"start_time":1700863702746},{"heart_rate":155.0,"start_time":1700863703746},{"heart_rate":156.0,"start_time":1700863704746},{"heart_rate":156.0,"start_time":1700863705746},{"heart_rate":156.0,"start_time":1700863706754},{"heart_rate":156.0,"start_time":1700863707754},{"heart_rate":156.0,"start_time":1700863708752},{"heart_rate":156.0,"start_time":1700863709771},{"heart_rate":156.0,"start_time":1700863711771},{"heart_rate":155.0,"start_time":1700863712771},{"heart_rate":155.0,"start_time":1700863713771},{"heart_rate":155.0,"start_time":1700863714776},{"heart_rate":155.0,"start_time":1700863715776},{"heart_rate":155.0,"start_time":1700863716862},{"heart_rate":155.0,"start_time":1700863717862},{"heart_rate":155.0,"start_time":1700863718862},{"heart_rate":155.0,"start_time":1700863719862},{"heart_rate":155.0,"start_time":1700863720862},{"heart_rate":155.0,"start_time":1700863721862},{"heart_rate":155.0,"start_time":1700863722862},{"heart_rate":154.0,"start_time":1700863723862},{"heart_rate":154.0,"start_time":1700863724862},{"heart_rate":154.0,"start_time":1700863725862},{"heart_rate":154.0,"start_time":1700863726862},{"heart_rate":154.0,"start_time":1700863727862},{"heart_rate":155.0,"start_time":1700863728862},{"heart_rate":155.0,"start_time":1700863729862},{"heart_rate":155.0,"start_time":1700863730862},{"heart_rate":155.0,"start_time":1700863731862},{"heart_rate":155.0,"start_time":1700863732860},{"heart_rate":155.0,"start_time":1700863733869},{"heart_rate":155.0,"start_time":1700863734869},{"heart_rate":156.0,"start_time":1700863735868},{"heart_rate":156.0,"start_time":1700863736870},{"heart_rate":156.0,"start_time":1700863737915},{"heart_rate":156.0,"start_time":1700863738915},{"heart_rate":156.0,"start_time":1700863739915},{"heart_rate":156.0,"start_time":1700863740915},{"heart_rate":156.0,"start_time":1700863741915},{"heart_rate":156.0,"start_time":1700863742915},{"heart_rate":156.0,"start_time":1700863743915},{"heart_rate":156.0,"start_time":1700863744959},{"heart_rate":155.0,"start_time":1700863745959},{"heart_rate":155.0,"start_time":1700863746959},{"heart_rate":156.0,"start_time":1700863747959},{"heart_rate":155.0,"start_time":1700863748959},{"heart_rate":155.0,"start_time":1700863749959},{"heart_rate":154.0,"start_time":1700863750959},{"heart_rate":153.0,"start_time":1700863751959},{"heart_rate":152.0,"start_time":1700863752959},{"heart_rate":152.0,"start_time":1700863753959},{"heart_rate":151.0,"start_time":1700863754959},{"heart_rate":151.0,"start_time":1700863755960},{"heart_rate":151.0,"start_time":1700863756963},{"heart_rate":150.0,"start_time":1700863757963},{"heart_rate":150.0,"start_time":1700863758966},{"heart_rate":150.0,"start_time":1700863759973},{"heart_rate":151.0,"start_time":1700863760973},{"heart_rate":151.0,"start_time":1700863761990},{"heart_rate":151.0,"start_time":1700863762990},{"heart_rate":152.0,"start_time":1700863764997},{"heart_rate":152.0,"start_time":1700863765997},{"heart_rate":152.0,"start_time":1700863766997},{"heart_rate":152.0,"start_time":1700863768000},{"heart_rate":152.0,"start_time":1700863769000},{"heart_rate":152.0,"start_time":1700863770001},{"heart_rate":152.0,"start_time":1700863771004},{"heart_rate":153.0,"start_time":1700863772004},{"heart_rate":153.0,"start_time":1700863773004},{"heart_rate":154.0,"start_time":1700863774068},{"heart_rate":154.0,"start_time":1700863775068},{"heart_rate":155.0,"start_time":1700863776068},{"heart_rate":155.0,"start_time":1700863777068},{"heart_rate":155.0,"start_time":1700863778068},{"heart_rate":156.0,"start_time":1700863779068},{"heart_rate":156.0,"start_time":1700863780068},{"heart_rate":156.0,"start_time":1700863781068},{"heart_rate":156.0,"start_time":1700863782068},{"heart_rate":157.0,"start_time":1700863783068},{"heart_rate":157.0,"start_time":1700863784087},{"heart_rate":157.0,"start_time":1700863785087},{"heart_rate":157.0,"start_time":1700863786087},{"heart_rate":157.0,"start_time":1700863787087},{"heart_rate":157.0,"start_time":1700863788087},{"heart_rate":157.0,"start_time":1700863789087},{"heart_rate":157.0,"start_time":1700863790087},{"heart_rate":157.0,"start_time":1700863791087},{"heart_rate":157.0,"start_time":1700863792115},{"heart_rate":157.0,"start_time":1700863793115},{"heart_rate":158.0,"start_time":1700863794115},{"heart_rate":158.0,"start_time":1700863795115},{"heart_rate":158.0,"start_time":1700863796115},{"heart_rate":158.0,"start_time":1700863797204},{"heart_rate":158.0,"start_time":1700863798204},{"heart_rate":158.0,"start_time":1700863799204},{"heart_rate":158.0,"start_time":1700863800204},{"heart_rate":158.0,"start_time":1700863801204},{"heart_rate":158.0,"start_time":1700863802204},{"heart_rate":158.0,"start_time":1700863803204},{"heart_rate":158.0,"start_time":1700863804204},{"heart_rate":158.0,"start_time":1700863805204},{"heart_rate":158.0,"start_time":1700863806204},{"heart_rate":158.0,"start_time":1700863807204},{"heart_rate":158.0,"start_time":1700863808204},{"heart_rate":158.0,"start_time":1700863809204},{"heart_rate":158.0,"start_time":1700863810204},{"heart_rate":158.0,"start_time":1700863811204},{"heart_rate":158.0,"start_time":1700863812204},{"heart_rate":158.0,"start_time":1700863813204},{"heart_rate":158.0,"start_time":1700863814204},{"heart_rate":159.0,"start_time":1700863815212},{"heart_rate":159.0,"start_time":1700863816212},{"heart_rate":159.0,"start_time":1700863817217},{"heart_rate":160.0,"start_time":1700863818217},{"heart_rate":160.0,"start_time":1700863819217},{"heart_rate":160.0,"start_time":1700863820219},{"heart_rate":160.0,"start_time":1700863821219},{"heart_rate":161.0,"start_time":1700863822347},{"heart_rate":161.0,"start_time":1700863822347},{"heart_rate":161.0,"start_time":1700863823347},{"heart_rate":161.0,"start_time":1700863824347},{"heart_rate":161.0,"start_time":1700863825347},{"heart_rate":161.0,"start_time":1700863826347},{"heart_rate":160.0,"start_time":1700863827347},{"heart_rate":160.0,"start_time":1700863828347},{"heart_rate":160.0,"start_time":1700863829347},{"heart_rate":159.0,"start_time":1700863830347},{"heart_rate":159.0,"start_time":1700863831347},{"heart_rate":158.0,"start_time":1700863832347},{"heart_rate":158.0,"start_time":1700863833347},{"cadence":48.0,"speed":1.2777778,"start_time":1700863243484},{"cadence":99.0,"speed":1.1758056,"start_time":1700863302484},{"cadence":99.0,"speed":1.1758056,"start_time":1700863302484},{"cadence":89.0,"speed":1.0919945,"start_time":1700863362484},{"cadence":86.0,"speed":1.0326482,"start_time":1700863422484},{"cadence":98.0,"speed":1.1233335,"start_time":1700863482484},{"cadence":31.0,"speed":1.0626456,"start_time":1700863542484},{"cadence":28.0,"speed":1.2219269,"start_time":1700863602484},{"cadence":67.0,"speed":1.1806061,"start_time":1700863662484},{"cadence":62.0,"speed":1.1955603,"start_time":1700863722484},{"cadence":63.0,"speed":1.5536989,"start_time":1700863782484},{"cadence":63.0,"speed":1.5536989,"start_time":1700863782484},{"cadence":63.0,"speed":1.5536989,"start_time":1700863782484}]