[{"score":99,"score_max":99,"score_min":99,"flag":1,"level":1,"start_time":1700872920000,"end_time":1700872979000},{"score":95,"score_max":97,"score_min":95,"flag":1,"level":1,"start_time":1700872860000,"end_time":1700872919000},{"score":95,"score_max":97,"score_min":94,"flag":1,"level":1,"start_time":1700872800000,"end_time":1700872859000},{"score":87,"score_max":96,"score_min":65,"flag":1,"level":1,"start_time":1700872740000,"end_time":1700872799000},{"score":37,"score_max":64,"score_min":32,"flag":1,"level":1,"start_time":1700872680000,"end_time":1700872739000},{"score":30,"score_max":35,"score_min":22,"flag":1,"level":1,"start_time":1700872620000,"end_time":1700872679000},{"score":14,"score_max":21,"score_min":11,"flag":1,"level":1,"start_time":1700872560000,"end_time":1700872619000},{"score":42,"score_max":66,"score_min":20,"flag":1,"level":1,"start_time":1700872500000,"end_time":1700872559000},{"score":58,"score_max":68,"score_min":44,"flag":1,"level":1,"start_time":1700872440000,"end_time":1700872499000},{"score":54,"score_max":66,"score_min":45,"flag":1,"level":1,"start_time":1700872380000,"end_time":1700872439000},{"score":70,"score_max":74,"score_min":66,"flag":1,"level":1,"start_time":1700872320000,"end_time":1700872379000},{"score":67,"score_max":72,"score_min":61,"flag":1,"level":1,"start_time":1700872260000,"end_time":1700872319000},{"score":59,"score_max":63,"score_min":58,"flag":1,"level":1,"start_time":1700872200000,"end_time":1700872259000},{"score":69,"score_max":72,"score_min":64,"flag":1,"level":1,"start_time":1700872140000,"end_time":1700872199000},{"score":72,"score_max":77,"score_min":65,"flag":1,"level":1,"start_time":1700872080000,"end_time":1700872139000},{"score":38,"score_max":64,"score_min":19,"flag":1,"level":1,"start_time":1700872020000,"end_time":1700872079000},{"score":15,"score_max":19,"score_min":13,"flag":1,"level":1,"start_time":1700871960000,"end_time":1700872019000},{"score":15,"score_max":18,"score_min":14,"flag":1,"level":1,"start_time":1700871900000,"end_time":1700871959000},{"score":14,"score_max":15,"score_min":12,"flag":1,"level":1,"start_time":1700871840000,"end_time":1700871899000},{"score":15,"score_max":21,"score_min":10,"flag":1,"level":1,"start_time":1700871780000,"end_time":1700871839000},{"score":8,"score_max":18,"score_min":0,"flag":1,"level":1,"start_time":1700870580000,"end_time":1700870639000},{"score":100,"score_max":100,"score_min":100,"flag":1,"level":1,"start_time":1700870460000,"end_time":1700870519000}]