[{"score":0,"score_max":2,"score_min":0,"flag":1,"level":1,"start_time":1700805540000,"end_time":1700805599000},{"score":1,"score_max":2,"score_min":1,"flag":1,"level":1,"start_time":1700805480000,"end_time":1700805539000},{"score":0,"score_max":1,"score_min":0,"flag":1,"level":1,"start_time":1700805420000,"end_time":1700805479000},{"score":0,"score_max":1,"score_min":0,"flag":1,"level":1,"start_time":1700805360000,"end_time":1700805419000},{"score":0,"score_max":1,"score_min":0,"flag":1,"level":1,"start_time":1700805300000,"end_time":1700805359000},{"score":0,"score_max":1,"score_min":0,"flag":1,"level":1,"start_time":1700805240000,"end_time":1700805299000},{"score":0,"score_max":1,"score_min":0,"flag":1,"level":1,"start_time":1700805180000,"end_time":1700805239000},{"score":1,"score_max":1,"score_min":1,"flag":1,"level":1,"start_time":1700805120000,"end_time":1700805179000},{"score":1,"score_max":1,"score_min":1,"flag":1,"level":1,"start_time":1700805060000,"end_time":1700805119000},{"score":0,"score_max":1,"score_min":0,"flag":1,"level":1,"start_time":1700805000000,"end_time":1700805059000},{"score":1,"score_max":1,"score_min":1,"flag":1,"level":1,"start_time":1700804940000,"end_time":1700804999000},{"score":1,"score_max":1,"score_min":1,"flag":1,"level":1,"start_time":1700804880000,"end_time":1700804939000},{"score":1,"score_max":1,"score_min":1,"flag":1,"level":1,"start_time":1700804820000,"end_time":1700804879000},{"score":1,"score_max":3,"score_min":1,"flag":1,"level":1,"start_time":1700804760000,"end_time":1700804819000},{"score":2,"score_max":3,"score_min":1,"flag":1,"level":1,"start_time":1700804700000,"end_time":1700804759000},{"score":1,"score_max":1,"score_min":1,"flag":1,"level":1,"start_time":1700804640000,"end_time":1700804699000},{"score":1,"score_max":1,"score_min":1,"flag":1,"level":1,"start_time":1700804580000,"end_time":1700804639000},{"score":2,"score_max":6,"score_min":1,"flag":1,"level":1,"start_time":1700804520000,"end_time":1700804579000},{"score":3,"score_max":6,"score_min":2,"flag":1,"level":1,"start_time":1700804460000,"end_time":1700804519000},{"score":1,"score_max":2,"score_min":1,"flag":1,"level":1,"start_time":1700804400000,"end_time":1700804459000},{"score":1,"score_max":3,"score_min":1,"flag":1,"level":1,"start_time":1700804340000,"end_time":1700804399000},{"score":14,"score_max":32,"score_min":3,"flag":1,"level":1,"start_time":1700804280000,"end_time":1700804339000},{"score":31,"score_max":40,"score_min":25,"flag":1,"level":1,"start_time":1700804220000,"end_time":1700804279000},{"score":40,"score_max":46,"score_min":30,"flag":1,"level":1,"start_time":1700804160000,"end_time":1700804219000},{"score":30,"score_max":45,"score_min":22,"flag":1,"level":1,"start_time":1700804100000,"end_time":1700804159000},{"score":35,"score_max":46,"score_min":26,"flag":1,"level":1,"start_time":1700804040000,"end_time":1700804099000},{"score":23,"score_max":31,"score_min":13,"flag":1,"level":1,"start_time":1700803980000,"end_time":1700804039000},{"score":20,"score_max":46,"score_min":13,"flag":1,"level":1,"start_time":1700803920000,"end_time":1700803979000},{"score":39,"score_max":54,"score_min":14,"flag":1,"level":1,"start_time":1700803860000,"end_time":1700803919000},{"score":8,"score_max":14,"score_min":5,"flag":1,"level":1,"start_time":1700803800000,"end_time":1700803859000},{"score":7,"score_max":9,"score_min":5,"flag":1,"level":1,"start_time":1700803740000,"end_time":1700803799000},{"score":5,"score_max":9,"score_min":3,"flag":1,"level":1,"start_time":1700803680000,"end_time":1700803739000},{"score":2,"score_max":3,"score_min":2,"flag":1,"level":1,"start_time":1700803620000,"end_time":1700803679000},{"score":1,"score_max":2,"score_min":1,"flag":1,"level":1,"start_time":1700803560000,"end_time":1700803619000},{"score":2,"score_max":5,"score_min":1,"flag":1,"level":1,"start_time":1700803500000,"end_time":1700803559000},{"score":2,"score_max":4,"score_min":1,"flag":1,"level":1,"start_time":1700803440000,"end_time":1700803499000},{"score":2,"score_max":4,"score_min":1,"flag":1,"level":1,"start_time":1700803380000,"end_time":1700803439000},{"score":8,"score_max":11,"score_min":4,"flag":1,"level":1,"start_time":1700803320000,"end_time":1700803379000},{"score":2,"score_max":8,"score_min":1,"flag":1,"level":1,"start_time":1700803260000,"end_time":1700803319000},{"score":7,"score_max":16,"score_min":1,"flag":1,"level":1,"start_time":1700803200000,"end_time":1700803259000},{"score":13,"score_max":17,"score_min":8,"flag":1,"level":1,"start_time":1700803140000,"end_time":1700803199000},{"score":5,"score_max":9,"score_min":1,"flag":1,"level":1,"start_time":1700803020000,"end_time":1700803079000},{"score":95,"score_max":98,"score_min":91,"flag":1,"level":1,"start_time":1700802960000,"end_time":1700803019000},{"score":67,"score_max":91,"score_min":47,"flag":1,"level":1,"start_time":1700802900000,"end_time":1700802959000},{"score":32,"score_max":54,"score_min":16,"flag":1,"level":1,"start_time":1700802840000,"end_time":1700802899000},{"score":9,"score_max":16,"score_min":7,"flag":1,"level":1,"start_time":1700802780000,"end_time":1700802839000},{"score":8,"score_max":15,"score_min":6,"flag":1,"level":1,"start_time":1700802720000,"end_time":1700802779000},{"score":13,"score_max":14,"score_min":11,"flag":1,"level":1,"start_time":1700802660000,"end_time":1700802719000},{"score":6,"score_max":12,"score_min":1,"flag":1,"level":1,"start_time":1700802060000,"end_time":1700802119000},{"score":70,"score_max":85,"score_min":53,"flag":1,"level":1,"start_time":1700802000000,"end_time":1700802059000}]