[{"score":12,"score_max":18,"score_min":8,"flag":1,"level":1,"start_time":1700974740000,"end_time":1700974799000},{"score":12,"score_max":42,"score_min":4,"flag":1,"level":1,"start_time":1700974680000,"end_time":1700974739000},{"score":51,"score_max":79,"score_min":8,"flag":1,"level":1,"start_time":1700974620000,"end_time":1700974679000},{"score":1,"score_max":7,"score_min":1,"flag":1,"level":1,"start_time":1700974560000,"end_time":1700974619000},{"score":2,"score_max":4,"score_min":1,"flag":1,"level":1,"start_time":1700974500000,"end_time":1700974559000},{"score":1,"score_max":3,"score_min":1,"flag":1,"level":1,"start_time":1700974440000,"end_time":1700974499000},{"score":1,"score_max":2,"score_min":1,"flag":1,"level":1,"start_time":1700974380000,"end_time":1700974439000},{"score":1,"score_max":1,"score_min":1,"flag":1,"level":1,"start_time":1700974320000,"end_time":1700974379000},{"score":0,"score_max":1,"score_min":0,"flag":1,"level":1,"start_time":1700974260000,"end_time":1700974319000},{"score":0,"score_max":1,"score_min":0,"flag":1,"level":1,"start_time":1700974200000,"end_time":1700974259000},{"score":2,"score_max":6,"score_min":1,"flag":1,"level":1,"start_time":1700974140000,"end_time":1700974199000},{"score":1,"score_max":5,"score_min":1,"flag":1,"level":1,"start_time":1700974080000,"end_time":1700974139000},{"score":1,"score_max":2,"score_min":1,"flag":1,"level":1,"start_time":1700974020000,"end_time":1700974079000},{"score":2,"score_max":3,"score_min":2,"flag":1,"level":1,"start_time":1700973960000,"end_time":1700974019000},{"score":3,"score_max":7,"score_min":1,"flag":1,"level":1,"start_time":1700973900000,"end_time":1700973959000},{"score":1,"score_max":2,"score_min":1,"flag":1,"level":1,"start_time":1700973840000,"end_time":1700973899000},{"score":3,"score_max":7,"score_min":1,"flag":1,"level":1,"start_time":1700973780000,"end_time":1700973839000},{"score":2,"score_max":6,"score_min":1,"flag":1,"level":1,"start_time":1700973720000,"end_time":1700973779000},{"score":0,"score_max":1,"score_min":0,"flag":1,"level":1,"start_time":1700973660000,"end_time":1700973719000},{"score":1,"score_max":3,"score_min":0,"flag":1,"level":1,"start_time":1700973600000,"end_time":1700973659000},{"score":3,"score_max":8,"score_min":3,"flag":1,"level":1,"start_time":1700973540000,"end_time":1700973599000},{"score":30,"score_max":38,"score_min":9,"flag":1,"level":1,"start_time":1700973480000,"end_time":1700973539000},{"score":50,"score_max":92,"score_min":21,"flag":1,"level":1,"start_time":1700973420000,"end_time":1700973479000},{"score":90,"score_max":98,"score_min":70,"flag":1,"level":0,"start_time":1700973360000,"end_time":1700973419000},{"score":37,"score_max":68,"score_min":24,"flag":1,"level":1,"start_time":1700973300000,"end_time":1700973359000},{"score":34,"score_max":43,"score_min":14,"flag":1,"level":1,"start_time":1700973240000,"end_time":1700973299000},{"score":6,"score_max":13,"score_min":4,"flag":1,"level":1,"start_time":1700973180000,"end_time":1700973239000},{"score":4,"score_max":5,"score_min":3,"flag":1,"level":1,"start_time":1700973120000,"end_time":1700973179000},{"score":2,"score_max":3,"score_min":2,"flag":1,"level":1,"start_time":1700973060000,"end_time":1700973119000},{"score":6,"score_max":9,"score_min":2,"flag":1,"level":1,"start_time":1700973000000,"end_time":1700973059000},{"score":6,"score_max":9,"score_min":5,"flag":1,"level":1,"start_time":1700972940000,"end_time":1700972999000},{"score":4,"score_max":7,"score_min":2,"flag":1,"level":1,"start_time":1700972880000,"end_time":1700972939000},{"score":1,"score_max":2,"score_min":1,"flag":1,"level":1,"start_time":1700972820000,"end_time":1700972879000},{"score":1,"score_max":1,"score_min":1,"flag":1,"level":1,"start_time":1700972760000,"end_time":1700972819000},{"score":1,"score_max":2,"score_min":1,"flag":1,"level":1,"start_time":1700972700000,"end_time":1700972759000},{"score":0,"score_max":1,"score_min":0,"flag":1,"level":1,"start_time":1700972640000,"end_time":1700972699000},{"score":6,"score_max":31,"score_min":1,"flag":1,"level":1,"start_time":1700972580000,"end_time":1700972639000},{"score":61,"score_max":71,"score_min":33,"flag":1,"level":1,"start_time":1700972520000,"end_time":1700972579000},{"score":14,"score_max":43,"score_min":6,"flag":1,"level":1,"start_time":1700972460000,"end_time":1700972519000},{"score":9,"score_max":14,"score_min":5,"flag":1,"level":1,"start_time":1700972400000,"end_time":1700972459000},{"score":3,"score_max":8,"score_min":2,"flag":1,"level":1,"start_time":1700972340000,"end_time":1700972399000},{"score":17,"score_max":24,"score_min":8,"flag":1,"level":1,"start_time":1700972280000,"end_time":1700972339000},{"score":8,"score_max":14,"score_min":6,"flag":1,"level":1,"start_time":1700972220000,"end_time":1700972279000},{"score":9,"score_max":12,"score_min":5,"flag":1,"level":1,"start_time":1700972160000,"end_time":1700972219000},{"score":1,"score_max":4,"score_min":0,"flag":1,"level":1,"start_time":1700972100000,"end_time":1700972159000},{"score":2,"score_max":9,"score_min":0,"flag":1,"level":1,"start_time":1700972040000,"end_time":1700972099000},{"score":28,"score_max":42,"score_min":9,"flag":1,"level":1,"start_time":1700971980000,"end_time":1700972039000},{"score":9,"score_max":38,"score_min":2,"flag":1,"level":1,"start_time":1700971920000,"end_time":1700971979000},{"score":2,"score_max":6,"score_min":2,"flag":1,"level":1,"start_time":1700971860000,"end_time":1700971919000},{"score":19,"score_max":29,"score_min":6,"flag":1,"level":1,"start_time":1700971800000,"end_time":1700971859000},{"score":17,"score_max":28,"score_min":5,"flag":1,"level":1,"start_time":1700971740000,"end_time":1700971799000},{"score":2,"score_max":5,"score_min":1,"flag":1,"level":1,"start_time":1700971680000,"end_time":1700971739000},{"score":1,"score_max":3,"score_min":1,"flag":1,"level":1,"start_time":1700971620000,"end_time":1700971679000},{"score":15,"score_max":27,"score_min":3,"flag":1,"level":1,"start_time":1700971560000,"end_time":1700971619000},{"score":24,"score_max":42,"score_min":19,"flag":1,"level":1,"start_time":1700971500000,"end_time":1700971559000},{"score":39,"score_max":46,"score_min":26,"flag":1,"level":1,"start_time":1700971440000,"end_time":1700971499000},{"score":18,"score_max":25,"score_min":11,"flag":1,"level":1,"start_time":1700971380000,"end_time":1700971439000},{"score":13,"score_max":21,"score_min":6,"flag":1,"level":1,"start_time":1700971320000,"end_time":1700971379000},{"score":9,"score_max":11,"score_min":7,"flag":1,"level":1,"start_time":1700971260000,"end_time":1700971319000},{"score":6,"score_max":9,"score_min":3,"flag":1,"level":1,"start_time":1700971200000,"end_time":1700971259000}]