[{"score":8,"score_max":16,"score_min":0,"flag":1,"level":1,"start_time":1701067800000,"end_time":1701067859000},{"score":77,"score_max":97,"score_min":42,"flag":1,"level":1,"start_time":1701067740000,"end_time":1701067799000},{"score":15,"score_max":40,"score_min":0,"flag":1,"level":1,"start_time":1701066660000,"end_time":1701066719000},{"score":88,"score_max":90,"score_min":87,"flag":1,"level":1,"start_time":1701066600000,"end_time":1701066659000},{"score":89,"score_max":94,"score_min":76,"flag":1,"level":0,"start_time":1701066540000,"end_time":1701066599000},{"score":60,"score_max":76,"score_min":45,"flag":1,"level":1,"start_time":1701066480000,"end_time":1701066539000},{"score":43,"score_max":52,"score_min":33,"flag":1,"level":1,"start_time":1701066420000,"end_time":1701066479000},{"score":59,"score_max":78,"score_min":46,"flag":1,"level":1,"start_time":1701066360000,"end_time":1701066419000},{"score":74,"score_max":83,"score_min":50,"flag":1,"level":0,"start_time":1701066300000,"end_time":1701066359000},{"score":52,"score_max":66,"score_min":43,"flag":1,"level":1,"start_time":1701066240000,"end_time":1701066299000},{"score":45,"score_max":66,"score_min":33,"flag":1,"level":1,"start_time":1701066180000,"end_time":1701066239000},{"score":30,"score_max":36,"score_min":25,"flag":1,"level":1,"start_time":1701066120000,"end_time":1701066179000},{"score":21,"score_max":25,"score_min":19,"flag":1,"level":1,"start_time":1701066060000,"end_time":1701066119000},{"score":12,"score_max":19,"score_min":1,"flag":1,"level":1,"start_time":1701065940000,"end_time":1701065999000},{"score":93,"score_max":95,"score_min":92,"flag":1,"level":1,"start_time":1701065880000,"end_time":1701065939000},{"score":97,"score_max":98,"score_min":95,"flag":1,"level":0,"start_time":1701065820000,"end_time":1701065879000},{"score":9,"score_max":15,"score_min":5,"flag":1,"level":1,"start_time":1701065760000,"end_time":1701065819000},{"score":59,"score_max":92,"score_min":13,"flag":1,"level":1,"start_time":1701065700000,"end_time":1701065759000},{"score":40,"score_max":43,"score_min":39,"flag":1,"level":1,"start_time":1701065640000,"end_time":1701065699000},{"score":21,"score_max":38,"score_min":14,"flag":1,"level":1,"start_time":1701065580000,"end_time":1701065639000},{"score":36,"score_max":47,"score_min":19,"flag":1,"level":1,"start_time":1701065520000,"end_time":1701065579000},{"score":39,"score_max":47,"score_min":34,"flag":1,"level":1,"start_time":1701065460000,"end_time":1701065519000},{"score":26,"score_max":33,"score_min":21,"flag":1,"level":1,"start_time":1701065400000,"end_time":1701065459000},{"score":20,"score_max":28,"score_min":15,"flag":1,"level":1,"start_time":1701065040000,"end_time":1701065099000},{"score":12,"score_max":52,"score_min":1,"flag":1,"level":1,"start_time":1701064980000,"end_time":1701065039000},{"score":5,"score_max":17,"score_min":1,"flag":1,"level":1,"start_time":1701064920000,"end_time":1701064979000},{"score":62,"score_max":86,"score_min":18,"flag":1,"level":1,"start_time":1701064860000,"end_time":1701064919000},{"score":27,"score_max":80,"score_min":2,"flag":1,"level":1,"start_time":1701064800000,"end_time":1701064859000}]