[{"score":2,"score_max":4,"score_min":1,"flag":1,"level":1,"start_time":1701061140000,"end_time":1701061199000},{"score":3,"score_max":8,"score_min":1,"flag":1,"level":1,"start_time":1701061080000,"end_time":1701061139000},{"score":1,"score_max":7,"score_min":0,"flag":1,"level":1,"start_time":1701061020000,"end_time":1701061079000},{"score":3,"score_max":9,"score_min":0,"flag":1,"level":1,"start_time":1701060960000,"end_time":1701061019000},{"score":4,"score_max":9,"score_min":2,"flag":1,"level":1,"start_time":1701060900000,"end_time":1701060959000},{"score":3,"score_max":19,"score_min":1,"flag":1,"level":1,"start_time":1701060840000,"end_time":1701060899000},{"score":56,"score_max":89,"score_min":8,"flag":1,"level":1,"start_time":1701060780000,"end_time":1701060839000},{"score":3,"score_max":7,"score_min":3,"flag":1,"level":1,"start_time":1701060720000,"end_time":1701060779000},{"score":9,"score_max":13,"score_min":4,"flag":1,"level":1,"start_time":1701060660000,"end_time":1701060719000},{"score":7,"score_max":12,"score_min":4,"flag":1,"level":1,"start_time":1701060600000,"end_time":1701060659000},{"score":0,"score_max":1,"score_min":0,"flag":1,"level":1,"start_time":1701060540000,"end_time":1701060599000},{"score":0,"score_max":0,"score_min":0,"flag":1,"level":1,"start_time":1701060420000,"end_time":1701060479000},{"score":100,"score_max":100,"score_min":100,"flag":1,"level":0,"start_time":1701060360000,"end_time":1701060419000},{"score":90,"score_max":100,"score_min":47,"flag":1,"level":0,"start_time":1701060300000,"end_time":1701060359000},{"score":18,"score_max":45,"score_min":3,"flag":1,"level":1,"start_time":1701060240000,"end_time":1701060299000},{"score":1,"score_max":3,"score_min":0,"flag":1,"level":1,"start_time":1701060180000,"end_time":1701060239000},{"score":5,"score_max":11,"score_min":1,"flag":1,"level":1,"start_time":1701060120000,"end_time":1701060179000},{"score":1,"score_max":6,"score_min":0,"flag":1,"level":1,"start_time":1701060060000,"end_time":1701060119000},{"score":0,"score_max":0,"score_min":0,"flag":1,"level":1,"start_time":1701060000000,"end_time":1701060059000},{"score":0,"score_max":2,"score_min":0,"flag":1,"level":1,"start_time":1701059940000,"end_time":1701059999000},{"score":6,"score_max":10,"score_min":2,"flag":1,"level":1,"start_time":1701059880000,"end_time":1701059939000},{"score":13,"score_max":29,"score_min":9,"flag":1,"level":1,"start_time":1701059820000,"end_time":1701059879000},{"score":40,"score_max":67,"score_min":30,"flag":1,"level":1,"start_time":1701059760000,"end_time":1701059819000},{"score":8,"score_max":11,"score_min":7,"flag":1,"level":1,"start_time":1701059700000,"end_time":1701059759000},{"score":1,"score_max":7,"score_min":0,"flag":1,"level":1,"start_time":1701059640000,"end_time":1701059699000},{"score":0,"score_max":0,"score_min":0,"flag":1,"level":1,"start_time":1701059580000,"end_time":1701059639000},{"score":0,"score_max":1,"score_min":0,"flag":1,"level":1,"start_time":1701059520000,"end_time":1701059579000},{"score":0,"score_max":1,"score_min":0,"flag":1,"level":1,"start_time":1701059460000,"end_time":1701059519000},{"score":0,"score_max":0,"score_min":0,"flag":1,"level":1,"start_time":1701059400000,"end_time":1701059459000},{"score":0,"score_max":0,"score_min":0,"flag":1,"level":1,"start_time":1701059340000,"end_time":1701059399000},{"score":0,"score_max":1,"score_min":0,"flag":1,"level":1,"start_time":1701059280000,"end_time":1701059339000},{"score":2,"score_max":3,"score_min":1,"flag":1,"level":1,"start_time":1701059220000,"end_time":1701059279000},{"score":1,"score_max":2,"score_min":1,"flag":1,"level":1,"start_time":1701059160000,"end_time":1701059219000},{"score":3,"score_max":6,"score_min":2,"flag":1,"level":1,"start_time":1701059100000,"end_time":1701059159000},{"score":1,"score_max":4,"score_min":0,"flag":1,"level":1,"start_time":1701059040000,"end_time":1701059099000},{"score":0,"score_max":0,"score_min":0,"flag":1,"level":1,"start_time":1701058980000,"end_time":1701059039000},{"score":0,"score_max":0,"score_min":0,"flag":1,"level":1,"start_time":1701058920000,"end_time":1701058979000},{"score":0,"score_max":0,"score_min":0,"flag":1,"level":1,"start_time":1701058860000,"end_time":1701058919000},{"score":0,"score_max":1,"score_min":0,"flag":1,"level":1,"start_time":1701058800000,"end_time":1701058859000},{"score":0,"score_max":0,"score_min":0,"flag":1,"level":1,"start_time":1701058740000,"end_time":1701058799000},{"score":1,"score_max":3,"score_min":0,"flag":1,"level":1,"start_time":1701058680000,"end_time":1701058739000},{"score":9,"score_max":17,"score_min":3,"flag":1,"level":1,"start_time":1701058620000,"end_time":1701058679000},{"score":6,"score_max":14,"score_min":1,"flag":1,"level":1,"start_time":1701058560000,"end_time":1701058619000},{"score":0,"score_max":1,"score_min":0,"flag":1,"level":1,"start_time":1701058500000,"end_time":1701058559000},{"score":0,"score_max":1,"score_min":0,"flag":1,"level":1,"start_time":1701058440000,"end_time":1701058499000},{"score":1,"score_max":1,"score_min":1,"flag":1,"level":1,"start_time":1701058380000,"end_time":1701058439000},{"score":1,"score_max":1,"score_min":1,"flag":1,"level":1,"start_time":1701058320000,"end_time":1701058379000},{"score":1,"score_max":2,"score_min":1,"flag":1,"level":1,"start_time":1701058260000,"end_time":1701058319000},{"score":1,"score_max":3,"score_min":1,"flag":1,"level":1,"start_time":1701058200000,"end_time":1701058259000},{"score":2,"score_max":3,"score_min":2,"flag":1,"level":1,"start_time":1701058140000,"end_time":1701058199000},{"score":1,"score_max":4,"score_min":0,"flag":1,"level":1,"start_time":1701058080000,"end_time":1701058139000},{"score":0,"score_max":1,"score_min":0,"flag":1,"level":1,"start_time":1701058020000,"end_time":1701058079000},{"score":0,"score_max":1,"score_min":0,"flag":1,"level":1,"start_time":1701057960000,"end_time":1701058019000},{"score":0,"score_max":0,"score_min":0,"flag":1,"level":1,"start_time":1701057900000,"end_time":1701057959000},{"score":0,"score_max":0,"score_min":0,"flag":1,"level":1,"start_time":1701057840000,"end_time":1701057899000},{"score":0,"score_max":0,"score_min":0,"flag":1,"level":1,"start_time":1701057780000,"end_time":1701057839000},{"score":0,"score_max":0,"score_min":0,"flag":1,"level":1,"start_time":1701057720000,"end_time":1701057779000},{"score":1,"score_max":5,"score_min":0,"flag":1,"level":1,"start_time":1701057660000,"end_time":1701057719000},{"score":4,"score_max":10,"score_min":0,"flag":1,"level":1,"start_time":1701057600000,"end_time":1701057659000}]