[{"score":0,"score_max":0,"score_min":0,"flag":1,"level":1,"start_time":1700711940000,"end_time":1700711999000},{"score":0,"score_max":0,"score_min":0,"flag":1,"level":1,"start_time":1700711880000,"end_time":1700711939000},{"score":0,"score_max":0,"score_min":0,"flag":1,"level":1,"start_time":1700711820000,"end_time":1700711879000},{"score":0,"score_max":0,"score_min":0,"flag":1,"level":1,"start_time":1700711760000,"end_time":1700711819000},{"score":0,"score_max":0,"score_min":0,"flag":1,"level":1,"start_time":1700711700000,"end_time":1700711759000},{"score":0,"score_max":0,"score_min":0,"flag":1,"level":1,"start_time":1700711640000,"end_time":1700711699000},{"score":0,"score_max":0,"score_min":0,"flag":1,"level":1,"start_time":1700711580000,"end_time":1700711639000},{"score":0,"score_max":0,"score_min":0,"flag":1,"level":1,"start_time":1700711520000,"end_time":1700711579000},{"score":0,"score_max":0,"score_min":0,"flag":1,"level":1,"start_time":1700711460000,"end_time":1700711519000},{"score":0,"score_max":0,"score_min":0,"flag":1,"level":1,"start_time":1700711400000,"end_time":1700711459000},{"score":0,"score_max":1,"score_min":0,"flag":1,"level":1,"start_time":1700711340000,"end_time":1700711399000},{"score":0,"score_max":1,"score_min":0,"flag":1,"level":1,"start_time":1700711280000,"end_time":1700711339000},{"score":0,"score_max":0,"score_min":0,"flag":1,"level":1,"start_time":1700711220000,"end_time":1700711279000},{"score":0,"score_max":2,"score_min":0,"flag":1,"level":1,"start_time":1700711160000,"end_time":1700711219000},{"score":0,"score_max":1,"score_min":0,"flag":1,"level":1,"start_time":1700711100000,"end_time":1700711159000},{"score":0,"score_max":1,"score_min":0,"flag":1,"level":1,"start_time":1700711040000,"end_time":1700711099000},{"score":0,"score_max":1,"score_min":0,"flag":1,"level":1,"start_time":1700710980000,"end_time":1700711039000},{"score":0,"score_max":0,"score_min":0,"flag":1,"level":1,"start_time":1700710920000,"end_time":1700710979000},{"score":0,"score_max":0,"score_min":0,"flag":1,"level":1,"start_time":1700710860000,"end_time":1700710919000},{"score":0,"score_max":0,"score_min":0,"flag":1,"level":1,"start_time":1700710800000,"end_time":1700710859000},{"score":0,"score_max":0,"score_min":0,"flag":1,"level":1,"start_time":1700710740000,"end_time":1700710799000},{"score":0,"score_max":0,"score_min":0,"flag":1,"level":1,"start_time":1700710680000,"end_time":1700710739000},{"score":0,"score_max":0,"score_min":0,"flag":1,"level":1,"start_time":1700710620000,"end_time":1700710679000},{"score":0,"score_max":1,"score_min":0,"flag":1,"level":1,"start_time":1700710560000,"end_time":1700710619000},{"score":1,"score_max":2,"score_min":1,"flag":1,"level":1,"start_time":1700710500000,"end_time":1700710559000},{"score":0,"score_max":1,"score_min":0,"flag":1,"level":1,"start_time":1700710440000,"end_time":1700710499000},{"score":3,"score_max":6,"score_min":1,"flag":1,"level":1,"start_time":1700710380000,"end_time":1700710439000},{"score":0,"score_max":2,"score_min":0,"flag":1,"level":1,"start_time":1700710320000,"end_time":1700710379000},{"score":3,"score_max":6,"score_min":1,"flag":1,"level":1,"start_time":1700710260000,"end_time":1700710319000},{"score":0,"score_max":2,"score_min":0,"flag":1,"level":1,"start_time":1700710200000,"end_time":1700710259000},{"score":0,"score_max":0,"score_min":0,"flag":1,"level":1,"start_time":1700710140000,"end_time":1700710199000},{"score":0,"score_max":0,"score_min":0,"flag":1,"level":1,"start_time":1700710080000,"end_time":1700710139000},{"score":0,"score_max":0,"score_min":0,"flag":1,"level":1,"start_time":1700710020000,"end_time":1700710079000},{"score":0,"score_max":0,"score_min":0,"flag":1,"level":1,"start_time":1700709960000,"end_time":1700710019000},{"score":0,"score_max":1,"score_min":0,"flag":1,"level":1,"start_time":1700709900000,"end_time":1700709959000},{"score":0,"score_max":0,"score_min":0,"flag":1,"level":1,"start_time":1700709840000,"end_time":1700709899000},{"score":0,"score_max":0,"score_min":0,"flag":1,"level":1,"start_time":1700709780000,"end_time":1700709839000},{"score":0,"score_max":0,"score_min":0,"flag":1,"level":1,"start_time":1700709720000,"end_time":1700709779000},{"score":0,"score_max":0,"score_min":0,"flag":1,"level":1,"start_time":1700709660000,"end_time":1700709719000},{"score":0,"score_max":0,"score_min":0,"flag":1,"level":1,"start_time":1700709600000,"end_time":1700709659000},{"score":0,"score_max":0,"score_min":0,"flag":1,"level":1,"start_time":1700709540000,"end_time":1700709599000},{"score":0,"score_max":1,"score_min":0,"flag":1,"level":1,"start_time":1700709480000,"end_time":1700709539000},{"score":1,"score_max":2,"score_min":1,"flag":1,"level":1,"start_time":1700709420000,"end_time":1700709479000},{"score":2,"score_max":3,"score_min":2,"flag":1,"level":1,"start_time":1700709360000,"end_time":1700709419000},{"score":1,"score_max":2,"score_min":1,"flag":1,"level":1,"start_time":1700709300000,"end_time":1700709359000},{"score":1,"score_max":2,"score_min":1,"flag":1,"level":1,"start_time":1700709240000,"end_time":1700709299000},{"score":2,"score_max":3,"score_min":2,"flag":1,"level":1,"start_time":1700709180000,"end_time":1700709239000},{"score":1,"score_max":3,"score_min":1,"flag":1,"level":1,"start_time":1700709120000,"end_time":1700709179000},{"score":0,"score_max":2,"score_min":0,"flag":1,"level":1,"start_time":1700709060000,"end_time":1700709119000},{"score":2,"score_max":6,"score_min":2,"flag":1,"level":1,"start_time":1700709000000,"end_time":1700709059000},{"score":5,"score_max":11,"score_min":2,"flag":1,"level":1,"start_time":1700708940000,"end_time":1700708999000},{"score":4,"score_max":8,"score_min":2,"flag":1,"level":1,"start_time":1700708880000,"end_time":1700708939000},{"score":10,"score_max":12,"score_min":8,"flag":1,"level":1,"start_time":1700708820000,"end_time":1700708879000},{"score":7,"score_max":11,"score_min":3,"flag":1,"level":1,"start_time":1700708760000,"end_time":1700708819000},{"score":4,"score_max":7,"score_min":3,"flag":1,"level":1,"start_time":1700708700000,"end_time":1700708759000},{"score":6,"score_max":9,"score_min":5,"flag":1,"level":1,"start_time":1700708640000,"end_time":1700708699000},{"score":2,"score_max":4,"score_min":2,"flag":1,"level":1,"start_time":1700708580000,"end_time":1700708639000},{"score":2,"score_max":3,"score_min":2,"flag":1,"level":1,"start_time":1700708520000,"end_time":1700708579000},{"score":1,"score_max":3,"score_min":1,"flag":1,"level":1,"start_time":1700708460000,"end_time":1700708519000},{"score":3,"score_max":8,"score_min":1,"flag":1,"level":1,"start_time":1700708400000,"end_time":1700708459000}]